date,regime_label,regime_probability
2014-10-07,Stable,0.999999999994543
2014-10-08,Stable,0.9902975908051868
2014-10-09,Stable,0.9847441810967148
2014-10-10,Stable,0.9803701915782952
2014-10-13,Stable,0.9749745238571714
2014-10-14,Stable,0.9632333711922145
2014-10-16,Stable,0.9415567932272866
2014-10-17,Stable,0.953509516937746
2014-10-20,Stable,0.9577911764709535
2014-10-21,Stable,0.9692759423156139
2014-10-22,Stable,0.9740051060312389
2014-10-27,Stable,0.9737602136635616
2014-10-28,Stable,0.9710225470585461
2014-10-29,Stable,0.9621723141637589
2014-10-30,Stable,0.9485091352593409
2014-10-31,Stable,0.9392118931033696
2014-11-03,Stable,0.9530978064683125
2014-11-05,Stable,0.9599109923311587
2014-11-07,Stable,0.9682034221915579
2014-11-10,Stable,0.9706424429445414
2014-11-11,Stable,0.972686188778786
2014-11-12,Stable,0.9697260362374748
2014-11-13,Stable,0.9687330280586801
2014-11-14,Stable,0.9725699709679904
2014-11-17,Stable,0.9722750486136691
2014-11-18,Stable,0.9709882458392161
2014-11-19,Stable,0.963979491071735
2014-11-20,Stable,0.964867600920868
2014-11-21,Stable,0.9592358055732446
2014-11-24,Stable,0.9467811218762806
2014-11-25,Stable,0.929670445446714
2014-11-26,Stable,0.8957052746591523
2014-11-27,Stable,0.831124872405771
2014-11-28,Stable,0.7094138796323288
2014-12-01,Transitional,0.5157012768020813
2014-12-02,Transitional,0.507390162959326
2014-12-03,Transitional,0.5144704540564555
2014-12-04,Transitional,0.5378149404495624
2014-12-05,Transitional,0.582521243343438
2014-12-08,Transitional,0.6583559755922248
2014-12-09,Transitional,0.7607719378403631
2014-12-10,Transitional,0.8050252881434651
2014-12-11,Transitional,0.8960809186890488
2014-12-12,Transitional,0.9029669237005923
2014-12-15,Transitional,0.8590547524449667
2014-12-16,Transitional,0.8397962753783458
2014-12-17,Transitional,0.7722661642852957
2014-12-18,Transitional,0.7425077452129585
2014-12-19,Transitional,0.7056880382610577
2014-12-22,Transitional,0.6491403945487384
2014-12-23,Transitional,0.6066423947381894
2014-12-24,Transitional,0.5824877659763446
2014-12-26,Transitional,0.5213241808980897
2014-12-29,Transitional,0.5035509961062264
2014-12-30,Transitional,0.5045646412123181
2014-12-31,Transitional,0.5002193578835488
2015-01-01,Transitional,0.5257956010521975
2015-01-02,Transitional,0.5872505659264996
2015-01-05,Transitional,0.7075124993638062
2015-01-06,Transitional,0.9219425235079104
2015-01-07,Stable,0.7480067158585456
2015-01-08,Stable,0.6061350908444038
2015-01-09,Stable,0.5292037405301545
2015-01-12,Stable,0.5259098687435686
2015-01-13,Stable,0.5753533378552664
2015-01-14,Stable,0.6227155915477882
2015-01-15,Stable,0.6466439874865504
2015-01-16,Stable,0.777633520405157
2015-01-19,Stable,0.850234697271182
2015-01-20,Stable,0.8932757256016346
2015-01-21,Stable,0.928953145621329
2015-01-22,Stable,0.9469072012606808
2015-01-23,Stable,0.9624044785871008
2015-01-27,Stable,0.9702955530904009
2015-01-28,Stable,0.9720643744615896
2015-01-29,Stable,0.9717457776157641
2015-01-30,Stable,0.9710006733788892
2015-02-02,Stable,0.9665308682140985
2015-02-03,Stable,0.9569839007273514
2015-02-04,Stable,0.9541950721060337
2015-02-05,Stable,0.9427907202265243
2015-02-06,Stable,0.9445460916546432
2015-02-09,Stable,0.9503862905989658
2015-02-10,Stable,0.9602552445458404
2015-02-11,Stable,0.9667478968295737
2015-02-12,Stable,0.9688458426199112
2015-02-13,Stable,0.9699651902276125
2015-02-16,Stable,0.9653478917722543
2015-02-18,Stable,0.9563959924739935
2015-02-19,Stable,0.9368731867802251
2015-02-20,Stable,0.8989227538243619
2015-02-23,Stable,0.8936932785393158
2015-02-24,Stable,0.8986179160885466
2015-02-25,Stable,0.9030344471290483
2015-02-26,Stable,0.8951945005582607
2015-02-27,Stable,0.8723135859414631
2015-03-02,Stable,0.8632651955875541
2015-03-03,Stable,0.8377507492317838
2015-03-04,Stable,0.8234690967695533
2015-03-05,Stable,0.818780932757128
2015-03-09,Stable,0.795001205667527
2015-03-10,Stable,0.8291622092440923
2015-03-11,Stable,0.8616928923357968
2015-03-12,Stable,0.8785500781475264
2015-03-13,Stable,0.8934464053506818
2015-03-16,Stable,0.9186195773773291
2015-03-17,Stable,0.938451511979718
2015-03-18,Stable,0.9556718769056549
2015-03-19,Stable,0.9630435860995702
2015-03-20,Stable,0.9660647776651694
2015-03-23,Stable,0.9705048160497287
2015-03-24,Stable,0.9702884124611374
2015-03-25,Stable,0.9652645783004951
2015-03-26,Stable,0.9595314226481101
2015-03-27,Stable,0.9639970540474149
2015-03-30,Stable,0.9698463664846998
2015-03-31,Stable,0.971898810053082
2015-04-01,Stable,0.9717811890414748
2015-04-06,Stable,0.9669405167423526
2015-04-07,Stable,0.9565437009501261
2015-04-08,Stable,0.9381771876558294
2015-04-09,Stable,0.9247978033416462
2015-04-10,Stable,0.912023119352287
2015-04-13,Stable,0.8847601741682259
2015-04-15,Stable,0.8519426584606317
2015-04-16,Stable,0.789560677098284
2015-04-17,Stable,0.6872291714935699
2015-04-20,Transitional,0.5001436209742425
2015-04-21,Transitional,0.5157438880576112
2015-04-22,Transitional,0.5309778486760006
2015-04-23,Transitional,0.5225077277383432
2015-04-24,Transitional,0.5023407750512094
2015-04-27,Transitional,0.5645727354802953
2015-04-28,Transitional,0.6022798131573736
2015-04-29,Transitional,0.682318202459825
2015-04-30,Transitional,0.7769635381449429
2015-05-04,Transitional,0.9566447659368886
2015-05-05,Transitional,0.9601956402303012
2015-05-06,Transitional,0.9727136045949927
2015-05-07,Transitional,0.9521041485540847
2015-05-08,Transitional,0.9231344434276597
2015-05-11,Transitional,0.9092567933946271
2015-05-12,Transitional,0.9058290445258712
2015-05-13,Stable,0.6308603296394868
2015-05-14,Stable,0.5911533289320641
2015-05-15,Stable,0.709108544532565
2015-05-18,Stable,0.7746233552600192
2015-05-19,Stable,0.8565646602207717
2015-05-20,Stable,0.9023637573238444
2015-05-21,Stable,0.9276841448953794
2015-05-22,Stable,0.9453402795780839
2015-05-25,Stable,0.95460886394025
2015-05-26,Stable,0.9566230827597364
2015-05-27,Stable,0.9610807660713742
2015-05-28,Stable,0.9606252994210842
2015-05-29,Stable,0.9571571115347518
2015-06-01,Stable,0.9471817780896649
2015-06-02,Stable,0.9353158811270073
2015-06-03,Stable,0.9186911871630813
2015-06-04,Stable,0.9156877819420516
2015-06-05,Stable,0.9022036846775298
2015-06-08,Stable,0.8722328115668833
2015-06-09,Stable,0.8550970232814079
2015-06-10,Stable,0.8184062960897752
2015-06-11,Stable,0.789894764922628
2015-06-12,Stable,0.8254511918616773
2015-06-15,Stable,0.8426227418681392
2015-06-16,Stable,0.8435982500151783
2015-06-17,Stable,0.8278416831299819
2015-06-18,Stable,0.7997342533794636
2015-06-19,Stable,0.8741580929985997
2015-06-22,Stable,0.9251695658307537
2015-06-23,Stable,0.9519841496189753
2015-06-24,Stable,0.9658551709153091
2015-06-25,Stable,0.9755496075367914
2015-06-26,Stable,0.9812466756441338
2015-06-29,Stable,0.9847120959302803
2015-06-30,Stable,0.9875985676281775
2015-07-01,Stable,0.9881517062393063
2015-07-02,Stable,0.9879785703322923
2015-07-03,Stable,0.9854035075666164
2015-07-06,Stable,0.9800624976584523
2015-07-07,Stable,0.9697208663723067
2015-07-08,Stable,0.9625885749513983
2015-07-09,Stable,0.9579272905238618
2015-07-10,Stable,0.9610349040216527
2015-07-13,Stable,0.95771394697656
2015-07-14,Stable,0.9495481915394367
2015-07-15,Stable,0.9324424471982742
2015-07-16,Stable,0.9004444371880667
2015-07-17,Stable,0.8531434297871623
2015-07-20,Stable,0.7629908940645115
2015-07-21,Stable,0.5932659019748819
2015-07-22,Stable,0.5213486626544437
2015-07-23,Stable,0.5529414104890977
2015-07-24,Stable,0.5583474034218165
2015-07-27,Stable,0.5684941205215386
2015-07-28,Stable,0.6700923159203429
2015-07-29,Stable,0.7210070046433321
2015-07-30,Stable,0.7688547357707525
2015-07-31,Stable,0.7902816886571558
2015-08-03,Stable,0.792066455563825
2015-08-04,Stable,0.7757720125977751
2015-08-05,Stable,0.7589368109608948
2015-08-06,Stable,0.7149444836959137
2015-08-07,Stable,0.6388583371819821
2015-08-10,Stable,0.5114661993702396
2015-08-11,Stable,0.5710820096137561
2015-08-12,Stable,0.6871162898475337
2015-08-13,Stable,0.6899349457356397
2015-08-14,Stable,0.7146338578671236
2015-08-17,Stable,0.7220409793792901
2015-08-18,Stable,0.7179543288202485
2015-08-19,Stable,0.7125087831826727
2015-08-20,Volatile,0.6612167534410321
2015-08-21,Volatile,0.505697370684289
2015-08-24,Volatile,0.9805616338308654
2015-08-25,Transitional,0.6326872293550224
2015-08-26,Transitional,0.8693320369806571
2015-08-27,Transitional,0.9266998258701095
2015-08-28,Transitional,0.9406477186580228
2015-08-31,Transitional,0.9396349512130592
2015-09-01,Transitional,0.9347101936102508
2015-09-02,Transitional,0.9103240725493985
2015-09-03,Transitional,0.8922228406405297
2015-09-04,Transitional,0.8882203305725598
2015-09-07,Transitional,0.8474276729644027
2015-09-08,Transitional,0.8187874253900879
2015-09-09,Transitional,0.7783289355834593
2015-09-10,Transitional,0.6851865884045024
2015-09-11,Transitional,0.6234354425925314
2015-09-14,Transitional,0.5935592070443645
2015-09-15,Transitional,0.56926820972522
2015-09-16,Transitional,0.5721033981336713
2015-09-18,Transitional,0.6021335845362962
2015-09-21,Transitional,0.6177636376638911
2015-09-22,Transitional,0.6512332852344397
2015-09-23,Stable,0.5364005654661477
2015-09-24,Stable,0.5211695083569016
2015-09-28,Stable,0.5771858768267547
2015-09-29,Stable,0.6020977052349279
2015-09-30,Stable,0.6011324503009577
2015-10-01,Stable,0.6355074376191743
2015-10-05,Stable,0.6427588862587524
2015-10-06,Stable,0.7035868559573607
2015-10-07,Stable,0.7530311228561389
2015-10-08,Stable,0.8032705077818502
2015-10-09,Stable,0.8810250287391069
2015-10-12,Stable,0.9220017495179629
2015-10-13,Stable,0.9430719119810228
2015-10-14,Stable,0.9542881072938437
2015-10-15,Stable,0.9569372348259858
2015-10-16,Stable,0.9555396916684005
2015-10-19,Stable,0.9501053543427288
2015-10-20,Stable,0.9636499917592649
2015-10-21,Stable,0.971808592029434
2015-10-23,Stable,0.9752615162892195
2015-10-26,Stable,0.9747968027702456
2015-10-27,Stable,0.9749848904926155
2015-10-28,Stable,0.9739319242442513
2015-10-29,Stable,0.9704161558974765
2015-10-30,Stable,0.9640344693926995
2015-11-02,Stable,0.9496378443687321
2015-11-03,Stable,0.9238652403373261
2015-11-04,Stable,0.8851007703110332
2015-11-05,Stable,0.829944031825055
2015-11-06,Stable,0.7634523726626888
2015-11-09,Stable,0.6506824952358272
2015-11-10,Stable,0.5580374183516058
2015-11-13,Stable,0.6279539281654992
2015-11-16,Stable,0.7361589343045027
2015-11-17,Stable,0.7918864651457771
2015-11-18,Stable,0.8181581234401798
2015-11-19,Stable,0.8357856071566722
2015-11-20,Stable,0.8751157187606872
2015-11-23,Stable,0.9058556903219056
2015-11-24,Stable,0.9192284598359107
2015-11-26,Stable,0.9226316424378755
2015-11-27,Stable,0.9278243644417209
2015-11-30,Stable,0.9260970582309395
2015-12-01,Stable,0.9176081426854503
2015-12-02,Stable,0.8962958091758102
2015-12-03,Stable,0.854423740307817
2015-12-04,Stable,0.79409242979465
2015-12-07,Stable,0.7483194850911199
2015-12-08,Stable,0.6831238717384638
2015-12-09,Stable,0.6491413922727585
2015-12-10,Stable,0.6517610082551888
2015-12-11,Stable,0.7308236570154663
2015-12-14,Stable,0.7807371811319621
2015-12-15,Stable,0.8031855953975912
2015-12-16,Stable,0.821609754043157
2015-12-17,Stable,0.8384138440294637
2015-12-18,Stable,0.8674958156122944
2015-12-21,Stable,0.8937603595505496
2015-12-22,Stable,0.9069711781451156
2015-12-23,Stable,0.9087783569853524
2015-12-24,Stable,0.9159799197714028
2015-12-28,Stable,0.9119838539804076
2015-12-29,Stable,0.90401005365106
2015-12-30,Stable,0.8807319401916607
2015-12-31,Stable,0.8446891767616912
2016-01-01,Stable,0.7830385513875695
2016-01-04,Stable,0.6652831689704177
2016-01-05,Stable,0.5908512412739538
2016-01-06,Stable,0.5189903307824356
2016-01-07,Transitional,0.6564923836282509
2016-01-08,Transitional,0.6615035783323837
2016-01-11,Transitional,0.6642820197395228
2016-01-12,Transitional,0.6875346627755099
2016-01-13,Transitional,0.7357809653654285
2016-01-14,Transitional,0.7926601497540555
2016-01-15,Transitional,0.8743856891787114
2016-01-18,Transitional,0.9857122216548915
2016-01-19,Transitional,0.989759461469714
2016-01-20,Transitional,0.9928167242178888
2016-01-21,Transitional,0.9900638593753341
2016-01-22,Transitional,0.9831053545989763
2016-01-25,Transitional,0.9552921987282922
2016-01-27,Transitional,0.9446027838149006
2016-01-28,Transitional,0.9484162158877277
2016-01-29,Transitional,0.9566939330304879
2016-02-01,Transitional,0.9657758296939706
2016-02-02,Transitional,0.9860693741400519
2016-02-03,Transitional,0.9778625434294878
2016-02-04,Transitional,0.9466431704236062
2016-02-05,Transitional,0.9347136422059406
2016-02-08,Transitional,0.9380244971828956
2016-02-09,Transitional,0.9384841854059082
2016-02-10,Transitional,0.9542996392305279
2016-02-11,Transitional,0.9872122242186321
2016-02-12,Transitional,0.9886216745289909
2016-02-15,Transitional,0.9867631746314133
2016-02-16,Transitional,0.8675670032528339
2016-02-17,Transitional,0.7010944629107339
2016-02-18,Stable,0.5146483674826972
2016-02-19,Stable,0.583036216378093
2016-02-22,Stable,0.6322711988334486
2016-02-23,Stable,0.6563608059301865
2016-02-24,Stable,0.7280426436792051
2016-02-25,Stable,0.7624527486335833
2016-02-26,Stable,0.7938253266018245
2016-02-29,Stable,0.8074494233685983
2016-03-01,Stable,0.8106426369205373
2016-03-02,Stable,0.8405669722450679
2016-03-03,Stable,0.8827526360165591
2016-03-04,Stable,0.9124192290562052
2016-03-08,Stable,0.9253421477278546
2016-03-09,Stable,0.9410951430753803
2016-03-10,Stable,0.9471636899315813
2016-03-11,Stable,0.9686147888911456
2016-03-14,Stable,0.9798882506820032
2016-03-15,Stable,0.9863073843006898
2016-03-16,Stable,0.9893697745795036
2016-03-17,Stable,0.9904786121824111
2016-03-18,Stable,0.9908015740324809
2016-03-21,Stable,0.9899510214602124
2016-03-22,Stable,0.9887268655298797
2016-03-23,Stable,0.9859998676185976
2016-03-28,Stable,0.987206762805412
2016-03-29,Stable,0.9867165091456029
2016-03-30,Stable,0.983722945927435
2016-03-31,Stable,0.985711250760167
2016-04-01,Stable,0.9862458065937327
2016-04-04,Stable,0.9885535757608022
2016-04-05,Stable,0.9886409500479361
2016-04-06,Stable,0.9907116024273855
2016-04-07,Stable,0.9914517249435136
2016-04-08,Stable,0.9907733840920104
2016-04-11,Stable,0.9888946690124321
2016-04-12,Stable,0.9869417480887938
2016-04-13,Stable,0.9836614580708123
2016-04-18,Stable,0.9833016626154366
2016-04-20,Stable,0.9794436268016437
2016-04-21,Stable,0.977551243135024
2016-04-22,Stable,0.9709152329551243
2016-04-25,Stable,0.9567038049655422
2016-04-26,Stable,0.9556660331669625
2016-04-27,Stable,0.9467683017677783
2016-04-28,Stable,0.9282330029398903
2016-04-29,Stable,0.9543678826079038
2016-05-02,Stable,0.968157287507473
2016-05-03,Stable,0.9742178503847346
2016-05-04,Stable,0.981227942196984
2016-05-05,Stable,0.9855143150442897
2016-05-06,Stable,0.9873022570538312
2016-05-09,Stable,0.986590415190484
2016-05-10,Stable,0.9865353133166035
2016-05-11,Stable,0.9865150236325966
2016-05-12,Stable,0.986282581984618
2016-05-13,Stable,0.9863539534892137
2016-05-16,Stable,0.9882061050466671
2016-05-17,Stable,0.9886855302354237
2016-05-18,Stable,0.9869839921752641
2016-05-19,Stable,0.9826621830681402
2016-05-20,Stable,0.9830190713104724
2016-05-23,Stable,0.9830226705789641
2016-05-24,Stable,0.9806846518216135
2016-05-25,Stable,0.9739527958076045
2016-05-26,Stable,0.9742494408228625
2016-05-27,Stable,0.9694192365367881
2016-05-30,Stable,0.9782956647757899
2016-05-31,Stable,0.9822222141041733
2016-06-01,Stable,0.9876242616819814
2016-06-02,Stable,0.9904591981936519
2016-06-03,Stable,0.9916465641830868
2016-06-06,Stable,0.9917832359404292
2016-06-07,Stable,0.9923732079696858
2016-06-08,Stable,0.9918773061344315
2016-06-09,Stable,0.9900758500237076
2016-06-10,Stable,0.9909522404391801
2016-06-13,Stable,0.9903691689687986
2016-06-14,Stable,0.9885651810644338
2016-06-15,Stable,0.9863229690387807
2016-06-16,Stable,0.9875186520959799
2016-06-17,Stable,0.9884936561620764
2016-06-20,Stable,0.9874980042795192
2016-06-21,Stable,0.9860349988231155
2016-06-22,Stable,0.9821673261301921
2016-06-23,Stable,0.9750227474766898
2016-06-24,Stable,0.9607763905956762
2016-06-27,Stable,0.9707263457508497
2016-06-28,Stable,0.9747952886615814
2016-06-29,Stable,0.9742436471254436
2016-06-30,Stable,0.9750414016462702
2016-07-01,Stable,0.9735038435665093
2016-07-04,Stable,0.9775040232476824
2016-07-05,Stable,0.981512353685533
2016-07-07,Stable,0.9836364362923006
2016-07-08,Stable,0.983263765653118
2016-07-11,Stable,0.9828738946293077
2016-07-12,Stable,0.9865924607968801
2016-07-13,Stable,0.988339644037403
2016-07-14,Stable,0.9878226472878406
2016-07-15,Stable,0.9848399592443723
2016-07-18,Stable,0.978283093547658
2016-07-19,Stable,0.9754473641917616
2016-07-20,Stable,0.9766047781210547
2016-07-21,Stable,0.9766226626505393
2016-07-22,Stable,0.9793078145504451
2016-07-25,Stable,0.9817095189687587
2016-07-26,Stable,0.9854155153074318
2016-07-27,Stable,0.9865625219403323
2016-07-28,Stable,0.9858005373774348
2016-07-29,Stable,0.9822974607762771
2016-08-01,Stable,0.975143861332841
2016-08-02,Stable,0.9618670367399311
2016-08-03,Stable,0.9367312536540354
2016-08-04,Stable,0.924080601650514
2016-08-05,Stable,0.8957892222046205
2016-08-08,Stable,0.9008316636675825
2016-08-09,Stable,0.9019471480196283
2016-08-10,Stable,0.8935911650692312
2016-08-11,Stable,0.9285025220315343
2016-08-12,Stable,0.9490891079852192
2016-08-16,Stable,0.9638007362281885
2016-08-17,Stable,0.9701062512453847
2016-08-18,Stable,0.9739342117412566
2016-08-19,Stable,0.9784633081076768
2016-08-22,Stable,0.9785677460220038
2016-08-23,Stable,0.9772412244807234
2016-08-24,Stable,0.980278004319526
2016-08-25,Stable,0.9831888348541972
2016-08-26,Stable,0.9838679157102819
2016-08-29,Stable,0.9820164923104041
2016-08-30,Stable,0.9812762898899569
2016-08-31,Stable,0.9807795193119131
2016-09-01,Stable,0.9790731202842691
2016-09-02,Stable,0.9836311443859486
2016-09-06,Stable,0.9857871977720306
2016-09-07,Stable,0.987037781130537
2016-09-08,Stable,0.9871426080327165
2016-09-09,Stable,0.9850871433684771
2016-09-12,Stable,0.9807409607673649
2016-09-14,Stable,0.986295193006526
2016-09-15,Stable,0.988692158103344
2016-09-16,Stable,0.9888675701213363
2016-09-19,Stable,0.9884420661759251
2016-09-20,Stable,0.9872356250175228
2016-09-21,Stable,0.9844416988764262
2016-09-22,Stable,0.9786126679782494
2016-09-23,Stable,0.9769702256616706
2016-09-26,Stable,0.9712179032081893
2016-09-27,Stable,0.9598177041567957
2016-09-28,Stable,0.9395631267865796
2016-09-29,Stable,0.9019071400489193
2016-09-30,Stable,0.9013631109123237
2016-10-03,Stable,0.8993512629505156
2016-10-04,Stable,0.9036986084731319
2016-10-05,Stable,0.9094124207116994
2016-10-06,Stable,0.9045630045826986
2016-10-07,Stable,0.9054219860916393
2016-10-10,Stable,0.8981488284883914
2016-10-13,Stable,0.8833350622359135
2016-10-14,Stable,0.90021992165549
2016-10-17,Stable,0.9286811244157944
2016-10-18,Stable,0.9504800545085099
2016-10-19,Stable,0.963758749616052
2016-10-20,Stable,0.9721464064389603
2016-10-21,Stable,0.9745722116262864
2016-10-24,Stable,0.9764956664916751
2016-10-25,Stable,0.9764231487471722
2016-10-26,Stable,0.9723641426468542
2016-10-27,Stable,0.9675658478177341
2016-10-28,Stable,0.9588750414800775
2016-11-01,Stable,0.9403860913217674
2016-11-02,Stable,0.9052719012769608
2016-11-03,Stable,0.9141680527105116
2016-11-04,Stable,0.927347023695815
2016-11-07,Stable,0.9404754301906655
2016-11-08,Stable,0.9441127150759029
2016-11-09,Stable,0.9400179016552213
2016-11-10,Stable,0.9254964122864557
2016-11-11,Stable,0.9147918551323855
2016-11-15,Stable,0.9235082829591784
2016-11-16,Stable,0.9484340394427384
2016-11-17,Stable,0.9607471905181331
2016-11-18,Stable,0.9649141493620166
2016-11-21,Stable,0.9686918383341455
2016-11-22,Stable,0.9757855810302581
2016-11-23,Stable,0.9784934051446627
2016-11-24,Stable,0.9780176251073046
2016-11-25,Stable,0.9825442017127509
2016-11-28,Stable,0.9869354896877132
2016-11-29,Stable,0.9899813597269794
2016-11-30,Stable,0.9910544439745974
2016-12-01,Stable,0.9905840120081921
2016-12-02,Stable,0.9905503362138319
2016-12-05,Stable,0.9914657687941649
2016-12-06,Stable,0.9910306957505126
2016-12-07,Stable,0.9907631349474065
2016-12-08,Stable,0.9888496836701676
2016-12-09,Stable,0.9908421304571111
2016-12-12,Stable,0.9913698020372783
2016-12-13,Stable,0.9919162010268746
2016-12-14,Stable,0.9925212380137922
2016-12-15,Stable,0.9920806206541233
2016-12-16,Stable,0.9913559564012852
2016-12-19,Stable,0.9899969318709613
2016-12-20,Stable,0.9871581951567682
2016-12-21,Stable,0.9825566457346299
2016-12-22,Stable,0.9743052025379694
2016-12-23,Stable,0.9728798868599609
2016-12-26,Stable,0.9658848121231955
2016-12-27,Stable,0.9659534713104094
2016-12-28,Stable,0.9679322622076477
2016-12-29,Stable,0.9685893236160446
2016-12-30,Stable,0.9732121232296497
2017-01-02,Stable,0.9776713189413859
2017-01-03,Stable,0.9776778968710987
2017-01-04,Stable,0.9778987692262884
2017-01-05,Stable,0.9784232844602901
2017-01-06,Stable,0.9827520387520798
2017-01-09,Stable,0.9846473027980702
2017-01-10,Stable,0.9864886375564389
2017-01-11,Stable,0.9874018995824957
2017-01-12,Stable,0.9858875745762327
2017-01-13,Stable,0.9848744584803962
2017-01-16,Stable,0.9806465367347424
2017-01-17,Stable,0.9744030388011347
2017-01-18,Stable,0.9767218842610202
2017-01-19,Stable,0.9761511546969489
2017-01-20,Stable,0.9766590123353355
2017-01-23,Stable,0.982503236148823
2017-01-24,Stable,0.984596938457605
2017-01-25,Stable,0.9882062820339177
2017-01-27,Stable,0.990281342417336
2017-01-30,Stable,0.9912875472251523
2017-01-31,Stable,0.9908307967974308
2017-02-01,Stable,0.992059960088034
2017-02-02,Stable,0.992564377255807
2017-02-03,Stable,0.9919798376725191
2017-02-06,Stable,0.9913064668214702
2017-02-07,Stable,0.9898737268475833
2017-02-08,Stable,0.9900106220980829
2017-02-09,Stable,0.9883218643016851
2017-02-10,Stable,0.9842078838634772
2017-02-13,Stable,0.978107438030498
2017-02-14,Stable,0.965881809458729
2017-02-15,Stable,0.9425563636792297
2017-02-16,Stable,0.9128392117868267
2017-02-17,Stable,0.8669720820419604
2017-02-20,Stable,0.7966481935560404
2017-02-21,Stable,0.6883662864778355
2017-02-22,Stable,0.5013041599032639
2017-02-23,Stable,0.581467223584517
2017-02-27,Stable,0.651137928283491
2017-02-28,Stable,0.7095537081336583
2017-03-01,Stable,0.756300119436664
2017-03-02,Stable,0.7888246768937167
2017-03-03,Stable,0.8167077294098131
2017-03-06,Stable,0.8364729815894337
2017-03-07,Stable,0.8912622329309176
2017-03-08,Stable,0.9191855896223549
2017-03-09,Stable,0.9473275239934283
2017-03-10,Stable,0.9657825886241145
2017-03-14,Stable,0.9772224233898616
2017-03-15,Stable,0.9841036597331556
2017-03-16,Stable,0.9871610931916048
2017-03-17,Stable,0.9878672644528703
2017-03-20,Stable,0.987174188857644
2017-03-21,Stable,0.9865473216397046
2017-03-22,Stable,0.9848282463488628
2017-03-23,Stable,0.9809572396506312
2017-03-24,Stable,0.9773655333771437
2017-03-27,Stable,0.9684166904708916
2017-03-28,Stable,0.9704034204058747
2017-03-29,Stable,0.967193741207215
2017-03-30,Stable,0.9572191817272605
2017-03-31,Stable,0.9364475198571237
2017-04-03,Stable,0.9442684663336547
2017-04-05,Stable,0.9546662639733944
2017-04-06,Stable,0.9656546636470423
2017-04-07,Stable,0.9753545536704938
2017-04-10,Stable,0.9821472618684425
2017-04-11,Stable,0.9858489450851182
2017-04-12,Stable,0.9867856957988137
2017-04-13,Stable,0.9888070110241328
2017-04-17,Stable,0.9901643941222559
2017-04-18,Stable,0.9906518019333926
2017-04-19,Stable,0.9915851512369253
2017-04-20,Stable,0.9915389782339941
2017-04-21,Stable,0.9907190279092698
2017-04-24,Stable,0.990404682812688
2017-04-25,Stable,0.9889840446933426
2017-04-26,Stable,0.9880751781433716
2017-04-27,Stable,0.9900284901926623
2017-04-28,Stable,0.9901579657972939
2017-05-02,Stable,0.9890366485872061
2017-05-03,Stable,0.9861652423656068
2017-05-04,Stable,0.9808391012711323
2017-05-05,Stable,0.9738150246653984
2017-05-08,Stable,0.9812349893473699
2017-05-09,Stable,0.9846864551177207
2017-05-10,Stable,0.9855566767572365
2017-05-11,Stable,0.9869287629659168
2017-05-12,Stable,0.9884156345590804
2017-05-15,Stable,0.9881017992573341
2017-05-16,Stable,0.9854066263859299
2017-05-17,Stable,0.9797205209028058
2017-05-18,Stable,0.969447226452379
2017-05-19,Stable,0.9705091214802827
2017-05-22,Stable,0.9708344727303297
2017-05-23,Stable,0.9708895830603097
2017-05-24,Stable,0.9758251008794936
2017-05-25,Stable,0.9763167820839217
2017-05-26,Stable,0.9733337306066685
2017-05-29,Stable,0.9814102723893366
2017-05-30,Stable,0.9853635477484964
2017-05-31,Stable,0.9862373393001995
2017-06-01,Stable,0.9850730674886545
2017-06-02,Stable,0.9871416103644598
2017-06-05,Stable,0.987647073776625
2017-06-06,Stable,0.9858841181068727
2017-06-07,Stable,0.9874853342029389
2017-06-08,Stable,0.9886254431311338
2017-06-09,Stable,0.9905382952682528
2017-06-12,Stable,0.9910137648605218
2017-06-13,Stable,0.9912697001702944
2017-06-14,Stable,0.9902029242384395
2017-06-15,Stable,0.9921535872539747
2017-06-16,Stable,0.9931597049445625
2017-06-19,Stable,0.9933203206689478
2017-06-20,Stable,0.9934428254457364
2017-06-21,Stable,0.9927415396380868
2017-06-22,Stable,0.9916318942358113
2017-06-23,Stable,0.99161147045427
2017-06-27,Stable,0.9911241008319401
2017-06-28,Stable,0.9890965758961675
2017-06-29,Stable,0.9908276031115865
2017-06-30,Stable,0.991218703378072
2017-07-03,Stable,0.9907473673132698
2017-07-04,Stable,0.9886749589500219
2017-07-05,Stable,0.9887384968437458
2017-07-06,Stable,0.9889883915129967
2017-07-07,Stable,0.9879777729762953
2017-07-10,Stable,0.989889208203136
2017-07-11,Stable,0.9904719850187579
2017-07-12,Stable,0.9893507095456128
2017-07-13,Stable,0.9901707555975212
2017-07-14,Stable,0.9892130407670855
2017-07-17,Stable,0.9872406565314686
2017-07-18,Stable,0.9834078338315648
2017-07-19,Stable,0.9846388174766052
2017-07-20,Stable,0.9848934315301492
2017-07-21,Stable,0.9832513536345896
2017-07-24,Stable,0.9857965685056712
2017-07-25,Stable,0.9869023001600331
2017-07-26,Stable,0.9868273640792539
2017-07-27,Stable,0.9854196677191431
2017-07-28,Stable,0.9864906115107228
2017-07-31,Stable,0.9849437290603457
2017-08-01,Stable,0.9845678263703275
2017-08-02,Stable,0.9812763142721169
2017-08-03,Stable,0.9753542821708884
2017-08-04,Stable,0.9694575964715538
2017-08-07,Stable,0.9600029415880479
2017-08-08,Stable,0.9409708904294344
2017-08-09,Stable,0.94072852178876
2017-08-10,Stable,0.9324609416626021
2017-08-11,Stable,0.9387293085870791
2017-08-14,Stable,0.9489972516292619
2017-08-16,Stable,0.9644142952705215
2017-08-17,Stable,0.9723230600970336
2017-08-18,Stable,0.9747732178893297
2017-08-21,Stable,0.9728006602177389
2017-08-22,Stable,0.9764101130099014
2017-08-23,Stable,0.9754534355969952
2017-08-24,Stable,0.9730375937155064
2017-08-28,Stable,0.9664515410073578
2017-08-29,Stable,0.9516505319790757
2017-08-30,Stable,0.9526174659831566
2017-08-31,Stable,0.9658036027315103
2017-09-01,Stable,0.9774612883303926
2017-09-04,Stable,0.9835733566749997
2017-09-05,Stable,0.9873896976942774
2017-09-06,Stable,0.9899745626110815
2017-09-07,Stable,0.9906449188390192
2017-09-08,Stable,0.990740576812382
2017-09-11,Stable,0.9914403020967537
2017-09-12,Stable,0.9913212985433455
2017-09-13,Stable,0.9920194639123914
2017-09-14,Stable,0.9914578346082935
2017-09-15,Stable,0.9904111892222843
2017-09-18,Stable,0.9878799167434563
2017-09-19,Stable,0.9825099644401392
2017-09-20,Stable,0.9721530229870543
2017-09-21,Stable,0.95304582524166
2017-09-22,Stable,0.9253726539685941
2017-09-25,Stable,0.9362989098005033
2017-09-26,Stable,0.9376260334105159
2017-09-27,Stable,0.9297670095684533
2017-09-28,Stable,0.9389287185057488
2017-09-29,Stable,0.9440493129965634
2017-10-03,Stable,0.9404579784010402
2017-10-04,Stable,0.9373613231843178
2017-10-05,Stable,0.9408926799077891
2017-10-06,Stable,0.9352933750110892
2017-10-09,Stable,0.9401696923411581
2017-10-10,Stable,0.9454209485247619
2017-10-11,Stable,0.944167394121156
2017-10-12,Stable,0.9335163341823807
2017-10-13,Stable,0.9373419173857358
2017-10-16,Stable,0.9314680015225884
2017-10-17,Stable,0.9134998553452855
2017-10-18,Stable,0.8761137621889
2017-10-19,Stable,0.893317337895722
2017-10-23,Stable,0.9060483961891436
2017-10-24,Stable,0.9315780342214348
2017-10-25,Stable,0.9432782515724969
2017-10-26,Stable,0.9473833422211029
2017-10-27,Stable,0.9507519483226211
2017-10-30,Stable,0.9617818989994561
2017-10-31,Stable,0.969042429939457
2017-11-01,Stable,0.9707403953958275
2017-11-02,Stable,0.9673619106731172
2017-11-03,Stable,0.9583735788518225
2017-11-06,Stable,0.9408732117762252
2017-11-07,Stable,0.9174132730797938
2017-11-08,Stable,0.9243673275925057
2017-11-09,Stable,0.9431496198373642
2017-11-10,Stable,0.9515453995922588
2017-11-13,Stable,0.9623268094498405
2017-11-14,Stable,0.9731193680704473
2017-11-15,Stable,0.977737803441349
2017-11-16,Stable,0.9797048828967114
2017-11-17,Stable,0.9847483681559777
2017-11-20,Stable,0.9870555606756857
2017-11-21,Stable,0.988905811370999
2017-11-22,Stable,0.9904067251004315
2017-11-23,Stable,0.9903777203436676
2017-11-24,Stable,0.9898651350896551
2017-11-27,Stable,0.9877266158350488
2017-11-28,Stable,0.9828367037655882
2017-11-29,Stable,0.9796370703237804
2017-11-30,Stable,0.971612774822636
2017-12-01,Stable,0.973745859687752
2017-12-04,Stable,0.9822198515887538
2017-12-05,Stable,0.9871417907127576
2017-12-06,Stable,0.9891927246674571
2017-12-07,Stable,0.9891699026812822
2017-12-08,Stable,0.9915826507115283
2017-12-11,Stable,0.9925171627035461
2017-12-12,Stable,0.9929420165266704
2017-12-13,Stable,0.993875231231294
2017-12-14,Stable,0.9941147477181683
2017-12-15,Stable,0.9946092032033306
2017-12-18,Stable,0.994729156408773
2017-12-19,Stable,0.9944827178331178
2017-12-20,Stable,0.9942328513922095
2017-12-21,Stable,0.9941493286264542
2017-12-22,Stable,0.9936729956368678
2017-12-26,Stable,0.9932325026903388
2017-12-27,Stable,0.9922707225626971
2017-12-28,Stable,0.9926974728690111
2017-12-29,Stable,0.992759141649542
2018-01-01,Stable,0.9923905991364689
2018-01-02,Stable,0.9934745823424215
2018-01-03,Stable,0.993730687385418
2018-01-04,Stable,0.9933953689087643
2018-01-05,Stable,0.9926998981303952
2018-01-08,Stable,0.9909755575433895
2018-01-09,Stable,0.9878263384546985
2018-01-10,Stable,0.9823337432463142
2018-01-11,Stable,0.9723007163143144
2018-01-12,Stable,0.9561913962366269
2018-01-15,Stable,0.9285869333301803
2018-01-16,Stable,0.8795878485899605
2018-01-17,Stable,0.8820688314989811
2018-01-18,Stable,0.8700817022146785
2018-01-19,Stable,0.859129568228008
2018-01-22,Stable,0.8370824378659154
2018-01-23,Stable,0.8364736772859597
2018-01-24,Stable,0.8328613057975879
2018-01-25,Stable,0.8197566791171499
2018-01-29,Stable,0.7877397303722125
2018-01-30,Stable,0.7367392187127192
2018-01-31,Stable,0.6394048355498626
2018-02-01,Stable,0.5331284048476771
2018-02-02,Stable,0.669796570099989
2018-02-05,Stable,0.5132409650920011
2018-02-06,Stable,0.6146951298889536
2018-02-07,Stable,0.7472530793242371
2018-02-08,Stable,0.8325339784028848
2018-02-09,Stable,0.876636797664136
2018-02-12,Stable,0.9067915713714763
2018-02-14,Stable,0.9361580416895229
2018-02-15,Stable,0.950463500390542
2018-02-16,Stable,0.9564881580050729
2018-02-19,Stable,0.9676069807369915
2018-02-20,Stable,0.9723698728480604
2018-02-21,Stable,0.9725809633499118
2018-02-22,Stable,0.9679008267728076
2018-02-23,Stable,0.9664670953283198
2018-02-26,Stable,0.9633402977122506
2018-02-27,Stable,0.9543403309244978
2018-02-28,Stable,0.9360669825672251
2018-03-01,Stable,0.9006713859660317
2018-03-05,Stable,0.8378413177405172
2018-03-06,Stable,0.8288784620028997
2018-03-07,Stable,0.8128186515864525
2018-03-08,Stable,0.8204294768863261
2018-03-09,Stable,0.8284211622355676
2018-03-12,Stable,0.8198819386487822
2018-03-13,Stable,0.8429749523232088
2018-03-14,Stable,0.8506395856699921
2018-03-15,Stable,0.8501728979244971
2018-03-16,Stable,0.8576140880966004
2018-03-19,Stable,0.9016099828546649
2018-03-20,Stable,0.9341578837006884
2018-03-21,Stable,0.9565208317886975
2018-03-22,Stable,0.9686230779527178
2018-03-23,Stable,0.9736283940966171
2018-03-26,Stable,0.9806393124472719
2018-03-27,Stable,0.9832454198885675
2018-03-28,Stable,0.9829596737879568
2018-04-02,Stable,0.9855669666273469
2018-04-03,Stable,0.9857908128977795
2018-04-04,Stable,0.984433358740046
2018-04-05,Stable,0.9860004326987686
2018-04-06,Stable,0.98955583256476
2018-04-09,Stable,0.9911385413354695
2018-04-10,Stable,0.9925923322854133
2018-04-11,Stable,0.9929219962562208
2018-04-12,Stable,0.9932354971846539
2018-04-13,Stable,0.9928230381460418
2018-04-16,Stable,0.9915105390507906
2018-04-17,Stable,0.9887084132090357
2018-04-18,Stable,0.9847757819727476
2018-04-19,Stable,0.97860802753805
2018-04-20,Stable,0.9685538900895279
2018-04-23,Stable,0.9639056401124605
2018-04-24,Stable,0.9526767400086472
2018-04-25,Stable,0.9574931672061952
2018-04-26,Stable,0.9572426763867738
2018-04-27,Stable,0.9493020723119213
2018-04-30,Stable,0.9443899755781779
2018-05-02,Stable,0.9621187320998079
2018-05-03,Stable,0.9705881120193736
2018-05-04,Stable,0.9751050700395646
2018-05-07,Stable,0.9768899213377836
2018-05-08,Stable,0.9835587485343393
2018-05-09,Stable,0.9863457542716191
2018-05-10,Stable,0.9863792588045044
2018-05-11,Stable,0.9836627912870382
2018-05-14,Stable,0.9779882095705577
2018-05-15,Stable,0.966322019801043
2018-05-16,Stable,0.9467221443663614
2018-05-17,Stable,0.945779547342666
2018-05-18,Stable,0.9424814859158601
2018-05-21,Stable,0.9435772999294847
2018-05-22,Stable,0.9360210197206528
2018-05-23,Stable,0.9202930909462185
2018-05-24,Stable,0.9406753934821496
2018-05-25,Stable,0.9523007322960474
2018-05-28,Stable,0.9680976825986829
2018-05-29,Stable,0.9792958083267648
2018-05-30,Stable,0.9849832275844271
2018-05-31,Stable,0.9882903392776111
2018-06-01,Stable,0.9908693866002294
2018-06-04,Stable,0.9921815847197766
2018-06-05,Stable,0.9922848260785587
2018-06-06,Stable,0.991198055942471
2018-06-07,Stable,0.9887849116672104
2018-06-08,Stable,0.9883511502157534
2018-06-11,Stable,0.9859310515586186
2018-06-12,Stable,0.9806814545628759
2018-06-13,Stable,0.9717738393223653
2018-06-14,Stable,0.9545575380906007
2018-06-15,Stable,0.9234618419148418
2018-06-18,Stable,0.8698721479127616
2018-06-19,Stable,0.7769936665054524
2018-06-20,Stable,0.7219700207187129
2018-06-21,Stable,0.6442076329423426
2018-06-22,Stable,0.5061864061299252
2018-06-25,Stable,0.6675941462576188
2018-06-26,Stable,0.820858577158552
2018-06-27,Stable,0.9287240228498608
2018-06-28,Stable,0.9392530936424368
2018-06-29,Stable,0.9324895057489544
2018-07-02,Stable,0.877680083837546
2018-07-03,Stable,0.805025641410822
2018-07-04,Stable,0.7610778669541703
2018-07-05,Stable,0.7433016550714903
2018-07-06,Stable,0.7064055983163492
2018-07-09,Stable,0.6918551418151048
2018-07-10,Stable,0.6735239358640394
2018-07-11,Stable,0.6370888135629126
2018-07-12,Stable,0.6294163020081966
2018-07-13,Stable,0.5063629912538238
2018-07-16,Stable,0.5684595949206495
2018-07-17,Stable,0.6805850783282943
2018-07-18,Stable,0.8163387310299115
2018-07-19,Stable,0.8889107915462305
2018-07-20,Stable,0.9282960974483052
2018-07-23,Stable,0.9518045719663488
2018-07-24,Stable,0.9645156888088893
2018-07-25,Stable,0.9700578768674715
2018-07-26,Stable,0.9706676947736341
2018-07-27,Stable,0.9656026808282877
2018-07-30,Stable,0.9641522317474552
2018-07-31,Stable,0.9657664030173019
2018-08-01,Stable,0.9723177969110265
2018-08-02,Stable,0.9741756852625003
2018-08-03,Stable,0.9773699978498795
2018-08-06,Stable,0.9771324214005884
2018-08-07,Stable,0.9737165130154359
2018-08-08,Stable,0.9686177737675974
2018-08-09,Stable,0.9705092485975466
2018-08-10,Stable,0.966889259704198
2018-08-13,Stable,0.962025933486321
2018-08-14,Stable,0.9681002439157957
2018-08-16,Stable,0.9725840882285005
2018-08-17,Stable,0.9739415894673809
2018-08-20,Stable,0.9702603687974286
2018-08-21,Stable,0.9740621764142889
2018-08-23,Stable,0.9738250698313597
2018-08-24,Stable,0.97285164355329
2018-08-27,Stable,0.9667949678568748
2018-08-28,Stable,0.9613514996274156
2018-08-29,Stable,0.9522187418416762
2018-08-30,Stable,0.9466815966525687
2018-08-31,Stable,0.9366644585019385
2018-09-03,Stable,0.9328075264062631
2018-09-04,Stable,0.9309438087881862
2018-09-05,Stable,0.9186931501723306
2018-09-06,Stable,0.8995546524067346
2018-09-07,Stable,0.900616000272339
2018-09-10,Stable,0.8926789952287917
2018-09-11,Stable,0.9042026740207154
2018-09-12,Stable,0.9236249113282826
2018-09-14,Stable,0.9331029320461913
2018-09-17,Stable,0.9403918170487935
2018-09-18,Stable,0.952107647611468
2018-09-19,Stable,0.9642288931696942
2018-09-21,Stable,0.9688800641700004
2018-09-24,Stable,0.9692808514335383
2018-09-25,Stable,0.963786870373747
2018-09-26,Stable,0.9519700399299389
2018-09-27,Stable,0.9345955160019414
2018-09-28,Stable,0.8958206834739028
2018-10-01,Stable,0.7885115133619013
2018-10-03,Stable,0.5636082319934638
2018-10-04,Volatile,0.9983647946924509
2018-10-05,Volatile,0.9999501342873031
2018-10-08,Volatile,0.8648614517599321
2018-10-09,Transitional,0.6429942616655159
2018-10-10,Transitional,0.8587890294067775
2018-10-11,Transitional,0.9323994440920578
2018-10-12,Transitional,0.9558577671184407
2018-10-15,Transitional,0.9762419339851587
2018-10-16,Transitional,0.984076639864166
2018-10-17,Transitional,0.989276276437113
2018-10-19,Transitional,0.9935716425601198
2018-10-22,Transitional,0.9902949076071866
2018-10-23,Transitional,0.9513225692485779
2018-10-24,Transitional,0.9315229567093114
2018-10-25,Transitional,0.9290372390767411
2018-10-26,Transitional,0.930486219736841
2018-10-29,Transitional,0.9485685709569739
2018-10-30,Transitional,0.8944058114995709
2018-10-31,Stable,0.6459291850987616
2018-11-01,Stable,0.5024512057689948
2018-11-02,Stable,0.5731206636242941
2018-11-05,Stable,0.7001828029773836
2018-11-06,Stable,0.7691612301949146
2018-11-07,Stable,0.806645938063777
2018-11-09,Stable,0.8214826273800979
2018-11-12,Stable,0.8246066219612465
2018-11-13,Stable,0.850387300279709
2018-11-14,Stable,0.8904384817760731
2018-11-15,Stable,0.9101305222203844
2018-11-16,Stable,0.917346766455086
2018-11-19,Stable,0.923148267855147
2018-11-20,Stable,0.9243094516798227
2018-11-21,Stable,0.9249280484827649
2018-11-22,Stable,0.937760096160913
2018-11-26,Stable,0.9522099992551848
2018-11-27,Stable,0.9571661838356352
2018-11-28,Stable,0.962277868571038
2018-11-29,Stable,0.9613075971356297
2018-11-30,Stable,0.9549034393162221
2018-12-03,Stable,0.9410857534098546
2018-12-04,Stable,0.9127948589169841
2018-12-05,Stable,0.8583856134780696
2018-12-06,Stable,0.7713232335813165
2018-12-07,Stable,0.7638351288465398
2018-12-10,Stable,0.73305086833976
2018-12-11,Stable,0.8061184932792078
2018-12-12,Stable,0.843107741287842
2018-12-13,Stable,0.8821070404374476
2018-12-14,Stable,0.8999056454800479
2018-12-17,Stable,0.9105577540216641
2018-12-18,Stable,0.9244128397154777
2018-12-19,Stable,0.9287133050311959
2018-12-20,Stable,0.9233766437775736
2018-12-21,Stable,0.9075722549304193
2018-12-24,Stable,0.9176606952389539
2018-12-26,Stable,0.93352253046819
2018-12-27,Stable,0.9388165462675305
2018-12-28,Stable,0.9488161753914962
2018-12-31,Stable,0.9509634191657271
2019-01-01,Stable,0.9462285699019749
2019-01-02,Stable,0.9314392110544083
2019-01-03,Stable,0.9284412665472711
2019-01-04,Stable,0.9412998047194664
2019-01-07,Stable,0.9478903712976895
2019-01-08,Stable,0.9473738054155622
2019-01-09,Stable,0.9392151337085121
2019-01-10,Stable,0.9217698851633059
2019-01-11,Stable,0.8913905497356059
2019-01-14,Stable,0.8425793253851229
2019-01-15,Stable,0.7665290558274477
2019-01-16,Stable,0.7401173268480515
2019-01-17,Stable,0.6841762085467916
2019-01-18,Stable,0.5736780251122329
2019-01-21,Stable,0.5552783579749664
2019-01-22,Stable,0.5932319772535738
2019-01-23,Stable,0.6038125511765368
2019-01-24,Stable,0.6011128476761672
2019-01-25,Stable,0.5815632743156448
2019-01-28,Stable,0.5314451671780699
2019-01-29,Stable,0.5234789969993708
2019-01-30,Stable,0.5669395291262326
2019-01-31,Stable,0.6141511105355765
2019-02-01,Stable,0.6225375425100683
2019-02-04,Stable,0.6408497358975165
2019-02-05,Stable,0.655553989298029
2019-02-06,Stable,0.699912396761053
2019-02-07,Stable,0.7573652042823008
2019-02-08,Stable,0.816302514933826
2019-02-11,Stable,0.8586574700790444
2019-02-12,Stable,0.8758640666283504
2019-02-14,Stable,0.9197528060940462
2019-02-15,Stable,0.8362713290107038
2019-02-18,Stable,0.6888741240379955
2019-02-19,Stable,0.5132400882530573
2019-02-20,Stable,0.5827089616584094
2019-02-21,Stable,0.7310092956496385
2019-02-22,Stable,0.8212797753874522
2019-02-25,Stable,0.8702706294429199
2019-02-26,Stable,0.8949393793234122
2019-02-27,Stable,0.9077369476514214
2019-02-28,Stable,0.9082111941439385
2019-03-01,Stable,0.9005352654372676
2019-03-05,Stable,0.8773994927887935
2019-03-06,Stable,0.8635594604675934
2019-03-07,Stable,0.8582463899484811
2019-03-08,Stable,0.8363999680697574
2019-03-11,Stable,0.7886514571466279
2019-03-12,Stable,0.8124511724611037
2019-03-13,Stable,0.8349685216049173
2019-03-14,Stable,0.8389516997647314
2019-03-15,Stable,0.8269268472531355
2019-03-18,Stable,0.7929585214362568
2019-03-19,Stable,0.7745850289783801
2019-03-20,Stable,0.762110008995902
2019-03-22,Stable,0.754756143332502
2019-03-25,Stable,0.7652556677530373
2019-03-26,Stable,0.7559901865999376
2019-03-27,Stable,0.7993084084895238
2019-03-28,Stable,0.8560560022611223
2019-04-01,Stable,0.8841454656387652
2019-04-02,Stable,0.8998233704361202
2019-04-03,Stable,0.9022286794135858
2019-04-04,Stable,0.9235662582175846
2019-04-05,Stable,0.9415521586942586
2019-04-08,Stable,0.9483227184669016
2019-04-09,Stable,0.9596016940438543
2019-04-10,Stable,0.9635204363448208
2019-04-11,Stable,0.9620356312105303
2019-04-12,Stable,0.9559154804333795
2019-04-15,Stable,0.9405096990386911
2019-04-16,Stable,0.9134004317095169
2019-04-18,Stable,0.8636811189160131
2019-04-22,Stable,0.7826725280994291
2019-04-23,Stable,0.794311178930244
2019-04-24,Stable,0.7873902580850779
2019-04-25,Stable,0.7956109034718494
2019-04-26,Stable,0.7890723241722937
2019-04-30,Stable,0.7745721056150915
2019-05-02,Stable,0.7355297149456451
2019-05-03,Stable,0.6568136849814534
2019-05-06,Stable,0.508409092997728
2019-05-07,Transitional,0.7347659105548446
2019-05-08,Transitional,0.8629387969863834
2019-05-09,Transitional,0.9096451153024964
2019-05-10,Transitional,0.9254082129811487
2019-05-13,Transitional,0.9480637654483972
2019-05-14,Transitional,0.9463227473871741
2019-05-15,Transitional,0.947267268457146
2019-05-16,Transitional,0.9553483914031333
2019-05-17,Transitional,0.9625572326396914
2019-05-20,Transitional,0.9834428906242301
2019-05-21,Stable,0.6857443758657109
2019-05-22,Stable,0.5783267125873097
2019-05-23,Stable,0.7257988186567199
2019-05-24,Stable,0.8103812681720194
2019-05-27,Stable,0.8626788335738991
2019-05-28,Stable,0.8917056244405148
2019-05-29,Stable,0.9051530581499283
2019-05-30,Stable,0.9185525835603093
2019-05-31,Stable,0.9287558693462276
2019-06-03,Stable,0.9281166852007786
2019-06-04,Stable,0.9251676821669667
2019-06-06,Stable,0.9179919036365111
2019-06-07,Stable,0.9363870927711565
2019-06-10,Stable,0.9485794485158274
2019-06-11,Stable,0.9565168100467143
2019-06-12,Stable,0.9579301629937136
2019-06-13,Stable,0.9528150870281086
2019-06-14,Stable,0.9384232024005194
2019-06-17,Stable,0.916110019429261
2019-06-18,Stable,0.927389087102211
2019-06-19,Stable,0.9298043589392304
2019-06-20,Stable,0.9224739636411412
2019-06-21,Stable,0.9124839222277358
2019-06-24,Stable,0.8988667539078598
2019-06-25,Stable,0.8871299148932698
2019-06-26,Stable,0.8926630386599526
2019-06-27,Stable,0.8864088716228151
2019-06-28,Stable,0.867363599307066
2019-07-01,Stable,0.8361583116198127
2019-07-02,Stable,0.7853088930264392
2019-07-03,Stable,0.7084437559196539
2019-07-04,Stable,0.5624025542802773
2019-07-05,Transitional,0.7090401245267633
2019-07-08,Transitional,0.7469720962677313
2019-07-09,Transitional,0.6501384827439975
2019-07-10,Transitional,0.5651607381931428
2019-07-11,Transitional,0.502529677119454
2019-07-12,Transitional,0.5246290514577732
2019-07-15,Transitional,0.5386216134522575
2019-07-16,Transitional,0.5284571069895564
2019-07-17,Transitional,0.5208661755762156
2019-07-18,Transitional,0.5039946573421491
2019-07-19,Transitional,0.5167945950807882
2019-07-22,Transitional,0.5062830439961591
2019-07-23,Transitional,0.5115551791434806
2019-07-24,Transitional,0.563333323260754
2019-07-25,Transitional,0.6107883379388739
2019-07-26,Transitional,0.6406492061445921
2019-07-29,Transitional,0.6788665232916361
2019-07-30,Transitional,0.7206025072415164
2019-07-31,Transitional,0.7252279533601749
2019-08-01,Transitional,0.7557945286373314
2019-08-02,Transitional,0.8255212968868227
2019-08-05,Transitional,0.8990645783368126
2019-08-06,Transitional,0.8825155447828126
2019-08-07,Transitional,0.8834532833048542
2019-08-08,Transitional,0.8777116005824556
2019-08-09,Transitional,0.8466017906043108
2019-08-13,Transitional,0.8395300618328703
2019-08-14,Transitional,0.8200620039235953
2019-08-16,Transitional,0.8162586657337497
2019-08-19,Transitional,0.8353217638117254
2019-08-20,Transitional,0.8840066729870537
2019-08-21,Transitional,0.9375372670947292
2019-08-22,Transitional,0.9716987071934896
2019-08-23,Transitional,0.9745256976845692
2019-08-26,Transitional,0.949518275045667
2019-08-27,Transitional,0.9386218749185563
2019-08-28,Transitional,0.9329288007371825
2019-08-29,Transitional,0.9301846342853186
2019-08-30,Transitional,0.943368947439246
2019-09-03,Transitional,0.9729880050528007
2019-09-04,Transitional,0.956317908317867
2019-09-05,Transitional,0.9530170949017613
2019-09-06,Transitional,0.940927249808308
2019-09-09,Transitional,0.9250468163616328
2019-09-11,Transitional,0.9262828658386422
2019-09-12,Transitional,0.9433952691416233
2019-09-13,Transitional,0.95980122590315
2019-09-16,Transitional,0.9625253110974606
2019-09-17,Transitional,0.964565018523235
2019-09-18,Transitional,0.965400210076109
2019-09-19,Transitional,0.9742005744489691
2019-09-20,Transitional,0.9796567387758057
2019-09-23,Stable,0.6699809801363439
2019-09-24,Stable,0.534668477162764
2019-09-25,Stable,0.6529672404518994
2019-09-26,Stable,0.7159122814723339
2019-09-27,Stable,0.8046222651206673
2019-09-30,Stable,0.8581445820888417
2019-10-01,Stable,0.8888166204617449
2019-10-03,Stable,0.9113442854632725
2019-10-04,Stable,0.9323376030374309
2019-10-07,Stable,0.9438377203379076
2019-10-09,Stable,0.9621710742924101
2019-10-10,Stable,0.9741458239531128
2019-10-11,Stable,0.9809003590165831
2019-10-14,Stable,0.9850429012127851
2019-10-15,Stable,0.9867273773219135
2019-10-16,Stable,0.9887096305752806
2019-10-17,Stable,0.988550714564213
2019-10-18,Stable,0.9878781964253044
2019-10-22,Stable,0.9889975252480521
2019-10-23,Stable,0.9883865433091767
2019-10-24,Stable,0.9896141722291127
2019-10-25,Stable,0.9890897477693582
2019-10-29,Stable,0.9872112554001968
2019-10-30,Stable,0.9890993106605377
2019-10-31,Stable,0.9904524937513759
2019-11-01,Stable,0.9900993307052862
2019-11-04,Stable,0.9901455612873724
2019-11-05,Stable,0.9885701384751727
2019-11-06,Stable,0.9869201088710002
2019-11-07,Stable,0.9838661980710576
2019-11-08,Stable,0.9773055359209732
2019-11-11,Stable,0.984118677728354
2019-11-13,Stable,0.9871120836091929
2019-11-14,Stable,0.9874727951835817
2019-11-15,Stable,0.9864857495759632
2019-11-18,Stable,0.9836484142751141
2019-11-19,Stable,0.9769012877866512
2019-11-20,Stable,0.9729935719419194
2019-11-21,Stable,0.9709887850902438
2019-11-22,Stable,0.979556415094043
2019-11-25,Stable,0.9850523782957699
2019-11-26,Stable,0.9872001086074562
2019-11-27,Stable,0.989040504400799
2019-11-28,Stable,0.9892856339300623
2019-11-29,Stable,0.9879982264928179
2019-12-02,Stable,0.9879738781768626
2019-12-03,Stable,0.9855628112823203
2019-12-04,Stable,0.9848036897445466
2019-12-05,Stable,0.982839293380009
2019-12-06,Stable,0.9801725383220256
2019-12-09,Stable,0.9773445514369821
2019-12-10,Stable,0.9719142508689387
2019-12-11,Stable,0.979439293272878
2019-12-12,Stable,0.9848625660685191
2019-12-13,Stable,0.9879317753739135
2019-12-16,Stable,0.9895316773398612
2019-12-17,Stable,0.9911109576203083
2019-12-18,Stable,0.9912449191601024
2019-12-19,Stable,0.9901793646314917
2019-12-20,Stable,0.9892145210686927
2019-12-23,Stable,0.986640165647109
2019-12-24,Stable,0.9841271085318555
2019-12-26,Stable,0.9814466708040268
2019-12-27,Stable,0.9809462523382135
2019-12-30,Stable,0.9841550992693077
2019-12-31,Stable,0.984127892307949
2020-01-01,Stable,0.9820208630823921
2020-01-02,Stable,0.976292182641112
2020-01-03,Stable,0.9672721410658288
2020-01-06,Stable,0.9527679650191555
2020-01-07,Stable,0.9627832765850778
2020-01-08,Stable,0.9655423043216077
2020-01-09,Stable,0.9678450882021534
2020-01-10,Stable,0.9735460810679548
2020-01-13,Stable,0.973920903969314
2020-01-14,Stable,0.9701866846357245
2020-01-15,Stable,0.9599494963001823
2020-01-16,Stable,0.9406726091593286
2020-01-17,Stable,0.9069288351848691
2020-01-20,Stable,0.8478269892260915
2020-01-21,Stable,0.8089831543660134
2020-01-22,Stable,0.7455200769826981
2020-01-23,Stable,0.7133801745283239
2020-01-24,Stable,0.6650459954490743
2020-01-27,Stable,0.5732332706661086
2020-01-28,Stable,0.5087237420893733
2020-01-29,Stable,0.6161953770410822
2020-01-30,Transitional,0.8107032273799968
2020-01-31,Transitional,0.9615121947892388
2020-02-03,Transitional,0.9745369854194671
2020-02-04,Transitional,0.9686998517278498
2020-02-05,Transitional,0.8431715336117815
2020-02-06,Transitional,0.7608387858794604
2020-02-07,Transitional,0.7134135938349115
2020-02-10,Transitional,0.6944582568418474
2020-02-11,Transitional,0.6773257957085074
2020-02-12,Transitional,0.6656220425450766
2020-02-13,Transitional,0.6791303847821808
2020-02-14,Transitional,0.7190383624263135
2020-02-17,Transitional,0.7686607611623705
2020-02-18,Transitional,0.7945725877224351
2020-02-19,Transitional,0.8521170850835822
2020-02-20,Transitional,0.8929592443938982
2020-02-24,Transitional,0.9631982573212431
2020-02-25,Transitional,0.9708293213944752
2020-02-26,Transitional,0.9777152492069184
2020-02-27,Transitional,0.9737460662472418
2020-02-28,Transitional,0.9592434446447647
2020-03-02,Transitional,0.9397797739014173
2020-03-03,Transitional,0.8958131332601338
2020-03-04,Transitional,0.8426917488868886
2020-03-05,Transitional,0.7204454320644899
2020-03-06,Volatile,0.6484904202588613
2020-03-09,Volatile,0.993406546243591
2020-03-11,Volatile,0.9919736857782887
2020-03-12,Volatile,0.999999988673153
2020-03-13,Volatile,0.9998783525643381
2020-03-16,Volatile,0.9999474022015132
2020-03-17,Volatile,0.9964888879810784
2020-03-18,Volatile,0.999350480505224
2020-03-19,Volatile,0.9996590114700576
2020-03-20,Volatile,0.9999999651463446
2020-03-23,Volatile,0.9999999943156581
2020-03-24,Volatile,0.9943534063530923
2020-03-25,Volatile,0.9947801447473738
2020-03-26,Volatile,0.9623828923364014
2020-03-27,Volatile,0.9572415174091291
2020-03-30,Volatile,0.9713143440469022
2020-03-31,Volatile,0.9996586178623125
2020-04-01,Volatile,0.9954185071632076
2020-04-03,Volatile,0.9909463726915773
2020-04-07,Volatile,0.9948806744339749
2020-04-08,Transitional,0.6394484216169601
2020-04-09,Transitional,0.8049601271497718
2020-04-13,Transitional,0.9227822568470968
2020-04-15,Transitional,0.9634726932946521
2020-04-16,Transitional,0.9780678839415248
2020-04-17,Transitional,0.9856200791080681
2020-04-20,Transitional,0.9883312325944582
2020-04-21,Transitional,0.9919577307988638
2020-04-22,Transitional,0.9901748800095823
2020-04-23,Transitional,0.9384467191783016
2020-04-24,Transitional,0.9098089802919985
2020-04-27,Transitional,0.9010069964680186
2020-04-28,Transitional,0.9079323683117132
2020-04-29,Transitional,0.9311979612169157
2020-04-30,Transitional,0.9750362190705057
2020-05-04,Transitional,0.9804622973584561
2020-05-05,Transitional,0.9516230466710303
2020-05-06,Transitional,0.9225899691115511
2020-05-07,Transitional,0.9123782503071791
2020-05-08,Transitional,0.9128605212051334
2020-05-11,Transitional,0.9305043829924506
2020-05-12,Transitional,0.9730842924491451
2020-05-13,Transitional,0.9858989264946474
2020-05-14,Transitional,0.9938317813537733
2020-05-15,Transitional,0.9894105013018467
2020-05-18,Transitional,0.9888519423416247
2020-05-19,Transitional,0.8823656312313621
2020-05-20,Transitional,0.8282702866043288
2020-05-21,Transitional,0.7083169661445425
2020-05-22,Transitional,0.6469773552293072
2020-05-26,Transitional,0.6178604032464211
2020-05-27,Transitional,0.6156000351136127
2020-05-28,Transitional,0.611202231602201
2020-05-29,Transitional,0.6227257658827762
2020-06-01,Transitional,0.6273268822805211
2020-06-02,Transitional,0.5968366374740854
2020-06-03,Transitional,0.58430178158225
2020-06-04,Transitional,0.5978754082093675
2020-06-05,Transitional,0.6171314599626163
2020-06-08,Transitional,0.6320446469448529
2020-06-09,Transitional,0.6456641177774004
2020-06-10,Transitional,0.6290383565516762
2020-06-11,Transitional,0.6376355678491882
2020-06-12,Transitional,0.6294417477507193
2020-06-15,Transitional,0.6417701460169297
2020-06-16,Transitional,0.680146397134911
2020-06-17,Transitional,0.7569872857907505
2020-06-18,Transitional,0.8946320977382635
2020-06-19,Transitional,0.967225160693742
2020-06-22,Transitional,0.9510760971268362
2020-06-23,Transitional,0.9435636820659785
2020-06-24,Transitional,0.9441822679677433
2020-06-25,Transitional,0.9370843978755299
2020-06-26,Transitional,0.9393451729391695
2020-06-29,Transitional,0.9250166255553438
2020-06-30,Transitional,0.8933059555796508
2020-07-01,Transitional,0.8540962165839803
2020-07-02,Transitional,0.8399596938354106
2020-07-03,Transitional,0.8393780007115549
2020-07-06,Transitional,0.8530976833225724
2020-07-07,Transitional,0.8679255930726795
2020-07-08,Transitional,0.8504225634342292
2020-07-09,Transitional,0.8388947683885424
2020-07-10,Transitional,0.8480212519173069
2020-07-13,Transitional,0.8805133303054465
2020-07-14,Transitional,0.937239782142074
2020-07-15,Transitional,0.9640152544296573
2020-07-16,Transitional,0.970593162469433
2020-07-17,Transitional,0.9881750425540278
2020-07-20,Transitional,0.983713514600237
2020-07-21,Transitional,0.9832810523990688
2020-07-22,Transitional,0.8743476946554646
2020-07-23,Transitional,0.8123878736588526
2020-07-24,Transitional,0.7495283381281156
2020-07-27,Transitional,0.7207437330260903
2020-07-28,Transitional,0.7183142452490503
2020-07-29,Transitional,0.7388226503658437
2020-07-30,Transitional,0.7363522805868017
2020-07-31,Transitional,0.6911362953098615
2020-08-03,Transitional,0.6589123723560875
2020-08-04,Transitional,0.5850656697445974
2020-08-05,Stable,0.64615280469306
2020-08-06,Stable,0.796291111565041
2020-08-07,Stable,0.8795242656806634
2020-08-10,Stable,0.9263288486662828
2020-08-11,Stable,0.9507595804491547
2020-08-12,Stable,0.9631351268894927
2020-08-13,Stable,0.9688126313304288
2020-08-14,Stable,0.968813569993338
2020-08-17,Stable,0.9700041985201652
2020-08-18,Stable,0.971518716654534
2020-08-19,Stable,0.967581915643455
2020-08-20,Stable,0.9571709817214752
2020-08-21,Stable,0.9516497631248609
2020-08-24,Stable,0.9393260502367264
2020-08-25,Stable,0.9139737902830455
2020-08-26,Stable,0.8756292993304575
2020-08-27,Stable,0.8134828114412453
2020-08-28,Stable,0.7301310269180169
2020-08-31,Stable,0.5792069309117385
2020-09-01,Stable,0.5656732235888183
2020-09-02,Stable,0.5225423298751526
2020-09-03,Stable,0.5374042317144628
2020-09-04,Stable,0.6203988804003195
2020-09-07,Stable,0.6400770099121075
2020-09-08,Stable,0.6820626745667242
2020-09-09,Stable,0.7673705335462687
2020-09-10,Transitional,0.9313902245036856
2020-09-11,Transitional,0.8816451284332131
2020-09-14,Transitional,0.8557743001505151
2020-09-15,Transitional,0.8421686277492348
2020-09-16,Transitional,0.8490050613412979
2020-09-17,Transitional,0.874029794375964
2020-09-18,Transitional,0.9088635576183502
2020-09-21,Transitional,0.9780769661681931
2020-09-22,Transitional,0.9833947404903661
2020-09-23,Transitional,0.9802293447154278
2020-09-24,Transitional,0.9825985430292982
2020-09-25,Transitional,0.9432522212412318
2020-09-28,Transitional,0.881563292238621
2020-09-29,Stable,0.5987980146125526
2020-09-30,Stable,0.5620181888532411
2020-10-01,Stable,0.7065647370694392
2020-10-05,Stable,0.7822382583658118
2020-10-06,Stable,0.8251054502783098
2020-10-07,Stable,0.8454594912726937
2020-10-08,Stable,0.8513961185780289
2020-10-09,Stable,0.8546022515000983
2020-10-12,Stable,0.8418354542322153
2020-10-13,Stable,0.8162671633201872
2020-10-14,Stable,0.777339273002185
2020-10-15,Stable,0.7382377773243166
2020-10-16,Stable,0.7486730241277866
2020-10-19,Stable,0.7416634952605248
2020-10-20,Stable,0.7280684537150929
2020-10-21,Stable,0.7308274861446931
2020-10-22,Stable,0.7166190427239307
2020-10-23,Stable,0.6871771378885233
2020-10-26,Stable,0.629851921922932
2020-10-27,Stable,0.6272643565700229
2020-10-28,Stable,0.6083409264183105
2020-10-29,Stable,0.5661380121919517
2020-10-30,Stable,0.521870448462595
2020-11-02,Stable,0.5882723968118877
2020-11-03,Stable,0.5542686625980824
2020-11-04,Stable,0.5401275291405372
2020-11-05,Stable,0.5482267186408138
2020-11-06,Stable,0.5349661733033362
2020-11-09,Stable,0.5916981402400888
2020-11-10,Stable,0.710158642436282
2020-11-11,Stable,0.8230791943683111
2020-11-12,Stable,0.8835119355353406
2020-11-13,Stable,0.9167026613395093
2020-11-17,Stable,0.9359289752665281
2020-11-18,Stable,0.9432531180467029
2020-11-19,Stable,0.9419851324369469
2020-11-20,Stable,0.9309710519553386
2020-11-23,Stable,0.9059391849337575
2020-11-24,Stable,0.9365705431879171
2020-11-25,Stable,0.9517218918591267
2020-11-26,Stable,0.9599969388308398
2020-11-27,Stable,0.9620661008968255
2020-12-01,Stable,0.9609594094183608
2020-12-02,Stable,0.9613170704847778
2020-12-03,Stable,0.9630746000425254
2020-12-04,Stable,0.9672355273615755
2020-12-07,Stable,0.9657837648925433
2020-12-08,Stable,0.9579758886025834
2020-12-09,Stable,0.9416558582205192
2020-12-10,Stable,0.912862174492049
2020-12-11,Stable,0.8807241737454448
2020-12-14,Stable,0.8558721284083348
2020-12-15,Stable,0.8130131460298983
2020-12-16,Stable,0.7404285883877971
2020-12-17,Stable,0.6090865743567396
2020-12-18,Stable,0.6054216205055089
2020-12-21,Transitional,0.931456768625214
2020-12-22,Transitional,0.7109206522476015
2020-12-23,Transitional,0.5027347183895721
2020-12-24,Transitional,0.6132711614461518
2020-12-28,Transitional,0.7232611726961458
2020-12-29,Transitional,0.7912854124112019
2020-12-30,Transitional,0.8370932448198413
2020-12-31,Transitional,0.8575730250232602
2021-01-04,Transitional,0.862185590423372
2021-01-05,Transitional,0.8695079140920222
2021-01-06,Transitional,0.8687505558308288
2021-01-07,Transitional,0.8520672443011085
2021-01-08,Transitional,0.8175240382792087
2021-01-11,Transitional,0.7744479082440151
2021-01-12,Transitional,0.7206071278391984
2021-01-13,Transitional,0.6559336682370093
2021-01-14,Transitional,0.5365675938325476
2021-01-15,Transitional,0.59547720746618
2021-01-18,Transitional,0.6413972795815093
2021-01-19,Transitional,0.7037749116807752
2021-01-20,Transitional,0.7430747119058225
2021-01-21,Transitional,0.8237486481917272
2021-01-25,Transitional,0.9661210400629913
2021-01-27,Transitional,0.9815874284137268
2021-01-28,Transitional,0.9837910640225531
2021-01-29,Transitional,0.9875424017896226
2021-02-01,Transitional,0.9862858835431235
2021-02-02,Transitional,0.9687027741423759
2021-02-03,Transitional,0.9263832019297138
2021-02-04,Transitional,0.8811699104157019
2021-02-05,Transitional,0.8425380192156167
2021-02-08,Transitional,0.8277201689338504
2021-02-09,Transitional,0.8173451625244902
2021-02-10,Transitional,0.8292056520527958
2021-02-11,Transitional,0.8680228881178125
2021-02-12,Transitional,0.9158718343820008
2021-02-16,Transitional,0.9668403088172522
2021-02-18,Transitional,0.9910129109738832
2021-02-19,Transitional,0.9895438614674114
2021-02-22,Transitional,0.9921395547664217
2021-02-23,Transitional,0.9916835618782159
2021-02-24,Transitional,0.9898249986425639
2021-02-25,Transitional,0.9942786007532242
2021-02-26,Transitional,0.9929302408856758
2021-03-01,Transitional,0.9537893494313405
2021-03-02,Transitional,0.8884746503287377
2021-03-03,Transitional,0.8534116061141591
2021-03-04,Transitional,0.7963294587280663
2021-03-05,Transitional,0.7547754587994318
2021-03-08,Transitional,0.7373142518411313
2021-03-09,Transitional,0.7326080700664686
2021-03-10,Transitional,0.7194103026602889
2021-03-12,Transitional,0.7279198819386181
2021-03-15,Transitional,0.7636181493555705
2021-03-16,Transitional,0.8408054209238603
2021-03-17,Transitional,0.983419912399978
2021-03-18,Transitional,0.9889454706977646
2021-03-19,Transitional,0.9919176924265698
2021-03-22,Transitional,0.9805880363785533
2021-03-23,Transitional,0.9787650980753817
2021-03-24,Transitional,0.9868160082467015
2021-03-25,Transitional,0.9898508074328137
2021-03-26,Transitional,0.956272415102769
2021-03-30,Transitional,0.9422526965955278
2021-03-31,Transitional,0.937833016232301
2021-04-01,Transitional,0.9326877000335412
2021-04-05,Transitional,0.9228622758037711
2021-04-06,Transitional,0.9028153072460569
2021-04-07,Transitional,0.9012193118575161
2021-04-08,Transitional,0.916145748870437
2021-04-09,Transitional,0.9499319189294722
2021-04-12,Transitional,0.9816375094754866
2021-04-13,Transitional,0.9565779607322452
2021-04-15,Transitional,0.8700951681290807
2021-04-16,Transitional,0.8228160967279435
2021-04-19,Transitional,0.8045849921767487
2021-04-20,Stable,0.5316282042467724
2021-04-22,Stable,0.7173855380956156
2021-04-23,Stable,0.8160134987734224
2021-04-26,Stable,0.881456893141152
2021-04-27,Stable,0.9208289678800522
2021-04-28,Stable,0.9514613789030908
2021-04-29,Stable,0.9688264984802055
2021-04-30,Stable,0.9776758539668476
2021-05-03,Stable,0.9818806531268335
2021-05-04,Stable,0.9831688216654026
2021-05-06,Stable,0.9816974042350861
2021-05-07,Stable,0.9814969561961624
2021-05-10,Stable,0.9783569957473773
2021-05-12,Stable,0.979960939420274
2021-05-14,Stable,0.9786002511769849
2021-05-17,Stable,0.9741578183436717
2021-05-18,Stable,0.9678779255463507
2021-05-19,Stable,0.9712272407320963
2021-05-21,Stable,0.9697391299460587
2021-05-24,Stable,0.9621611127224655
2021-05-26,Stable,0.9552544062206901
2021-05-27,Stable,0.9560511812379011
2021-05-28,Stable,0.9498538332459903
2021-06-01,Stable,0.9452720148399467
2021-06-02,Stable,0.9578718394553569
2021-06-03,Stable,0.9690986468834295
2021-06-04,Stable,0.9739257891189289
2021-06-07,Stable,0.9735587128063804
2021-06-08,Stable,0.9818693099054477
2021-06-09,Stable,0.9857915455278842
2021-06-10,Stable,0.9878610141933969
2021-06-11,Stable,0.9875333727045048
2021-06-14,Stable,0.9848401354693119
2021-06-15,Stable,0.9789903515353956
2021-06-16,Stable,0.9675451949999072
2021-06-17,Stable,0.951714379093794
2021-06-18,Stable,0.9370760973755131
2021-06-21,Stable,0.9486294267033468
2021-06-22,Stable,0.9607879827003332
2021-06-23,Stable,0.9648660257272956
2021-06-24,Stable,0.9668315444099248
2021-06-25,Stable,0.9763346111014874
2021-06-28,Stable,0.9832363156716233
2021-06-29,Stable,0.988190055712968
2021-06-30,Stable,0.9906527355495366
2021-07-01,Stable,0.9917016478636983
2021-07-02,Stable,0.9930839885875729
2021-07-06,Stable,0.9937651188613863
2021-07-07,Stable,0.993725867471938
2021-07-08,Stable,0.993289648445486
2021-07-09,Stable,0.9932160327671353
2021-07-12,Stable,0.9934967177420744
2021-07-13,Stable,0.9933325705880449
2021-07-14,Stable,0.9925900742189235
2021-07-15,Stable,0.9912323291689469
2021-07-16,Stable,0.9895807701152378
2021-07-19,Stable,0.9865707439113642
2021-07-20,Stable,0.9812117018964812
2021-07-22,Stable,0.9788243153175992
2021-07-23,Stable,0.9798751756833053
2021-07-26,Stable,0.97902053552736
2021-07-27,Stable,0.9809247359067339
2021-07-28,Stable,0.9846583287529479
2021-07-29,Stable,0.9872831693738808
2021-07-30,Stable,0.9878762253835826
2021-08-02,Stable,0.9867078967028429
2021-08-03,Stable,0.9895287975970297
2021-08-04,Stable,0.9914740455010264
2021-08-05,Stable,0.9919665243477294
2021-08-06,Stable,0.9911850916435694
2021-08-09,Stable,0.9891045758621283
2021-08-10,Stable,0.9876676884051873
2021-08-11,Stable,0.9866909168849467
2021-08-12,Stable,0.9881417494744057
2021-08-13,Stable,0.9895868612411669
2021-08-16,Stable,0.9892122442303601
2021-08-17,Stable,0.9871742427076748
2021-08-18,Stable,0.983359785129935
2021-08-20,Stable,0.9760748819542345
2021-08-23,Stable,0.9815971470584198
2021-08-24,Stable,0.9834361069025812
2021-08-25,Stable,0.9858528291297635
2021-08-26,Stable,0.9877369286446488
2021-08-27,Stable,0.9876229210180185
2021-08-30,Stable,0.9851565734027562
2021-08-31,Stable,0.986226924149619
2021-09-01,Stable,0.9845471076677674
2021-09-02,Stable,0.9795049817594378
2021-09-03,Stable,0.9696946897761707
2021-09-06,Stable,0.977986196528605
2021-09-07,Stable,0.9812835634632517
2021-09-08,Stable,0.9820373344023345
2021-09-09,Stable,0.9792051462668115
2021-09-13,Stable,0.9728434071708232
2021-09-14,Stable,0.9654600936096226
2021-09-15,Stable,0.9493825461921177
2021-09-16,Stable,0.9366257218297307
2021-09-17,Stable,0.9264945229469883
2021-09-20,Stable,0.9176480015436388
2021-09-21,Stable,0.9113364757674342
2021-09-22,Stable,0.8921526738884623
2021-09-23,Stable,0.8579915234703426
2021-09-24,Stable,0.8406978745252227
2021-09-27,Stable,0.8167471211571492
2021-09-28,Stable,0.7890618877359267
2021-09-29,Stable,0.7860796014850857
2021-09-30,Stable,0.798670334113065
2021-10-01,Stable,0.7928442681902629
2021-10-04,Stable,0.7683241506098265
2021-10-05,Stable,0.7440688433923124
2021-10-06,Stable,0.8172521399763127
2021-10-07,Stable,0.8619688109893135
2021-10-08,Stable,0.8871648796142412
2021-10-11,Stable,0.8960493302801074
2021-10-12,Stable,0.8990442258966861
2021-10-13,Stable,0.8893746829056771
2021-10-14,Stable,0.8799093700172949
2021-10-18,Stable,0.8557211985265332
2021-10-19,Stable,0.8358657133306914
2021-10-20,Stable,0.8310553912738378
2021-10-21,Stable,0.8485898694621986
2021-10-22,Stable,0.8518440750867613
2021-10-25,Stable,0.8397694650113635
2021-10-26,Stable,0.8141592982899759
2021-10-27,Stable,0.7692929135616814
2021-10-28,Stable,0.7089676828567977
2021-10-29,Stable,0.7456035032400155
2021-11-01,Stable,0.8088038628559356
2021-11-02,Stable,0.8562023301234828
2021-11-03,Stable,0.8824234147974012
2021-11-04,Stable,0.8914312390191041
2021-11-08,Stable,0.8871572230797983
2021-11-09,Stable,0.8858874215194372
2021-11-10,Stable,0.8698643162938026
2021-11-11,Stable,0.8325556349063544
2021-11-12,Stable,0.7764522689899139
2021-11-15,Stable,0.7113486884713291
2021-11-16,Stable,0.5855348033702195
2021-11-17,Stable,0.5088388602653869
2021-11-18,Stable,0.6644850865775151
2021-11-22,Transitional,0.9421054384904115
2021-11-23,Transitional,0.9589950517089231
2021-11-24,Transitional,0.966109523479061
2021-11-25,Transitional,0.9855060943770749
2021-11-26,Transitional,0.9906461079938937
2021-11-29,Transitional,0.9297735717036066
2021-11-30,Transitional,0.8555080930134918
2021-12-01,Transitional,0.7898203638883934
2021-12-02,Transitional,0.7395133591170553
2021-12-03,Transitional,0.68047362083827
2021-12-06,Transitional,0.6288664965448036
2021-12-07,Transitional,0.5377522042206563
2021-12-08,Transitional,0.5298940279833168
2021-12-09,Transitional,0.5664485011087032
2021-12-10,Transitional,0.5742220221708414
2021-12-13,Transitional,0.5565332769794605
2021-12-14,Transitional,0.538565153435807
2021-12-15,Transitional,0.5038143818856718
2021-12-16,Transitional,0.5655431754744129
2021-12-17,Transitional,0.6860212592783733
2021-12-20,Transitional,0.7313902576634543
2021-12-21,Stable,0.5775142375939324
2021-12-22,Stable,0.5376144907193807
2021-12-23,Stable,0.622419258944778
2021-12-24,Stable,0.691962182631778
2021-12-27,Stable,0.7743453458124551
2021-12-28,Stable,0.8175446461383178
2021-12-29,Stable,0.8483593111810255
2021-12-30,Stable,0.862086502378099
2021-12-31,Stable,0.8798876905967364
2022-01-03,Stable,0.8842696571759094
2022-01-04,Stable,0.8804165613734403
2022-01-05,Stable,0.9092705024430181
2022-01-06,Stable,0.9233440381734566
2022-01-07,Stable,0.9312428238191196
2022-01-10,Stable,0.9324569529057679
2022-01-11,Stable,0.9244499884099072
2022-01-12,Stable,0.9139086572378204
2022-01-13,Stable,0.9247123858810775
2022-01-14,Stable,0.9330718296694924
2022-01-17,Stable,0.9311666007386139
2022-01-18,Stable,0.9281666581412892
2022-01-19,Stable,0.9183891458037904
2022-01-20,Stable,0.9005957157893127
2022-01-21,Stable,0.8640122081539928
2022-01-24,Stable,0.8192503986386266
2022-01-25,Stable,0.8581632125260968
2022-01-27,Stable,0.8882155547781878
2022-01-28,Stable,0.9081094998830976
2022-01-31,Stable,0.9145831220852825
2022-02-01,Stable,0.9187798422038662
2022-02-02,Stable,0.9144963732723984
2022-02-03,Stable,0.8976585281417823
2022-02-04,Stable,0.8831897914571201
2022-02-07,Stable,0.8507071358633319
2022-02-08,Stable,0.7884296037057174
2022-02-09,Stable,0.7422381567686377
2022-02-10,Stable,0.6509483750854985
2022-02-11,Stable,0.5057901861401104
2022-02-14,Transitional,0.7453779916800053
2022-02-15,Transitional,0.7564883568644981
2022-02-16,Transitional,0.750050184698988
2022-02-17,Transitional,0.766809317287792
2022-02-18,Transitional,0.7850211690912235
2022-02-21,Transitional,0.8122055924606942
2022-02-22,Transitional,0.8232544334001511
2022-02-23,Transitional,0.853356664868342
2022-02-24,Transitional,0.8931046870755027
2022-02-25,Transitional,0.9261916324244076
2022-02-28,Transitional,0.9547742899155778
2022-03-02,Transitional,0.95855778666046
2022-03-03,Transitional,0.9520958184661368
2022-03-04,Transitional,0.9353334551072484
2022-03-07,Transitional,0.8753817686657465
2022-03-08,Transitional,0.8123015880500126
2022-03-09,Transitional,0.7848045715605682
2022-03-10,Transitional,0.7751909963723054
2022-03-11,Transitional,0.7686021968894486
2022-03-14,Transitional,0.7817044969348099
2022-03-15,Transitional,0.815670609739885
2022-03-16,Transitional,0.7994673686280914
2022-03-17,Transitional,0.772483931500774
2022-03-21,Transitional,0.7059677632878545
2022-03-22,Transitional,0.6045609710565312
2022-03-23,Transitional,0.5214034852719127
2022-03-24,Transitional,0.5969899561662412
2022-03-25,Transitional,0.640389046338455
2022-03-28,Transitional,0.654250427672948
2022-03-29,Transitional,0.6466394185357398
2022-03-30,Transitional,0.6182937148085847
2022-03-31,Transitional,0.5556904112722767
2022-04-01,Transitional,0.5618590105784698
2022-04-04,Transitional,0.5854116018004727
2022-04-05,Transitional,0.6104216842309463
2022-04-06,Transitional,0.6505088498456226
2022-04-07,Transitional,0.7077595774253372
2022-04-08,Transitional,0.7282026287941403
2022-04-11,Transitional,0.7333886090886457
2022-04-12,Transitional,0.6645489350222921
2022-04-13,Transitional,0.6214423149484348
2022-04-18,Transitional,0.6081553922357773
2022-04-19,Transitional,0.6153376003198583
2022-04-20,Transitional,0.6515879946949795
2022-04-21,Transitional,0.7177672062853123
2022-04-22,Transitional,0.8089956231879661
2022-04-25,Transitional,0.9541402279626366
2022-04-26,Transitional,0.9713898551869588
2022-04-27,Transitional,0.9681810280251054
2022-04-28,Transitional,0.9637637411733283
2022-04-29,Transitional,0.9565366961641893
2022-05-02,Transitional,0.941809007432688
2022-05-04,Transitional,0.9421438323803886
2022-05-05,Transitional,0.9413594399752493
2022-05-06,Transitional,0.9558426107808728
2022-05-09,Transitional,0.9901042086721498
2022-05-10,Transitional,0.9914019978190408
2022-05-11,Transitional,0.992365058397432
2022-05-12,Transitional,0.9949534939119575
2022-05-13,Transitional,0.9928633817113314
2022-05-16,Transitional,0.99029041735881
2022-05-17,Transitional,0.9916245229059111
2022-05-18,Transitional,0.972709260565641
2022-05-19,Transitional,0.9640183704146819
2022-05-20,Transitional,0.9390771450992914
2022-05-23,Transitional,0.8676468944948929
2022-05-24,Transitional,0.7636874371542322
2022-05-25,Transitional,0.6806234176297097
2022-05-26,Transitional,0.6396409449594496
2022-05-27,Transitional,0.6280166809224095
2022-05-30,Transitional,0.6221315624163705
2022-05-31,Transitional,0.6126102381389023
2022-06-01,Transitional,0.6043766371553329
2022-06-02,Transitional,0.6092755081910675
2022-06-03,Transitional,0.5902148600070268
2022-06-06,Transitional,0.5933020439677285
2022-06-07,Transitional,0.6217232851798358
2022-06-08,Transitional,0.6706012002237466
2022-06-09,Transitional,0.7548421812328044
2022-06-10,Transitional,0.8667495368775564
2022-06-13,Transitional,0.911207546867759
2022-06-14,Transitional,0.9228618813081161
2022-06-15,Transitional,0.9485010390263127
2022-06-16,Transitional,0.9738721386845506
2022-06-17,Transitional,0.9791219421711386
2022-06-20,Transitional,0.9895271919705165
2022-06-21,Transitional,0.9928620688617953
2022-06-22,Transitional,0.9890529849160998
2022-06-23,Transitional,0.9612707916929378
2022-06-24,Transitional,0.9483048481289853
2022-06-27,Transitional,0.9404008629005003
2022-06-28,Transitional,0.9440080911961615
2022-06-29,Transitional,0.9585991379815415
2022-06-30,Transitional,0.9646177270932683
2022-07-01,Transitional,0.983611713984324
2022-07-04,Stable,0.7374348565574825
2022-07-05,Stable,0.5986515568957331
2022-07-06,Stable,0.5224009774077192
2022-07-07,Stable,0.5258117271609556
2022-07-08,Stable,0.5419385578879994
2022-07-11,Stable,0.5417746668722769
2022-07-12,Stable,0.6524100435238277
2022-07-13,Stable,0.7089870965158344
2022-07-14,Stable,0.802340493415268
2022-07-15,Stable,0.8657378366835793
2022-07-18,Stable,0.898754584672091
2022-07-19,Stable,0.9265578806733831
2022-07-20,Stable,0.9392960347540364
2022-07-21,Stable,0.9457033457596441
2022-07-22,Stable,0.943635106750502
2022-07-25,Stable,0.9346452804782294
2022-07-26,Stable,0.927096078376296
2022-07-27,Stable,0.9097022146225174
2022-07-28,Stable,0.8734533702224779
2022-07-29,Stable,0.8232267432309647
2022-08-01,Stable,0.7928195374310173
2022-08-02,Stable,0.8390441292636855
2022-08-03,Stable,0.8716251734227601
2022-08-04,Stable,0.8847902849340177
2022-08-05,Stable,0.8960298956431441
2022-08-08,Stable,0.9217206103286403
2022-08-10,Stable,0.9417916374247036
2022-08-11,Stable,0.951469852044441
2022-08-12,Stable,0.9528261837813811
2022-08-16,Stable,0.9655853665098035
2022-08-17,Stable,0.9755088206613827
2022-08-18,Stable,0.9801356689303032
2022-08-19,Stable,0.9806641250761463
2022-08-22,Stable,0.9800170968604082
2022-08-23,Stable,0.9802174287930647
2022-08-24,Stable,0.9789127586221817
2022-08-25,Stable,0.9730941392095787
2022-08-26,Stable,0.9613570426754432
2022-08-29,Stable,0.9415411379606193
2022-08-30,Stable,0.9129136297549799
2022-09-01,Stable,0.9040849170389601
2022-09-02,Stable,0.9254327489104038
2022-09-05,Stable,0.9415448389312941
2022-09-06,Stable,0.9482171830143572
2022-09-07,Stable,0.95442017132021
2022-09-08,Stable,0.9568476206595873
2022-09-09,Stable,0.9517446341137509
2022-09-12,Stable,0.9394231100788522
2022-09-13,Stable,0.9191155961111791
2022-09-14,Stable,0.8789066065903923
2022-09-15,Stable,0.8103947874638585
2022-09-16,Stable,0.6966980337079448
2022-09-19,Stable,0.6356183773252092
2022-09-20,Stable,0.5372304255986713
2022-09-21,Stable,0.6431036816754798
2022-09-22,Stable,0.7585938622179632
2022-09-23,Transitional,0.9564770898461283
2022-09-26,Transitional,0.9744076834246599
2022-09-27,Transitional,0.9339062133829877
2022-09-28,Transitional,0.9154574969602873
2022-09-29,Transitional,0.8805761013526846
2022-09-30,Transitional,0.8567484759634366
2022-10-03,Transitional,0.8059895826352893
2022-10-04,Transitional,0.721990086902958
2022-10-06,Stable,0.5493095762594518
2022-10-07,Stable,0.5452286491339133
2022-10-10,Stable,0.5910786630620134
2022-10-11,Stable,0.6330786783388949
2022-10-12,Stable,0.7202014844614364
2022-10-13,Stable,0.7769357274071782
2022-10-14,Stable,0.8115467247759303
2022-10-17,Stable,0.8442045689467484
2022-10-18,Stable,0.8807104709284921
2022-10-19,Stable,0.9123875150785621
2022-10-20,Stable,0.928467253012212
2022-10-21,Stable,0.9451036336066364
2022-10-24,Stable,0.9566711951077643
2022-10-25,Stable,0.9607202805380705
2022-10-27,Stable,0.9666329026114723
2022-10-28,Stable,0.9731042137054565
2022-10-31,Stable,0.9813992323622519
2022-11-01,Stable,0.9860530907885329
2022-11-02,Stable,0.9891808314267891
2022-11-03,Stable,0.9901816313094441
2022-11-04,Stable,0.9911478577324165
2022-11-07,Stable,0.9908187116784576
2022-11-09,Stable,0.9898547592236366
2022-11-10,Stable,0.98900747578167
2022-11-11,Stable,0.9897075833215012
2022-11-14,Stable,0.9901292660870317
2022-11-15,Stable,0.9896474385089897
2022-11-16,Stable,0.9874373304117946
2022-11-17,Stable,0.9867537401554306
2022-11-18,Stable,0.9860990009561872
2022-11-21,Stable,0.9837716239947711
2022-11-22,Stable,0.9871794808075394
2022-11-23,Stable,0.9889797460918905
2022-11-24,Stable,0.9886878395978587
2022-11-25,Stable,0.9878447663998758
2022-11-28,Stable,0.9849081863581046
2022-11-29,Stable,0.9838313474934078
2022-11-30,Stable,0.9793105353979425
2022-12-01,Stable,0.9813174818593007
2022-12-02,Stable,0.9824428137031648
2022-12-05,Stable,0.9824909101273566
2022-12-06,Stable,0.9802675602515879
2022-12-07,Stable,0.973681290733896
2022-12-08,Stable,0.9709327380128673
2022-12-09,Stable,0.9633259662407185
2022-12-12,Stable,0.9578161990406586
2022-12-13,Stable,0.9434233895210354
2022-12-14,Stable,0.9143178311823397
2022-12-15,Stable,0.8626849279964055
2022-12-16,Stable,0.7868083947418391
2022-12-19,Stable,0.6826394930961606
2022-12-20,Stable,0.5335952781446257
2022-12-21,Transitional,0.7434879951255229
2022-12-22,Transitional,0.8505339468769708
2022-12-23,Transitional,0.9727123773688566
2022-12-27,Transitional,0.9471836736083883
2022-12-28,Stable,0.5624809481855579
2022-12-29,Stable,0.6482565557915002
2022-12-30,Stable,0.7661636329139154
2023-01-02,Stable,0.8284389691782597
2023-01-03,Stable,0.8617467716108168
2023-01-04,Stable,0.8757353731469075
2023-01-05,Stable,0.9105885391182615
2023-01-06,Stable,0.9274318040224305
2023-01-09,Stable,0.9323413563632919
2023-01-10,Stable,0.9449170975008307
2023-01-11,Stable,0.9493067761169702
2023-01-12,Stable,0.9525382140829866
2023-01-13,Stable,0.9529820494676339
2023-01-16,Stable,0.9466091096737856
2023-01-17,Stable,0.9313968558369669
2023-01-18,Stable,0.911765740748012
2023-01-19,Stable,0.8746774304442222
2023-01-20,Stable,0.8132925271728553
2023-01-23,Stable,0.6997213950027101
2023-01-24,Stable,0.5012793844000671
2023-01-25,Transitional,0.7776878228436285
2023-01-27,Transitional,0.8407659125226834
2023-01-30,Transitional,0.8964023023391852
2023-01-31,Transitional,0.919458440028874
2023-02-01,Transitional,0.9058053228342992
2023-02-02,Transitional,0.8697490278941665
2023-02-03,Stable,0.6403469245170571
2023-02-06,Stable,0.578166530745643
2023-02-07,Stable,0.7379844506153501
2023-02-08,Stable,0.8357819617518845
2023-02-09,Stable,0.8946701726594071
2023-02-10,Stable,0.9281952880656102
2023-02-13,Stable,0.9547419630833789
2023-02-14,Stable,0.9701858162227689
2023-02-15,Stable,0.9777112221433923
2023-02-16,Stable,0.9803120963936596
2023-02-17,Stable,0.9790348825543355
2023-02-20,Stable,0.9732548392762175
2023-02-21,Stable,0.9692519179399149
2023-02-22,Stable,0.9586822656146986
2023-02-23,Stable,0.96859370527334
2023-02-24,Stable,0.9746733028101888
2023-02-27,Stable,0.9765851326988076
2023-02-28,Stable,0.9746702523546992
2023-03-01,Stable,0.9748644893950399
2023-03-02,Stable,0.9724819743945642
2023-03-03,Stable,0.9642336481625577
2023-03-06,Stable,0.9624203912269921
2023-03-08,Stable,0.9718895537600682
2023-03-09,Stable,0.9772544059771419
2023-03-10,Stable,0.9835420387274872
2023-03-13,Stable,0.9860712905329023
2023-03-14,Stable,0.9880725806985021
2023-03-15,Stable,0.990469795516602
2023-03-16,Stable,0.9912582790871315
2023-03-17,Stable,0.9925176019810459
2023-03-20,Stable,0.9926452248336783
2023-03-21,Stable,0.9924454832451826
2023-03-22,Stable,0.9925362376481461
2023-03-23,Stable,0.9915083927129544
2023-03-24,Stable,0.98916298905042
2023-03-27,Stable,0.9887897867518657
2023-03-28,Stable,0.9876241813955833
2023-03-29,Stable,0.9860131114298205
2023-03-31,Stable,0.9816257206749669
2023-04-03,Stable,0.9867716421926829
2023-04-05,Stable,0.9891102057136975
2023-04-06,Stable,0.990606097381027
2023-04-10,Stable,0.990651928791352
2023-04-11,Stable,0.9913576849107741
2023-04-12,Stable,0.9926118719950734
2023-04-13,Stable,0.9933641605298619
2023-04-17,Stable,0.9934574954204791
2023-04-18,Stable,0.9932331415919997
2023-04-19,Stable,0.993997573976798
2023-04-20,Stable,0.9945573405426923
2023-04-21,Stable,0.994688765769802
2023-04-24,Stable,0.9945187186316478
2023-04-25,Stable,0.9939124845662176
2023-04-26,Stable,0.9934393235537401
2023-04-27,Stable,0.9923270783675259
2023-04-28,Stable,0.9899743861642911
2023-05-02,Stable,0.9891713206862162
2023-05-03,Stable,0.9903983144263528
2023-05-04,Stable,0.99187727633242
2023-05-05,Stable,0.9924563614519463
2023-05-08,Stable,0.9928813486064653
2023-05-09,Stable,0.9931603939618194
2023-05-10,Stable,0.9928069375300015
2023-05-11,Stable,0.9921126202600118
2023-05-12,Stable,0.990109862682744
2023-05-15,Stable,0.9918361878799381
2023-05-16,Stable,0.9923148506603379
2023-05-17,Stable,0.99179288628349
2023-05-18,Stable,0.9914531960702749
2023-05-19,Stable,0.9930279765612822
2023-05-22,Stable,0.9936117978804987
2023-05-23,Stable,0.9941578316157388
2023-05-24,Stable,0.9944098276042257
2023-05-25,Stable,0.9941714708173585
2023-05-26,Stable,0.9935067328546184
2023-05-29,Stable,0.9926530547907606
2023-05-30,Stable,0.9906766225892933
2023-05-31,Stable,0.9872550850150412
2023-06-01,Stable,0.9904494548132826
2023-06-02,Stable,0.9922653208444738
2023-06-05,Stable,0.9931971986451823
2023-06-06,Stable,0.9934337850648296
2023-06-07,Stable,0.993150762636889
2023-06-08,Stable,0.993985374712389
2023-06-09,Stable,0.9942420167212193
2023-06-12,Stable,0.994309969748741
2023-06-13,Stable,0.9939581610602645
2023-06-14,Stable,0.9932278053512726
2023-06-15,Stable,0.99320165743746
2023-06-16,Stable,0.9923966662032344
2023-06-19,Stable,0.990486728146713
2023-06-20,Stable,0.9898242213013224
2023-06-21,Stable,0.9874813336687002
2023-06-22,Stable,0.9839208841212297
2023-06-23,Stable,0.9831259381744629
2023-06-26,Stable,0.9859516691615801
2023-06-27,Stable,0.9873737679801917
2023-06-28,Stable,0.9863113516928749
2023-06-30,Stable,0.9855663486696938
2023-07-03,Stable,0.9823709556713568
2023-07-04,Stable,0.9807244543193728
2023-07-05,Stable,0.9761880803056002
2023-07-06,Stable,0.9659628452452595
2023-07-07,Stable,0.9715803471587585
2023-07-10,Stable,0.9785414060713357
2023-07-11,Stable,0.9816585685664588
2023-07-12,Stable,0.9829400492830564
2023-07-13,Stable,0.9810804114598101
2023-07-14,Stable,0.986688843352292
2023-07-17,Stable,0.9893322457963005
2023-07-18,Stable,0.9908356522578375
2023-07-19,Stable,0.9907914361909039
2023-07-20,Stable,0.9902771047623865
2023-07-21,Stable,0.988785521416142
2023-07-24,Stable,0.9873268976489905
2023-07-25,Stable,0.9843689037257243
2023-07-26,Stable,0.9827606843138228
2023-07-27,Stable,0.9791545129261671
2023-07-28,Stable,0.9752436007689799
2023-07-31,Stable,0.9721988856148908
2023-08-01,Stable,0.9737489002944861
2023-08-02,Stable,0.9712790090167606
2023-08-03,Stable,0.9806801204194184
2023-08-04,Stable,0.9872471928270334
2023-08-07,Stable,0.9906113814889355
2023-08-08,Stable,0.9921633625690603
2023-08-09,Stable,0.9932833997085556
2023-08-10,Stable,0.9938947112502654
2023-08-11,Stable,0.9938832807762902
2023-08-14,Stable,0.9935821790214221
2023-08-16,Stable,0.9925588837276647
2023-08-17,Stable,0.9908813428598838
2023-08-18,Stable,0.9921632956783778
2023-08-21,Stable,0.9922184643857129
2023-08-22,Stable,0.9915388145844618
2023-08-23,Stable,0.9893782669901373
2023-08-24,Stable,0.9870591556235551
2023-08-25,Stable,0.9853777049988539
2023-08-28,Stable,0.983973275506914
2023-08-29,Stable,0.9790777212329199
2023-08-30,Stable,0.9686958058612071
2023-08-31,Stable,0.9516324356607903
2023-09-01,Stable,0.933548970699133
2023-09-04,Stable,0.9435623662407081
2023-09-05,Stable,0.9505388809545023
2023-09-06,Stable,0.9494458011512914
2023-09-07,Stable,0.9395456209844046
2023-09-08,Stable,0.9221972797056592
2023-09-11,Stable,0.9050369485900728
2023-09-12,Stable,0.8784453541584447
2023-09-13,Stable,0.923010937891732
2023-09-14,Stable,0.9524570829395337
2023-09-15,Stable,0.968533787176262
2023-09-18,Stable,0.9777186426856058
2023-09-20,Stable,0.9828228343419204
2023-09-21,Stable,0.9853795516478819
2023-09-22,Stable,0.9885268451322042
2023-09-25,Stable,0.9907532061074528
2023-09-26,Stable,0.9913875029659641
2023-09-27,Stable,0.9905952354348083
2023-09-28,Stable,0.9881146039958816
2023-09-29,Stable,0.9855082701280503
2023-10-03,Stable,0.9820022093011248
2023-10-04,Stable,0.9839139242396339
2023-10-05,Stable,0.987057905985659
2023-10-06,Stable,0.9880666198216672
2023-10-09,Stable,0.9867558652590752
2023-10-10,Stable,0.9877143927115163
2023-10-11,Stable,0.9888093694600598
2023-10-12,Stable,0.9895757291966427
2023-10-13,Stable,0.9890424766249244
2023-10-16,Stable,0.9863816767576524
2023-10-17,Stable,0.9804764765097657
2023-10-18,Stable,0.9721338000893031
2023-10-19,Stable,0.9651331103312982
2023-10-20,Stable,0.9543246081530397
2023-10-23,Stable,0.936706091748221
2023-10-25,Stable,0.9433817766765317
2023-10-26,Stable,0.9440565514027255
2023-10-27,Stable,0.9474926382458411
2023-10-30,Stable,0.9616933067240074
2023-10-31,Stable,0.9739453030642815
2023-11-01,Stable,0.9804034493340716
2023-11-02,Stable,0.9839915367904473
2023-11-03,Stable,0.9870932339130211
2023-11-06,Stable,0.9877911802771655
2023-11-07,Stable,0.9905886707076595
2023-11-08,Stable,0.9915880974075855
2023-11-09,Stable,0.9913284266337913
2023-11-10,Stable,0.9903103363984999
2023-11-13,Stable,0.9883033533798127
2023-11-15,Stable,0.9873014753039994
2023-11-16,Stable,0.986179026003815
2023-11-17,Stable,0.9821746227106238
2023-11-20,Stable,0.9759998749878044
2023-11-21,Stable,0.963864705554498
2023-11-22,Stable,0.9404525838184217
2023-11-23,Stable,0.8981649417622356
2023-11-24,Stable,0.8190941729577739
2023-11-28,Stable,0.6763788976621233
2023-11-29,Stable,0.6437859769620702
2023-11-30,Stable,0.5719442715852903
2023-12-01,Stable,0.5632954563215276
2023-12-04,Stable,0.7762251871394895
2023-12-05,Stable,0.8187441126177027
2023-12-06,Stable,0.7406094720007366
2023-12-07,Stable,0.6559679182544793
2023-12-08,Stable,0.5905229124824398
2023-12-11,Stable,0.5372835599809967
2023-12-12,Stable,0.5175170249387913
2023-12-13,Stable,0.5127517863907055
2023-12-14,Stable,0.5186743801357627
2023-12-15,Stable,0.5047304129464828
2023-12-18,Stable,0.5051929214651006
2023-12-19,Stable,0.5426835021840807
2023-12-20,Stable,0.5755770880723068
2023-12-21,Stable,0.5329157575246012
2023-12-22,Stable,0.6828310681546803
2023-12-26,Stable,0.7614175082466677
2023-12-27,Stable,0.8298865843952011
2023-12-28,Stable,0.8655633058428726
2023-12-29,Stable,0.9056145516782065
2024-01-02,Stable,0.9362730389198071
2024-01-03,Stable,0.9535542422925326
2024-01-04,Stable,0.960730218562912
2024-01-05,Stable,0.9664598613391058
2024-01-08,Stable,0.9659228038377077
2024-01-09,Stable,0.9599016102721415
2024-01-10,Stable,0.9450058762307301
2024-01-11,Stable,0.9153134627725463
2024-01-12,Stable,0.8818132534295692
2024-01-15,Stable,0.8200940087526952
2024-01-16,Stable,0.752746896577286
2024-01-17,Stable,0.6622289653410082
2024-01-18,Stable,0.5584621811470679
2024-01-19,Stable,0.5763416873253486
2024-01-23,Transitional,0.7558495195572084
2024-01-24,Transitional,0.8184171449792588
2024-01-25,Transitional,0.8677029426036552
2024-01-29,Transitional,0.9372845255820906
2024-01-30,Transitional,0.9649739863580352
2024-01-31,Transitional,0.9620839401463297
2024-02-01,Transitional,0.9584583448672221
2024-02-02,Transitional,0.963350447905913
2024-02-05,Transitional,0.8995047922903324
2024-02-06,Transitional,0.8571403440486951
2024-02-07,Transitional,0.8397403231592068
2024-02-08,Transitional,0.8424654150996176
2024-02-09,Transitional,0.8586978838432718
2024-02-12,Transitional,0.8860703441220643
2024-02-13,Transitional,0.8591326861870078
2024-02-14,Transitional,0.8508135292157745
2024-02-15,Transitional,0.8099926534725318
2024-02-16,Transitional,0.7552031058666199
2024-02-20,Transitional,0.7219123824725199
2024-02-21,Transitional,0.7128928457503261
2024-02-22,Transitional,0.6746983200053103
2024-02-23,Transitional,0.6608526822432556
2024-02-26,Transitional,0.6717723715501566
2024-02-27,Transitional,0.7111606865564941
2024-02-28,Transitional,0.7894466780042145
2024-02-29,Transitional,0.7877648421506835
2024-03-01,Transitional,0.8093226733083222
2024-03-04,Transitional,0.8018185602219133
2024-03-05,Transitional,0.7792001644764067
2024-03-06,Transitional,0.7799157126298195
2024-03-07,Transitional,0.798135677892919
2024-03-11,Transitional,0.838855001592312
2024-03-12,Transitional,0.874202097138856
2024-03-13,Transitional,0.9065984061238861
2024-03-14,Transitional,0.91080497612413
2024-03-15,Transitional,0.8433459201979814
2024-03-18,Transitional,0.7017552105779667
2024-03-19,Transitional,0.6199478779105607
2024-03-20,Transitional,0.5270746429654164
2024-03-21,Transitional,0.6309659032926492
2024-03-22,Stable,0.7895858985728735
2024-03-26,Stable,0.8740932757580433
2024-03-27,Stable,0.9191124660991488
2024-03-28,Stable,0.9448535385332347
2024-04-01,Stable,0.9607404959877709
2024-04-02,Stable,0.97440926037931
2024-04-03,Stable,0.9815940371679248
2024-04-04,Stable,0.9845603629197226
2024-04-05,Stable,0.9859127658426671
2024-04-08,Stable,0.9850410515161335
2024-04-09,Stable,0.9855266573948579
2024-04-10,Stable,0.9858126036352217
2024-04-12,Stable,0.9861385535871575
2024-04-15,Stable,0.9881985859947512
2024-04-16,Stable,0.9888505733344808
2024-04-18,Stable,0.9873676746911972
2024-04-19,Stable,0.9875682279014172
2024-04-22,Stable,0.9854467432618806
2024-04-23,Stable,0.9805172520903634
2024-04-24,Stable,0.9718986011646913
2024-04-25,Stable,0.9550199361541696
2024-04-26,Stable,0.9326423320190721
2024-04-29,Stable,0.8907146978036692
2024-04-30,Stable,0.828050293553916
2024-05-02,Stable,0.7108591644613805
2024-05-03,Stable,0.5466732076071068
2024-05-06,Stable,0.69879223179605
2024-05-07,Stable,0.8188987365898032
2024-05-08,Stable,0.8438270065602238
2024-05-09,Stable,0.8682733035021947
2024-05-10,Stable,0.7363026706275698
2024-05-13,Stable,0.581896573089122
2024-05-14,Stable,0.5187046276167425
2024-05-15,Stable,0.6336646009913005
2024-05-16,Stable,0.719200940668897
2024-05-17,Stable,0.7615178508267669
2024-05-21,Stable,0.7791682896815163
2024-05-22,Stable,0.8057523577060599
2024-05-23,Stable,0.8173342429176123
2024-05-24,Stable,0.8122001341207108
2024-05-27,Stable,0.7861947723377214
2024-05-28,Stable,0.7494157465887764
2024-05-29,Stable,0.7149650868206874
2024-05-30,Stable,0.6265308941351748
2024-05-31,Stable,0.525071965023879
2024-06-03,Volatile,0.9991881598468578
2024-06-04,Volatile,0.9999999999581632
2024-06-05,Transitional,0.5639697228029256
2024-06-06,Transitional,0.7722918917258825
2024-06-07,Transitional,0.8158685383464752
2024-06-10,Stable,0.5323534212317513
2024-06-11,Stable,0.6624939589256469
2024-06-12,Stable,0.7741431585488855
2024-06-13,Stable,0.8468092317325439
2024-06-14,Stable,0.8858190265812782
2024-06-18,Stable,0.903639712588739
2024-06-19,Stable,0.9093325634530881
2024-06-20,Stable,0.9397915985077486
2024-06-21,Stable,0.9550751628246182
2024-06-24,Stable,0.9668873669183267
2024-06-25,Stable,0.9715279016330032
2024-06-26,Stable,0.9732698391553727
2024-06-27,Stable,0.9772352189740717
2024-06-28,Stable,0.9819740409119577
2024-07-01,Stable,0.9860815404821213
2024-07-02,Stable,0.9891077131189099
2024-07-03,Stable,0.9900184356153028
2024-07-04,Stable,0.9891031875168067
2024-07-05,Stable,0.9859950744033289
2024-07-08,Stable,0.9874739342353089
2024-07-09,Stable,0.9865168520422668
2024-07-10,Stable,0.9830297595526176
2024-07-11,Stable,0.9753220689997193
2024-07-12,Stable,0.9602605849923579
2024-07-15,Stable,0.9317286750626904
2024-07-16,Stable,0.8926715968677643
2024-07-18,Stable,0.8237793931193441
2024-07-19,Stable,0.6943158127536638
2024-07-22,Stable,0.7198135517890336
2024-07-23,Stable,0.7251647349270037
2024-07-24,Stable,0.7163984565093676
2024-07-25,Stable,0.7003086997291641
2024-07-26,Stable,0.6772244862057734
2024-07-29,Stable,0.6394197709700057
2024-07-30,Stable,0.5612368282387111
2024-07-31,Stable,0.5495851678805312
2024-08-01,Transitional,0.758367222753775
2024-08-02,Transitional,0.8799046498266658
2024-08-05,Transitional,0.9689192105724342
2024-08-06,Transitional,0.900135207866675
2024-08-07,Transitional,0.85910967441128
2024-08-08,Transitional,0.7572862278953606
2024-08-09,Stable,0.5607678424952748
2024-08-12,Stable,0.5959512329820885
2024-08-13,Stable,0.7083730006213911
2024-08-14,Stable,0.7960417394329918
2024-08-16,Stable,0.8566372311543796
2024-08-19,Stable,0.9005546935244872
2024-08-20,Stable,0.9402465163356307
2024-08-21,Stable,0.961621279162109
2024-08-22,Stable,0.9722687629878125
2024-08-23,Stable,0.9800543289958481
2024-08-26,Stable,0.9832389714654393
2024-08-27,Stable,0.9858375727668143
2024-08-28,Stable,0.9879754178536979
2024-08-29,Stable,0.9885513606175163
2024-08-30,Stable,0.9874891619019335
2024-09-02,Stable,0.9837929012469541
2024-09-03,Stable,0.9760646766813573
2024-09-04,Stable,0.9666853702537133
2024-09-05,Stable,0.9524106564364785
2024-09-06,Stable,0.9350025354178974
2024-09-09,Stable,0.9346188605901659
2024-09-10,Stable,0.9302640471331173
2024-09-11,Stable,0.9172106830892034
2024-09-12,Stable,0.9167255843729022
2024-09-13,Stable,0.9372206348550076
2024-09-16,Stable,0.9511141952512621
2024-09-17,Stable,0.9580559319048567
2024-09-18,Stable,0.9574707454591687
2024-09-19,Stable,0.954601540571362
2024-09-20,Stable,0.9436387621527755
2024-09-23,Stable,0.9307389477835355
2024-09-24,Stable,0.9147449221615382
2024-09-25,Stable,0.8856151243668202
2024-09-26,Stable,0.8367982979318472
2024-09-27,Stable,0.7432772213435056
2024-09-30,Stable,0.5977068209562955
2024-10-01,Stable,0.5325182644995763
2024-10-03,Stable,0.709569954461255
2024-10-04,Stable,0.7108370188171169
2024-10-07,Stable,0.7116478467582223
2024-10-08,Stable,0.5760882221775192
2024-10-09,Stable,0.5826321676476273
2024-10-10,Stable,0.7062305449961435
2024-10-11,Stable,0.7704382711316526
2024-10-14,Stable,0.8011383758738752
2024-10-15,Stable,0.8101383694181437
2024-10-16,Stable,0.8087003996567813
2024-10-17,Stable,0.7879763204539465
2024-10-18,Stable,0.7579652451601315
2024-10-21,Stable,0.6966486160051388
2024-10-22,Stable,0.5999213312943473
2024-10-23,Stable,0.6108474808787998
2024-10-24,Stable,0.6044232645764894
2024-10-25,Stable,0.5705207973797525
2024-10-28,Stable,0.6058781432810133
2024-10-29,Stable,0.6133352045233442
2024-10-30,Stable,0.5984972607599581
2024-10-31,Stable,0.5557107206784567
2024-11-01,Stable,0.532378408387491
2024-11-04,Stable,0.6776553878894048
2024-11-05,Stable,0.6700593670606236
2024-11-06,Stable,0.6809886674669469
2024-11-07,Stable,0.6871311213574208
2024-11-08,Stable,0.6795908524474862
2024-11-11,Stable,0.6538710907080447
2024-11-12,Stable,0.649607184548068
2024-11-13,Stable,0.6320854700425288
2024-11-14,Stable,0.5884487147644982
2024-11-18,Stable,0.5737848199086728
2024-11-19,Stable,0.5706596585170589
2024-11-21,Stable,0.5869419004810918
2024-11-22,Stable,0.534966564517988
2024-11-25,Stable,0.5747863643861036
2024-11-26,Stable,0.6688097989691736
2024-11-27,Stable,0.7391656396236189
2024-11-28,Stable,0.8083278253405983
2024-11-29,Stable,0.8597426915994602
2024-12-02,Stable,0.9067696994946962
2024-12-03,Stable,0.9305675992626767
2024-12-04,Stable,0.9482293041614474
2024-12-05,Stable,0.9617690475652152
2024-12-06,Stable,0.9671988984176266
2024-12-09,Stable,0.9669385044495046
2024-12-10,Stable,0.9625324381321408
2024-12-11,Stable,0.955149041949322
2024-12-12,Stable,0.9407953242296183
2024-12-13,Stable,0.9223727471641515
2024-12-16,Stable,0.8860637550667546
2024-12-17,Stable,0.8326206559498005
2024-12-18,Stable,0.8102330174061062
2024-12-19,Stable,0.7895542181601141
2024-12-20,Stable,0.7667338352134012
2024-12-23,Stable,0.7905621007520655
2024-12-24,Stable,0.7965129836666796
2024-12-26,Stable,0.7851774960181275
2024-12-27,Stable,0.7501279736383007
2024-12-30,Stable,0.685635306636956
2024-12-31,Stable,0.5877089967203655
2025-01-02,Stable,0.5549451573498668
2025-01-03,Stable,0.6978384613034794
2025-01-06,Transitional,0.9581549966232727
2025-01-07,Transitional,0.9623866432340367
2025-01-08,Transitional,0.9691469071360361
2025-01-09,Transitional,0.9879499314519814
2025-01-10,Transitional,0.992734155870206
2025-01-13,Transitional,0.9928717126497478
2025-01-14,Transitional,0.9915757497413884
2025-01-15,Transitional,0.9704223348740734
2025-01-16,Transitional,0.9611129675964676
2025-01-17,Transitional,0.9568458905753733
2025-01-20,Transitional,0.9597102049047083
2025-01-21,Transitional,0.9742636046935185
2025-01-22,Transitional,0.9768102738478587
2025-01-23,Transitional,0.9774684530143388
2025-01-24,Transitional,0.989113023350278
2025-01-27,Transitional,0.9938016248846789
2025-01-28,Transitional,0.9910254523219427
2025-01-29,Transitional,0.9873411711567409
2025-01-30,Transitional,0.9802656120478507
2025-01-31,Transitional,0.9650876001441769
2025-02-03,Transitional,0.9421296061635521
2025-02-04,Transitional,0.9671120872511275
2025-02-05,Transitional,0.9713605367237587
2025-02-06,Transitional,0.96896528243155
2025-02-07,Transitional,0.9684622048819861
2025-02-10,Transitional,0.9738289511237824
2025-02-11,Transitional,0.9623382407995547
2025-02-12,Transitional,0.9105840795998229
2025-02-13,Transitional,0.8837354786926207
2025-02-14,Transitional,0.8776113930017352
2025-02-17,Transitional,0.796420107700658
2025-02-18,Transitional,0.7563475282580558
2025-02-19,Transitional,0.7448072227637825
2025-02-20,Transitional,0.7458484363722783
2025-02-21,Transitional,0.7353732889904655
2025-02-24,Transitional,0.7414045058754724
2025-02-25,Transitional,0.7485186436217413
2025-02-27,Transitional,0.7693383147795139
2025-02-28,Transitional,0.789439954068885
2025-03-03,Transitional,0.7637126831497735
2025-03-04,Transitional,0.7622552059889899
2025-03-05,Transitional,0.7804436020498446
2025-03-06,Transitional,0.714302089489496
2025-03-07,Transitional,0.5859911387870789
2025-03-10,Transitional,0.5214403808579828
2025-03-11,Transitional,0.5896661666291052
2025-03-12,Transitional,0.6477941485924108
2025-03-13,Transitional,0.6717706757247172
2025-03-17,Transitional,0.6732068214773218
2025-03-18,Transitional,0.6525410817417163
2025-03-19,Transitional,0.6374668099407081
2025-03-20,Transitional,0.6355545585970249
2025-03-21,Transitional,0.6143544477462036
2025-03-24,Transitional,0.5915401259247011
2025-03-25,Transitional,0.5667844622907288
2025-03-26,Transitional,0.5538984017678839
2025-03-27,Transitional,0.533187590564779
2025-03-28,Transitional,0.510363298143592
2025-04-01,Transitional,0.5404966600344381
2025-04-02,Transitional,0.6077865779539634
2025-04-03,Transitional,0.7352946783468072
2025-04-04,Transitional,0.9739650760783709
2025-04-07,Transitional,0.9831218618577275
2025-04-08,Transitional,0.9856857543956132
2025-04-09,Transitional,0.985891322905313
2025-04-11,Transitional,0.9876151656506069
2025-04-15,Transitional,0.9767308949201677
2025-04-16,Transitional,0.9516756012386604
2025-04-17,Transitional,0.9381431678650537
2025-04-21,Transitional,0.9352127998348494
2025-04-22,Transitional,0.8988902010002205
2025-04-23,Transitional,0.8831180645276228
2025-04-24,Transitional,0.8846307741625887
2025-04-25,Transitional,0.9056879599499079
2025-04-28,Transitional,0.8889579110962714
2025-04-29,Transitional,0.8673149204733676
2025-04-30,Transitional,0.864415689061048
2025-05-02,Transitional,0.8755103273901459
2025-05-05,Transitional,0.9074114891808641
2025-05-06,Transitional,0.9494165473610863
2025-05-07,Transitional,0.9487356085126278
2025-05-08,Transitional,0.9593629408314511
2025-05-09,Transitional,0.9645182900771208
2025-05-12,Transitional,0.9781421907071729
2025-05-13,Stable,0.6858214719778752
2025-05-14,Stable,0.5061139531548449
2025-05-15,Stable,0.6870884114097469
2025-05-16,Stable,0.8043405243806703
2025-05-19,Stable,0.8778583862648504
2025-05-20,Stable,0.9164868496278186
2025-05-21,Stable,0.9453971116041636
2025-05-22,Stable,0.961115956535554
2025-05-23,Stable,0.9747974179152415
2025-05-26,Stable,0.9833932889642757
2025-05-27,Stable,0.9885756104716139
2025-05-28,Stable,0.9912343380977433
2025-05-29,Stable,0.9923641573362871
2025-05-30,Stable,0.9923362677381719
2025-06-02,Stable,0.9918456159898134
2025-06-03,Stable,0.9899910981081703
2025-06-04,Stable,0.991329647316139
2025-06-05,Stable,0.9914908228277433
2025-06-06,Stable,0.9902278778025159
2025-06-09,Stable,0.9870401239170006
2025-06-10,Stable,0.9847318847012856
2025-06-11,Stable,0.9791780917191562
2025-06-12,Stable,0.9679541323372963
2025-06-13,Stable,0.976304153301046
2025-06-16,Stable,0.9816001955422222
2025-06-17,Stable,0.9841895754328717
2025-06-18,Stable,0.9853739961389401
2025-06-19,Stable,0.9853298274372362
2025-06-20,Stable,0.9887388299089148
2025-06-23,Stable,0.9915530116421145
2025-06-24,Stable,0.9928972693256031
2025-06-25,Stable,0.9932610226741033
2025-06-26,Stable,0.9927522180541362
2025-06-27,Stable,0.992938611363506
2025-06-30,Stable,0.9938656861153841
2025-07-01,Stable,0.99413731107169
2025-07-02,Stable,0.9942965938424005
2025-07-03,Stable,0.994808217357706
2025-07-04,Stable,0.9949937934982476
2025-07-07,Stable,0.9949936854427988
2025-07-08,Stable,0.9947544537543791
2025-07-09,Stable,0.9941368565004215
2025-07-10,Stable,0.9933878267854689
2025-07-11,Stable,0.9921583443708923
2025-07-14,Stable,0.9934346284404413
2025-07-15,Stable,0.993875660568291
2025-07-16,Stable,0.9936612713562777
2025-07-17,Stable,0.9926977794111574
2025-07-18,Stable,0.9905829107144629
2025-07-21,Stable,0.9884958295059372
2025-07-22,Stable,0.9839276533358553
2025-07-23,Stable,0.9755690398519193
2025-07-24,Stable,0.959634409434623
2025-07-25,Stable,0.9390409660295517
2025-07-28,Stable,0.9553921505186538
2025-07-29,Stable,0.9671114043358428
2025-07-30,Stable,0.9764032935840864
2025-07-31,Stable,0.9802514524928172
2025-08-01,Stable,0.9849329471802429
2025-08-04,Stable,0.9890361619738474
2025-08-05,Stable,0.9908135529828112
2025-08-06,Stable,0.9910971672476591
2025-08-07,Stable,0.9920536160390359
2025-08-08,Stable,0.9922006958931504
2025-08-11,Stable,0.9931047658260796
2025-08-12,Stable,0.9935665372359276
2025-08-13,Stable,0.9933291194869207
2025-08-14,Stable,0.9923263655839366
2025-08-18,Stable,0.9927878246353299
2025-08-19,Stable,0.9922858344481923
2025-08-20,Stable,0.991691167505017
2025-08-21,Stable,0.9896716629313624
2025-08-22,Stable,0.9870776841086104
2025-08-25,Stable,0.9834905513736905
2025-08-26,Stable,0.9760328129088204
2025-08-28,Stable,0.978793250171144
2025-08-29,Stable,0.9818226857245456
2025-09-01,Stable,0.981598264343162
2025-09-02,Stable,0.9851915975292717
2025-09-03,Stable,0.9879773422873319
2025-09-04,Stable,0.9884726928555693
2025-09-05,Stable,0.9914577093008985
2025-09-08,Stable,0.9929120267921423
2025-09-09,Stable,0.9934638235380274
2025-09-10,Stable,0.9934600184194248
2025-09-11,Stable,0.9935589898985224
2025-09-12,Stable,0.9940661736140286
2025-09-15,Stable,0.9939982423702655
2025-09-16,Stable,0.9935807164488518
2025-09-17,Stable,0.993599172665383
2025-09-18,Stable,0.9929072786174543
2025-09-19,Stable,0.9920233448088559
2025-09-22,Stable,0.9910822510050067
2025-09-23,Stable,0.9892760605387575
2025-09-24,Stable,0.9867751264432317
2025-09-25,Stable,0.9859129258000665
2025-09-26,Stable,0.9852971660946782
2025-09-29,Stable,0.9891895575691233
2025-09-30,Stable,0.9915566716609406
2025-10-01,Stable,0.9928718698297588
2025-10-03,Stable,0.9934204727002169
2025-10-06,Stable,0.9934671979310589
2025-10-07,Stable,0.9928177300489405
2025-10-08,Stable,0.991109119641278
2025-10-09,Stable,0.9927167117154274
2025-10-10,Stable,0.9933965859184517
2025-10-13,Stable,0.9933680031165328
2025-10-14,Stable,0.9931399761372309
2025-10-15,Stable,0.9937721862776884
2025-10-16,Stable,0.9943747852643559
2025-10-17,Stable,0.9945790206713522
2025-10-20,Stable,0.9947370448854382
2025-10-21,Stable,0.994697592481498
2025-10-23,Stable,0.9942668206515333
2025-10-24,Stable,0.9934512745968881
2025-10-27,Stable,0.9918350064489004
2025-10-28,Stable,0.9888594963639633
2025-10-29,Stable,0.984365105529178
2025-10-30,Stable,0.9884132397411781
2025-10-31,Stable,0.9900046939354926
2025-11-03,Stable,0.990593730363361
2025-11-04,Stable,0.9897325538864872
2025-11-06,Stable,0.9883273615198799
2025-11-07,Stable,0.9913426361923544
2025-11-10,Stable,0.993045519719699
2025-11-11,Stable,0.9938111319327523
2025-11-12,Stable,0.9939822005412247
2025-11-13,Stable,0.9939205691921019
2025-11-14,Stable,0.9937586112876384
2025-11-17,Stable,0.9928658823907748
2025-11-18,Stable,0.9911422782621833
2025-11-19,Stable,0.9897406709497136
2025-11-20,Stable,0.9869681464263398
2025-11-21,Stable,0.9810907009870142
2025-11-24,Stable,0.9780327955259885
2025-11-25,Stable,0.9793817834554679
2025-11-26,Stable,0.9773885883532519
2025-11-27,Stable,0.981929518219105
2025-11-28,Stable,0.9851486533845591
2025-12-01,Stable,0.9875782672663779
2025-12-02,Stable,0.9876989610983088
2025-12-03,Stable,0.9860281323136042
2025-12-04,Stable,0.9868642449450803
2025-12-05,Stable,0.9861525870265698
2025-12-08,Stable,0.9827697645573068
2025-12-09,Stable,0.987637099852196
2025-12-10,Stable,0.9903734964124982
2025-12-11,Stable,0.9915177471642475
2025-12-12,Stable,0.9912964249727951
2025-12-15,Stable,0.9907739667797163
2025-12-16,Stable,0.988738190945096
2025-12-17,Stable,0.987447163612442
2025-12-18,Stable,0.9838139776298772
2025-12-19,Stable,0.9806378438755925
2025-12-22,Stable,0.9758671919616442
2025-12-23,Stable,0.966432505888812
2025-12-24,Stable,0.9485616623943357
2025-12-26,Stable,0.9184099165055225
2025-12-29,Stable,0.8632956411834075
2025-12-30,Stable,0.7797542019650837
2025-12-31,Stable,0.6296227830617074
2026-01-02,Transitional,0.5205376117787396
2026-01-05,Transitional,0.5361634731166737
2026-01-06,Transitional,0.5682447716591084
2026-01-07,Transitional,0.6248784247697247
2026-01-08,Transitional,0.730905626802539
2026-01-09,Transitional,0.6825846713768062
2026-01-12,Transitional,0.6432947549217912
2026-01-13,Transitional,0.633745753045011
2026-01-14,Transitional,0.6482495789548294
2026-01-16,Transitional,0.691283744744737
2026-01-19,Transitional,0.7518973945406568
2026-01-20,Transitional,0.8424111959636515
2026-01-21,Transitional,0.8531726369753626
2026-01-22,Transitional,0.8879343964394071
2026-01-23,Transitional,0.9399170419604176
2026-01-27,Transitional,0.9554727321732547
2026-01-28,Transitional,0.9875072024955108
2026-01-29,Transitional,0.9815014582742557
2026-01-30,Transitional,0.9684882751881303
2026-02-02,Transitional,0.9634779199478909
2026-02-03,Transitional,0.9534266322995669
2026-02-04,Transitional,0.8171761444760155
2026-02-05,Transitional,0.572254968751203
2026-02-06,Transitional,0.5752070214883052
2026-02-09,Transitional,0.6569500005507439
2026-02-10,Transitional,0.6962411114529812
2026-02-11,Transitional,0.7082743031351635
2026-02-12,Transitional,0.6986683216356686
2026-02-13,Transitional,0.6731568707713607
2026-02-16,Transitional,0.7003633931423923
2026-02-17,Transitional,0.753727585186097
2026-02-18,Transitional,0.777249839421944
2026-02-19,Transitional,0.7798065207421327
2026-02-20,Transitional,0.7871023195088681
2026-02-23,Transitional,0.7924236613029478
2026-02-24,Transitional,0.7790930293101168
2026-02-25,Transitional,0.7472240761068853
2026-02-26,Transitional,0.6794262680961133
2026-02-27,Transitional,0.5481078659039427
2026-03-02,Transitional,0.669681140640864
2026-03-04,Transitional,0.7917708318612247
2026-03-05,Transitional,0.8004474833280847
2026-03-06,Transitional,0.7944537529312905
2026-03-09,Transitional,0.8108248225223085
2026-03-10,Transitional,0.7994446711301746
2026-03-11,Transitional,0.801354206034373
2026-03-12,Transitional,0.82747481790383
2026-03-13,Transitional,0.838409663937962
2026-03-16,Transitional,0.808478059229037
2026-03-17,Transitional,0.7809376092398319
2026-03-18,Transitional,0.7733910021765781
2026-03-19,Transitional,0.7887983294892543
2026-03-20,Transitional,0.794985315627413
2026-03-23,Transitional,0.8217461928364884
2026-03-24,Stable,0.6646267070905132
2026-03-25,Stable,0.5750252890824473
2026-03-27,Stable,0.5020384737299359
2026-03-30,Stable,0.5694007093162075
2026-04-01,Stable,0.6330957934487701
2026-04-02,Stable,0.7051976034691902
2026-04-06,Stable,0.7435531214994442
2026-04-07,Stable,0.756067502450318
2026-04-08,Stable,0.7492558376453083
2026-04-09,Stable,0.8039097437509933
2026-04-10,Stable,0.8350622721124762
2026-04-13,Stable,0.855812166327072
2026-04-15,Stable,0.8594148039004224
2026-04-16,Stable,0.8926845236950092
2026-04-17,Stable,0.9080315753463857
2026-04-20,Stable,0.9381382077002021
2026-04-21,Stable,0.9559215251790084
2026-04-22,Stable,0.9638795119006826
2026-04-23,Stable,0.973879373660791
2026-04-24,Stable,0.9778132177672487
2026-04-27,Stable,0.9781094014500752
2026-04-28,Stable,0.9816430719235532
2026-04-29,Stable,0.9857483220883934
2026-04-30,Stable,0.9870726277068813
2026-05-04,Stable,0.9874047282066832
2026-05-05,Stable,0.9855340111481431
2026-05-06,Stable,0.9805101764536214
2026-05-07,Stable,0.9726516735546334
2026-05-08,Stable,0.9599475563079445
2026-05-11,Stable,0.9457960465623148
2026-05-12,Stable,0.9531421108400574
2026-05-13,Stable,0.9669285607896182
2026-05-14,Stable,0.9743283103914003
2026-05-15,Stable,0.9772631837570198
2026-05-18,Stable,0.9790753915949801
2026-05-19,Stable,0.9807171823821822
2026-05-20,Stable,0.9784861680757923
2026-05-21,Stable,0.9794358823220125
2026-05-22,Stable,0.976278980219087
2026-05-25,Stable,0.9682117139620471
2026-05-26,Stable,0.9549912700033313
2026-05-27,Stable,0.9305289438584081
2026-05-29,Stable,0.9173326104456574
2026-06-01,Stable,0.9203215947603687
2026-06-02,Stable,0.9383817754899304
2026-06-03,Stable,0.945856391166377
2026-06-04,Stable,0.9446296106105734
2026-06-05,Stable,0.9354028741433931
2026-06-08,Stable,0.9154087267500345
2026-06-09,Stable,0.9144974963675562
2026-06-10,Stable,0.9011620192721982
2026-06-11,Stable,0.922875172831244
2026-06-12,Stable,0.9392471211717753
2026-06-15,Stable,0.959469333912227
2026-06-16,Stable,0.9704808038418499
2026-06-17,Stable,0.9789123414949947
2026-06-18,Stable,0.9840117325056416
2026-06-19,Stable,0.9860382250416018
2026-06-22,Stable,0.9852581314146803
2026-06-23,Stable,0.9818921677008571
2026-06-24,Stable,0.9834969396396231
2026-06-25,Stable,0.9865327490604847
2026-06-29,Stable,0.9895667653275734
2026-06-30,Stable,0.9905218560878584
2026-07-01,Stable,0.9898464270024382
2026-07-02,Stable,0.9872685483977569
2026-07-03,Stable,0.9821976043166285
2026-07-06,Stable,0.9832457480879118
2026-07-07,Stable,0.9822643576772321
2026-07-08,Stable,0.9813928488818657
2026-07-09,Stable,0.9857543988750954
2026-07-10,Stable,0.9871385909525422
2026-07-13,Stable,0.9884831100114837
2026-07-14,Stable,0.9878260043906038
2026-07-15,Stable,0.9848959557970633
2026-07-16,Stable,0.9786047520102201
2026-07-17,Stable,0.9666254537798639
