date,regime_label,regime_probability
2014-10-07,Transitional,0.9999999995670805
2014-10-08,Transitional,0.932579303557216
2014-10-09,Transitional,0.920841644535155
2014-10-10,Transitional,0.9411519616392874
2014-10-13,Transitional,0.7980643318083356
2014-10-14,Transitional,0.7545489956797438
2014-10-16,Transitional,0.7715944796938451
2014-10-17,Transitional,0.6968115479105405
2014-10-20,Transitional,0.6930538088339243
2014-10-21,Transitional,0.6407270460547017
2014-10-22,Transitional,0.6574382830338903
2014-10-27,Stable,0.6258725847324604
2014-10-28,Stable,0.7744552656380095
2014-10-29,Stable,0.8307525539212437
2014-10-30,Stable,0.900759459546132
2014-10-31,Stable,0.9243401185183139
2014-11-03,Stable,0.9509482800049186
2014-11-05,Stable,0.9711238168223424
2014-11-07,Stable,0.9770457629391882
2014-11-10,Stable,0.9825209308747439
2014-11-11,Stable,0.9821747449349186
2014-11-12,Stable,0.9795120265916111
2014-11-13,Stable,0.9836988946940389
2014-11-14,Stable,0.9846610957133013
2014-11-17,Stable,0.9810019362071162
2014-11-18,Stable,0.9850196915909026
2014-11-19,Stable,0.9849728877802342
2014-11-20,Stable,0.9864887290589136
2014-11-21,Stable,0.9874870551104757
2014-11-24,Stable,0.9862634621482127
2014-11-25,Stable,0.9805434808531359
2014-11-26,Stable,0.9815986362003264
2014-11-27,Stable,0.9761887356136375
2014-11-28,Stable,0.961432031067205
2014-12-01,Stable,0.9724396681510858
2014-12-02,Stable,0.971679239135779
2014-12-03,Stable,0.9708286681725382
2014-12-04,Stable,0.9744704899211258
2014-12-05,Stable,0.968119887676504
2014-12-08,Stable,0.946352204890661
2014-12-09,Stable,0.9487110929563178
2014-12-10,Stable,0.9563458045701457
2014-12-11,Stable,0.9477589373025644
2014-12-12,Stable,0.9326734271910154
2014-12-15,Stable,0.8922314449349167
2014-12-16,Stable,0.7961889344955699
2014-12-17,Stable,0.7708692901937503
2014-12-18,Stable,0.780227079276819
2014-12-19,Stable,0.8765835121284167
2014-12-22,Stable,0.9112048088079261
2014-12-23,Stable,0.946986218037051
2014-12-24,Stable,0.9602026598135595
2014-12-26,Stable,0.9710419797777322
2014-12-29,Stable,0.9696498008269281
2014-12-30,Stable,0.9761676587562413
2014-12-31,Stable,0.9745003396332029
2015-01-01,Stable,0.9635056789948844
2015-01-02,Stable,0.9343631119155077
2015-01-05,Stable,0.8678321220511934
2015-01-06,Stable,0.7740060480443878
2015-01-07,Stable,0.8651718380579493
2015-01-08,Stable,0.8958784395887754
2015-01-09,Stable,0.9475710879371392
2015-01-12,Stable,0.9676882092950955
2015-01-13,Stable,0.9724229458048416
2015-01-14,Stable,0.9665398600308903
2015-01-15,Stable,0.9450365838650325
2015-01-16,Stable,0.9693658875939349
2015-01-19,Stable,0.9776159022968834
2015-01-20,Stable,0.981371408668032
2015-01-21,Stable,0.981686946003501
2015-01-22,Stable,0.9749587896614013
2015-01-23,Stable,0.9600857856651616
2015-01-27,Stable,0.9571572173859
2015-01-28,Stable,0.9556008645343913
2015-01-29,Stable,0.9440448567533559
2015-01-30,Stable,0.9049676737507025
2015-02-02,Stable,0.8758448727932949
2015-02-03,Stable,0.7952699852681968
2015-02-04,Stable,0.6392559980926735
2015-02-05,Stable,0.5376134485269721
2015-02-06,Stable,0.8628160965007166
2015-02-09,Stable,0.8443793493214553
2015-02-10,Stable,0.6477813750244844
2015-02-11,Stable,0.5769973769715151
2015-02-12,Stable,0.6917549221617643
2015-02-13,Stable,0.8208521104516455
2015-02-16,Stable,0.9091639042232758
2015-02-18,Stable,0.9445111951308293
2015-02-19,Stable,0.9667285697130557
2015-02-20,Stable,0.9736329124318182
2015-02-23,Stable,0.9697316435375128
2015-02-24,Stable,0.9633658013186337
2015-02-25,Stable,0.9423568578090855
2015-02-26,Stable,0.8871363726411048
2015-02-27,Stable,0.865307877837223
2015-03-02,Stable,0.9179797850340351
2015-03-03,Stable,0.9437059763298252
2015-03-04,Stable,0.9624838553928652
2015-03-05,Stable,0.9730556591691852
2015-03-09,Stable,0.973965468310722
2015-03-10,Stable,0.9811990066166927
2015-03-11,Stable,0.9813984518125498
2015-03-12,Stable,0.9743713425576466
2015-03-13,Stable,0.9649294006814609
2015-03-16,Stable,0.9728893516840069
2015-03-17,Stable,0.9714339751363325
2015-03-18,Stable,0.9726223979883873
2015-03-19,Stable,0.9698392494397476
2015-03-20,Stable,0.9563979685719315
2015-03-23,Stable,0.9636413665318947
2015-03-24,Stable,0.955857218028238
2015-03-25,Stable,0.9614037952361021
2015-03-26,Stable,0.9520858588405575
2015-03-27,Stable,0.9636216698455323
2015-03-30,Stable,0.9625886938838977
2015-03-31,Stable,0.9757323963150799
2015-04-01,Stable,0.9798200275543292
2015-04-06,Stable,0.983709431966129
2015-04-07,Stable,0.9872555237288801
2015-04-08,Stable,0.987193806087299
2015-04-09,Stable,0.9845007084322643
2015-04-10,Stable,0.9758824241634236
2015-04-13,Stable,0.9548440959174196
2015-04-15,Stable,0.9198881100565165
2015-04-16,Stable,0.9096393208113026
2015-04-17,Stable,0.865279165246428
2015-04-20,Stable,0.8245547709975203
2015-04-21,Stable,0.8412780219272529
2015-04-22,Stable,0.8693475733901036
2015-04-23,Stable,0.8588165725061406
2015-04-24,Stable,0.8182928452664032
2015-04-27,Stable,0.7415856345283043
2015-04-28,Stable,0.5807959518451501
2015-04-29,Stable,0.5677954432475849
2015-04-30,Stable,0.5106238034808704
2015-05-04,Stable,0.6204929256983123
2015-05-05,Stable,0.710833899583859
2015-05-06,Transitional,0.9563471177891253
2015-05-07,Transitional,0.9608320129314627
2015-05-08,Transitional,0.9784510574371573
2015-05-11,Transitional,0.9638520088470656
2015-05-12,Transitional,0.8248488821192594
2015-05-13,Transitional,0.564295979056064
2015-05-14,Stable,0.7118461137190517
2015-05-15,Stable,0.8530591824511506
2015-05-18,Stable,0.9164161973237568
2015-05-19,Stable,0.9442308339937595
2015-05-20,Stable,0.9613977706334986
2015-05-21,Stable,0.9676921390068091
2015-05-22,Stable,0.9654490606360828
2015-05-25,Stable,0.9485066928018087
2015-05-26,Stable,0.9048278642264793
2015-05-27,Stable,0.8019464649525976
2015-05-28,Stable,0.8014887619006038
2015-05-29,Stable,0.7472486603474864
2015-06-01,Stable,0.7289954323526727
2015-06-02,Stable,0.6486077381958818
2015-06-03,Stable,0.6823485328545332
2015-06-04,Stable,0.754777463671825
2015-06-05,Stable,0.7863397608235011
2015-06-08,Stable,0.7764291827722034
2015-06-09,Stable,0.7544911984142071
2015-06-10,Stable,0.6889914077202461
2015-06-11,Stable,0.6627276083326621
2015-06-12,Stable,0.820673351515913
2015-06-15,Stable,0.8829155289527602
2015-06-16,Stable,0.9227010634977029
2015-06-17,Stable,0.9505023695083974
2015-06-18,Stable,0.963513425487698
2015-06-19,Stable,0.9751208395076967
2015-06-22,Stable,0.9778609228126747
2015-06-23,Stable,0.9820537675546084
2015-06-24,Stable,0.9795570575731218
2015-06-25,Stable,0.9803037960130054
2015-06-26,Stable,0.9780873087805936
2015-06-29,Stable,0.9689629334935126
2015-06-30,Stable,0.9762468129605434
2015-07-01,Stable,0.9770563538065081
2015-07-02,Stable,0.9799218210500104
2015-07-03,Stable,0.9765908377171525
2015-07-06,Stable,0.9663459345026842
2015-07-07,Stable,0.9380568070273803
2015-07-08,Stable,0.8755242428238035
2015-07-09,Stable,0.9254162747237601
2015-07-10,Stable,0.9467079391654479
2015-07-13,Stable,0.9475236895912319
2015-07-14,Stable,0.962841221549415
2015-07-15,Stable,0.9726133646956476
2015-07-16,Stable,0.9824944208961887
2015-07-17,Stable,0.9856883461755997
2015-07-20,Stable,0.9851508831218153
2015-07-21,Stable,0.9795816391172838
2015-07-22,Stable,0.9680953696957019
2015-07-23,Stable,0.9552041711767739
2015-07-24,Stable,0.9207109358954747
2015-07-27,Stable,0.8941479942878965
2015-07-28,Stable,0.9258295085217761
2015-07-29,Stable,0.9365232914859293
2015-07-30,Stable,0.9466472507114623
2015-07-31,Stable,0.936033579245551
2015-08-03,Stable,0.9513142088187434
2015-08-04,Stable,0.9525160870463101
2015-08-05,Stable,0.9482503858880493
2015-08-06,Stable,0.936250341427724
2015-08-07,Stable,0.8942427867979833
2015-08-10,Stable,0.7872939038566512
2015-08-11,Stable,0.58789475014784
2015-08-12,Stable,0.577751528553428
2015-08-13,Stable,0.5456133830338227
2015-08-14,Stable,0.5831479696655028
2015-08-17,Stable,0.522713785937665
2015-08-18,Stable,0.5291913920013488
2015-08-19,Stable,0.6076035896591891
2015-08-20,Transitional,0.8140388074521218
2015-08-21,Transitional,0.9161817385980421
2015-08-24,Transitional,0.9241656689926607
2015-08-25,Transitional,0.8751140623158502
2015-08-26,Transitional,0.7712504665070341
2015-08-27,Transitional,0.734607086864545
2015-08-28,Transitional,0.7451509506491963
2015-08-31,Transitional,0.8088373333668025
2015-09-01,Transitional,0.9218777663381454
2015-09-02,Transitional,0.9128856157846954
2015-09-03,Transitional,0.9108130711732678
2015-09-04,Transitional,0.9332454282358501
2015-09-07,Transitional,0.8960766595391714
2015-09-08,Transitional,0.8729625914587263
2015-09-09,Transitional,0.8538958588680621
2015-09-10,Stable,0.5572222439377763
2015-09-11,Stable,0.7575891180229103
2015-09-14,Stable,0.8411571978598231
2015-09-15,Stable,0.8671288492729969
2015-09-16,Stable,0.9256883938536689
2015-09-18,Stable,0.9471754144882454
2015-09-21,Stable,0.9494610890587631
2015-09-22,Stable,0.9311572900035453
2015-09-23,Stable,0.949504502657728
2015-09-24,Stable,0.9477626908318608
2015-09-28,Stable,0.923923854977244
2015-09-29,Stable,0.9382333287118024
2015-09-30,Stable,0.9373230490764235
2015-10-01,Stable,0.9416232069602473
2015-10-05,Stable,0.9274624110610352
2015-10-06,Stable,0.9515596164654704
2015-10-07,Stable,0.9593542885291221
2015-10-08,Stable,0.9740372326887946
2015-10-09,Stable,0.9814838043909339
2015-10-12,Stable,0.982131805601386
2015-10-13,Stable,0.9759586896373488
2015-10-14,Stable,0.9578741080805413
2015-10-15,Stable,0.9329076540574768
2015-10-16,Stable,0.9618051283493846
2015-10-19,Stable,0.9783435294461064
2015-10-20,Stable,0.9857552069990055
2015-10-21,Stable,0.9882048827999422
2015-10-23,Stable,0.9877060301814408
2015-10-26,Stable,0.9890941281364041
2015-10-27,Stable,0.9881413920108955
2015-10-28,Stable,0.9850053562832303
2015-10-29,Stable,0.9842158413636267
2015-10-30,Stable,0.9783244358128981
2015-11-02,Stable,0.9832877926007572
2015-11-03,Stable,0.9821880792371381
2015-11-04,Stable,0.974103592394713
2015-11-05,Stable,0.9796440867481382
2015-11-06,Stable,0.9811206701230905
2015-11-09,Stable,0.9806526955345023
2015-11-10,Stable,0.9844661294441948
2015-11-13,Stable,0.982892913998872
2015-11-16,Stable,0.9858500373410053
2015-11-17,Stable,0.9842696829230633
2015-11-18,Stable,0.9804650121288271
2015-11-19,Stable,0.9785772867085454
2015-11-20,Stable,0.9838199571766404
2015-11-23,Stable,0.9846001218159074
2015-11-24,Stable,0.9825978413248773
2015-11-26,Stable,0.9812183820752733
2015-11-27,Stable,0.986162424384942
2015-11-30,Stable,0.986800718495362
2015-12-01,Stable,0.9843086204368715
2015-12-02,Stable,0.9830100532919379
2015-12-03,Stable,0.9754218667584778
2015-12-04,Stable,0.9706080945559499
2015-12-07,Stable,0.9720246370729786
2015-12-08,Stable,0.963261962426733
2015-12-09,Stable,0.936836027131323
2015-12-10,Stable,0.9445962683275152
2015-12-11,Stable,0.9308683017925566
2015-12-14,Stable,0.9528583987985041
2015-12-15,Stable,0.9547166022181525
2015-12-16,Stable,0.9640870911087704
2015-12-17,Stable,0.9650467327493691
2015-12-18,Stable,0.9719049585248942
2015-12-21,Stable,0.9780782740527428
2015-12-22,Stable,0.9817683062231805
2015-12-23,Stable,0.9846565036839809
2015-12-24,Stable,0.9822935824930088
2015-12-28,Stable,0.9730605778476342
2015-12-29,Stable,0.9629883418151687
2015-12-30,Stable,0.9354871712199614
2015-12-31,Stable,0.873841705600704
2016-01-01,Stable,0.7226930654463322
2016-01-04,Transitional,0.5650565842681602
2016-01-05,Transitional,0.6146988284013369
2016-01-06,Transitional,0.7697684331852538
2016-01-07,Transitional,0.9528145585026796
2016-01-08,Transitional,0.663756966132298
2016-01-11,Transitional,0.554232859413987
2016-01-12,Transitional,0.5347216189713624
2016-01-13,Transitional,0.5782939071171536
2016-01-14,Transitional,0.6882095343901364
2016-01-15,Transitional,0.786683586669458
2016-01-18,Transitional,0.8255427926655065
2016-01-19,Transitional,0.8571335186213885
2016-01-20,Transitional,0.9229414831075845
2016-01-21,Transitional,0.9684795449586625
2016-01-22,Transitional,0.9893396040598661
2016-01-25,Transitional,0.7101506161449219
2016-01-27,Transitional,0.5574942002987506
2016-01-28,Transitional,0.513328844103693
2016-01-29,Transitional,0.5299910453827483
2016-02-01,Transitional,0.5059656183631139
2016-02-02,Transitional,0.5412637483184995
2016-02-03,Transitional,0.5781083829787873
2016-02-04,Transitional,0.5748191501194769
2016-02-05,Transitional,0.6454441998140819
2016-02-08,Transitional,0.7180619257928014
2016-02-09,Transitional,0.8401366887079786
2016-02-10,Transitional,0.9103629813810561
2016-02-11,Transitional,0.9944867194091733
2016-02-12,Transitional,0.9901305545534568
2016-02-15,Transitional,0.9947005406587407
2016-02-16,Transitional,0.8769798645251532
2016-02-17,Transitional,0.5933657763416964
2016-02-18,Transitional,0.5596548959952262
2016-02-19,Transitional,0.6198096146077032
2016-02-22,Transitional,0.6301638151404354
2016-02-23,Transitional,0.573038314418608
2016-02-24,Transitional,0.5406686316056427
2016-02-25,Transitional,0.5003032584039371
2016-02-26,Transitional,0.5548810661729993
2016-02-29,Transitional,0.7234155927048226
2016-03-01,Transitional,0.968503687632307
2016-03-02,Stable,0.613074084353399
2016-03-03,Stable,0.5361731066964439
2016-03-04,Stable,0.7900936711303435
2016-03-08,Stable,0.8940483784361544
2016-03-09,Stable,0.9345357665943768
2016-03-10,Stable,0.9658038957600327
2016-03-11,Stable,0.9778269996130732
2016-03-14,Stable,0.9811498526195869
2016-03-15,Stable,0.9802416087125208
2016-03-16,Stable,0.9810379569442322
2016-03-17,Stable,0.9785924437215103
2016-03-18,Stable,0.9675819438213956
2016-03-21,Stable,0.9610822284731784
2016-03-22,Stable,0.9562962783726817
2016-03-23,Stable,0.9442217111176916
2016-03-28,Stable,0.9082751834416153
2016-03-29,Stable,0.8899528882539589
2016-03-30,Stable,0.8483955875004462
2016-03-31,Stable,0.8182063196929109
2016-04-01,Stable,0.7202266101259973
2016-04-04,Stable,0.5396038081027856
2016-04-05,Transitional,0.7421326415937223
2016-04-06,Transitional,0.6650784468239144
2016-04-07,Transitional,0.6632841545505542
2016-04-08,Transitional,0.6859449188627118
2016-04-11,Transitional,0.7952870674663163
2016-04-12,Transitional,0.8304180408884987
2016-04-13,Transitional,0.8775674730340107
2016-04-18,Stable,0.5698226874033561
2016-04-20,Stable,0.7595985103998486
2016-04-21,Stable,0.8516709296562595
2016-04-22,Stable,0.8853649534685827
2016-04-25,Stable,0.8963361589968937
2016-04-26,Stable,0.897947029083249
2016-04-27,Stable,0.9113009114868532
2016-04-28,Stable,0.8946603958670849
2016-04-29,Stable,0.931963654288882
2016-05-02,Stable,0.9435852281664202
2016-05-03,Stable,0.9334093606310948
2016-05-04,Stable,0.9006916324382005
2016-05-05,Stable,0.941232278444493
2016-05-06,Stable,0.9561267055108856
2016-05-09,Stable,0.9584586378534213
2016-05-10,Stable,0.9674275081180427
2016-05-11,Stable,0.9776173779480272
2016-05-12,Stable,0.9824439137010648
2016-05-13,Stable,0.9820064134212029
2016-05-16,Stable,0.9846432617222374
2016-05-17,Stable,0.9831057213779593
2016-05-18,Stable,0.9767122238648919
2016-05-19,Stable,0.9794599513795746
2016-05-20,Stable,0.9781474804905282
2016-05-23,Stable,0.9696724552772362
2016-05-24,Stable,0.9551255355473484
2016-05-25,Stable,0.9157719085343775
2016-05-26,Stable,0.913733943423227
2016-05-27,Stable,0.9048936997028879
2016-05-30,Stable,0.8769794270720727
2016-05-31,Stable,0.8346422435541616
2016-06-01,Stable,0.9162782427648192
2016-06-02,Stable,0.9587299808337332
2016-06-03,Stable,0.9772796766427706
2016-06-06,Stable,0.9849644976503271
2016-06-07,Stable,0.9871324769430087
2016-06-08,Stable,0.9861575217283576
2016-06-09,Stable,0.9817371327440123
2016-06-10,Stable,0.9759238553411309
2016-06-13,Stable,0.9760887421516318
2016-06-14,Stable,0.9806828739263108
2016-06-15,Stable,0.9778036842276697
2016-06-16,Stable,0.9716117019884966
2016-06-17,Stable,0.9653386158532238
2016-06-20,Stable,0.9476576112225316
2016-06-21,Stable,0.9342404996802391
2016-06-22,Stable,0.8963521861231695
2016-06-23,Stable,0.8399701296095399
2016-06-24,Stable,0.7415377969533673
2016-06-27,Stable,0.8625548722018874
2016-06-28,Stable,0.9141874683753494
2016-06-29,Stable,0.9280948167585962
2016-06-30,Stable,0.9463040458622568
2016-07-01,Stable,0.9656273375867481
2016-07-04,Stable,0.9696443924263228
2016-07-05,Stable,0.964880484772719
2016-07-07,Stable,0.9669158258510778
2016-07-08,Stable,0.9615774129768777
2016-07-11,Stable,0.9449643456667014
2016-07-12,Stable,0.9678957297449728
2016-07-13,Stable,0.9783643586331131
2016-07-14,Stable,0.9844251878145843
2016-07-15,Stable,0.9860038707833091
2016-07-18,Stable,0.988940004597877
2016-07-19,Stable,0.9893798164736072
2016-07-20,Stable,0.9880189193340055
2016-07-21,Stable,0.9833785500389692
2016-07-22,Stable,0.9798292440536488
2016-07-25,Stable,0.9736788333720627
2016-07-26,Stable,0.9634002253940592
2016-07-27,Stable,0.9648599921881078
2016-07-28,Stable,0.9576665217692655
2016-07-29,Stable,0.9375951352465098
2016-08-01,Stable,0.8914259404057658
2016-08-02,Stable,0.7875998617176272
2016-08-03,Stable,0.5912528721579402
2016-08-04,Stable,0.5016843171212072
2016-08-05,Stable,0.6108052181956424
2016-08-08,Stable,0.6051003010896376
2016-08-09,Stable,0.6946526197335758
2016-08-10,Stable,0.7233773152261129
2016-08-11,Stable,0.8495626999781428
2016-08-12,Stable,0.9089129325381238
2016-08-16,Stable,0.9466050248616901
2016-08-17,Stable,0.9666054745304014
2016-08-18,Stable,0.9782822308903132
2016-08-19,Stable,0.980862124652287
2016-08-22,Stable,0.9790163671165647
2016-08-23,Stable,0.9823223271875078
2016-08-24,Stable,0.9797288634817595
2016-08-25,Stable,0.9685219736746669
2016-08-26,Stable,0.948714831284186
2016-08-29,Stable,0.9060614363429937
2016-08-30,Stable,0.8788788374823471
2016-08-31,Stable,0.8718891860384368
2016-09-01,Stable,0.8219007407425698
2016-09-02,Stable,0.6919640271259903
2016-09-06,Stable,0.5162126766232676
2016-09-07,Stable,0.5411116996093306
2016-09-08,Stable,0.5260594617353814
2016-09-09,Stable,0.542080298130992
2016-09-12,Stable,0.5859899890447136
2016-09-14,Stable,0.7175255768029476
2016-09-15,Stable,0.8621514304434162
2016-09-16,Stable,0.9237970405148339
2016-09-19,Stable,0.9482595821582287
2016-09-20,Stable,0.9508548090218037
2016-09-21,Stable,0.9445927610795888
2016-09-22,Stable,0.9135790841080379
2016-09-23,Stable,0.8893083390525353
2016-09-26,Stable,0.8199535642385984
2016-09-27,Stable,0.8005736762750274
2016-09-28,Stable,0.7376861171859833
2016-09-29,Stable,0.6413744516067008
2016-09-30,Stable,0.6686950335695749
2016-10-03,Stable,0.6811366459367841
2016-10-04,Stable,0.8481286810210495
2016-10-05,Stable,0.915362110705673
2016-10-06,Stable,0.9418037716646949
2016-10-07,Stable,0.9552092238288199
2016-10-10,Stable,0.9552070380907396
2016-10-13,Stable,0.9369395821785412
2016-10-14,Stable,0.928184398949615
2016-10-17,Stable,0.8884088764702661
2016-10-18,Stable,0.9222302762998779
2016-10-19,Stable,0.9560578578190285
2016-10-20,Stable,0.9737936980032776
2016-10-21,Stable,0.9792056136959539
2016-10-24,Stable,0.9763593711822572
2016-10-25,Stable,0.9691519347092166
2016-10-26,Stable,0.9513769639993497
2016-10-27,Stable,0.9263693280656019
2016-10-28,Stable,0.9183928214755239
2016-11-01,Stable,0.9140483660514989
2016-11-02,Stable,0.8796163942065197
2016-11-03,Stable,0.8538026873610736
2016-11-04,Stable,0.7756776598634172
2016-11-07,Stable,0.6393111061905599
2016-11-08,Transitional,0.6953888234034588
2016-11-09,Transitional,0.918577330541318
2016-11-10,Transitional,0.92934225493844
2016-11-11,Transitional,0.9778640668843842
2016-11-15,Transitional,0.9765243813449548
2016-11-16,Transitional,0.8975724777419933
2016-11-17,Transitional,0.864781326195407
2016-11-18,Transitional,0.8858252242348893
2016-11-21,Transitional,0.9638182755506498
2016-11-22,Transitional,0.8220726442014503
2016-11-23,Stable,0.586701355762319
2016-11-24,Stable,0.5018997472033329
2016-11-25,Stable,0.6288871458340228
2016-11-28,Stable,0.6643293932402079
2016-11-29,Stable,0.6411273040531619
2016-11-30,Stable,0.6872289645732421
2016-12-01,Stable,0.6968419569715271
2016-12-02,Stable,0.6733323178253444
2016-12-05,Stable,0.6915443383791782
2016-12-06,Stable,0.7329780219173136
2016-12-07,Stable,0.7232770632933148
2016-12-08,Stable,0.6497088637667001
2016-12-09,Stable,0.7441181033183679
2016-12-12,Stable,0.7785438705440614
2016-12-13,Stable,0.8717464987160514
2016-12-14,Stable,0.9324428795808063
2016-12-15,Stable,0.9633188183712885
2016-12-16,Stable,0.9765726391850111
2016-12-19,Stable,0.979961849176686
2016-12-20,Stable,0.9808864847626358
2016-12-21,Stable,0.9832255888882925
2016-12-22,Stable,0.9800481846484146
2016-12-23,Stable,0.9737486002076902
2016-12-26,Stable,0.9546630179864445
2016-12-27,Stable,0.9540080774386884
2016-12-28,Stable,0.9632315886501475
2016-12-29,Stable,0.95809985557443
2016-12-30,Stable,0.9586195749489645
2017-01-02,Stable,0.9422630926864579
2017-01-03,Stable,0.9598096443527044
2017-01-04,Stable,0.9623095779730175
2017-01-05,Stable,0.9494692667266516
2017-01-06,Stable,0.9709826809247153
2017-01-09,Stable,0.9788011372186071
2017-01-10,Stable,0.9785949772635979
2017-01-11,Stable,0.9826675425558902
2017-01-12,Stable,0.9856154106460961
2017-01-13,Stable,0.9852996017695391
2017-01-16,Stable,0.9872870406470985
2017-01-17,Stable,0.9868309643727258
2017-01-18,Stable,0.98278680463704
2017-01-19,Stable,0.9715052007466913
2017-01-20,Stable,0.9482592954841913
2017-01-23,Stable,0.926868742625843
2017-01-24,Stable,0.8747702638350572
2017-01-25,Stable,0.840443583297874
2017-01-27,Stable,0.8014418027582623
2017-01-30,Stable,0.6906815973822039
2017-01-31,Stable,0.5104887332888257
2017-02-01,Stable,0.7688031505849509
2017-02-02,Stable,0.5494448858332179
2017-02-03,Stable,0.665107136114385
2017-02-06,Stable,0.7944748838025605
2017-02-07,Stable,0.8452989402188925
2017-02-08,Stable,0.8799320040974035
2017-02-09,Stable,0.8811867480431976
2017-02-10,Stable,0.8444858230280334
2017-02-13,Stable,0.7527070221444185
2017-02-14,Stable,0.5292332926555988
2017-02-15,Stable,0.6365566367199254
2017-02-16,Stable,0.5682241588868518
2017-02-17,Stable,0.8101920358072943
2017-02-20,Stable,0.910959140382886
2017-02-21,Stable,0.9572814026586023
2017-02-22,Stable,0.975958474692622
2017-02-23,Stable,0.9825340508835553
2017-02-27,Stable,0.9828327345765879
2017-02-28,Stable,0.9877961171089054
2017-03-01,Stable,0.989771555152884
2017-03-02,Stable,0.9898153387660574
2017-03-03,Stable,0.9883293193726731
2017-03-06,Stable,0.984990527857287
2017-03-07,Stable,0.9867323987304789
2017-03-08,Stable,0.9874944577065743
2017-03-09,Stable,0.988318423342617
2017-03-10,Stable,0.9875086537243294
2017-03-14,Stable,0.9832024934821064
2017-03-15,Stable,0.9856171729309029
2017-03-16,Stable,0.9867987557476582
2017-03-17,Stable,0.9865285519719046
2017-03-20,Stable,0.9851325968947063
2017-03-21,Stable,0.9786402434540443
2017-03-22,Stable,0.9659776571051297
2017-03-23,Stable,0.9761591892204617
2017-03-24,Stable,0.9830643719241677
2017-03-27,Stable,0.9845318679904254
2017-03-28,Stable,0.9868269106425891
2017-03-29,Stable,0.9888098297952983
2017-03-30,Stable,0.990489954785786
2017-03-31,Stable,0.9907643316764168
2017-04-03,Stable,0.9898902410284769
2017-04-05,Stable,0.9876889634145136
2017-04-06,Stable,0.9897585030438814
2017-04-07,Stable,0.9899761488400574
2017-04-10,Stable,0.9905716563259361
2017-04-11,Stable,0.9902169991942587
2017-04-12,Stable,0.988254847707401
2017-04-13,Stable,0.9866116830458651
2017-04-17,Stable,0.9879229347925851
2017-04-18,Stable,0.986823087368455
2017-04-19,Stable,0.9882936674539344
2017-04-20,Stable,0.9868285926783129
2017-04-21,Stable,0.9849482212390067
2017-04-24,Stable,0.9815444291192454
2017-04-25,Stable,0.981875987569019
2017-04-26,Stable,0.9844126448941487
2017-04-27,Stable,0.9876950942087711
2017-04-28,Stable,0.9882588337711252
2017-05-02,Stable,0.9892646690350778
2017-05-03,Stable,0.9884554491594967
2017-05-04,Stable,0.9856630286958881
2017-05-05,Stable,0.9825869080801879
2017-05-08,Stable,0.9850574607634566
2017-05-09,Stable,0.984248146269542
2017-05-10,Stable,0.9781953777622796
2017-05-11,Stable,0.9803105905871656
2017-05-12,Stable,0.9825904665953964
2017-05-15,Stable,0.9784355535578081
2017-05-16,Stable,0.9660132036566014
2017-05-17,Stable,0.9498839445592091
2017-05-18,Stable,0.9124152990614325
2017-05-19,Stable,0.9511428185982507
2017-05-22,Stable,0.9661850107095014
2017-05-23,Stable,0.9742304835524153
2017-05-24,Stable,0.9722740480967033
2017-05-25,Stable,0.9579830230841399
2017-05-26,Stable,0.9706832473727642
2017-05-29,Stable,0.9825043224764382
2017-05-30,Stable,0.987298526514774
2017-05-31,Stable,0.9890662589579494
2017-06-01,Stable,0.9902294378820363
2017-06-02,Stable,0.9898319784107298
2017-06-05,Stable,0.9883221138110225
2017-06-06,Stable,0.9837596625886285
2017-06-07,Stable,0.986307923130247
2017-06-08,Stable,0.9878200029769653
2017-06-09,Stable,0.9861019257880194
2017-06-12,Stable,0.9859188233420908
2017-06-13,Stable,0.987810978036109
2017-06-14,Stable,0.9894188893188467
2017-06-15,Stable,0.9890920306731383
2017-06-16,Stable,0.9903743873667133
2017-06-19,Stable,0.9903126876082449
2017-06-20,Stable,0.9887709561140083
2017-06-21,Stable,0.9844536950546003
2017-06-22,Stable,0.9791303589693228
2017-06-23,Stable,0.9648248602731964
2017-06-27,Stable,0.9775000271407545
2017-06-28,Stable,0.9851425506445732
2017-06-29,Stable,0.9874099204863969
2017-06-30,Stable,0.9867236697464747
2017-07-03,Stable,0.9832862895030012
2017-07-04,Stable,0.9864640984379751
2017-07-05,Stable,0.9885042610497449
2017-07-06,Stable,0.9901506382790741
2017-07-07,Stable,0.9905923445225909
2017-07-10,Stable,0.9903486144463564
2017-07-11,Stable,0.9902277732528549
2017-07-12,Stable,0.9911536947329417
2017-07-13,Stable,0.9912989220337921
2017-07-14,Stable,0.9908526936817945
2017-07-17,Stable,0.9912904724371453
2017-07-18,Stable,0.9914425809704648
2017-07-19,Stable,0.9909504522789508
2017-07-20,Stable,0.990455931352334
2017-07-21,Stable,0.9910656156637887
2017-07-24,Stable,0.9909599646345416
2017-07-25,Stable,0.9898201494436764
2017-07-26,Stable,0.9883284003776779
2017-07-27,Stable,0.9858535280998966
2017-07-28,Stable,0.9855822195805809
2017-07-31,Stable,0.9804780792606073
2017-08-01,Stable,0.9690927771957966
2017-08-02,Stable,0.9676431220947477
2017-08-03,Stable,0.9548592206077349
2017-08-04,Stable,0.9309183339201219
2017-08-07,Stable,0.8771593306258143
2017-08-08,Stable,0.7431335544807048
2017-08-09,Stable,0.5492891542164609
2017-08-10,Stable,0.7116430833444677
2017-08-11,Stable,0.5758670493742803
2017-08-14,Stable,0.574483850803526
2017-08-16,Stable,0.6881630270666206
2017-08-17,Stable,0.8232686321640698
2017-08-18,Stable,0.9028440507349725
2017-08-21,Stable,0.9334676829714373
2017-08-22,Stable,0.9574504691484688
2017-08-23,Stable,0.9750499887203748
2017-08-24,Stable,0.9833954502857228
2017-08-28,Stable,0.9853028944367421
2017-08-29,Stable,0.982375035868654
2017-08-30,Stable,0.9815638348578689
2017-08-31,Stable,0.9761916373031747
2017-09-01,Stable,0.9601046877085111
2017-09-04,Stable,0.9729295837081089
2017-09-05,Stable,0.9830208134912735
2017-09-06,Stable,0.9863938732924235
2017-09-07,Stable,0.9866455076778448
2017-09-08,Stable,0.9870338790973363
2017-09-11,Stable,0.9873250701104109
2017-09-12,Stable,0.9854715192995113
2017-09-13,Stable,0.9876271332485568
2017-09-14,Stable,0.9890726601909745
2017-09-15,Stable,0.9883091918486083
2017-09-18,Stable,0.984531838280174
2017-09-19,Stable,0.9853651893974639
2017-09-20,Stable,0.9831579263006287
2017-09-21,Stable,0.9796705366830117
2017-09-22,Stable,0.9713061040275136
2017-09-25,Stable,0.9692312586615485
2017-09-26,Stable,0.9720422185414495
2017-09-27,Stable,0.9631741620262791
2017-09-28,Stable,0.9761042434848504
2017-09-29,Stable,0.9788914719009839
2017-10-03,Stable,0.9842961747607126
2017-10-04,Stable,0.98844355204282
2017-10-05,Stable,0.9899485074987927
2017-10-06,Stable,0.9900549422571941
2017-10-09,Stable,0.9906087330608164
2017-10-10,Stable,0.9900184345402054
2017-10-11,Stable,0.9876929301657794
2017-10-12,Stable,0.986531062674928
2017-10-13,Stable,0.9875874851156631
2017-10-16,Stable,0.9852659530186095
2017-10-17,Stable,0.9883921634770158
2017-10-18,Stable,0.9886374857920455
2017-10-19,Stable,0.9890364682255461
2017-10-23,Stable,0.9903393145546515
2017-10-24,Stable,0.9902315336541009
2017-10-25,Stable,0.9897033228497583
2017-10-26,Stable,0.988991184631683
2017-10-27,Stable,0.987106323365849
2017-10-30,Stable,0.986576792473295
2017-10-31,Stable,0.9874508518620763
2017-11-01,Stable,0.987944527109823
2017-11-02,Stable,0.9855267826123447
2017-11-03,Stable,0.9843304497723363
2017-11-06,Stable,0.9775666678368716
2017-11-07,Stable,0.9759660134086182
2017-11-08,Stable,0.9817712646075867
2017-11-09,Stable,0.9866683664081132
2017-11-10,Stable,0.9878386725024464
2017-11-13,Stable,0.9889437832963474
2017-11-14,Stable,0.9901595557422058
2017-11-15,Stable,0.9897730967418614
2017-11-16,Stable,0.990149428813918
2017-11-17,Stable,0.9897033771906035
2017-11-20,Stable,0.9910021340779867
2017-11-21,Stable,0.9914536793335649
2017-11-22,Stable,0.9916032452380382
2017-11-23,Stable,0.9913215612898836
2017-11-24,Stable,0.9912592534711215
2017-11-27,Stable,0.9908646279493442
2017-11-28,Stable,0.989474910741905
2017-11-29,Stable,0.9858971618445815
2017-11-30,Stable,0.9771063329179358
2017-12-01,Stable,0.9767119467605239
2017-12-04,Stable,0.9786589215461541
2017-12-05,Stable,0.9736126011031162
2017-12-06,Stable,0.9619256658484958
2017-12-07,Stable,0.9423771786662853
2017-12-08,Stable,0.9524167591202083
2017-12-11,Stable,0.9563756917878121
2017-12-12,Stable,0.9456049171256525
2017-12-13,Stable,0.9266892910413311
2017-12-14,Stable,0.8848961458675576
2017-12-15,Stable,0.7773536860101417
2017-12-18,Stable,0.6398190379185507
2017-12-19,Stable,0.5644315489413573
2017-12-20,Stable,0.7308290663880923
2017-12-21,Stable,0.8627420690837442
2017-12-22,Stable,0.9340162738780544
2017-12-26,Stable,0.9642696333778498
2017-12-27,Stable,0.975054583366464
2017-12-28,Stable,0.9787163402119746
2017-12-29,Stable,0.976861905465464
2018-01-01,Stable,0.9792280249933359
2018-01-02,Stable,0.9857649570448305
2018-01-03,Stable,0.9876331914633019
2018-01-04,Stable,0.9892849707947086
2018-01-05,Stable,0.9894817198411914
2018-01-08,Stable,0.9901002974557158
2018-01-09,Stable,0.9894554047373628
2018-01-10,Stable,0.9878430872482726
2018-01-11,Stable,0.9885325896203817
2018-01-12,Stable,0.9864246010138435
2018-01-15,Stable,0.9800388246928307
2018-01-16,Stable,0.9772949179236232
2018-01-17,Stable,0.9849342143943007
2018-01-18,Stable,0.9876003473992101
2018-01-19,Stable,0.9880533847545706
2018-01-22,Stable,0.9853678781712661
2018-01-23,Stable,0.9773145649366043
2018-01-24,Stable,0.9575734859120669
2018-01-25,Stable,0.9224241484992987
2018-01-29,Stable,0.8944271413766958
2018-01-30,Stable,0.869542154458483
2018-01-31,Stable,0.8020727294243614
2018-02-01,Stable,0.6341296869099229
2018-02-02,Stable,0.7245423003850457
2018-02-05,Stable,0.5196082568157225
2018-02-06,Stable,0.568373277571533
2018-02-07,Stable,0.7638513861422122
2018-02-08,Stable,0.8406413628766516
2018-02-09,Stable,0.888390695103194
2018-02-12,Stable,0.9220220586652638
2018-02-14,Stable,0.9438665087968683
2018-02-15,Stable,0.9452721794608449
2018-02-16,Stable,0.9272172805371077
2018-02-19,Stable,0.9417797657054906
2018-02-20,Stable,0.9638409832926079
2018-02-21,Stable,0.9696148580901365
2018-02-22,Stable,0.9640502047803748
2018-02-23,Stable,0.9561679229412484
2018-02-26,Stable,0.9334347277313423
2018-02-27,Stable,0.9610259372332858
2018-02-28,Stable,0.9695159263240481
2018-03-01,Stable,0.9657865150295345
2018-03-05,Stable,0.9470143857674621
2018-03-06,Stable,0.9516779344553672
2018-03-07,Stable,0.9701156796060614
2018-03-08,Stable,0.9765815215086073
2018-03-09,Stable,0.9808377563796842
2018-03-12,Stable,0.978072938420743
2018-03-13,Stable,0.983664505089224
2018-03-14,Stable,0.983311080415888
2018-03-15,Stable,0.9769938337655663
2018-03-16,Stable,0.9598479404530593
2018-03-19,Stable,0.971988218911821
2018-03-20,Stable,0.9793576034021382
2018-03-21,Stable,0.9802360936234431
2018-03-22,Stable,0.9740509980429493
2018-03-23,Stable,0.9685081883564451
2018-03-26,Stable,0.9633208751351
2018-03-27,Stable,0.9680040506645572
2018-03-28,Stable,0.9602030059876907
2018-04-02,Stable,0.9347596891816168
2018-04-03,Stable,0.9557294992831168
2018-04-04,Stable,0.9644796196237556
2018-04-05,Stable,0.9594085060006069
2018-04-06,Stable,0.9773763956431645
2018-04-09,Stable,0.9843438977654447
2018-04-10,Stable,0.9856681688244252
2018-04-11,Stable,0.9887747113516816
2018-04-12,Stable,0.9906696864332449
2018-04-13,Stable,0.9913265846324251
2018-04-16,Stable,0.9912902187290045
2018-04-17,Stable,0.9907768068463005
2018-04-18,Stable,0.9902946529991918
2018-04-19,Stable,0.991341358879506
2018-04-20,Stable,0.9916572115364667
2018-04-23,Stable,0.9915207534061967
2018-04-24,Stable,0.991663302930296
2018-04-25,Stable,0.9913801434304689
2018-04-26,Stable,0.991001151616829
2018-04-27,Stable,0.989737173423084
2018-04-30,Stable,0.9869760984542806
2018-05-02,Stable,0.9804501972616647
2018-05-03,Stable,0.9787741464311133
2018-05-04,Stable,0.9724535719582593
2018-05-07,Stable,0.9722871651137007
2018-05-08,Stable,0.9803663758540915
2018-05-09,Stable,0.9837916207718788
2018-05-10,Stable,0.982202183251056
2018-05-11,Stable,0.9795431632342801
2018-05-14,Stable,0.9681321140214751
2018-05-15,Stable,0.9548132841046831
2018-05-16,Stable,0.9330733521189575
2018-05-17,Stable,0.8769336179878426
2018-05-18,Stable,0.7408895952873841
2018-05-21,Stable,0.676961525402055
2018-05-22,Stable,0.7120884552144804
2018-05-23,Stable,0.7620128121288723
2018-05-24,Stable,0.7658092740904453
2018-05-25,Stable,0.8078894862145997
2018-05-28,Stable,0.8922325085339728
2018-05-29,Stable,0.9479193011852807
2018-05-30,Stable,0.9711548808735834
2018-05-31,Stable,0.9808216511960268
2018-06-01,Stable,0.984056277233974
2018-06-04,Stable,0.98493592457465
2018-06-05,Stable,0.9840263086614892
2018-06-06,Stable,0.979300901997766
2018-06-07,Stable,0.9853969668259474
2018-06-08,Stable,0.9891695870823431
2018-06-11,Stable,0.9908110782148436
2018-06-12,Stable,0.9912866472559784
2018-06-13,Stable,0.991061544026465
2018-06-14,Stable,0.990152642713833
2018-06-15,Stable,0.9875780220549796
2018-06-18,Stable,0.9859934532665503
2018-06-19,Stable,0.979832454711955
2018-06-20,Stable,0.9804225904336703
2018-06-21,Stable,0.9747231890586272
2018-06-22,Stable,0.9709265781735259
2018-06-25,Stable,0.955457033082325
2018-06-26,Stable,0.96420889898733
2018-06-27,Stable,0.9638870234271067
2018-06-28,Stable,0.9730808875881912
2018-06-29,Stable,0.9800188255171558
2018-07-02,Stable,0.9822189375081575
2018-07-03,Stable,0.9805216840325112
2018-07-04,Stable,0.9795357135071606
2018-07-05,Stable,0.9826968548809984
2018-07-06,Stable,0.9794909904534964
2018-07-09,Stable,0.9814282135716417
2018-07-10,Stable,0.978477716635298
2018-07-11,Stable,0.9731520793486289
2018-07-12,Stable,0.9708854531665909
2018-07-13,Stable,0.9667827757783762
2018-07-16,Stable,0.9502605978470802
2018-07-17,Stable,0.9546407866561941
2018-07-18,Stable,0.9571322272639561
2018-07-19,Stable,0.9761218872445917
2018-07-20,Stable,0.9834693443587464
2018-07-23,Stable,0.9872774149330475
2018-07-24,Stable,0.9873885353533591
2018-07-25,Stable,0.9878753596020419
2018-07-26,Stable,0.9880101280225262
2018-07-27,Stable,0.9869845636039437
2018-07-30,Stable,0.9877151095629568
2018-07-31,Stable,0.9859414553510286
2018-08-01,Stable,0.9802405187245141
2018-08-02,Stable,0.9743181948306774
2018-08-03,Stable,0.9842543534320737
2018-08-06,Stable,0.9883890513677035
2018-08-07,Stable,0.9901694502312202
2018-08-08,Stable,0.9904998888195932
2018-08-09,Stable,0.9908766973869886
2018-08-10,Stable,0.9904495862448593
2018-08-13,Stable,0.9886501161023045
2018-08-14,Stable,0.9901383860443647
2018-08-16,Stable,0.9905794540164027
2018-08-17,Stable,0.9898055468707025
2018-08-20,Stable,0.9877669107945946
2018-08-21,Stable,0.9894777661955306
2018-08-23,Stable,0.9897259390166339
2018-08-24,Stable,0.988742195029854
2018-08-27,Stable,0.9882893585844603
2018-08-28,Stable,0.988550369101145
2018-08-29,Stable,0.98682667619764
2018-08-30,Stable,0.9808945945959926
2018-08-31,Stable,0.9698959929511515
2018-09-03,Stable,0.9418590590031048
2018-09-04,Stable,0.8929887836846273
2018-09-05,Stable,0.8806889369647111
2018-09-06,Stable,0.8247161246054158
2018-09-07,Stable,0.6779302854152599
2018-09-10,Stable,0.6389782246505414
2018-09-11,Stable,0.6499320171042863
2018-09-12,Stable,0.6828151539165753
2018-09-14,Stable,0.6535270781376481
2018-09-17,Stable,0.5968296604907356
2018-09-18,Stable,0.5062616695368379
2018-09-19,Stable,0.5764280356519194
2018-09-21,Stable,0.7604801153217603
2018-09-24,Transitional,0.9934718268374165
2018-09-25,Transitional,0.957282573958869
2018-09-26,Transitional,0.9538864617532056
2018-09-27,Transitional,0.9743507382076583
2018-09-28,Transitional,0.9842033941393854
2018-10-01,Transitional,0.9745280023386422
2018-10-03,Transitional,0.9947466658672048
2018-10-04,Transitional,0.9922690912033901
2018-10-05,Transitional,0.9949439120337982
2018-10-08,Transitional,0.9802576636177874
2018-10-09,Transitional,0.9928237754227222
2018-10-10,Transitional,0.993023831894719
2018-10-11,Transitional,0.9934867603728915
2018-10-12,Transitional,0.9940593516508716
2018-10-15,Transitional,0.9207676166892087
2018-10-16,Transitional,0.8999598941190776
2018-10-17,Transitional,0.9234021302594324
2018-10-19,Transitional,0.6989386692433941
2018-10-22,Stable,0.6413653956163174
2018-10-23,Stable,0.7787704201178935
2018-10-24,Stable,0.8453656814397629
2018-10-25,Stable,0.8593454824603658
2018-10-26,Stable,0.8611135712807672
2018-10-29,Stable,0.8207401758172475
2018-10-30,Stable,0.7978791980978281
2018-10-31,Stable,0.7095755955522701
2018-11-01,Stable,0.5299990855248342
2018-11-02,Transitional,0.9045297341461079
2018-11-05,Stable,0.5217904983671793
2018-11-06,Stable,0.6435132569220988
2018-11-07,Stable,0.7050995244699395
2018-11-09,Stable,0.7142270586974993
2018-11-12,Stable,0.6788761515389456
2018-11-13,Stable,0.8270875545957632
2018-11-14,Stable,0.9009826095917793
2018-11-15,Stable,0.9478567296340356
2018-11-16,Stable,0.9687068755414864
2018-11-19,Stable,0.974403280682751
2018-11-20,Stable,0.9784560574893063
2018-11-21,Stable,0.9826714111010446
2018-11-22,Stable,0.9812682289472017
2018-11-26,Stable,0.9781201901103113
2018-11-27,Stable,0.974823120686996
2018-11-28,Stable,0.960049768359895
2018-11-29,Stable,0.9369005042507501
2018-11-30,Stable,0.9039266893921796
2018-12-03,Stable,0.8309228275432788
2018-12-04,Stable,0.6538091337728061
2018-12-05,Transitional,0.7049178672790968
2018-12-06,Transitional,0.7517680755510666
2018-12-07,Transitional,0.6959462224121823
2018-12-10,Transitional,0.6957191042221873
2018-12-11,Transitional,0.7287260914599245
2018-12-12,Transitional,0.8414339192787376
2018-12-13,Stable,0.5577044799426898
2018-12-14,Stable,0.7757553310076065
2018-12-17,Stable,0.8627799223593801
2018-12-18,Stable,0.8987146620173736
2018-12-19,Stable,0.9060126712037154
2018-12-20,Stable,0.9008408510089195
2018-12-21,Stable,0.858910724435071
2018-12-24,Stable,0.8815071776375535
2018-12-26,Stable,0.9196337265819124
2018-12-27,Stable,0.9256300032710052
2018-12-28,Stable,0.9114268233796565
2018-12-31,Stable,0.8612150467190314
2019-01-01,Stable,0.7315659961071534
2019-01-02,Stable,0.5237951965534519
2019-01-03,Stable,0.6294091026849556
2019-01-04,Stable,0.835831193799282
2019-01-07,Stable,0.9254665158258454
2019-01-08,Stable,0.9620941627038427
2019-01-09,Stable,0.9774572414144651
2019-01-10,Stable,0.9837501453763934
2019-01-11,Stable,0.9842817497203157
2019-01-14,Stable,0.9868383987897658
2019-01-15,Stable,0.9861069922503596
2019-01-16,Stable,0.9816385821164184
2019-01-17,Stable,0.9706430660826546
2019-01-18,Stable,0.9426934953926599
2019-01-21,Stable,0.883023215595221
2019-01-22,Stable,0.8138671598749985
2019-01-23,Stable,0.6982991995343162
2019-01-24,Stable,0.5105952990410477
2019-01-25,Transitional,0.8461999880299487
2019-01-28,Transitional,0.745985507829916
2019-01-29,Transitional,0.6374477235773849
2019-01-30,Transitional,0.6131631072292631
2019-01-31,Transitional,0.6614285608649374
2019-02-01,Transitional,0.7524578729377526
2019-02-04,Transitional,0.7005526102400241
2019-02-05,Transitional,0.7067291050907836
2019-02-06,Transitional,0.7712267801542668
2019-02-07,Transitional,0.8913731374049573
2019-02-08,Transitional,0.9657350671220772
2019-02-11,Stable,0.6315021101197694
2019-02-12,Stable,0.6522304880524418
2019-02-14,Stable,0.7889318571424058
2019-02-15,Stable,0.8597782463998657
2019-02-18,Stable,0.919484660725274
2019-02-19,Stable,0.9568193135764619
2019-02-20,Stable,0.9701328609013491
2019-02-21,Stable,0.9728024252406365
2019-02-22,Stable,0.9651568903730604
2019-02-25,Stable,0.9662270056243423
2019-02-26,Stable,0.9653800399400368
2019-02-27,Stable,0.9498486738225785
2019-02-28,Stable,0.9065699891943673
2019-03-01,Stable,0.8347030437080248
2019-03-05,Stable,0.6795494964517961
2019-03-06,Stable,0.8135633690062742
2019-03-07,Stable,0.8680487113594897
2019-03-08,Stable,0.8791883194860654
2019-03-11,Stable,0.8661561835128739
2019-03-12,Stable,0.9312746815519246
2019-03-13,Stable,0.9559935001134883
2019-03-14,Stable,0.9644817233588537
2019-03-15,Stable,0.9631127890864959
2019-03-18,Stable,0.9456561302870532
2019-03-19,Stable,0.9425550065008363
2019-03-20,Stable,0.9280879565264906
2019-03-22,Stable,0.9299817476649002
2019-03-25,Stable,0.9411964872024656
2019-03-26,Stable,0.957188754694807
2019-03-27,Stable,0.9580476711110495
2019-03-28,Stable,0.9558639018457715
2019-04-01,Stable,0.9344353426764008
2019-04-02,Stable,0.9591909475612491
2019-04-03,Stable,0.9762405033554081
2019-04-04,Stable,0.9834607695142876
2019-04-05,Stable,0.9867514552967412
2019-04-08,Stable,0.9863487912668959
2019-04-09,Stable,0.9845122822040411
2019-04-10,Stable,0.9858518123847063
2019-04-11,Stable,0.982761985855048
2019-04-12,Stable,0.9741904262213283
2019-04-15,Stable,0.96234099674653
2019-04-16,Stable,0.9600154954735698
2019-04-18,Stable,0.9469890219193139
2019-04-22,Stable,0.9080626129498541
2019-04-23,Stable,0.910737393871151
2019-04-24,Stable,0.9339549259388458
2019-04-25,Stable,0.9367721730562807
2019-04-26,Stable,0.9268987059602601
2019-04-30,Stable,0.9173761025525321
2019-05-02,Stable,0.9407671369885099
2019-05-03,Stable,0.942035910929547
2019-05-06,Stable,0.9235240769246071
2019-05-07,Stable,0.9174031673881804
2019-05-08,Stable,0.8965863902767895
2019-05-09,Stable,0.8874859752846034
2019-05-10,Stable,0.8367949918277897
2019-05-13,Stable,0.7065566929578777
2019-05-14,Stable,0.6729803889704328
2019-05-15,Stable,0.5516613237885862
2019-05-16,Stable,0.5814408043006046
2019-05-17,Transitional,0.9096688882894342
2019-05-20,Transitional,0.9958184022603198
2019-05-21,Transitional,0.9741198220758644
2019-05-22,Transitional,0.8059343990446414
2019-05-23,Transitional,0.7487374952695801
2019-05-24,Transitional,0.7554274938650906
2019-05-27,Stable,0.5674029419132613
2019-05-28,Stable,0.6958661816476823
2019-05-29,Stable,0.7635925022400595
2019-05-30,Stable,0.8461734271250139
2019-05-31,Stable,0.8824796006700034
2019-06-03,Stable,0.8962408749700036
2019-06-04,Stable,0.9407017395605821
2019-06-06,Stable,0.9584969052966065
2019-06-07,Stable,0.9723524192535409
2019-06-10,Stable,0.9772579638150878
2019-06-11,Stable,0.9732519913818399
2019-06-12,Stable,0.9570283421245418
2019-06-13,Stable,0.945100078785643
2019-06-14,Stable,0.9115132968304075
2019-06-17,Stable,0.8714860842023522
2019-06-18,Stable,0.8696260662073442
2019-06-19,Stable,0.8356135232777939
2019-06-20,Stable,0.7937610722003742
2019-06-21,Stable,0.8585000125749869
2019-06-24,Stable,0.9226850744390279
2019-06-25,Stable,0.9522773688349887
2019-06-26,Stable,0.9622079519879704
2019-06-27,Stable,0.9565828406814241
2019-06-28,Stable,0.9465362470882734
2019-07-01,Stable,0.9203036034963903
2019-07-02,Stable,0.8871244802021727
2019-07-03,Stable,0.7957886435406231
2019-07-04,Stable,0.574621421125767
2019-07-05,Transitional,0.9375825157498907
2019-07-08,Transitional,0.9660701545807878
2019-07-09,Transitional,0.7293088516138088
2019-07-10,Transitional,0.6435412538566476
2019-07-11,Transitional,0.5884811418341493
2019-07-12,Transitional,0.5015914061947285
2019-07-15,Transitional,0.5100716912779107
2019-07-16,Transitional,0.5557128325953893
2019-07-17,Transitional,0.7269565506313128
2019-07-18,Transitional,0.9734929945633066
2019-07-19,Transitional,0.9919081810627302
2019-07-22,Transitional,0.9148758424397876
2019-07-23,Transitional,0.9011532479383222
2019-07-24,Transitional,0.9289536943612801
2019-07-25,Transitional,0.9273950271293292
2019-07-26,Transitional,0.9723346842095438
2019-07-29,Transitional,0.995783973514298
2019-07-30,Transitional,0.9584084896320022
2019-07-31,Transitional,0.8509630128204944
2019-08-01,Transitional,0.7846925959267806
2019-08-02,Transitional,0.7894107901881247
2019-08-05,Transitional,0.8337664100810007
2019-08-06,Transitional,0.8895473730446778
2019-08-07,Transitional,0.9705105390946048
2019-08-08,Transitional,0.993516247653747
2019-08-09,Transitional,0.9918118817565937
2019-08-13,Transitional,0.9961049538688962
2019-08-14,Transitional,0.6794615761807711
2019-08-16,Transitional,0.5168031095242179
2019-08-19,Transitional,0.5778779961291165
2019-08-20,Transitional,0.6078074845068402
2019-08-21,Transitional,0.6059727072669753
2019-08-22,Transitional,0.5496595327875554
2019-08-23,Transitional,0.540555472020847
2019-08-26,Transitional,0.5279723716983098
2019-08-27,Transitional,0.5611927431443394
2019-08-28,Transitional,0.615620777457726
2019-08-29,Transitional,0.6067592979995117
2019-08-30,Transitional,0.6475616458290582
2019-09-03,Transitional,0.7819981595923952
2019-09-04,Transitional,0.8726604896594793
2019-09-05,Transitional,0.9224405983508683
2019-09-06,Transitional,0.9390579769405022
2019-09-09,Transitional,0.9176992858609657
2019-09-11,Transitional,0.9046982821036545
2019-09-12,Transitional,0.8726348060813963
2019-09-13,Transitional,0.8215176183904914
2019-09-16,Transitional,0.7577073216630841
2019-09-17,Transitional,0.6334878440227779
2019-09-18,Transitional,0.5475333971469285
2019-09-19,Transitional,0.6230599238677805
2019-09-20,Volatile,0.9599012077760743
2019-09-23,Transitional,0.7073293512903627
2019-09-24,Transitional,0.5121248701560573
2019-09-25,Transitional,0.6186296853779588
2019-09-26,Transitional,0.7756712137997642
2019-09-27,Transitional,0.7018248496743958
2019-09-30,Transitional,0.49012072233770726
2019-10-01,Transitional,0.6516526155687801
2019-10-03,Transitional,0.7218938389730418
2019-10-04,Transitional,0.7299782179590534
2019-10-07,Transitional,0.7334281798985121
2019-10-09,Transitional,0.6986700198533861
2019-10-10,Transitional,0.6539470497819153
2019-10-11,Transitional,0.6169223120640676
2019-10-14,Transitional,0.5064249316874443
2019-10-15,Transitional,0.6171351167521554
2019-10-16,Transitional,0.6366192589422947
2019-10-17,Transitional,0.7408172429519889
2019-10-18,Transitional,0.5785321686895992
2019-10-22,Transitional,0.5197139957447352
2019-10-23,Transitional,0.5272429555657056
2019-10-24,Transitional,0.5646843746928426
2019-10-25,Transitional,0.6931211460577554
2019-10-29,Transitional,0.9969888738243973
2019-10-30,Stable,0.521103664499275
2019-10-31,Stable,0.7493623621520564
2019-11-01,Stable,0.8404776725325762
2019-11-04,Stable,0.8865840211190511
2019-11-05,Stable,0.9445071509219065
2019-11-06,Stable,0.9703556009358627
2019-11-07,Stable,0.9800327302985066
2019-11-08,Stable,0.9826527545591605
2019-11-11,Stable,0.9876006392516059
2019-11-13,Stable,0.989464041627798
2019-11-14,Stable,0.9896063460599239
2019-11-15,Stable,0.988670160774558
2019-11-18,Stable,0.9876216215130773
2019-11-19,Stable,0.9856340827513309
2019-11-20,Stable,0.9844922169727971
2019-11-21,Stable,0.9778274351706843
2019-11-22,Stable,0.9747138127505535
2019-11-25,Stable,0.9608368814206917
2019-11-26,Stable,0.9646299318849647
2019-11-27,Stable,0.9678570701932746
2019-11-28,Stable,0.9732777118805865
2019-11-29,Stable,0.9696459766343031
2019-12-02,Stable,0.9726849900305647
2019-12-03,Stable,0.9765870506332103
2019-12-04,Stable,0.97677785278688
2019-12-05,Stable,0.9680488351617393
2019-12-06,Stable,0.9530316495042063
2019-12-09,Stable,0.9673682931089964
2019-12-10,Stable,0.9715768121664647
2019-12-11,Stable,0.9737948873942963
2019-12-12,Stable,0.9664123815790852
2019-12-13,Stable,0.9622237006261966
2019-12-16,Stable,0.9706125718126861
2019-12-17,Stable,0.9807180419062969
2019-12-18,Stable,0.9848495871839047
2019-12-19,Stable,0.9851019387478569
2019-12-20,Stable,0.9871057213551507
2019-12-23,Stable,0.9875807864325041
2019-12-24,Stable,0.9861650620880924
2019-12-26,Stable,0.9821823303709586
2019-12-27,Stable,0.9724289843532183
2019-12-30,Stable,0.9570397544995247
2019-12-31,Stable,0.9480009393492317
2020-01-01,Stable,0.9352433756450933
2020-01-02,Stable,0.9001820104714058
2020-01-03,Stable,0.8211047482950334
2020-01-06,Stable,0.7364068461948066
2020-01-07,Stable,0.7856356952100431
2020-01-08,Stable,0.7812205086628503
2020-01-09,Stable,0.745618439595042
2020-01-10,Stable,0.8708447086492822
2020-01-13,Stable,0.9358133111972856
2020-01-14,Stable,0.960993573401358
2020-01-15,Stable,0.970682291699556
2020-01-16,Stable,0.9797626115810812
2020-01-17,Stable,0.9805030911530793
2020-01-20,Stable,0.9741298313679537
2020-01-21,Stable,0.9683622578979948
2020-01-22,Stable,0.973245486734052
2020-01-23,Stable,0.9795479396242746
2020-01-24,Stable,0.9831313525602932
2020-01-27,Stable,0.9812221335775351
2020-01-28,Stable,0.9728103677674014
2020-01-29,Stable,0.9739749815615063
2020-01-30,Stable,0.9691650698474155
2020-01-31,Stable,0.9550836475352382
2020-02-03,Stable,0.9463366155827871
2020-02-04,Stable,0.9446075760474205
2020-02-05,Stable,0.946704505846576
2020-02-06,Stable,0.9282642837491768
2020-02-07,Stable,0.8730359914592546
2020-02-10,Stable,0.794836409755644
2020-02-11,Stable,0.8811324666433566
2020-02-12,Stable,0.912518446942064
2020-02-13,Stable,0.9147758055824704
2020-02-14,Stable,0.8892856279240772
2020-02-17,Stable,0.8643236298909112
2020-02-18,Stable,0.8070339215189877
2020-02-19,Stable,0.726600150469231
2020-02-20,Stable,0.521508922281251
2020-02-24,Transitional,0.9759598069519676
2020-02-25,Transitional,0.9609938105785608
2020-02-26,Transitional,0.9691337849593916
2020-02-27,Transitional,0.9562380533096965
2020-02-28,Transitional,0.9681455926717051
2020-03-02,Transitional,0.8956240829078354
2020-03-03,Transitional,0.8590424615387479
2020-03-04,Transitional,0.8030028550901458
2020-03-05,Transitional,0.7567199540957037
2020-03-06,Transitional,0.6932337965748666
2020-03-09,Transitional,0.507528604612084
2020-03-11,Transitional,0.6693858965428181
2020-03-12,Volatile,0.9969319736321954
2020-03-13,Volatile,0.9975606494823595
2020-03-16,Volatile,0.9991342883169048
2020-03-17,Volatile,0.998600741558538
2020-03-18,Volatile,0.9996753164227719
2020-03-19,Volatile,0.9999436618645473
2020-03-20,Volatile,0.9998075664411232
2020-03-23,Volatile,0.9999999999672582
2020-03-24,Volatile,0.9990531839228209
2020-03-25,Volatile,0.9993491817641001
2020-03-26,Volatile,0.9982255788774497
2020-03-27,Volatile,0.9979200464171913
2020-03-30,Volatile,0.9985771479803965
2020-03-31,Volatile,0.9963448089917405
2020-04-01,Volatile,0.9961690054715336
2020-04-03,Volatile,0.997875175815289
2020-04-07,Volatile,0.9999985458063407
2020-04-08,Volatile,0.9995352357539138
2020-04-09,Volatile,0.999999115022029
2020-04-13,Volatile,0.9930958188123581
2020-04-15,Volatile,0.9882259609558237
2020-04-16,Volatile,0.9863427287987343
2020-04-17,Volatile,0.9876944254849563
2020-04-20,Volatile,0.9808946894014234
2020-04-21,Volatile,0.9786497486675692
2020-04-22,Volatile,0.9538660359573277
2020-04-23,Volatile,0.9343383356964349
2020-04-24,Volatile,0.9269523183922656
2020-04-27,Volatile,0.9256537686271625
2020-04-28,Volatile,0.9310942404465371
2020-04-29,Volatile,0.9479914869966289
2020-04-30,Volatile,0.9781994169088046
2020-05-04,Volatile,0.9739292334145719
2020-05-05,Transitional,0.6121247444200217
2020-05-06,Transitional,0.542243318964503
2020-05-07,Transitional,0.634047624381635
2020-05-08,Transitional,0.6870175426653226
2020-05-11,Transitional,0.7249249166113153
2020-05-12,Transitional,0.7691738757563877
2020-05-13,Transitional,0.8030788361533041
2020-05-14,Transitional,0.8109502908364568
2020-05-15,Transitional,0.8300752243907441
2020-05-18,Transitional,0.8611082472672769
2020-05-19,Transitional,0.8926234535794049
2020-05-20,Transitional,0.9205508970390323
2020-05-21,Transitional,0.93446847947463
2020-05-22,Transitional,0.8963596294002157
2020-05-26,Transitional,0.9025892942324012
2020-05-27,Transitional,0.9197335023457515
2020-05-28,Transitional,0.9849259924262852
2020-05-29,Transitional,0.9710978204244423
2020-06-01,Transitional,0.9625589686944488
2020-06-02,Transitional,0.6103371219193496
2020-06-03,Transitional,0.5594203023763444
2020-06-04,Transitional,0.6187927138975736
2020-06-05,Transitional,0.6087837908132138
2020-06-08,Transitional,0.6228100102494116
2020-06-09,Transitional,0.5749282396528463
2020-06-10,Transitional,0.5531640131683481
2020-06-11,Transitional,0.7158464151460053
2020-06-12,Transitional,0.7638625979950752
2020-06-15,Transitional,0.6061139992662701
2020-06-16,Stable,0.698167953411823
2020-06-17,Stable,0.8211367024447981
2020-06-18,Stable,0.8792878009505515
2020-06-19,Stable,0.8949449751590047
2020-06-22,Stable,0.9156655852312411
2020-06-23,Stable,0.937801077853064
2020-06-24,Stable,0.9446628933361055
2020-06-25,Stable,0.940828658523916
2020-06-26,Stable,0.9127403907894114
2020-06-29,Stable,0.8383785245461421
2020-06-30,Stable,0.7674500328372201
2020-07-01,Stable,0.6470630510866284
2020-07-02,Stable,0.6523653973691561
2020-07-03,Stable,0.6566250565642486
2020-07-06,Stable,0.7158778136826004
2020-07-07,Stable,0.5754504474698463
2020-07-08,Stable,0.536103410409888
2020-07-09,Stable,0.6120819526033436
2020-07-10,Stable,0.6597220269359784
2020-07-13,Stable,0.6606663537220574
2020-07-14,Stable,0.6017908244614889
2020-07-15,Stable,0.7005403851097617
2020-07-16,Stable,0.7224631081434032
2020-07-17,Stable,0.7221012370503316
2020-07-20,Stable,0.739989147236909
2020-07-21,Stable,0.7057918484700643
2020-07-22,Stable,0.6844551364839486
2020-07-23,Stable,0.6623027229372567
2020-07-24,Stable,0.622428331970592
2020-07-27,Stable,0.5662505918040612
2020-07-28,Stable,0.5803479957119592
2020-07-29,Stable,0.6087759958198773
2020-07-30,Stable,0.768380987953261
2020-07-31,Stable,0.8466741240083464
2020-08-03,Stable,0.869512111817378
2020-08-04,Stable,0.8639661516025011
2020-08-05,Stable,0.8663533084309736
2020-08-06,Stable,0.8963093132059019
2020-08-07,Stable,0.8914325851473208
2020-08-10,Stable,0.8578796998226209
2020-08-11,Stable,0.7843512377449828
2020-08-12,Stable,0.5958862761130008
2020-08-13,Stable,0.5041385859578474
2020-08-14,Stable,0.6429581926104414
2020-08-17,Stable,0.5862217685032178
2020-08-18,Stable,0.692257791926254
2020-08-19,Stable,0.8458061582968408
2020-08-20,Stable,0.907157661195478
2020-08-21,Stable,0.9311989851026374
2020-08-24,Stable,0.9292594862891692
2020-08-25,Stable,0.8992546315242425
2020-08-26,Stable,0.8200134008410291
2020-08-27,Stable,0.7339998931671391
2020-08-28,Stable,0.5781739666873139
2020-08-31,Stable,0.6732751765178809
2020-09-01,Stable,0.6500295990641068
2020-09-02,Stable,0.7924514378559494
2020-09-03,Stable,0.8836746612772489
2020-09-04,Stable,0.9316225458955478
2020-09-07,Stable,0.9574179489851045
2020-09-08,Stable,0.9683037704380415
2020-09-09,Stable,0.9777540041648273
2020-09-10,Stable,0.9779188798531137
2020-09-11,Stable,0.9706534407505456
2020-09-14,Stable,0.9483513914911754
2020-09-15,Stable,0.9111432212360774
2020-09-16,Stable,0.8181634034717038
2020-09-17,Stable,0.7249831083650122
2020-09-18,Stable,0.510542064590925
2020-09-21,Transitional,0.9958694760297507
2020-09-22,Transitional,0.9850495546185783
2020-09-23,Transitional,0.9740147858780104
2020-09-24,Transitional,0.9965335199670574
2020-09-25,Transitional,0.9955849734532617
2020-09-28,Transitional,0.9569655008703946
2020-09-29,Stable,0.5734235348916553
2020-09-30,Stable,0.7949522629938441
2020-10-01,Stable,0.890056548080146
2020-10-05,Stable,0.9343822020339159
2020-10-06,Stable,0.948213510081765
2020-10-07,Stable,0.9601697820209735
2020-10-08,Stable,0.9761879399100295
2020-10-09,Stable,0.9809216069296228
2020-10-12,Stable,0.9797014306072102
2020-10-13,Stable,0.9781835766604797
2020-10-14,Stable,0.9735805328661691
2020-10-15,Stable,0.9587016067387691
2020-10-16,Stable,0.9506268538739179
2020-10-19,Stable,0.9195713819518047
2020-10-20,Stable,0.88729053443045
2020-10-21,Stable,0.7991765464741943
2020-10-22,Stable,0.5938054163880387
2020-10-23,Transitional,0.8851449940763295
2020-10-26,Transitional,0.9234049499588501
2020-10-27,Stable,0.5608998567868432
2020-10-28,Stable,0.6848744978857827
2020-10-29,Stable,0.7835658121286025
2020-10-30,Stable,0.8499327975824742
2020-11-02,Stable,0.9071403508468651
2020-11-03,Stable,0.927838899142244
2020-11-04,Stable,0.9548511868701521
2020-11-05,Stable,0.9647407922472051
2020-11-06,Stable,0.9735524972008194
2020-11-09,Stable,0.9712803234538738
2020-11-10,Stable,0.9613836322976795
2020-11-11,Stable,0.9378242235972725
2020-11-12,Stable,0.9245964209503471
2020-11-13,Stable,0.8781144364058847
2020-11-17,Stable,0.760389845549711
2020-11-18,Stable,0.6186879285554266
2020-11-19,Stable,0.7647732107630937
2020-11-20,Stable,0.8407214970278085
2020-11-23,Stable,0.8667557370424281
2020-11-24,Stable,0.8585311996380189
2020-11-25,Stable,0.8676413169666772
2020-11-26,Stable,0.916218440183868
2020-11-27,Stable,0.9292467375851549
2020-12-01,Stable,0.9445343972000478
2020-12-02,Stable,0.9515798025341863
2020-12-03,Stable,0.9555532701349105
2020-12-04,Stable,0.9744239327207235
2020-12-07,Stable,0.9829533570695481
2020-12-08,Stable,0.9847906020677165
2020-12-09,Stable,0.9821361423643774
2020-12-10,Stable,0.9724764163460156
2020-12-11,Stable,0.9654082897630704
2020-12-14,Stable,0.9422306654852172
2020-12-15,Stable,0.9170883733251279
2020-12-16,Stable,0.8552794439827011
2020-12-17,Stable,0.7435790390268616
2020-12-18,Stable,0.5230757826581852
2020-12-21,Transitional,0.9920122420195238
2020-12-22,Stable,0.59812079420292
2020-12-23,Stable,0.5971629002566295
2020-12-24,Stable,0.7423622683497503
2020-12-28,Stable,0.7962136287933586
2020-12-29,Stable,0.8151995480530837
2020-12-30,Stable,0.7906569264666239
2020-12-31,Stable,0.7535057064738555
2021-01-04,Stable,0.6355359914286359
2021-01-05,Stable,0.6458976832861555
2021-01-06,Stable,0.5896380410607084
2021-01-07,Stable,0.5601835055874639
2021-01-08,Transitional,0.9148328735670762
2021-01-11,Transitional,0.899042043247459
2021-01-12,Transitional,0.7535087791678261
2021-01-13,Transitional,0.6639292409749509
2021-01-14,Transitional,0.6394426249077307
2021-01-15,Transitional,0.6871931892791959
2021-01-18,Transitional,0.8136401950420135
2021-01-19,Transitional,0.832715959384535
2021-01-20,Transitional,0.846774513152365
2021-01-21,Transitional,0.806141058041958
2021-01-25,Transitional,0.8292282648067251
2021-01-27,Transitional,0.9242119797620639
2021-01-28,Transitional,0.9435266577279047
2021-01-29,Transitional,0.9873819162963396
2021-02-01,Transitional,0.9865187746199875
2021-02-02,Transitional,0.9872789513748692
2021-02-03,Transitional,0.926367541144644
2021-02-04,Transitional,0.9051848926036536
2021-02-05,Transitional,0.915913126035227
2021-02-08,Transitional,0.936674160812769
2021-02-09,Transitional,0.7708303786959436
2021-02-10,Transitional,0.5955921166249253
2021-02-11,Transitional,0.5118040543765097
2021-02-12,Transitional,0.501310120263125
2021-02-16,Transitional,0.5440107593730061
2021-02-18,Transitional,0.6978617899573387
2021-02-19,Transitional,0.9083751629826186
2021-02-22,Transitional,0.9108918690527835
2021-02-23,Transitional,0.8341685583908515
2021-02-24,Transitional,0.8186903085838789
2021-02-25,Transitional,0.8677601567570741
2021-02-26,Transitional,0.9891866875126475
2021-03-01,Transitional,0.9843890605966549
2021-03-02,Transitional,0.9648393910634805
2021-03-03,Stable,0.5268677477556155
2021-03-04,Stable,0.7066870747777045
2021-03-05,Stable,0.8145855074332999
2021-03-08,Stable,0.8887622870696128
2021-03-09,Stable,0.9145210621682537
2021-03-10,Stable,0.9153718013279921
2021-03-12,Stable,0.8981190260748808
2021-03-15,Stable,0.9133674327738561
2021-03-16,Stable,0.9060051861098559
2021-03-17,Stable,0.8621896838760351
2021-03-18,Stable,0.8719317853642599
2021-03-19,Stable,0.8446122617278672
2021-03-22,Stable,0.7592173758552394
2021-03-23,Stable,0.5732348785396629
2021-03-24,Transitional,0.8617435023262022
2021-03-25,Transitional,0.9030697788520594
2021-03-26,Transitional,0.7839277691917849
2021-03-30,Transitional,0.7137987104058119
2021-03-31,Transitional,0.6989730328400123
2021-04-01,Transitional,0.7562835477934096
2021-04-05,Transitional,0.8165055977262061
2021-04-06,Transitional,0.732033679192731
2021-04-07,Transitional,0.726096679275909
2021-04-08,Transitional,0.7253457040124647
2021-04-09,Transitional,0.7989946122454689
2021-04-12,Transitional,0.9845517916738007
2021-04-13,Transitional,0.9853364037004624
2021-04-15,Transitional,0.9384862335217368
2021-04-16,Transitional,0.9009423452039053
2021-04-19,Transitional,0.8929370376443857
2021-04-20,Stable,0.5104675354811045
2021-04-22,Stable,0.743509670208716
2021-04-23,Stable,0.8359585749226504
2021-04-26,Stable,0.8752336291534243
2021-04-27,Stable,0.8764905403241332
2021-04-28,Stable,0.846041816469633
2021-04-29,Stable,0.8313664120047922
2021-04-30,Stable,0.802909074019672
2021-05-03,Stable,0.7854833051680045
2021-05-04,Stable,0.704224017694498
2021-05-06,Stable,0.5712071916632225
2021-05-07,Stable,0.5798984984129001
2021-05-10,Stable,0.5166055302444369
2021-05-12,Stable,0.5492997002352014
2021-05-14,Stable,0.7392618733130301
2021-05-17,Stable,0.7940076595651574
2021-05-18,Stable,0.8198120500422005
2021-05-19,Stable,0.5744166653249989
2021-05-21,Stable,0.7959860003106976
2021-05-24,Stable,0.8961147603597143
2021-05-26,Stable,0.9349998922369619
2021-05-27,Stable,0.9633253000907841
2021-05-28,Stable,0.9737932266886835
2021-06-01,Stable,0.9731933263475193
2021-06-02,Stable,0.9659263813192541
2021-06-03,Stable,0.9790489705702369
2021-06-04,Stable,0.9829205888238169
2021-06-07,Stable,0.9847981894561424
2021-06-08,Stable,0.9838931445992954
2021-06-09,Stable,0.9792940564592475
2021-06-10,Stable,0.9859901353276043
2021-06-11,Stable,0.9883581716736939
2021-06-14,Stable,0.9883240159986458
2021-06-15,Stable,0.9858138672470366
2021-06-16,Stable,0.9784099864229698
2021-06-17,Stable,0.9704736705521201
2021-06-18,Stable,0.9763472094173956
2021-06-21,Stable,0.9807176659657527
2021-06-22,Stable,0.980471652239587
2021-06-23,Stable,0.9863596806801243
2021-06-24,Stable,0.9885724836292366
2021-06-25,Stable,0.9881721023809337
2021-06-28,Stable,0.9884405702894186
2021-06-29,Stable,0.9859194643342974
2021-06-30,Stable,0.9878821883445008
2021-07-01,Stable,0.9870953121666372
2021-07-02,Stable,0.9863322312809281
2021-07-06,Stable,0.9813839958397392
2021-07-07,Stable,0.9852660874381199
2021-07-08,Stable,0.9845752917955971
2021-07-09,Stable,0.9879967890349964
2021-07-12,Stable,0.9899025185235634
2021-07-13,Stable,0.989975581657864
2021-07-14,Stable,0.989629102607618
2021-07-15,Stable,0.9885384318744925
2021-07-16,Stable,0.9868069891380828
2021-07-19,Stable,0.9809627529675761
2021-07-20,Stable,0.9827149627462753
2021-07-22,Stable,0.9870033533446828
2021-07-23,Stable,0.9873780249881644
2021-07-26,Stable,0.9859692252521749
2021-07-27,Stable,0.9848386544513361
2021-07-28,Stable,0.9812595092636143
2021-07-29,Stable,0.9811781177391552
2021-07-30,Stable,0.9770031364610465
2021-08-02,Stable,0.9696373516134339
2021-08-03,Stable,0.9666788677934353
2021-08-04,Stable,0.9746877883601515
2021-08-05,Stable,0.9839957107103311
2021-08-06,Stable,0.9879993966196887
2021-08-09,Stable,0.9888171324855938
2021-08-10,Stable,0.9874723882449966
2021-08-11,Stable,0.9892040856785752
2021-08-12,Stable,0.9893404540482793
2021-08-13,Stable,0.9877390626518052
2021-08-16,Stable,0.9827912345508032
2021-08-17,Stable,0.9807098985485597
2021-08-18,Stable,0.9707754152436027
2021-08-20,Stable,0.9464720453278781
2021-08-23,Stable,0.9487008621968172
2021-08-24,Stable,0.9694373893471332
2021-08-25,Stable,0.9795400551045618
2021-08-26,Stable,0.9824135691990492
2021-08-27,Stable,0.9820957763515009
2021-08-30,Stable,0.9751465609390424
2021-08-31,Stable,0.9829249158784614
2021-09-01,Stable,0.9875530505348228
2021-09-02,Stable,0.9885837623222911
2021-09-03,Stable,0.9877932773122855
2021-09-06,Stable,0.9897251799290118
2021-09-07,Stable,0.9902574060827097
2021-09-08,Stable,0.9897819833234397
2021-09-09,Stable,0.9904224019640044
2021-09-13,Stable,0.9896297403974587
2021-09-14,Stable,0.9867717917406404
2021-09-15,Stable,0.9843563008967431
2021-09-16,Stable,0.9809269232348979
2021-09-17,Stable,0.970961457653153
2021-09-20,Stable,0.94508397216561
2021-09-21,Stable,0.9365333996331223
2021-09-22,Stable,0.9074277639507254
2021-09-23,Stable,0.8689703029086393
2021-09-24,Stable,0.7877540031083438
2021-09-27,Stable,0.5974247813819075
2021-09-28,Stable,0.752686830579352
2021-09-29,Stable,0.8317178319223039
2021-09-30,Stable,0.8587557187198926
2021-10-01,Stable,0.8552910374300567
2021-10-04,Stable,0.8066999809517683
2021-10-05,Stable,0.6769516113742124
2021-10-06,Stable,0.6279664335458413
2021-10-07,Transitional,0.9952871553998234
2021-10-08,Transitional,0.9691228914920955
2021-10-11,Transitional,0.9786139114706266
2021-10-12,Transitional,0.9548662808325392
2021-10-13,Transitional,0.9642687946189641
2021-10-14,Stable,0.6532235697509257
2021-10-18,Stable,0.5006088863338233
2021-10-19,Stable,0.5438519170232347
2021-10-20,Stable,0.6258774832425995
2021-10-21,Stable,0.6906731955058512
2021-10-22,Stable,0.6944987142596051
2021-10-25,Stable,0.6829800648253905
2021-10-26,Stable,0.7280139586875263
2021-10-27,Stable,0.8358211864102848
2021-10-28,Stable,0.8843813513695867
2021-10-29,Stable,0.9315491125428885
2021-11-01,Stable,0.9462853728636728
2021-11-02,Stable,0.9536810076973994
2021-11-03,Stable,0.9506049519410776
2021-11-04,Stable,0.9485964501414105
2021-11-08,Stable,0.9534841161708555
2021-11-09,Stable,0.9437258069976359
2021-11-10,Stable,0.9237699540609984
2021-11-11,Stable,0.8696012396573605
2021-11-12,Stable,0.8122102813056252
2021-11-15,Stable,0.6607016513256848
2021-11-16,Transitional,0.6969208969492641
2021-11-17,Transitional,0.7760625208477872
2021-11-18,Transitional,0.9708655603735995
2021-11-22,Transitional,0.990750606872309
2021-11-23,Transitional,0.9406213840932247
2021-11-24,Transitional,0.9364033623959142
2021-11-25,Transitional,0.9448816231364519
2021-11-26,Transitional,0.9962875530325678
2021-11-29,Stable,0.7216087823128778
2021-11-30,Stable,0.5952678472824411
2021-12-01,Stable,0.5210544828390768
2021-12-02,Stable,0.5365712299524859
2021-12-03,Stable,0.5504508745859302
2021-12-06,Stable,0.5229399934340646
2021-12-07,Stable,0.5566027131892476
2021-12-08,Stable,0.5923467606539125
2021-12-09,Stable,0.7657952099672327
2021-12-10,Stable,0.8352170270053605
2021-12-13,Stable,0.849904745099186
2021-12-14,Stable,0.8269163358544086
2021-12-15,Stable,0.768725939487438
2021-12-16,Stable,0.6189549575617863
2021-12-17,Stable,0.6506875953453722
2021-12-20,Stable,0.6625138336238661
2021-12-21,Stable,0.5901052155315334
2021-12-22,Stable,0.7068341250811835
2021-12-23,Stable,0.8317337542973702
2021-12-24,Stable,0.8884547972025372
2021-12-27,Stable,0.9328193982532171
2021-12-28,Stable,0.9454864239594261
2021-12-29,Stable,0.9587917088961342
2021-12-30,Stable,0.9561433477646339
2021-12-31,Stable,0.9449916589343611
2022-01-03,Stable,0.9494667751865673
2022-01-04,Stable,0.9669024058590533
2022-01-05,Stable,0.969428091958584
2022-01-06,Stable,0.969362048979665
2022-01-07,Stable,0.9580655991995146
2022-01-10,Stable,0.9270255112093836
2022-01-11,Stable,0.9232265346419973
2022-01-12,Stable,0.8914946043328679
2022-01-13,Stable,0.8601568010923119
2022-01-14,Stable,0.7687871698470682
2022-01-17,Stable,0.5643209394316738
2022-01-18,Stable,0.5334976618382758
2022-01-19,Stable,0.5251203985027892
2022-01-20,Stable,0.5216060086475187
2022-01-21,Stable,0.5211985499255609
2022-01-24,Stable,0.6644006823098351
2022-01-25,Stable,0.6002405818830012
2022-01-27,Stable,0.635259913630205
2022-01-28,Stable,0.7266921411244949
2022-01-31,Stable,0.7619470394574481
2022-02-01,Stable,0.830002918133596
2022-02-02,Stable,0.8634144484076209
2022-02-03,Stable,0.8556869704916564
2022-02-04,Stable,0.8034299727747132
2022-02-07,Stable,0.7333248391100211
2022-02-08,Stable,0.670039237794352
2022-02-09,Stable,0.5078271711059725
2022-02-10,Stable,0.5663660324493198
2022-02-11,Stable,0.7445444184008302
2022-02-14,Transitional,0.9958968562793253
2022-02-15,Transitional,0.9946377523746978
2022-02-16,Transitional,0.6324726157157342
2022-02-17,Transitional,0.5259448936539041
2022-02-18,Transitional,0.5785551017041871
2022-02-21,Transitional,0.5803172095127916
2022-02-22,Transitional,0.5261853115784998
2022-02-23,Transitional,0.6186315921096448
2022-02-24,Transitional,0.9615009635894526
2022-02-25,Transitional,0.9628780631804508
2022-02-28,Transitional,0.9566914802686103
2022-03-02,Transitional,0.9691548882380098
2022-03-03,Transitional,0.9696613066071822
2022-03-04,Transitional,0.970971705139327
2022-03-07,Transitional,0.9739630439032556
2022-03-08,Transitional,0.9398671102958023
2022-03-09,Transitional,0.9387172535815264
2022-03-10,Transitional,0.7962210608804665
2022-03-11,Stable,0.5790113216617067
2022-03-14,Stable,0.5101753368274243
2022-03-15,Stable,0.5415130928026559
2022-03-16,Stable,0.5089830474178652
2022-03-17,Stable,0.5434075910151707
2022-03-21,Stable,0.6754391431454545
2022-03-22,Stable,0.793177109838111
2022-03-23,Stable,0.8705606592014516
2022-03-24,Stable,0.9308113361511672
2022-03-25,Stable,0.9598100541902311
2022-03-28,Stable,0.9748140496114647
2022-03-29,Stable,0.9809776667582463
2022-03-30,Stable,0.9800599745894607
2022-03-31,Stable,0.9824760092268272
2022-04-01,Stable,0.978397372253569
2022-04-04,Stable,0.9766353195591272
2022-04-05,Stable,0.9769834046205377
2022-04-06,Stable,0.9803289435893513
2022-04-07,Stable,0.9776705698977547
2022-04-08,Stable,0.9747724739101344
2022-04-11,Stable,0.9642126044324242
2022-04-12,Stable,0.9352688122374094
2022-04-13,Stable,0.8928843350755143
2022-04-18,Stable,0.825347181357161
2022-04-19,Stable,0.6615976113727805
2022-04-20,Transitional,0.5203010491642459
2022-04-21,Transitional,0.5795801451369331
2022-04-22,Transitional,0.5627659347723922
2022-04-25,Transitional,0.6021333614672341
2022-04-26,Transitional,0.6757319684379075
2022-04-27,Transitional,0.5726380120387619
2022-04-28,Transitional,0.5407700745780829
2022-04-29,Transitional,0.5806210210582649
2022-05-02,Transitional,0.6538302597012587
2022-05-04,Transitional,0.7383006300324502
2022-05-05,Transitional,0.6573153862525462
2022-05-06,Transitional,0.6537469519257749
2022-05-09,Transitional,0.606353258382981
2022-05-10,Transitional,0.6250320633361179
2022-05-11,Transitional,0.7305327208996962
2022-05-12,Transitional,0.9077967015108666
2022-05-13,Transitional,0.9660707905181776
2022-05-16,Transitional,0.9791571883114382
2022-05-17,Transitional,0.9806980349282208
2022-05-18,Transitional,0.9627312731865942
2022-05-19,Transitional,0.9826289104930597
2022-05-20,Transitional,0.9557689079343277
2022-05-23,Transitional,0.7353350191546362
2022-05-24,Stable,0.5646539070356328
2022-05-25,Stable,0.6829077765678846
2022-05-26,Stable,0.7583250160194956
2022-05-27,Stable,0.7812506139954264
2022-05-30,Stable,0.8087147503802363
2022-05-31,Stable,0.8846562705937301
2022-06-01,Stable,0.9201483447713638
2022-06-02,Stable,0.9262881149785557
2022-06-03,Stable,0.9162760903970989
2022-06-06,Stable,0.9497040049335942
2022-06-07,Stable,0.95880117823592
2022-06-08,Stable,0.9531779010918329
2022-06-09,Stable,0.9260068439047511
2022-06-10,Stable,0.8559231639468518
2022-06-13,Stable,0.6934099886719022
2022-06-14,Stable,0.6568585351740458
2022-06-15,Stable,0.5553707121239757
2022-06-16,Transitional,0.6477697862386461
2022-06-17,Transitional,0.6715028778063469
2022-06-20,Transitional,0.7155550115674112
2022-06-21,Transitional,0.825765417643156
2022-06-22,Transitional,0.8814770099507626
2022-06-23,Transitional,0.9925263325849558
2022-06-24,Transitional,0.7937077840997101
2022-06-27,Stable,0.5340831517986727
2022-06-28,Stable,0.7023344762719727
2022-06-29,Stable,0.8191405617068012
2022-06-30,Stable,0.8594360308896898
2022-07-01,Stable,0.9041045282931178
2022-07-04,Stable,0.9117651653061232
2022-07-05,Stable,0.8907637116152223
2022-07-06,Stable,0.8305096168997922
2022-07-07,Stable,0.8865440487699061
2022-07-08,Stable,0.9336817720145725
2022-07-11,Stable,0.9482324641024918
2022-07-12,Stable,0.954731873222942
2022-07-13,Stable,0.9675535006302294
2022-07-14,Stable,0.9669324131934113
2022-07-15,Stable,0.95177694652609
2022-07-18,Stable,0.9693883465255471
2022-07-19,Stable,0.9734948820962956
2022-07-20,Stable,0.9759007398348905
2022-07-21,Stable,0.9698033600608114
2022-07-22,Stable,0.9515288393140244
2022-07-25,Stable,0.9059238989726285
2022-07-26,Stable,0.8959754293932419
2022-07-27,Stable,0.8885459702623135
2022-07-28,Stable,0.842642708435263
2022-07-29,Stable,0.7247118335934805
2022-08-01,Stable,0.56168950206057
2022-08-02,Stable,0.7732919362971789
2022-08-03,Stable,0.8642640727664707
2022-08-04,Stable,0.9186669721866637
2022-08-05,Stable,0.9351075556162657
2022-08-08,Stable,0.9519500889973982
2022-08-10,Stable,0.958862308916634
2022-08-11,Stable,0.9489929663803554
2022-08-12,Stable,0.9167994036945388
2022-08-16,Stable,0.8344251412547297
2022-08-17,Stable,0.8622265994553603
2022-08-18,Stable,0.8566450044993552
2022-08-19,Stable,0.8161128453972172
2022-08-22,Stable,0.7916895175303429
2022-08-23,Stable,0.8353475393301821
2022-08-24,Stable,0.9113569269071699
2022-08-25,Stable,0.9401852397756264
2022-08-26,Stable,0.9463643918856185
2022-08-29,Stable,0.9325621352008955
2022-08-30,Stable,0.8918798212889789
2022-09-01,Stable,0.9473325083147963
2022-09-02,Stable,0.970084820636712
2022-09-05,Stable,0.98005892753871
2022-09-06,Stable,0.9817171671535799
2022-09-07,Stable,0.9772541873144726
2022-09-08,Stable,0.980563634187806
2022-09-09,Stable,0.9784792865752143
2022-09-12,Stable,0.9687974947797516
2022-09-13,Stable,0.9423843087747239
2022-09-14,Stable,0.8772306564050324
2022-09-15,Stable,0.7328352114857763
2022-09-16,Transitional,0.5723730921128422
2022-09-19,Transitional,0.5411227875065601
2022-09-20,Transitional,0.5609614386221919
2022-09-21,Transitional,0.575380465023563
2022-09-22,Transitional,0.6564660407758883
2022-09-23,Transitional,0.8524097428378707
2022-09-26,Transitional,0.9713410876255799
2022-09-27,Stable,0.6368854488308332
2022-09-28,Stable,0.5205926663019188
2022-09-29,Stable,0.5687406118811396
2022-09-30,Stable,0.5536492365279728
2022-10-03,Stable,0.542288231098223
2022-10-04,Stable,0.6278784078128606
2022-10-06,Stable,0.8002722440277427
2022-10-07,Stable,0.8812496268618545
2022-10-10,Stable,0.9102660448493314
2022-10-11,Stable,0.9158785201934251
2022-10-12,Stable,0.9513958995560499
2022-10-13,Stable,0.9703463707742518
2022-10-14,Stable,0.9770648883972045
2022-10-17,Stable,0.9810442356764715
2022-10-18,Stable,0.9805265056505671
2022-10-19,Stable,0.9864859366321573
2022-10-20,Stable,0.9884357240324801
2022-10-21,Stable,0.9875623916291024
2022-10-24,Stable,0.9844599780074693
2022-10-25,Stable,0.9793576067512475
2022-10-27,Stable,0.9779037531898853
2022-10-28,Stable,0.9670238680600783
2022-10-31,Stable,0.9694298956099846
2022-11-01,Stable,0.9791875174780579
2022-11-02,Stable,0.9803890088218968
2022-11-03,Stable,0.981329881255821
2022-11-04,Stable,0.9780794228878278
2022-11-07,Stable,0.9650567909926322
2022-11-09,Stable,0.9538729371695525
2022-11-10,Stable,0.9343136506993499
2022-11-11,Stable,0.9640760300229474
2022-11-14,Stable,0.9767889163696795
2022-11-15,Stable,0.9793047455982328
2022-11-16,Stable,0.9762525212836991
2022-11-17,Stable,0.9657500462569806
2022-11-18,Stable,0.9687090849670174
2022-11-21,Stable,0.9791123373392817
2022-11-22,Stable,0.9860249387728877
2022-11-23,Stable,0.9886243595863228
2022-11-24,Stable,0.9885318210692197
2022-11-25,Stable,0.9869709943999221
2022-11-28,Stable,0.9859265493164088
2022-11-29,Stable,0.9821437752395948
2022-11-30,Stable,0.972102032041467
2022-12-01,Stable,0.9785147940498108
2022-12-02,Stable,0.9782058421632694
2022-12-05,Stable,0.98447194733592
2022-12-06,Stable,0.9867247818281083
2022-12-07,Stable,0.9862636523968445
2022-12-08,Stable,0.9885652919120391
2022-12-09,Stable,0.988264485140712
2022-12-12,Stable,0.9864371148178316
2022-12-13,Stable,0.9802048651526885
2022-12-14,Stable,0.9654805209276285
2022-12-15,Stable,0.932932277175493
2022-12-16,Stable,0.87710702125874
2022-12-19,Stable,0.8085102363131474
2022-12-20,Stable,0.7479880620662998
2022-12-21,Stable,0.6348714422890475
2022-12-22,Stable,0.5425106097905179
2022-12-23,Stable,0.579666991878219
2022-12-27,Stable,0.5065804855674195
2022-12-28,Stable,0.76795327348427
2022-12-29,Stable,0.8953697634662475
2022-12-30,Stable,0.947677677956725
2023-01-02,Stable,0.9694596221063418
2023-01-03,Stable,0.977046864877601
2023-01-04,Stable,0.978339169022602
2023-01-05,Stable,0.980105192395785
2023-01-06,Stable,0.9841015579771437
2023-01-09,Stable,0.9836540348658682
2023-01-10,Stable,0.9878129082568332
2023-01-11,Stable,0.9887325431199964
2023-01-12,Stable,0.9901506658553111
2023-01-13,Stable,0.9899240369813074
2023-01-16,Stable,0.9887970140204526
2023-01-17,Stable,0.9896591960853214
2023-01-18,Stable,0.9898990830630245
2023-01-19,Stable,0.9885161166993084
2023-01-20,Stable,0.9866797799230997
2023-01-23,Stable,0.9846864177654082
2023-01-24,Stable,0.9815386977073697
2023-01-25,Stable,0.9835185973697739
2023-01-27,Stable,0.9798212665014877
2023-01-30,Stable,0.9757756048295276
2023-01-31,Stable,0.96117494065702
2023-02-01,Stable,0.9706310495622904
2023-02-02,Stable,0.9793174979539314
2023-02-03,Stable,0.9795827965694134
2023-02-06,Stable,0.9838115149958975
2023-02-07,Stable,0.9829032654770774
2023-02-08,Stable,0.9873255480731752
2023-02-09,Stable,0.9880962052112925
2023-02-10,Stable,0.9891189507524878
2023-02-13,Stable,0.9881278588778765
2023-02-14,Stable,0.9883216313406678
2023-02-15,Stable,0.9874940713080619
2023-02-16,Stable,0.9887533497853002
2023-02-17,Stable,0.9883334338223455
2023-02-20,Stable,0.9880710618392382
2023-02-21,Stable,0.9848148337050111
2023-02-22,Stable,0.9769447329584549
2023-02-23,Stable,0.9781767929979247
2023-02-24,Stable,0.9709178937611358
2023-02-27,Stable,0.9629738440818763
2023-02-28,Stable,0.9740911395859461
2023-03-01,Stable,0.9750988529953302
2023-03-02,Stable,0.9726622346892703
2023-03-03,Stable,0.9700970793315643
2023-03-06,Stable,0.954770326484457
2023-03-08,Stable,0.9276538739355076
2023-03-09,Stable,0.8735294623986067
2023-03-10,Stable,0.8723783491716566
2023-03-13,Stable,0.8352373451187749
2023-03-14,Stable,0.9024517161677413
2023-03-15,Stable,0.9477825679195313
2023-03-16,Stable,0.9705735593539625
2023-03-17,Stable,0.9781748831242384
2023-03-20,Stable,0.9806097489682731
2023-03-21,Stable,0.9863086750076727
2023-03-22,Stable,0.9875476728082834
2023-03-23,Stable,0.9863292233834813
2023-03-24,Stable,0.9807348270896106
2023-03-27,Stable,0.9749916986783046
2023-03-28,Stable,0.9650162784676329
2023-03-29,Stable,0.955622532162126
2023-03-31,Stable,0.9625988200197473
2023-04-03,Stable,0.9641589372501649
2023-04-05,Stable,0.9739461231542172
2023-04-06,Stable,0.9777224334516709
2023-04-10,Stable,0.9785865552649882
2023-04-11,Stable,0.9818485089653356
2023-04-12,Stable,0.985011835851198
2023-04-13,Stable,0.988536782203837
2023-04-17,Stable,0.9898539863621585
2023-04-18,Stable,0.9908279616964342
2023-04-19,Stable,0.9907013426877506
2023-04-20,Stable,0.9895079191172654
2023-04-21,Stable,0.9861563852785729
2023-04-24,Stable,0.9893187624769353
2023-04-25,Stable,0.990376824895352
2023-04-26,Stable,0.989980665233156
2023-04-27,Stable,0.9889081600069975
2023-04-28,Stable,0.9882168019886279
2023-05-02,Stable,0.9889417584612603
2023-05-03,Stable,0.9896175086294059
2023-05-04,Stable,0.9884782862299414
2023-05-05,Stable,0.9843731467273279
2023-05-08,Stable,0.974616059750902
2023-05-09,Stable,0.983299097830288
2023-05-10,Stable,0.9863926399362049
2023-05-11,Stable,0.9882855065549352
2023-05-12,Stable,0.9876913131310032
2023-05-15,Stable,0.9869089334186827
2023-05-16,Stable,0.9847941555873794
2023-05-17,Stable,0.9871286836167227
2023-05-18,Stable,0.9857552120393486
2023-05-19,Stable,0.9882860339353179
2023-05-22,Stable,0.9901691459917501
2023-05-23,Stable,0.9904262443049332
2023-05-24,Stable,0.9911721510677319
2023-05-25,Stable,0.9911038224076353
2023-05-26,Stable,0.9902660011950066
2023-05-29,Stable,0.9902480535413453
2023-05-30,Stable,0.9903811407402653
2023-05-31,Stable,0.9903378432090081
2023-06-01,Stable,0.9887828089045496
2023-06-02,Stable,0.9850226274729805
2023-06-05,Stable,0.9813210882583389
2023-06-06,Stable,0.9823289207500338
2023-06-07,Stable,0.9851231542710541
2023-06-08,Stable,0.9848627941887877
2023-06-09,Stable,0.9878794411610159
2023-06-12,Stable,0.9902004614676156
2023-06-13,Stable,0.9911189838395627
2023-06-14,Stable,0.9915195862527588
2023-06-15,Stable,0.9913384836887353
2023-06-16,Stable,0.9904272499066882
2023-06-19,Stable,0.9885727796854018
2023-06-20,Stable,0.9882355136153088
2023-06-21,Stable,0.9877182178416367
2023-06-22,Stable,0.984060381677722
2023-06-23,Stable,0.9781736250319701
2023-06-26,Stable,0.9772148084336697
2023-06-27,Stable,0.9777334175872073
2023-06-28,Stable,0.9690549024589361
2023-06-30,Stable,0.9500458983384396
2023-07-03,Stable,0.9661946630837929
2023-07-04,Stable,0.9693350952100785
2023-07-05,Stable,0.9642835750441227
2023-07-06,Stable,0.9729397338798572
2023-07-07,Stable,0.980835889605128
2023-07-10,Stable,0.9812939852431404
2023-07-11,Stable,0.9800263247488594
2023-07-12,Stable,0.9860117801970636
2023-07-13,Stable,0.9874932480658919
2023-07-14,Stable,0.9897916841760688
2023-07-17,Stable,0.9905117990620114
2023-07-18,Stable,0.9912717160519026
2023-07-19,Stable,0.9915647882648798
2023-07-20,Stable,0.9914359289351736
2023-07-21,Stable,0.9911541154825647
2023-07-24,Stable,0.9900013861519674
2023-07-25,Stable,0.9870127537792769
2023-07-26,Stable,0.9853902485721049
2023-07-27,Stable,0.9788358325991955
2023-07-28,Stable,0.9817204151557177
2023-07-31,Stable,0.9789021893217227
2023-08-01,Stable,0.976845799363652
2023-08-02,Stable,0.9654422692143004
2023-08-03,Stable,0.9792118321800145
2023-08-04,Stable,0.9854075880560205
2023-08-07,Stable,0.9883309585109863
2023-08-08,Stable,0.9888364502425178
2023-08-09,Stable,0.9882388669315331
2023-08-10,Stable,0.9894202121340498
2023-08-11,Stable,0.9896163847766628
2023-08-14,Stable,0.9901099407200489
2023-08-16,Stable,0.9904641722261196
2023-08-17,Stable,0.9911439994021282
2023-08-18,Stable,0.9915512007453295
2023-08-21,Stable,0.9916197323204965
2023-08-22,Stable,0.9912415529318692
2023-08-23,Stable,0.991039912382321
2023-08-24,Stable,0.9901360539523208
2023-08-25,Stable,0.9886088249990291
2023-08-28,Stable,0.9886027156454201
2023-08-29,Stable,0.988487480949241
2023-08-30,Stable,0.9877136229028158
2023-08-31,Stable,0.9855276450753315
2023-09-01,Stable,0.978510136584422
2023-09-04,Stable,0.9853078245120899
2023-09-05,Stable,0.9869207872798533
2023-09-06,Stable,0.9848411545710964
2023-09-07,Stable,0.9778926149504167
2023-09-08,Stable,0.9611987320219446
2023-09-11,Stable,0.9260791074612394
2023-09-12,Stable,0.9078637253361401
2023-09-13,Stable,0.9368260245878656
2023-09-14,Stable,0.9453875350935848
2023-09-15,Stable,0.9468297335303812
2023-09-18,Stable,0.9593871869801284
2023-09-20,Stable,0.9617420079759865
2023-09-21,Stable,0.9539262574745192
2023-09-22,Stable,0.9752511604945054
2023-09-25,Stable,0.9834400281395056
2023-09-26,Stable,0.985621071617043
2023-09-27,Stable,0.9835224627282753
2023-09-28,Stable,0.9751194842885871
2023-09-29,Stable,0.974707403504345
2023-10-03,Stable,0.9657274250953082
2023-10-04,Stable,0.9645446781846487
2023-10-05,Stable,0.974599369886853
2023-10-06,Stable,0.9791683116286936
2023-10-09,Stable,0.9765999703801721
2023-10-10,Stable,0.97766893522454
2023-10-11,Stable,0.9820561802224602
2023-10-12,Stable,0.9852303683067154
2023-10-13,Stable,0.9869268884170935
2023-10-16,Stable,0.9891283459873655
2023-10-17,Stable,0.9896598838315718
2023-10-18,Stable,0.9882897753551112
2023-10-19,Stable,0.9838112892003705
2023-10-20,Stable,0.9738961426951073
2023-10-23,Stable,0.9600618657525453
2023-10-25,Stable,0.9585601078079807
2023-10-26,Stable,0.9437736896496869
2023-10-27,Stable,0.9533820576814284
2023-10-30,Stable,0.9653585245016725
2023-10-31,Stable,0.9757727260856791
2023-11-01,Stable,0.9824813130525243
2023-11-02,Stable,0.9861324408817222
2023-11-03,Stable,0.988066058442369
2023-11-06,Stable,0.9885823994479264
2023-11-07,Stable,0.9895884215204158
2023-11-08,Stable,0.9892701200072272
2023-11-09,Stable,0.9875143671046277
2023-11-10,Stable,0.9860139568510344
2023-11-13,Stable,0.9825579936567588
2023-11-15,Stable,0.9730763163725726
2023-11-16,Stable,0.9802283923335263
2023-11-17,Stable,0.9841800309856729
2023-11-20,Stable,0.9852642779978092
2023-11-21,Stable,0.9881540109037522
2023-11-22,Stable,0.988920687311118
2023-11-23,Stable,0.989246806122917
2023-11-24,Stable,0.9876503080363257
2023-11-28,Stable,0.9825107512407679
2023-11-29,Stable,0.9766442730618152
2023-11-30,Stable,0.9839884302805602
2023-12-01,Stable,0.985919011133672
2023-12-04,Stable,0.9854048473077883
2023-12-05,Stable,0.9883630699730854
2023-12-06,Stable,0.989913897262578
2023-12-07,Stable,0.9898189726664421
2023-12-08,Stable,0.9885150291638676
2023-12-11,Stable,0.9879434048964171
2023-12-12,Stable,0.9849850045898565
2023-12-13,Stable,0.9829175471778396
2023-12-14,Stable,0.9826286432458824
2023-12-15,Stable,0.9789182792217485
2023-12-18,Stable,0.9660740881898066
2023-12-19,Stable,0.9331407054940606
2023-12-20,Stable,0.8792712315891204
2023-12-21,Stable,0.9231713352159796
2023-12-22,Stable,0.9337051657317489
2023-12-26,Stable,0.9453912342844513
2023-12-27,Stable,0.9469228798772764
2023-12-28,Stable,0.9564987801776754
2023-12-29,Stable,0.959027010794279
2024-01-02,Stable,0.9586613453344701
2024-01-03,Stable,0.97756716471301
2024-01-04,Stable,0.9855161144335257
2024-01-05,Stable,0.9882501681030805
2024-01-08,Stable,0.9886560722250652
2024-01-09,Stable,0.9878539020255469
2024-01-10,Stable,0.9885929762119169
2024-01-11,Stable,0.9866218177315559
2024-01-12,Stable,0.9873905934537656
2024-01-15,Stable,0.9855764076678348
2024-01-16,Stable,0.978865009789202
2024-01-17,Stable,0.9638121338362328
2024-01-18,Stable,0.9644138179664836
2024-01-19,Stable,0.9499143351406952
2024-01-23,Stable,0.9266198499644466
2024-01-24,Stable,0.941759907706187
2024-01-25,Stable,0.9543966127286526
2024-01-29,Stable,0.9485683827412378
2024-01-30,Stable,0.9579911233747083
2024-01-31,Stable,0.9525061022176354
2024-02-01,Stable,0.9701742420453637
2024-02-02,Stable,0.9756420749044424
2024-02-05,Stable,0.9713266327757669
2024-02-06,Stable,0.9683633748545996
2024-02-07,Stable,0.973516206623501
2024-02-08,Stable,0.9679352717182733
2024-02-09,Stable,0.9729541610217597
2024-02-12,Stable,0.9697735795945582
2024-02-13,Stable,0.9643049472133383
2024-02-14,Stable,0.941781650471846
2024-02-15,Stable,0.923993283405854
2024-02-16,Stable,0.9046690548094046
2024-02-20,Stable,0.9398350839864303
2024-02-21,Stable,0.951364865889046
2024-02-22,Stable,0.9494944162959748
2024-02-23,Stable,0.9612501992909195
2024-02-26,Stable,0.9569421364724875
2024-02-27,Stable,0.9329830502683937
2024-02-28,Stable,0.87953877616063
2024-02-29,Stable,0.8935404857276276
2024-03-01,Stable,0.873301933939779
2024-03-04,Stable,0.9171956525397454
2024-03-05,Stable,0.9280996752789935
2024-03-06,Stable,0.9385558597233206
2024-03-07,Stable,0.9261065168148727
2024-03-11,Stable,0.8841326081898313
2024-03-12,Stable,0.7998709175033895
2024-03-13,Stable,0.6091780852516907
2024-03-14,Stable,0.7197105664700484
2024-03-15,Stable,0.7670735108643235
2024-03-18,Stable,0.8518718603761273
2024-03-19,Stable,0.9132842142142945
2024-03-20,Stable,0.9398949755805944
2024-03-21,Stable,0.941927928894805
2024-03-22,Stable,0.948779681924969
2024-03-26,Stable,0.9708995516746823
2024-03-27,Stable,0.9784536783927785
2024-03-28,Stable,0.9786452946445835
2024-04-01,Stable,0.9835502842476129
2024-04-02,Stable,0.983257406089275
2024-04-03,Stable,0.9847220713339468
2024-04-04,Stable,0.9824382381860343
2024-04-05,Stable,0.9740707875776672
2024-04-08,Stable,0.9539118133635492
2024-04-09,Stable,0.9735253972267418
2024-04-10,Stable,0.9819863228525293
2024-04-12,Stable,0.9836294871237165
2024-04-15,Stable,0.9843701236165802
2024-04-16,Stable,0.9869704427685666
2024-04-18,Stable,0.98574508491073
2024-04-19,Stable,0.9877880857711537
2024-04-22,Stable,0.9871372053272498
2024-04-23,Stable,0.9878815486836046
2024-04-24,Stable,0.9862471980826838
2024-04-25,Stable,0.9804510928107047
2024-04-26,Stable,0.9791580955958151
2024-04-29,Stable,0.9710601913669534
2024-04-30,Stable,0.9490338092681041
2024-05-02,Stable,0.9492278555145267
2024-05-03,Stable,0.9443672398405102
2024-05-06,Stable,0.9329077062369673
2024-05-07,Stable,0.8913881475125219
2024-05-08,Stable,0.8984214312203401
2024-05-09,Stable,0.9137106366210391
2024-05-10,Stable,0.9072963040509646
2024-05-13,Stable,0.8814069671215742
2024-05-14,Stable,0.8910517737002369
2024-05-15,Stable,0.928079831209652
2024-05-16,Stable,0.9418415261317864
2024-05-17,Stable,0.9361148624381059
2024-05-21,Stable,0.9490246671361069
2024-05-22,Stable,0.9421197728318867
2024-05-23,Stable,0.9107641011775279
2024-05-24,Stable,0.9359140865067721
2024-05-27,Stable,0.9356279834736718
2024-05-28,Stable,0.9104289075505586
2024-05-29,Stable,0.8444399836701325
2024-05-30,Stable,0.6895212810615828
2024-05-31,Stable,0.5166227030565652
2024-06-03,Transitional,0.8873057870996478
2024-06-04,Transitional,0.9942999254198446
2024-06-05,Transitional,0.9951390800978523
2024-06-06,Transitional,0.7959429813441272
2024-06-07,Transitional,0.7230114829250868
2024-06-10,Stable,0.6685812920397577
2024-06-11,Stable,0.8308349957720338
2024-06-12,Stable,0.9127854002066746
2024-06-13,Stable,0.9446400242045019
2024-06-14,Stable,0.9561724021271403
2024-06-18,Stable,0.9682725509632948
2024-06-19,Stable,0.9671211375549387
2024-06-20,Stable,0.9771787963189653
2024-06-21,Stable,0.9809828759376943
2024-06-24,Stable,0.9839556978720018
2024-06-25,Stable,0.9859120430379797
2024-06-26,Stable,0.984540737136907
2024-06-27,Stable,0.9873162187033783
2024-06-28,Stable,0.988844645889347
2024-07-01,Stable,0.987874408517249
2024-07-02,Stable,0.9845560504875555
2024-07-03,Stable,0.9828051710647292
2024-07-04,Stable,0.9743246020563961
2024-07-05,Stable,0.9572264399154365
2024-07-08,Stable,0.9136274084341984
2024-07-09,Stable,0.8281205777394788
2024-07-10,Stable,0.8214852076580773
2024-07-11,Stable,0.8968421121102038
2024-07-12,Stable,0.9244898748659012
2024-07-15,Stable,0.9293535413761271
2024-07-16,Stable,0.9246763225653515
2024-07-18,Stable,0.889925470690622
2024-07-19,Stable,0.7983953598680985
2024-07-22,Stable,0.8468646052222755
2024-07-23,Stable,0.8734633418766904
2024-07-24,Stable,0.8619620226495238
2024-07-25,Stable,0.8034646416146227
2024-07-26,Stable,0.7190986734743392
2024-07-29,Stable,0.7454623551921207
2024-07-30,Stable,0.7243259877602566
2024-07-31,Stable,0.6387205241805584
2024-08-01,Stable,0.5817693636886628
2024-08-02,Transitional,0.9755056223250987
2024-08-05,Transitional,0.9950178488792358
2024-08-06,Stable,0.6847053886703922
2024-08-07,Stable,0.5128731679998506
2024-08-08,Stable,0.686506052507296
2024-08-09,Stable,0.7627591408110702
2024-08-12,Stable,0.8640402606807551
2024-08-13,Stable,0.9043136472277991
2024-08-14,Stable,0.9253845223002598
2024-08-16,Stable,0.9192515294408
2024-08-19,Stable,0.9498928144444758
2024-08-20,Stable,0.9729287988001436
2024-08-21,Stable,0.9829963039970984
2024-08-22,Stable,0.98645078377011
2024-08-23,Stable,0.9861288167648721
2024-08-26,Stable,0.9893485710001245
2024-08-27,Stable,0.9905810884034104
2024-08-28,Stable,0.9909180725451968
2024-08-29,Stable,0.9906631907286826
2024-08-30,Stable,0.9903024679402722
2024-09-02,Stable,0.9898287055377819
2024-09-03,Stable,0.9894383386322352
2024-09-04,Stable,0.9874257644569708
2024-09-05,Stable,0.9839035943628508
2024-09-06,Stable,0.9766135952090623
2024-09-09,Stable,0.9780005224080901
2024-09-10,Stable,0.9711539535461885
2024-09-11,Stable,0.9498538774683682
2024-09-12,Stable,0.9362908761772337
2024-09-13,Stable,0.9653973172188449
2024-09-16,Stable,0.975637228270734
2024-09-17,Stable,0.9756302029534996
2024-09-18,Stable,0.9654259216718898
2024-09-19,Stable,0.9407302388998955
2024-09-20,Stable,0.880288550101041
2024-09-23,Stable,0.854990055461111
2024-09-24,Stable,0.8362728125104842
2024-09-25,Stable,0.7639140597898061
2024-09-26,Stable,0.5809787721263244
2024-09-27,Stable,0.5327286074020195
2024-09-30,Stable,0.61937329478124
2024-10-01,Stable,0.6387656822478087
2024-10-03,Stable,0.7482759297236443
2024-10-04,Stable,0.5842657699176856
2024-10-07,Stable,0.6036160544493856
2024-10-08,Stable,0.6846769277529843
2024-10-09,Stable,0.7804145592086864
2024-10-10,Stable,0.8196627279697143
2024-10-11,Stable,0.8111622904886251
2024-10-14,Stable,0.7555929562323729
2024-10-15,Stable,0.6008317960326994
2024-10-16,Stable,0.655362064168253
2024-10-17,Stable,0.9309993119009157
2024-10-18,Stable,0.7841541995589822
2024-10-21,Stable,0.7337717853748381
2024-10-22,Stable,0.7516148263105167
2024-10-23,Stable,0.5864159398508834
2024-10-24,Stable,0.505689761189168
2024-10-25,Stable,0.5095580192044975
2024-10-28,Stable,0.6779019879288979
2024-10-29,Stable,0.7488162583259323
2024-10-30,Stable,0.8633219504476197
2024-10-31,Stable,0.9064655168053911
2024-11-01,Stable,0.9177241926463932
2024-11-04,Stable,0.9229349368478613
2024-11-05,Stable,0.9234116741025553
2024-11-06,Stable,0.9146985667550933
2024-11-07,Stable,0.8999208907155295
2024-11-08,Stable,0.8970804406510755
2024-11-11,Stable,0.858170920144483
2024-11-12,Stable,0.7605034030028376
2024-11-13,Stable,0.7481649133733562
2024-11-14,Stable,0.8529057296042831
2024-11-18,Stable,0.8971083398724388
2024-11-19,Stable,0.9068974524287338
2024-11-21,Stable,0.9154624988825695
2024-11-22,Stable,0.9158811977130125
2024-11-25,Stable,0.936915727448307
2024-11-26,Stable,0.9384335664920045
2024-11-27,Stable,0.9493487401062131
2024-11-28,Stable,0.9417373497940241
2024-11-29,Stable,0.9609773856895539
2024-12-02,Stable,0.9726691731698176
2024-12-03,Stable,0.9804121072445544
2024-12-04,Stable,0.9827458713994833
2024-12-05,Stable,0.9851823975086402
2024-12-06,Stable,0.9848977348987763
2024-12-09,Stable,0.9850962841416482
2024-12-10,Stable,0.9872877955444868
2024-12-11,Stable,0.9860883832205655
2024-12-12,Stable,0.9807079012344784
2024-12-13,Stable,0.9760693794619391
2024-12-16,Stable,0.9616467228086041
2024-12-17,Stable,0.9243582961849802
2024-12-18,Stable,0.9135594696017171
2024-12-19,Stable,0.8865996695907262
2024-12-20,Stable,0.8334262818380416
2024-12-23,Stable,0.8678697059680602
2024-12-24,Stable,0.8629676032274307
2024-12-26,Stable,0.8188660855142177
2024-12-27,Stable,0.7211567072670609
2024-12-30,Stable,0.5398858598811823
2024-12-31,Stable,0.61315559325643
2025-01-02,Transitional,0.9964678077757084
2025-01-03,Transitional,0.8643661906630709
2025-01-06,Transitional,0.8253553326846862
2025-01-07,Transitional,0.6355262540896418
2025-01-08,Transitional,0.5723385892966094
2025-01-09,Transitional,0.572671552858501
2025-01-10,Transitional,0.6454463796396988
2025-01-13,Transitional,0.732965296291945
2025-01-14,Transitional,0.5839823757341467
2025-01-15,Stable,0.6904200456199059
2025-01-16,Stable,0.8249412684782645
2025-01-17,Stable,0.8834273781145061
2025-01-20,Stable,0.9012545290173424
2025-01-21,Stable,0.8954451677972369
2025-01-22,Stable,0.9200857883832826
2025-01-23,Stable,0.9169384434889972
2025-01-24,Stable,0.9021855625780879
2025-01-27,Stable,0.9116217406536329
2025-01-28,Stable,0.9120316127016663
2025-01-29,Stable,0.9103439127058899
2025-01-30,Stable,0.9116471388123794
2025-01-31,Stable,0.8876141017152515
2025-02-03,Stable,0.8775147860952266
2025-02-04,Stable,0.9079426647378006
2025-02-05,Stable,0.916598328413289
2025-02-06,Stable,0.8968356666400932
2025-02-07,Stable,0.8648692414155049
2025-02-10,Stable,0.784678517706298
2025-02-11,Stable,0.7308139036384231
2025-02-12,Stable,0.8131491691552937
2025-02-13,Stable,0.8548682739410818
2025-02-14,Stable,0.8566222333134224
2025-02-17,Stable,0.8617332905418589
2025-02-18,Stable,0.8368785604357643
2025-02-19,Stable,0.7731263636026406
2025-02-20,Stable,0.6061938646185897
2025-02-21,Transitional,0.6431411760991771
2025-02-24,Transitional,0.6256706632792621
2025-02-25,Transitional,0.682496871803839
2025-02-27,Transitional,0.8503029118983818
2025-02-28,Transitional,0.987222361998891
2025-03-03,Transitional,0.8144445887664991
2025-03-04,Transitional,0.7583217896720373
2025-03-05,Transitional,0.7097580966670373
2025-03-06,Stable,0.6186054724288645
2025-03-07,Stable,0.7780003095897335
2025-03-10,Stable,0.8375076626804706
2025-03-11,Stable,0.8963446652842411
2025-03-12,Stable,0.91666288327549
2025-03-13,Stable,0.9100206637217612
2025-03-17,Stable,0.902855581950473
2025-03-18,Stable,0.8740465795362313
2025-03-19,Stable,0.9232525129134227
2025-03-20,Stable,0.9383957606614949
2025-03-21,Stable,0.9568230511006428
2025-03-24,Stable,0.9598816408927119
2025-03-25,Stable,0.9533550326422257
2025-03-26,Stable,0.9439662924794804
2025-03-27,Stable,0.9083620083699442
2025-03-28,Stable,0.8648803680541803
2025-04-01,Stable,0.8075063069556371
2025-04-02,Stable,0.667137468309278
2025-04-03,Stable,0.6164355576255706
2025-04-04,Transitional,0.9663639136609945
2025-04-07,Transitional,0.9967357120912825
2025-04-08,Transitional,0.9638326147793446
2025-04-09,Transitional,0.9408169436061454
2025-04-11,Transitional,0.961886364453583
2025-04-15,Transitional,0.9741792977118883
2025-04-16,Transitional,0.7819885774208161
2025-04-17,Transitional,0.704380334507794
2025-04-21,Transitional,0.6802609275755235
2025-04-22,Transitional,0.5911572090825956
2025-04-23,Transitional,0.5833629184309125
2025-04-24,Transitional,0.5456865080993639
2025-04-25,Transitional,0.5841733883638631
2025-04-28,Transitional,0.6718265289378352
2025-04-29,Transitional,0.7693704153426184
2025-04-30,Transitional,0.7992798909557963
2025-05-02,Transitional,0.7794136658119557
2025-05-05,Transitional,0.6954839662438339
2025-05-06,Transitional,0.649720197242294
2025-05-07,Transitional,0.5037868603355465
2025-05-08,Transitional,0.6291060408541709
2025-05-09,Transitional,0.6697804178074374
2025-05-12,Transitional,0.8093760947934945
2025-05-13,Stable,0.5921414664344614
2025-05-14,Stable,0.5551605173293138
2025-05-15,Stable,0.6166068570170463
2025-05-16,Stable,0.7317825520865527
2025-05-19,Stable,0.7726577707017311
2025-05-20,Stable,0.7614558871007996
2025-05-21,Stable,0.867056764234271
2025-05-22,Stable,0.9148373790928257
2025-05-23,Stable,0.9530198235966151
2025-05-26,Stable,0.9660671150842342
2025-05-27,Stable,0.9747216083264971
2025-05-28,Stable,0.9801478438113315
2025-05-29,Stable,0.9840471117346967
2025-05-30,Stable,0.983518945114003
2025-06-02,Stable,0.9879431710398199
2025-06-03,Stable,0.989147047847389
2025-06-04,Stable,0.9890906429769257
2025-06-05,Stable,0.9867453254131264
2025-06-06,Stable,0.9805874172208736
2025-06-09,Stable,0.9849832005337326
2025-06-10,Stable,0.9853101652965334
2025-06-11,Stable,0.981097239895344
2025-06-12,Stable,0.9684996853323852
2025-06-13,Stable,0.9804220673618201
2025-06-16,Stable,0.9860367927922024
2025-06-17,Stable,0.9870357581583536
2025-06-18,Stable,0.9885888814010018
2025-06-19,Stable,0.9877939879268338
2025-06-20,Stable,0.9848290936239698
2025-06-23,Stable,0.983706969311125
2025-06-24,Stable,0.9865853962075266
2025-06-25,Stable,0.986994825662194
2025-06-26,Stable,0.9891366118934046
2025-06-27,Stable,0.9902004318474716
2025-06-30,Stable,0.9896853262908621
2025-07-01,Stable,0.9906933420033441
2025-07-02,Stable,0.991250747064149
2025-07-03,Stable,0.9912289317783429
2025-07-04,Stable,0.9910065779811432
2025-07-07,Stable,0.9901733470561529
2025-07-08,Stable,0.9882662097214562
2025-07-09,Stable,0.985321373508266
2025-07-10,Stable,0.9775157278084801
2025-07-11,Stable,0.9587597058490964
2025-07-14,Stable,0.971892039550229
2025-07-15,Stable,0.972821747156476
2025-07-16,Stable,0.9830314769904219
2025-07-17,Stable,0.9870636773745566
2025-07-18,Stable,0.9874735057651588
2025-07-21,Stable,0.987107499850179
2025-07-22,Stable,0.9852937980542903
2025-07-23,Stable,0.9851375833278989
2025-07-24,Stable,0.9844007664137029
2025-07-25,Stable,0.9781296512013308
2025-07-28,Stable,0.9827291589123365
2025-07-29,Stable,0.9832654892910745
2025-07-30,Stable,0.9820422132136518
2025-07-31,Stable,0.9790532186435937
2025-08-01,Stable,0.9699300396166275
2025-08-04,Stable,0.9641313763119302
2025-08-05,Stable,0.9708205632139414
2025-08-06,Stable,0.9660485811858507
2025-08-07,Stable,0.9520181869070371
2025-08-08,Stable,0.9119601897668591
2025-08-11,Stable,0.8879908441196432
2025-08-12,Stable,0.8421244123811408
2025-08-13,Stable,0.7281008638102778
2025-08-14,Stable,0.5420322098402166
2025-08-18,Transitional,0.9104736574743988
2025-08-19,Stable,0.5288272834235532
2025-08-20,Stable,0.7502152214739958
2025-08-21,Stable,0.8641795878227803
2025-08-22,Stable,0.9137174051335065
2025-08-25,Stable,0.9281960523285242
2025-08-26,Stable,0.9175340313034666
2025-08-28,Stable,0.8795825002438704
2025-08-29,Stable,0.79801444254112
2025-09-01,Stable,0.6703707266899884
2025-09-02,Stable,0.7354809298330535
2025-09-03,Stable,0.7428842585678703
2025-09-04,Stable,0.7040690138231034
2025-09-05,Stable,0.6045850039923161
2025-09-08,Stable,0.5441107443623472
2025-09-09,Stable,0.7026035009590316
2025-09-10,Stable,0.8009123705075045
2025-09-11,Stable,0.9017634540644767
2025-09-12,Stable,0.9468213136081185
2025-09-15,Stable,0.9641958556498242
2025-09-16,Stable,0.9691276872427095
2025-09-17,Stable,0.9811405679519188
2025-09-18,Stable,0.9864027835195518
2025-09-19,Stable,0.987292723388052
2025-09-22,Stable,0.9868749055548768
2025-09-23,Stable,0.9836601789513144
2025-09-24,Stable,0.976240515398688
2025-09-25,Stable,0.9763251955092179
2025-09-26,Stable,0.978551328597443
2025-09-29,Stable,0.9855012809465244
2025-09-30,Stable,0.9881460272950366
2025-10-01,Stable,0.9882433690803589
2025-10-03,Stable,0.9892586897415973
2025-10-06,Stable,0.9882720632095564
2025-10-07,Stable,0.9847065380066645
2025-10-08,Stable,0.9753453463401462
2025-10-09,Stable,0.98476774662286
2025-10-10,Stable,0.9883280009768576
2025-10-13,Stable,0.9898730182209804
2025-10-14,Stable,0.9899192242520185
2025-10-15,Stable,0.989041545996158
2025-10-16,Stable,0.9857391380125317
2025-10-17,Stable,0.9884136375097786
2025-10-20,Stable,0.9902514387222613
2025-10-21,Stable,0.9910981528020565
2025-10-23,Stable,0.9910271903392955
2025-10-24,Stable,0.9901895753886154
2025-10-27,Stable,0.9897860464595284
2025-10-28,Stable,0.9888314286164551
2025-10-29,Stable,0.9876092601621012
2025-10-30,Stable,0.9888552288820499
2025-10-31,Stable,0.9900105405858227
2025-11-03,Stable,0.9897355078391106
2025-11-04,Stable,0.9874851766955423
2025-11-06,Stable,0.9894676695859049
2025-11-07,Stable,0.9893379550389694
2025-11-10,Stable,0.9883891257203854
2025-11-11,Stable,0.9846434263041468
2025-11-12,Stable,0.9830964687750846
2025-11-13,Stable,0.9862638872498226
2025-11-14,Stable,0.9872282177353768
2025-11-17,Stable,0.9879704422733627
2025-11-18,Stable,0.9894985999670269
2025-11-19,Stable,0.9908101341819234
2025-11-20,Stable,0.9910429514772052
2025-11-21,Stable,0.9909209495862585
2025-11-24,Stable,0.9899951502787007
2025-11-25,Stable,0.9889579367523327
2025-11-26,Stable,0.9863693167592085
2025-11-27,Stable,0.9880173382808933
2025-11-28,Stable,0.9882353024776088
2025-12-01,Stable,0.9872567658949835
2025-12-02,Stable,0.9859770952129882
2025-12-03,Stable,0.9802995194126766
2025-12-04,Stable,0.9838701545609055
2025-12-05,Stable,0.9820278677206796
2025-12-08,Stable,0.976735598377124
2025-12-09,Stable,0.9810232736935315
2025-12-10,Stable,0.9847724721295139
2025-12-11,Stable,0.9840168006007431
2025-12-12,Stable,0.985857806790187
2025-12-15,Stable,0.9848179304598437
2025-12-16,Stable,0.9878664958529471
2025-12-17,Stable,0.9880402981042687
2025-12-18,Stable,0.9859142155317491
2025-12-19,Stable,0.9838423520454118
2025-12-22,Stable,0.9864258313005068
2025-12-23,Stable,0.9886232637171837
2025-12-24,Stable,0.9881746728160701
2025-12-26,Stable,0.9848154322620638
2025-12-29,Stable,0.9797843981200842
2025-12-30,Stable,0.9705702727771003
2025-12-31,Stable,0.9585966073238703
2026-01-02,Stable,0.9403687521343176
2026-01-05,Stable,0.9664630201359147
2026-01-06,Stable,0.9753900619371862
2026-01-07,Stable,0.9740307626077144
2026-01-08,Stable,0.9715480919159435
2026-01-09,Stable,0.9712173674656509
2026-01-12,Stable,0.9778624287161808
2026-01-13,Stable,0.9772082802674276
2026-01-14,Stable,0.9695511048253024
2026-01-16,Stable,0.9564750615119567
2026-01-19,Stable,0.9265751141375208
2026-01-20,Stable,0.8502600845886467
2026-01-21,Stable,0.9117731223386805
2026-01-22,Stable,0.9348240434176803
2026-01-23,Stable,0.9417923670466786
2026-01-27,Stable,0.9518256401704809
2026-01-28,Stable,0.9592396756112243
2026-01-29,Stable,0.9543216346420981
2026-01-30,Stable,0.9400989613618872
2026-02-02,Stable,0.9041446924763791
2026-02-03,Stable,0.8117817099008334
2026-02-04,Stable,0.8814133784161369
2026-02-05,Stable,0.928236857129799
2026-02-06,Stable,0.9505924900945378
2026-02-09,Stable,0.9581040774803834
2026-02-10,Stable,0.9586167830656003
2026-02-11,Stable,0.9631433550687611
2026-02-12,Stable,0.9697928984937536
2026-02-13,Stable,0.9646863540351218
2026-02-16,Stable,0.9597630275947628
2026-02-17,Stable,0.9481420586967001
2026-02-18,Stable,0.9136163124624019
2026-02-19,Stable,0.832119613350184
2026-02-20,Stable,0.8424631754524705
2026-02-23,Stable,0.8104185548340975
2026-02-24,Stable,0.7298684883273254
2026-02-25,Stable,0.5506151381681172
2026-02-26,Stable,0.5700992040688344
2026-02-27,Transitional,0.8306622726515234
2026-03-02,Transitional,0.9496519071089208
2026-03-04,Transitional,0.9762829915025768
2026-03-05,Transitional,0.968044702645042
2026-03-06,Transitional,0.9617731220707931
2026-03-09,Transitional,0.9668875397936887
2026-03-10,Transitional,0.9620943782386808
2026-03-11,Transitional,0.9598190849625131
2026-03-12,Transitional,0.9590784136460232
2026-03-13,Transitional,0.9602251533693696
2026-03-16,Transitional,0.9555140812132596
2026-03-17,Transitional,0.9581633057926464
2026-03-18,Transitional,0.9602105646852603
2026-03-19,Transitional,0.9661318733796437
2026-03-20,Transitional,0.9592787132332359
2026-03-23,Transitional,0.9720273598733322
2026-03-24,Transitional,0.9727784666058263
2026-03-25,Transitional,0.9739632019821323
2026-03-27,Transitional,0.977485688191403
2026-03-30,Transitional,0.9715899574401855
2026-04-01,Transitional,0.9324645194117518
2026-04-02,Transitional,0.872219785727162
2026-04-06,Transitional,0.8569727049921928
2026-04-07,Transitional,0.8721983827898032
2026-04-08,Transitional,0.9482346283254351
2026-04-09,Transitional,0.9365964043871345
2026-04-10,Transitional,0.9483013072622511
2026-04-13,Transitional,0.8675701016225962
2026-04-15,Stable,0.5767801258368116
2026-04-16,Stable,0.6951538986043146
2026-04-17,Stable,0.8197452599093334
2026-04-20,Stable,0.8644037436127228
2026-04-21,Stable,0.8666361147997943
2026-04-22,Stable,0.8289121679344839
2026-04-23,Stable,0.7483652922321695
2026-04-24,Stable,0.8053327828610666
2026-04-27,Stable,0.8256504953669044
2026-04-28,Stable,0.8519046031935312
2026-04-29,Stable,0.8670440145520297
2026-04-30,Stable,0.8666076968678992
2026-05-04,Stable,0.8403746569636553
2026-05-05,Stable,0.7562626100550427
2026-05-06,Stable,0.5640753513964104
2026-05-07,Stable,0.5353152961607568
2026-05-08,Stable,0.5437503526440614
2026-05-11,Stable,0.5141091145383356
2026-05-12,Stable,0.5073874681703746
2026-05-13,Stable,0.6855537269265303
2026-05-14,Stable,0.8183486051402197
2026-05-15,Stable,0.8743705089171274
2026-05-18,Stable,0.8851669655922517
2026-05-19,Stable,0.9379323628250135
2026-05-20,Stable,0.9569988886904159
2026-05-21,Stable,0.9641464002920723
2026-05-22,Stable,0.956731170094109
2026-05-25,Stable,0.9283240970954814
2026-05-26,Stable,0.9178461692205099
2026-05-27,Stable,0.8726273437431757
2026-05-29,Stable,0.8255164139152222
2026-06-01,Stable,0.8463507489027164
2026-06-02,Stable,0.912723486752627
2026-06-03,Stable,0.9422954551234077
2026-06-04,Stable,0.9470062237463783
2026-06-05,Stable,0.9306874983720146
2026-06-08,Stable,0.8797884357838437
2026-06-09,Stable,0.8822089155974916
2026-06-10,Stable,0.8801271639356334
2026-06-11,Stable,0.857751399886968
2026-06-12,Stable,0.7834231812440894
2026-06-15,Stable,0.7565456857207988
2026-06-16,Stable,0.8744831604250175
2026-06-17,Stable,0.9258374033835072
2026-06-18,Stable,0.9520959910573475
2026-06-19,Stable,0.9567889926629936
2026-06-22,Stable,0.9519367320159027
2026-06-23,Stable,0.9272448646420135
2026-06-24,Stable,0.8853926146092219
2026-06-25,Stable,0.7918463139285877
2026-06-29,Stable,0.7848161879118756
2026-06-30,Stable,0.8750345723860924
2026-07-01,Stable,0.9064236963502814
2026-07-02,Stable,0.9243515872835597
2026-07-03,Stable,0.9354662265240166
2026-07-06,Stable,0.9282536810347768
2026-07-07,Stable,0.9211055237009759
2026-07-08,Stable,0.8823310658768194
2026-07-09,Stable,0.9340315744145026
2026-07-10,Stable,0.9534678902205114
2026-07-13,Stable,0.9575458138821686
2026-07-14,Stable,0.9456190482980018
2026-07-15,Stable,0.9589917481629252
2026-07-16,Stable,0.9560894447393053
2026-07-17,Stable,0.9355660337877774
