date,regime_label,regime_probability
2014-10-07,Transitional,0.9316154929439361
2014-10-08,Transitional,0.7982728868545591
2014-10-09,Transitional,0.7394634076173247
2014-10-10,Transitional,0.637387474013245
2014-10-13,Stable,0.5467489891522764
2014-10-14,Stable,0.6284752959069082
2014-10-16,Stable,0.6636294114106202
2014-10-17,Stable,0.783018734280953
2014-10-20,Stable,0.8373956473007251
2014-10-21,Stable,0.9027181860517761
2014-10-22,Stable,0.9365133763479401
2014-10-27,Stable,0.9586840711181873
2014-10-28,Stable,0.9669127981951724
2014-10-29,Stable,0.9670889411206652
2014-10-30,Stable,0.962974467884595
2014-10-31,Stable,0.9570373578061208
2014-11-03,Stable,0.979251217632813
2014-11-05,Stable,0.9892924327976541
2014-11-07,Stable,0.9937738342007371
2014-11-10,Stable,0.995819237299232
2014-11-11,Stable,0.996683435780869
2014-11-12,Stable,0.9969670168478727
2014-11-13,Stable,0.9968768292738075
2014-11-14,Stable,0.9969605509002157
2014-11-17,Stable,0.996833175055049
2014-11-18,Stable,0.9966327810879959
2014-11-19,Stable,0.995935600681128
2014-11-20,Stable,0.9958486385256632
2014-11-21,Stable,0.9947436191728322
2014-11-24,Stable,0.9945542460912754
2014-11-25,Stable,0.9937596098029792
2014-11-26,Stable,0.994865045809872
2014-11-27,Stable,0.9944530269272044
2014-11-28,Stable,0.9922793851613603
2014-12-01,Stable,0.9923497619405875
2014-12-02,Stable,0.9912168194243388
2014-12-03,Stable,0.9883595065399915
2014-12-04,Stable,0.9805220638734827
2014-12-05,Stable,0.9629067007788086
2014-12-08,Stable,0.9288806938501755
2014-12-09,Stable,0.9109291314265685
2014-12-10,Stable,0.9052826722007881
2014-12-11,Stable,0.8797213418600105
2014-12-12,Stable,0.8470163589594871
2014-12-15,Stable,0.8100741677054534
2014-12-16,Stable,0.7232499246632389
2014-12-17,Stable,0.7373381680523832
2014-12-18,Stable,0.7333997214062106
2014-12-19,Stable,0.7590807414951203
2014-12-22,Stable,0.7679967156471361
2014-12-23,Stable,0.7788357290455241
2014-12-24,Stable,0.780402393383165
2014-12-26,Stable,0.7946333074966875
2014-12-29,Stable,0.7850801171016146
2014-12-30,Stable,0.7507141458218068
2014-12-31,Stable,0.6648637229854047
2015-01-02,Stable,0.5197279289613951
2015-01-05,Stable,0.6602211839823782
2015-01-06,Transitional,0.9525233572514166
2015-01-07,Transitional,0.8488711350016128
2015-01-08,Transitional,0.7993124606954043
2015-01-09,Transitional,0.6854024594482172
2015-01-12,Transitional,0.6302603830774156
2015-01-13,Transitional,0.6135125314182719
2015-01-14,Transitional,0.6239385524296346
2015-01-15,Transitional,0.666494843796966
2015-01-16,Stable,0.5674345930076051
2015-01-19,Stable,0.6717967607513644
2015-01-20,Stable,0.7173887939027733
2015-01-21,Stable,0.8474008457388994
2015-01-22,Stable,0.907733053625858
2015-01-23,Stable,0.9343556070760332
2015-01-27,Stable,0.9509556393127372
2015-01-28,Stable,0.9609032948667808
2015-01-29,Stable,0.9606687404770997
2015-01-30,Stable,0.951165122669516
2015-02-02,Stable,0.9697771531106353
2015-02-03,Stable,0.977330918469092
2015-02-04,Stable,0.9807468031882153
2015-02-05,Stable,0.9803144304257573
2015-02-06,Stable,0.9741559760131777
2015-02-09,Stable,0.9644970733308252
2015-02-10,Stable,0.977012826422364
2015-02-11,Stable,0.9818725637261314
2015-02-12,Stable,0.9835779502977557
2015-02-13,Stable,0.985300687410955
2015-02-16,Stable,0.9884647322991131
2015-02-18,Stable,0.9877489770372119
2015-02-19,Stable,0.9847994529069761
2015-02-20,Stable,0.976001393839996
2015-02-23,Stable,0.9653356415927477
2015-02-24,Stable,0.9566380883040592
2015-02-25,Stable,0.932722100546104
2015-02-26,Stable,0.877612387849499
2015-02-27,Stable,0.8268536601129607
2015-03-02,Stable,0.8282799324714533
2015-03-03,Stable,0.8351506081282857
2015-03-04,Stable,0.8218091773049675
2015-03-05,Stable,0.805111900914731
2015-03-09,Stable,0.7538554873620262
2015-03-10,Stable,0.8144041861013948
2015-03-11,Stable,0.8486029798766692
2015-03-12,Stable,0.8581509366951627
2015-03-13,Stable,0.8582641486865962
2015-03-16,Stable,0.89409733841171
2015-03-17,Stable,0.9072148458018583
2015-03-18,Stable,0.9174049710547595
2015-03-19,Stable,0.9171254451585903
2015-03-20,Stable,0.9098596982478488
2015-03-23,Stable,0.8987551992193916
2015-03-24,Stable,0.8678197148969548
2015-03-25,Stable,0.7965399992746666
2015-03-26,Stable,0.6439330610835957
2015-03-27,Stable,0.6891450812507656
2015-03-30,Stable,0.6992739973724463
2015-03-31,Stable,0.775706190299438
2015-04-01,Stable,0.8059302445518047
2015-04-06,Stable,0.8334357061760544
2015-04-07,Stable,0.8474968330855782
2015-04-08,Stable,0.8404045177574321
2015-04-09,Stable,0.8142188888696551
2015-04-10,Stable,0.7633478858750433
2015-04-13,Stable,0.6449940518759176
2015-04-16,Transitional,0.5813728097977299
2015-04-17,Transitional,0.6654909518430531
2015-04-20,Transitional,0.7209422573341734
2015-04-21,Transitional,0.694319802680266
2015-04-22,Transitional,0.6750043441904913
2015-04-23,Transitional,0.6811935229840789
2015-04-24,Transitional,0.7147546692472254
2015-04-27,Transitional,0.7365269274708117
2015-04-28,Transitional,0.7489427719519258
2015-04-29,Transitional,0.7797986421413137
2015-04-30,Transitional,0.8380133154116103
2015-05-04,Transitional,0.9210935655409723
2015-05-05,Transitional,0.9421958059539879
2015-05-06,Transitional,0.9973237393828206
2015-05-07,Transitional,0.991211725816025
2015-05-08,Transitional,0.9916702014576779
2015-05-11,Transitional,0.9890713895630572
2015-05-12,Transitional,0.9826067861553983
2015-05-13,Transitional,0.7408323810803336
2015-05-14,Stable,0.5575817319390648
2015-05-15,Stable,0.6981619478953531
2015-05-18,Stable,0.7637593097221305
2015-05-19,Stable,0.8511257203699443
2015-05-20,Stable,0.8898518506379788
2015-05-21,Stable,0.9090483755457148
2015-05-22,Stable,0.9108680161222237
2015-05-25,Stable,0.8979291160133009
2015-05-26,Stable,0.8924322072864553
2015-05-27,Stable,0.8720049512920729
2015-05-28,Stable,0.8199253981901856
2015-05-29,Stable,0.7088595458098108
2015-06-01,Stable,0.6289906116306881
2015-06-02,Stable,0.5514299318217502
2015-06-03,Stable,0.5137880369289811
2015-06-04,Stable,0.6301972708968333
2015-06-05,Stable,0.6792052740643475
2015-06-08,Stable,0.6940571874953704
2015-06-09,Stable,0.7066899329004449
2015-06-10,Stable,0.6952671248789184
2015-06-11,Stable,0.6895165651469383
2015-06-12,Stable,0.8471670243883809
2015-06-15,Stable,0.9178051591767297
2015-06-16,Stable,0.9503718372677297
2015-06-17,Stable,0.9646333993109113
2015-06-18,Stable,0.9698775215769012
2015-06-19,Stable,0.9746969304540596
2015-06-22,Stable,0.9743430906639734
2015-06-23,Stable,0.9858859109263124
2015-06-24,Stable,0.9909436450395142
2015-06-25,Stable,0.9932343244336932
2015-06-26,Stable,0.9937002596260589
2015-06-29,Stable,0.9926802056648895
2015-06-30,Stable,0.9931164953456919
2015-07-01,Stable,0.9923874964096409
2015-07-02,Stable,0.9930350077694602
2015-07-03,Stable,0.991652735595077
2015-07-06,Stable,0.9878011976086805
2015-07-07,Stable,0.9791858029158574
2015-07-08,Stable,0.9605817152224215
2015-07-09,Stable,0.9742519489243398
2015-07-10,Stable,0.9813563493107884
2015-07-13,Stable,0.982662533444563
2015-07-14,Stable,0.9868778217217009
2015-07-15,Stable,0.9868628861178815
2015-07-16,Stable,0.9857219768590085
2015-07-17,Stable,0.984992718410698
2015-07-20,Stable,0.9791140879377911
2015-07-21,Stable,0.964631128182619
2015-07-22,Stable,0.951073466275076
2015-07-23,Stable,0.9411272322548384
2015-07-24,Stable,0.9218985623892042
2015-07-27,Stable,0.899728973321324
2015-07-28,Stable,0.9413649156229258
2015-07-29,Stable,0.9618838506050313
2015-07-30,Stable,0.9702278411779023
2015-07-31,Stable,0.9717568294089676
2015-08-03,Stable,0.9790116041726273
2015-08-04,Stable,0.9794873989206329
2015-08-05,Stable,0.9753039040952253
2015-08-06,Stable,0.9648249554840423
2015-08-07,Stable,0.9392921046388565
2015-08-10,Stable,0.8884023396178043
2015-08-11,Stable,0.7998912528961399
2015-08-12,Stable,0.6862060078036389
2015-08-13,Stable,0.6364908468254574
2015-08-14,Stable,0.5161506732358068
2015-08-17,Stable,0.5040430575433917
2015-08-18,Stable,0.5323179716175516
2015-08-19,Stable,0.6238294439350186
2015-08-20,Transitional,0.8259977090347682
2015-08-21,Transitional,0.8928790869550366
2015-08-24,Transitional,0.9453483312332746
2015-08-25,Transitional,0.9608815756973689
2015-08-26,Transitional,0.9735006908638397
2015-08-27,Transitional,0.9818349007028522
2015-08-28,Transitional,0.9775465858122876
2015-08-31,Transitional,0.9817710290278632
2015-09-01,Transitional,0.9968019915981281
2015-09-02,Transitional,0.9935200840282268
2015-09-03,Transitional,0.9935112468527013
2015-09-04,Transitional,0.9947195585918195
2015-09-07,Transitional,0.9725660225429
2015-09-08,Transitional,0.9354078247155553
2015-09-09,Transitional,0.8392883640544176
2015-09-10,Stable,0.5990223538041499
2015-09-11,Stable,0.5295732081899466
2015-09-14,Stable,0.5832221675291992
2015-09-15,Stable,0.6258349285467119
2015-09-16,Stable,0.6458592914036959
2015-09-18,Stable,0.6510441054295127
2015-09-21,Stable,0.6492010544094079
2015-09-22,Stable,0.6153830561343827
2015-09-23,Stable,0.7365487617224312
2015-09-24,Stable,0.791757954340939
2015-09-28,Stable,0.8108520291963555
2015-09-29,Stable,0.8316867288552623
2015-09-30,Stable,0.8339553383301668
2015-10-01,Stable,0.8457241167677496
2015-10-05,Stable,0.8362549857173099
2015-10-06,Stable,0.9158406332668213
2015-10-07,Stable,0.9531844581755878
2015-10-08,Stable,0.9694213359588715
2015-10-09,Stable,0.9803622013671096
2015-10-12,Stable,0.9868272797344575
2015-10-13,Stable,0.9915342064566662
2015-10-14,Stable,0.9933598237948792
2015-10-15,Stable,0.9938543999112814
2015-10-16,Stable,0.9949695120653234
2015-10-19,Stable,0.9960081109065111
2015-10-20,Stable,0.996437726090178
2015-10-21,Stable,0.996459235468774
2015-10-23,Stable,0.9960021645007646
2015-10-26,Stable,0.9951643475390881
2015-10-27,Stable,0.9941934603728253
2015-10-28,Stable,0.9923191827574454
2015-10-29,Stable,0.9918472436652094
2015-10-30,Stable,0.992550406577353
2015-11-02,Stable,0.9932616095114353
2015-11-03,Stable,0.9922793084240973
2015-11-04,Stable,0.9884328413606805
2015-11-05,Stable,0.9805311627628027
2015-11-06,Stable,0.9781263927377288
2015-11-09,Stable,0.9683586113721141
2015-11-10,Stable,0.9515733276862538
2015-11-13,Stable,0.9657165059247086
2015-11-16,Stable,0.9708867074109867
2015-11-17,Stable,0.9698932351716499
2015-11-18,Stable,0.9608251492256774
2015-11-19,Stable,0.9667619731917768
2015-11-20,Stable,0.982874585310393
2015-11-23,Stable,0.9898843849242671
2015-11-24,Stable,0.9928185553840657
2015-11-26,Stable,0.9938529794359471
2015-11-27,Stable,0.9942399779401646
2015-11-30,Stable,0.9945305169137729
2015-12-01,Stable,0.9933794720303538
2015-12-02,Stable,0.9898565844225697
2015-12-03,Stable,0.983100273651901
2015-12-04,Stable,0.9780318257035722
2015-12-07,Stable,0.9782390839000215
2015-12-08,Stable,0.9728168265797322
2015-12-09,Stable,0.9682582984706536
2015-12-10,Stable,0.9720717311345003
2015-12-11,Stable,0.9741554014596593
2015-12-14,Stable,0.9796519786860626
2015-12-15,Stable,0.9800054192981039
2015-12-16,Stable,0.9765650623059077
2015-12-17,Stable,0.9678592285425369
2015-12-18,Stable,0.962357740412161
2015-12-21,Stable,0.962785731930175
2015-12-22,Stable,0.9609046772866788
2015-12-23,Stable,0.9555677707458613
2015-12-24,Stable,0.9489927167844994
2015-12-28,Stable,0.9281153470142927
2015-12-29,Stable,0.8939389051802186
2015-12-30,Stable,0.8153477218303857
2015-12-31,Stable,0.6731469534733013
2016-01-04,Transitional,0.5927826580760268
2016-01-05,Transitional,0.606928241498489
2016-01-06,Transitional,0.6611416910960355
2016-01-07,Transitional,0.7534998415457835
2016-01-08,Transitional,0.6871881696503063
2016-01-11,Transitional,0.6639945696643976
2016-01-12,Transitional,0.6626976870989182
2016-01-13,Transitional,0.6738703241967126
2016-01-14,Transitional,0.7121104329187817
2016-01-15,Transitional,0.7963385858593864
2016-01-18,Transitional,0.8361658156535086
2016-01-19,Transitional,0.8608775357730184
2016-01-20,Transitional,0.890899504425212
2016-01-21,Transitional,0.8791198604994918
2016-01-22,Transitional,0.8845373820812016
2016-01-25,Transitional,0.8374662538206341
2016-01-27,Transitional,0.8254218035971724
2016-01-28,Transitional,0.8400579940976379
2016-01-29,Transitional,0.8877107732873538
2016-02-01,Transitional,0.8911679818241754
2016-02-02,Transitional,0.9196628402760494
2016-02-03,Transitional,0.9302129520272788
2016-02-04,Transitional,0.9313910985361744
2016-02-05,Transitional,0.9503869872116073
2016-02-08,Transitional,0.9742025205082853
2016-02-09,Transitional,0.9847873505662555
2016-02-10,Transitional,0.9921676993107673
2016-02-11,Transitional,0.9990775046234048
2016-02-12,Transitional,0.9949795854467168
2016-02-15,Transitional,0.9980254697864929
2016-02-16,Transitional,0.989328330578612
2016-02-17,Transitional,0.9579219699713838
2016-02-18,Transitional,0.9417007292382573
2016-02-19,Transitional,0.929232158913038
2016-02-22,Transitional,0.9361408504586619
2016-02-23,Transitional,0.9663959154113563
2016-02-24,Transitional,0.9661832551183339
2016-02-25,Transitional,0.959746059910936
2016-02-26,Transitional,0.9607885908069126
2016-02-29,Transitional,0.9706884731211425
2016-03-01,Transitional,0.9879084644075032
2016-03-02,Transitional,0.944189022606427
2016-03-03,Transitional,0.7058414226664442
2016-03-04,Stable,0.6542382206966341
2016-03-08,Stable,0.8170957974806138
2016-03-09,Stable,0.8901905128936869
2016-03-10,Stable,0.9282672081918325
2016-03-11,Stable,0.953625454434139
2016-03-14,Stable,0.9633298567686609
2016-03-15,Stable,0.9638073428960722
2016-03-16,Stable,0.9698455065302116
2016-03-17,Stable,0.9689991766026387
2016-03-18,Stable,0.9591171523533385
2016-03-21,Stable,0.9528502646387842
2016-03-22,Stable,0.9526799530974909
2016-03-23,Stable,0.9407429503012158
2016-03-28,Stable,0.9093122613491068
2016-03-29,Stable,0.9010854791762735
2016-03-30,Stable,0.8747675807231847
2016-03-31,Stable,0.8857999340351804
2016-04-01,Stable,0.8785263116019265
2016-04-04,Stable,0.8537325675221484
2016-04-05,Stable,0.8004414114980903
2016-04-06,Stable,0.8476267333164436
2016-04-07,Stable,0.8634503241833597
2016-04-08,Stable,0.8798160547079465
2016-04-11,Stable,0.8767038644007252
2016-04-12,Stable,0.8922782718589813
2016-04-13,Stable,0.8916845420850783
2016-04-18,Stable,0.9338803957386136
2016-04-20,Stable,0.960467348328436
2016-04-21,Stable,0.9712206320395907
2016-04-22,Stable,0.9733052867668769
2016-04-25,Stable,0.9686627043522351
2016-04-26,Stable,0.9599131134847528
2016-04-27,Stable,0.958741420927866
2016-04-28,Stable,0.9466172991077868
2016-04-29,Stable,0.9669065590106526
2016-05-02,Stable,0.9745287988554008
2016-05-03,Stable,0.9787701876631504
2016-05-04,Stable,0.9831106889179841
2016-05-05,Stable,0.9851707452178535
2016-05-06,Stable,0.9828460500636389
2016-05-09,Stable,0.9744008103519913
2016-05-10,Stable,0.9817061458831046
2016-05-11,Stable,0.9829065400667872
2016-05-12,Stable,0.9817464154621054
2016-05-13,Stable,0.9768610745458284
2016-05-16,Stable,0.9780320371288012
2016-05-17,Stable,0.9744286926671482
2016-05-18,Stable,0.9626428241783975
2016-05-19,Stable,0.9376658263827605
2016-05-20,Stable,0.9232112651508043
2016-05-23,Stable,0.8942049938509228
2016-05-24,Stable,0.8326400921391216
2016-05-25,Stable,0.6943583999392091
2016-05-26,Stable,0.7278371957992237
2016-05-27,Stable,0.8312875530962358
2016-05-30,Stable,0.9197426818203868
2016-05-31,Stable,0.9597538739667554
2016-06-01,Stable,0.9794750510632533
2016-06-02,Stable,0.9881907977386153
2016-06-03,Stable,0.992339237001544
2016-06-06,Stable,0.9936372077614155
2016-06-07,Stable,0.9935437705349067
2016-06-08,Stable,0.9934642056403958
2016-06-09,Stable,0.9912081323371471
2016-06-10,Stable,0.9911243637587785
2016-06-13,Stable,0.989676260664035
2016-06-14,Stable,0.9891277152173303
2016-06-15,Stable,0.9848311270961576
2016-06-16,Stable,0.9837740859813183
2016-06-17,Stable,0.9840005421822166
2016-06-20,Stable,0.9793352021059473
2016-06-21,Stable,0.9719282640308223
2016-06-22,Stable,0.9549203160305382
2016-06-23,Stable,0.9188001455499843
2016-06-24,Stable,0.8613905139663585
2016-06-27,Stable,0.9270047057552553
2016-06-28,Stable,0.9557913616296412
2016-06-29,Stable,0.9682149963951593
2016-06-30,Stable,0.9775593994058407
2016-07-01,Stable,0.9863484718117332
2016-07-04,Stable,0.9902679127511794
2016-07-05,Stable,0.9914707130691026
2016-07-07,Stable,0.9914435727583313
2016-07-08,Stable,0.9884955352061495
2016-07-11,Stable,0.9814160178897703
2016-07-12,Stable,0.9889383831612955
2016-07-13,Stable,0.9931851642401294
2016-07-14,Stable,0.9948733551862518
2016-07-15,Stable,0.9956631558085245
2016-07-18,Stable,0.9959719969535935
2016-07-19,Stable,0.9963195629895049
2016-07-20,Stable,0.9959184566185851
2016-07-21,Stable,0.994841287887142
2016-07-22,Stable,0.9948352080266674
2016-07-25,Stable,0.9935133218175334
2016-07-26,Stable,0.9945163467844256
2016-07-27,Stable,0.9956879451798348
2016-07-28,Stable,0.9958173462480678
2016-07-29,Stable,0.995692747698123
2016-08-01,Stable,0.9952657868399217
2016-08-02,Stable,0.9935469373872455
2016-08-03,Stable,0.9897878079771618
2016-08-04,Stable,0.9888683502763933
2016-08-05,Stable,0.9838771804864014
2016-08-08,Stable,0.9882024175891045
2016-08-09,Stable,0.9885979365475296
2016-08-10,Stable,0.986833194878641
2016-08-11,Stable,0.9922389703210586
2016-08-16,Stable,0.9943974387647139
2016-08-17,Stable,0.9956163364854201
2016-08-18,Stable,0.9961228670853638
2016-08-19,Stable,0.9964430540672083
2016-08-22,Stable,0.9962006941180542
2016-08-23,Stable,0.996302001825321
2016-08-24,Stable,0.9956353500394803
2016-08-25,Stable,0.9937406018393893
2016-08-26,Stable,0.9928049144070565
2016-08-29,Stable,0.9900000733357429
2016-08-30,Stable,0.9834095613658785
2016-08-31,Stable,0.9872815136520078
2016-09-01,Stable,0.9875796980811855
2016-09-02,Stable,0.9841219377752131
2016-09-06,Stable,0.9748630965577203
2016-09-07,Stable,0.9759140845756883
2016-09-08,Stable,0.9714714883830348
2016-09-09,Stable,0.9579254922758877
2016-09-12,Stable,0.9481906386754337
2016-09-14,Stable,0.9743365850616883
2016-09-15,Stable,0.9858734427136655
2016-09-16,Stable,0.9906457389855684
2016-09-19,Stable,0.9923254147102308
2016-09-20,Stable,0.9916240734987756
2016-09-21,Stable,0.9894017660368065
2016-09-22,Stable,0.982940038905751
2016-09-23,Stable,0.9767511783931674
2016-09-26,Stable,0.9646527741102418
2016-09-27,Stable,0.9638360823039562
2016-09-28,Stable,0.95438279550622
2016-09-29,Stable,0.9309008730600172
2016-09-30,Stable,0.9500396534151607
2016-10-03,Stable,0.955201760678298
2016-10-04,Stable,0.972731863682459
2016-10-05,Stable,0.9797327827057747
2016-10-06,Stable,0.9815625728192959
2016-10-07,Stable,0.9799012850410835
2016-10-10,Stable,0.972102839660404
2016-10-13,Stable,0.9523131244194248
2016-10-14,Stable,0.9586355673120697
2016-10-17,Stable,0.9548033947690834
2016-10-18,Stable,0.949277515719867
2016-10-19,Stable,0.9726656538884421
2016-10-20,Stable,0.9839140815675641
2016-10-21,Stable,0.9889612096531183
2016-10-24,Stable,0.99017678764713
2016-10-25,Stable,0.9880753009815274
2016-10-26,Stable,0.982161122287366
2016-10-27,Stable,0.9784104260168253
2016-10-28,Stable,0.9667272402375316
2016-11-01,Stable,0.9394433629413372
2016-11-02,Stable,0.8811817978226997
2016-11-03,Stable,0.8566837013369345
2016-11-04,Stable,0.8046376691934227
2016-11-07,Stable,0.7244847329962172
2016-11-08,Stable,0.5861354160878333
2016-11-09,Transitional,0.6888878918287461
2016-11-10,Transitional,0.8294237277239784
2016-11-11,Transitional,0.9901142684844568
2016-11-15,Transitional,0.9827634087588254
2016-11-16,Stable,0.7841541894645747
2016-11-17,Stable,0.6976878026091785
2016-11-18,Stable,0.6560856798335273
2016-11-21,Stable,0.6496686632132177
2016-11-22,Stable,0.5161790896611851
2016-11-23,Stable,0.5745731169620101
2016-11-24,Stable,0.6111502521445354
2016-11-25,Stable,0.642067509377668
2016-11-28,Stable,0.7922560325509325
2016-11-29,Stable,0.858141590959137
2016-11-30,Stable,0.8846078397738307
2016-12-01,Stable,0.9047514085580091
2016-12-02,Stable,0.9110002769661608
2016-12-05,Stable,0.9380174321195381
2016-12-06,Stable,0.9491763200960737
2016-12-07,Stable,0.9483134566737196
2016-12-08,Stable,0.9409599610677101
2016-12-09,Stable,0.959697681306572
2016-12-12,Stable,0.9654965833717117
2016-12-13,Stable,0.9791543041311558
2016-12-14,Stable,0.9862369094793744
2016-12-15,Stable,0.9905906424782673
2016-12-16,Stable,0.9927506793589349
2016-12-19,Stable,0.9929299635581288
2016-12-20,Stable,0.9923778094259073
2016-12-21,Stable,0.9900507337802346
2016-12-22,Stable,0.984751879303404
2016-12-23,Stable,0.9840109096911468
2016-12-26,Stable,0.9777543162585204
2016-12-27,Stable,0.9753519377342221
2016-12-28,Stable,0.984763600598117
2016-12-29,Stable,0.9880202963932252
2016-12-30,Stable,0.9904464392370025
2017-01-02,Stable,0.9939292388122046
2017-01-03,Stable,0.9953750205156345
2017-01-04,Stable,0.9955123927875147
2017-01-05,Stable,0.9945340347384879
2017-01-06,Stable,0.9952664134300209
2017-01-09,Stable,0.9956752895419639
2017-01-10,Stable,0.9951694582694357
2017-01-11,Stable,0.9943320531687241
2017-01-12,Stable,0.9959177005458655
2017-01-13,Stable,0.9965525044789565
2017-01-16,Stable,0.9966851570178629
2017-01-17,Stable,0.9962354160445742
2017-01-18,Stable,0.9952781978490806
2017-01-19,Stable,0.9928634724018317
2017-01-20,Stable,0.9873703308734098
2017-01-23,Stable,0.9862992229195798
2017-01-24,Stable,0.9813972748651995
2017-01-25,Stable,0.9764591742440925
2017-01-27,Stable,0.9809043461181087
2017-01-30,Stable,0.9801675478267706
2017-01-31,Stable,0.9734099488259778
2017-02-01,Stable,0.9676074083699668
2017-02-02,Stable,0.9834606188598994
2017-02-03,Stable,0.9904270827744344
2017-02-06,Stable,0.9931880254435993
2017-02-07,Stable,0.9950203950514909
2017-02-08,Stable,0.9963698102184556
2017-02-09,Stable,0.9969521971252353
2017-02-10,Stable,0.9971015642238241
2017-02-13,Stable,0.9969213864190872
2017-02-14,Stable,0.9962849019008186
2017-02-15,Stable,0.9950737764055683
2017-02-16,Stable,0.9957869563270941
2017-02-17,Stable,0.9963013124552946
2017-02-20,Stable,0.9964991774040934
2017-02-21,Stable,0.9969559757888001
2017-02-22,Stable,0.9971026234461019
2017-02-23,Stable,0.9969364226844055
2017-02-27,Stable,0.9963242508923023
2017-02-28,Stable,0.9962789490637376
2017-03-01,Stable,0.9958144333937671
2017-03-02,Stable,0.9957376429573939
2017-03-03,Stable,0.9962001774601765
2017-03-06,Stable,0.9959067838526523
2017-03-07,Stable,0.9960133276248444
2017-03-08,Stable,0.9955563650424937
2017-03-09,Stable,0.9944844143742917
2017-03-10,Stable,0.9915484233458312
2017-03-14,Stable,0.984739682712381
2017-03-15,Stable,0.9907000574088743
2017-03-16,Stable,0.9929430012063705
2017-03-17,Stable,0.9946658516504211
2017-03-20,Stable,0.9947554702773461
2017-03-21,Stable,0.9943515486274869
2017-03-22,Stable,0.9922897036797798
2017-03-23,Stable,0.9941325213215468
2017-03-24,Stable,0.9951232591421734
2017-03-27,Stable,0.9947640522843967
2017-03-28,Stable,0.9957236635974788
2017-03-29,Stable,0.9964545110969272
2017-03-30,Stable,0.9968652465037411
2017-03-31,Stable,0.9969230039202568
2017-04-03,Stable,0.9965975599581997
2017-04-05,Stable,0.9967535023847046
2017-04-06,Stable,0.9964578421689306
2017-04-07,Stable,0.9955285853242765
2017-04-10,Stable,0.9960501375553855
2017-04-11,Stable,0.9960206627490827
2017-04-12,Stable,0.9958879107857651
2017-04-13,Stable,0.995689979392076
2017-04-17,Stable,0.9963118477291368
2017-04-18,Stable,0.9963839569477314
2017-04-19,Stable,0.9966328232389086
2017-04-20,Stable,0.9963521070116046
2017-04-21,Stable,0.9954704641695626
2017-04-24,Stable,0.9936756879118623
2017-04-25,Stable,0.9939940450930386
2017-04-26,Stable,0.9955112045365545
2017-04-27,Stable,0.9962516994773971
2017-04-28,Stable,0.9963668351421358
2017-05-02,Stable,0.9967765237886076
2017-05-03,Stable,0.9966590710006329
2017-05-04,Stable,0.9960178996604763
2017-05-05,Stable,0.9949384709240143
2017-05-08,Stable,0.9959746432307955
2017-05-09,Stable,0.996137147869065
2017-05-10,Stable,0.9954525366072613
2017-05-11,Stable,0.9963076829337674
2017-05-12,Stable,0.9963584779381052
2017-05-15,Stable,0.9961221610970001
2017-05-16,Stable,0.9954146252878794
2017-05-17,Stable,0.9947658683685391
2017-05-18,Stable,0.9924282458651407
2017-05-19,Stable,0.9941325330539045
2017-05-22,Stable,0.9940665848665583
2017-05-23,Stable,0.9920782538636453
2017-05-24,Stable,0.9897693517680166
2017-05-25,Stable,0.9844831108939806
2017-05-26,Stable,0.9894497662365257
2017-05-29,Stable,0.9939036487075693
2017-05-30,Stable,0.9958753384272319
2017-05-31,Stable,0.9967139564933842
2017-06-01,Stable,0.997060061209737
2017-06-02,Stable,0.997158134680692
2017-06-05,Stable,0.997167126249991
2017-06-06,Stable,0.9969070977253769
2017-06-07,Stable,0.9971171379132525
2017-06-08,Stable,0.9970694386990545
2017-06-09,Stable,0.996974408886349
2017-06-12,Stable,0.9964848553813802
2017-06-13,Stable,0.9968808189809348
2017-06-14,Stable,0.9969881559295309
2017-06-15,Stable,0.9966925336628849
2017-06-16,Stable,0.9968629904341564
2017-06-19,Stable,0.9965584544821728
2017-06-20,Stable,0.9968239161017287
2017-06-21,Stable,0.9966938406922932
2017-06-22,Stable,0.9963859999077236
2017-06-23,Stable,0.9954070372268774
2017-06-27,Stable,0.9951549168798168
2017-06-28,Stable,0.9961266551134372
2017-06-29,Stable,0.9966241938089887
2017-06-30,Stable,0.996503173479277
2017-07-03,Stable,0.9956890076546862
2017-07-04,Stable,0.9965702664519842
2017-07-05,Stable,0.9968610589847705
2017-07-06,Stable,0.9967207438084016
2017-07-07,Stable,0.9962290365561783
2017-07-10,Stable,0.9950428536469799
2017-07-11,Stable,0.9961674264216306
2017-07-12,Stable,0.996393457692243
2017-07-13,Stable,0.9959837627547411
2017-07-14,Stable,0.9961359017285879
2017-07-17,Stable,0.9955336089338437
2017-07-18,Stable,0.9937613386386955
2017-07-19,Stable,0.9948409898143545
2017-07-20,Stable,0.9959065138873612
2017-07-21,Stable,0.9965394824388393
2017-07-24,Stable,0.9967970074810872
2017-07-25,Stable,0.9970327061771629
2017-07-26,Stable,0.9969682627948907
2017-07-27,Stable,0.9970996907301002
2017-07-28,Stable,0.9969549321910385
2017-07-31,Stable,0.9965066792054441
2017-08-01,Stable,0.9962246594181837
2017-08-02,Stable,0.9952936397961916
2017-08-03,Stable,0.9938563490837586
2017-08-04,Stable,0.9934380482810858
2017-08-07,Stable,0.9915835370701205
2017-08-08,Stable,0.9866616556404424
2017-08-09,Stable,0.9827892214834049
2017-08-10,Stable,0.9786657007497337
2017-08-11,Stable,0.9768515196684925
2017-08-14,Stable,0.981773439797442
2017-08-16,Stable,0.9848752307484695
2017-08-17,Stable,0.9889889364701203
2017-08-18,Stable,0.9892255195369183
2017-08-21,Stable,0.9897955853656881
2017-08-22,Stable,0.9924990865116872
2017-08-23,Stable,0.9926072838744158
2017-08-24,Stable,0.9931554183285575
2017-08-28,Stable,0.9914829355739656
2017-08-29,Stable,0.9876719485272505
2017-08-30,Stable,0.9906956961443437
2017-08-31,Stable,0.9937074338172129
2017-09-01,Stable,0.9946933146993927
2017-09-04,Stable,0.9949037750206898
2017-09-05,Stable,0.9959809187864572
2017-09-06,Stable,0.9963258009220481
2017-09-07,Stable,0.9967722848397312
2017-09-08,Stable,0.9966854780169401
2017-09-11,Stable,0.9960325373821706
2017-09-12,Stable,0.9957086173672919
2017-09-13,Stable,0.9963733544527611
2017-09-14,Stable,0.9965360552208188
2017-09-15,Stable,0.9960444338023346
2017-09-18,Stable,0.9946405549441899
2017-09-19,Stable,0.9927634812283482
2017-09-20,Stable,0.9881702270289489
2017-09-21,Stable,0.977986641610454
2017-09-22,Stable,0.9570143146764091
2017-09-25,Stable,0.9617487723710475
2017-09-26,Stable,0.9692373782462315
2017-09-27,Stable,0.9683610815346387
2017-09-28,Stable,0.9833287453392271
2017-09-29,Stable,0.9900778605347215
2017-10-03,Stable,0.992611780832834
2017-10-04,Stable,0.994311149447084
2017-10-05,Stable,0.9950102200303005
2017-10-06,Stable,0.9949346536891484
2017-10-09,Stable,0.9959642500122877
2017-10-10,Stable,0.99600651860161
2017-10-11,Stable,0.9951707599218808
2017-10-12,Stable,0.9937643478599509
2017-10-13,Stable,0.9948045552838596
2017-10-16,Stable,0.9956620438838523
2017-10-17,Stable,0.9963079768863228
2017-10-18,Stable,0.9961928733737582
2017-10-19,Stable,0.9957133754951654
2017-10-23,Stable,0.9963811935545143
2017-10-24,Stable,0.9965034620262456
2017-10-25,Stable,0.9959684249521338
2017-10-26,Stable,0.9964342724478095
2017-10-27,Stable,0.9965809536248678
2017-10-30,Stable,0.9964824298869963
2017-10-31,Stable,0.9959230995150139
2017-11-01,Stable,0.9949728129890939
2017-11-02,Stable,0.995802013614754
2017-11-03,Stable,0.9958978841251187
2017-11-06,Stable,0.9950538573119907
2017-11-07,Stable,0.992718902439432
2017-11-08,Stable,0.9939958113802936
2017-11-09,Stable,0.9949222308716235
2017-11-10,Stable,0.9943876630641159
2017-11-13,Stable,0.9920051897647483
2017-11-14,Stable,0.9928696476667271
2017-11-15,Stable,0.9926832067027079
2017-11-16,Stable,0.9933362922705995
2017-11-17,Stable,0.995023326457154
2017-11-20,Stable,0.996391921924344
2017-11-21,Stable,0.9969480095492969
2017-11-22,Stable,0.9971314565918841
2017-11-23,Stable,0.9969994631560753
2017-11-24,Stable,0.9964795077082305
2017-11-27,Stable,0.9954681560107365
2017-11-28,Stable,0.9930515289120442
2017-11-29,Stable,0.9887189850409823
2017-11-30,Stable,0.9792114910528189
2017-12-01,Stable,0.9807817759934019
2017-12-04,Stable,0.9871732731597676
2017-12-05,Stable,0.9887561317798865
2017-12-06,Stable,0.9868916679694562
2017-12-07,Stable,0.9856712410549285
2017-12-08,Stable,0.9879095776878815
2017-12-11,Stable,0.990540729885024
2017-12-12,Stable,0.9909012484469651
2017-12-13,Stable,0.9929574065082689
2017-12-14,Stable,0.9943477801372789
2017-12-15,Stable,0.9948513640383889
2017-12-18,Stable,0.99566311139128
2017-12-19,Stable,0.9959741216265466
2017-12-20,Stable,0.9965915223106052
2017-12-21,Stable,0.9969103072496558
2017-12-22,Stable,0.9968767045653442
2017-12-26,Stable,0.9968380973746447
2017-12-27,Stable,0.9964898449233969
2017-12-28,Stable,0.9964097498633612
2017-12-29,Stable,0.9958248525893355
2018-01-02,Stable,0.9946836465399771
2018-01-03,Stable,0.995970631609573
2018-01-04,Stable,0.9963018868136946
2018-01-05,Stable,0.9965932258464745
2018-01-08,Stable,0.9967584514111817
2018-01-09,Stable,0.9971657492461761
2018-01-10,Stable,0.9972727297348521
2018-01-11,Stable,0.9972532173605344
2018-01-12,Stable,0.9969983901608163
2018-01-15,Stable,0.9964058056074404
2018-01-16,Stable,0.9957193390947767
2018-01-17,Stable,0.9949502008905405
2018-01-18,Stable,0.9947010831327006
2018-01-19,Stable,0.9928769731647633
2018-01-22,Stable,0.990230463706187
2018-01-23,Stable,0.9854198073667448
2018-01-24,Stable,0.9818649552426203
2018-01-25,Stable,0.9712535496998941
2018-01-29,Stable,0.9479206883219872
2018-01-30,Stable,0.901723652440241
2018-01-31,Stable,0.842120895321985
2018-02-01,Stable,0.7177630183010607
2018-02-02,Stable,0.5493529969046315
2018-02-05,Stable,0.5104894026617559
2018-02-06,Stable,0.5232688460231228
2018-02-07,Stable,0.6755368683374848
2018-02-08,Stable,0.747159173877594
2018-02-09,Stable,0.7979077410556736
2018-02-12,Stable,0.8770896970334541
2018-02-14,Stable,0.9262822600132875
2018-02-15,Stable,0.9521124632647905
2018-02-16,Stable,0.9626440356376771
2018-02-19,Stable,0.9748674995401488
2018-02-20,Stable,0.9851111413912933
2018-02-21,Stable,0.9895767846434858
2018-02-22,Stable,0.9905342635912967
2018-02-23,Stable,0.9887285632387934
2018-02-26,Stable,0.9882330239132533
2018-02-27,Stable,0.9872697062802454
2018-02-28,Stable,0.9829311508464239
2018-03-01,Stable,0.9765893005815278
2018-03-05,Stable,0.9632417886379769
2018-03-06,Stable,0.9534914224132391
2018-03-07,Stable,0.9503419915185863
2018-03-08,Stable,0.9500219308805494
2018-03-09,Stable,0.9452325198169651
2018-03-12,Stable,0.9273689962562979
2018-03-13,Stable,0.944041582889023
2018-03-14,Stable,0.946849359011648
2018-03-15,Stable,0.938796687041792
2018-03-16,Stable,0.9214556601041992
2018-03-19,Stable,0.9369910976072441
2018-03-20,Stable,0.9577840884121883
2018-03-21,Stable,0.9649865391730055
2018-03-22,Stable,0.9632679094380255
2018-03-23,Stable,0.9549305727940705
2018-03-26,Stable,0.9558716523431284
2018-03-27,Stable,0.9632321190694686
2018-03-28,Stable,0.962738970711428
2018-04-02,Stable,0.960363303186137
2018-04-03,Stable,0.956059905578978
2018-04-04,Stable,0.9396268920355896
2018-04-05,Stable,0.9336290027217085
2018-04-06,Stable,0.9681771374551168
2018-04-09,Stable,0.9836244321433331
2018-04-10,Stable,0.9912314171479034
2018-04-11,Stable,0.9946383603268717
2018-04-12,Stable,0.9960899973195257
2018-04-13,Stable,0.996820245073749
2018-04-16,Stable,0.9970496290050892
2018-04-17,Stable,0.9972500514289117
2018-04-18,Stable,0.9972189203304994
2018-04-19,Stable,0.9973101017247528
2018-04-20,Stable,0.9973745878218114
2018-04-23,Stable,0.9973421607285429
2018-04-24,Stable,0.9971367758013072
2018-04-25,Stable,0.996679623932673
2018-04-26,Stable,0.9966642108123943
2018-04-27,Stable,0.9963976295032507
2018-04-30,Stable,0.9965448746982792
2018-05-02,Stable,0.9963651095922624
2018-05-03,Stable,0.9958182320591534
2018-05-04,Stable,0.9951406537055213
2018-05-07,Stable,0.9951482355670541
2018-05-08,Stable,0.9962757003568931
2018-05-09,Stable,0.9966029098275269
2018-05-10,Stable,0.9963302634149717
2018-05-11,Stable,0.9957620047430193
2018-05-14,Stable,0.9960336405602659
2018-05-15,Stable,0.9954326797407856
2018-05-16,Stable,0.9936289372375894
2018-05-17,Stable,0.9919633837143418
2018-05-18,Stable,0.9899291401227002
2018-05-21,Stable,0.9896466855517038
2018-05-22,Stable,0.9905224870406559
2018-05-23,Stable,0.9881873358222258
2018-05-24,Stable,0.9900607805491008
2018-05-25,Stable,0.9911345790198359
2018-05-28,Stable,0.9921779851422177
2018-05-29,Stable,0.9928188169599023
2018-05-30,Stable,0.9932094218740228
2018-05-31,Stable,0.9918533963431118
2018-06-01,Stable,0.9931319442931281
2018-06-04,Stable,0.9934021608095496
2018-06-05,Stable,0.9943307648037651
2018-06-06,Stable,0.9944775812920945
2018-06-07,Stable,0.9952701449577472
2018-06-08,Stable,0.9964253870901543
2018-06-11,Stable,0.9968779225561143
2018-06-12,Stable,0.9968647105632449
2018-06-13,Stable,0.9968743495958026
2018-06-14,Stable,0.996408911773713
2018-06-15,Stable,0.9964153362376499
2018-06-18,Stable,0.9956867218584415
2018-06-19,Stable,0.9941156438336947
2018-06-20,Stable,0.9948225946687748
2018-06-21,Stable,0.9948353386884614
2018-06-22,Stable,0.9940831164232086
2018-06-25,Stable,0.9931932808109708
2018-06-26,Stable,0.9923266013625477
2018-06-27,Stable,0.9886755092572929
2018-06-28,Stable,0.9878760355660227
2018-06-29,Stable,0.9882766834831597
2018-07-02,Stable,0.9916188735394624
2018-07-03,Stable,0.994265990611087
2018-07-04,Stable,0.9952771868060918
2018-07-05,Stable,0.9960457122975939
2018-07-06,Stable,0.9962584313177858
2018-07-09,Stable,0.9956738798120628
2018-07-10,Stable,0.9954223600740169
2018-07-11,Stable,0.9960847983907788
2018-07-12,Stable,0.9958907095103717
2018-07-13,Stable,0.9958448142538282
2018-07-16,Stable,0.9948626333317441
2018-07-17,Stable,0.9956024086470799
2018-07-18,Stable,0.996222663501788
2018-07-19,Stable,0.9965392858539248
2018-07-20,Stable,0.996616240501194
2018-07-23,Stable,0.996505857259151
2018-07-24,Stable,0.9967569298990949
2018-07-25,Stable,0.9968048103959727
2018-07-26,Stable,0.9964205122835751
2018-07-27,Stable,0.9953935032343737
2018-07-30,Stable,0.9960494463648357
2018-07-31,Stable,0.9959741244110779
2018-08-01,Stable,0.9950561937543122
2018-08-02,Stable,0.9927808786332513
2018-08-03,Stable,0.9933158013138017
2018-08-06,Stable,0.9954964808907387
2018-08-07,Stable,0.9963571064513829
2018-08-08,Stable,0.9964822920285862
2018-08-09,Stable,0.9964778419107698
2018-08-10,Stable,0.9957738725954994
2018-08-13,Stable,0.9949119860719214
2018-08-14,Stable,0.9951060466138174
2018-08-16,Stable,0.9952342336097897
2018-08-17,Stable,0.9953695679809036
2018-08-20,Stable,0.9957811853670524
2018-08-21,Stable,0.9963820937628957
2018-08-23,Stable,0.9962315519209154
2018-08-24,Stable,0.995228136485231
2018-08-27,Stable,0.9932877953776936
2018-08-28,Stable,0.9942206203299467
2018-08-29,Stable,0.9936732463941124
2018-08-30,Stable,0.992397790267367
2018-08-31,Stable,0.9886574288653832
2018-09-03,Stable,0.9796813885034846
2018-09-04,Stable,0.9719800630318515
2018-09-05,Stable,0.9592773088423958
2018-09-06,Stable,0.934663385162592
2018-09-07,Stable,0.8842898426185586
2018-09-10,Stable,0.7790619078603059
2018-09-11,Stable,0.7295280911641138
2018-09-12,Stable,0.7142693447645275
2018-09-14,Stable,0.6757280743419288
2018-09-17,Stable,0.6447220656035219
2018-09-18,Stable,0.6341033441671405
2018-09-19,Stable,0.6207441771963338
2018-09-21,Stable,0.5796354932036605
2018-09-24,Stable,0.5289593342374636
2018-09-25,Stable,0.5374698228084185
2018-09-26,Stable,0.5313143872230062
2018-09-27,Stable,0.509708979199806
2018-09-28,Stable,0.5715783992834899
2018-10-01,Stable,0.6890192565174219
2018-10-03,Transitional,0.8998439426370908
2018-10-04,Transitional,0.9968929187348522
2018-10-05,Transitional,0.9991386686357496
2018-10-08,Transitional,0.9861393845361069
2018-10-09,Transitional,0.9851823245960603
2018-10-10,Transitional,0.9928999562244182
2018-10-11,Transitional,0.9980749858578303
2018-10-12,Transitional,0.9947589503581559
2018-10-15,Transitional,0.9509049045668172
2018-10-16,Transitional,0.9351429813316722
2018-10-17,Transitional,0.9346034349805801
2018-10-19,Transitional,0.9257288318638344
2018-10-22,Transitional,0.8925854264232094
2018-10-23,Transitional,0.8775011784088032
2018-10-24,Transitional,0.8634168292987717
2018-10-25,Transitional,0.8661380385459126
2018-10-26,Transitional,0.869065491171059
2018-10-29,Transitional,0.8735522150597125
2018-10-30,Transitional,0.7810900311767411
2018-10-31,Transitional,0.7289919930358271
2018-11-01,Transitional,0.5320999629649549
2018-11-02,Transitional,0.5547005178556903
2018-11-05,Stable,0.7687020304673189
2018-11-06,Stable,0.8763724309163193
2018-11-07,Stable,0.9240632316455163
2018-11-09,Stable,0.9492407859953272
2018-11-12,Stable,0.9589042445525638
2018-11-13,Stable,0.9728288947271359
2018-11-14,Stable,0.9840175501767372
2018-11-15,Stable,0.9884985571323806
2018-11-16,Stable,0.9892559946768041
2018-11-19,Stable,0.9878357912340764
2018-11-20,Stable,0.984783989674748
2018-11-21,Stable,0.9858552767512976
2018-11-22,Stable,0.9853638310229983
2018-11-26,Stable,0.9849199149829369
2018-11-27,Stable,0.9845747630678326
2018-11-28,Stable,0.9802949014440698
2018-11-29,Stable,0.9689379445532816
2018-11-30,Stable,0.960922660401355
2018-12-03,Stable,0.9387968866161807
2018-12-04,Stable,0.8877681779275355
2018-12-05,Stable,0.7789278845685518
2018-12-06,Stable,0.648758136957362
2018-12-07,Stable,0.6335306641503347
2018-12-10,Stable,0.6003585593795298
2018-12-11,Stable,0.6766303411633181
2018-12-12,Stable,0.7108294107439748
2018-12-13,Stable,0.8407573647443476
2018-12-14,Stable,0.9042543469599675
2018-12-17,Stable,0.9310538155061453
2018-12-18,Stable,0.9457656105113564
2018-12-19,Stable,0.9472941079444358
2018-12-20,Stable,0.9390369417978269
2018-12-21,Stable,0.9150568306727671
2018-12-24,Stable,0.9413709022879333
2018-12-26,Stable,0.9664636607655606
2018-12-27,Stable,0.979674785263231
2018-12-28,Stable,0.9853908503055261
2018-12-31,Stable,0.9885212513913545
2019-01-02,Stable,0.9878172520780722
2019-01-03,Stable,0.9869633963516964
2019-01-04,Stable,0.992051977260938
2019-01-07,Stable,0.9946457541363914
2019-01-08,Stable,0.9957839242862307
2019-01-09,Stable,0.9959148175966992
2019-01-10,Stable,0.9955367432890979
2019-01-11,Stable,0.9947363598551974
2019-01-14,Stable,0.9929055309021262
2019-01-15,Stable,0.9908138526208103
2019-01-16,Stable,0.9942992833559696
2019-01-17,Stable,0.9957284100623619
2019-01-18,Stable,0.9960131845899759
2019-01-21,Stable,0.995400593339523
2019-01-22,Stable,0.9940329037073423
2019-01-23,Stable,0.9917460229870613
2019-01-24,Stable,0.9916227069542827
2019-01-25,Stable,0.9885641809298722
2019-01-28,Stable,0.9851964273230691
2019-01-29,Stable,0.9876901282703993
2019-01-30,Stable,0.98639631845164
2019-01-31,Stable,0.9802668307942934
2019-02-01,Stable,0.9875171629598719
2019-02-04,Stable,0.9910252540035976
2019-02-05,Stable,0.9913382937829472
2019-02-06,Stable,0.9886906286935135
2019-02-07,Stable,0.9888555039922838
2019-02-08,Stable,0.9851774725499062
2019-02-11,Stable,0.9879290081917307
2019-02-12,Stable,0.9891604902140865
2019-02-14,Stable,0.989415747340621
2019-02-15,Stable,0.9911722332543741
2019-02-18,Stable,0.9905689045877362
2019-02-19,Stable,0.9914773390645821
2019-02-20,Stable,0.990774101593846
2019-02-21,Stable,0.9936856990192285
2019-02-22,Stable,0.9950171898361932
2019-02-25,Stable,0.9949424716481902
2019-02-26,Stable,0.9953735939216987
2019-02-27,Stable,0.9957361638069987
2019-02-28,Stable,0.9956307881051525
2019-03-01,Stable,0.9946436335998503
2019-03-05,Stable,0.9931773523645491
2019-03-06,Stable,0.9943365336576844
2019-03-07,Stable,0.9946864168374085
2019-03-08,Stable,0.9934652764205182
2019-03-11,Stable,0.9904762155857268
2019-03-12,Stable,0.9906952565901591
2019-03-13,Stable,0.9940071207661828
2019-03-14,Stable,0.9953723656163674
2019-03-15,Stable,0.9954906716681498
2019-03-18,Stable,0.9958490669417396
2019-03-19,Stable,0.995293706577473
2019-03-20,Stable,0.9943425294607465
2019-03-22,Stable,0.9917150423293473
2019-03-25,Stable,0.9886267700286723
2019-03-26,Stable,0.9882447856168656
2019-03-27,Stable,0.9902270463840892
2019-03-28,Stable,0.990156942250974
2019-04-01,Stable,0.9920371208800929
2019-04-02,Stable,0.9939001851980518
2019-04-03,Stable,0.9940527365983584
2019-04-04,Stable,0.9947220681187813
2019-04-05,Stable,0.9950175780580972
2019-04-08,Stable,0.9947404013001465
2019-04-09,Stable,0.9947720377942948
2019-04-10,Stable,0.9941157048958922
2019-04-11,Stable,0.9951227566243973
2019-04-12,Stable,0.9947358735768718
2019-04-15,Stable,0.9930356623475869
2019-04-16,Stable,0.9890186507249308
2019-04-18,Stable,0.9837594750741377
2019-04-22,Stable,0.9729696671026767
2019-04-23,Stable,0.9756014390242681
2019-04-24,Stable,0.9719630329285026
2019-04-25,Stable,0.9734492756782178
2019-04-26,Stable,0.9742825193470515
2019-04-30,Stable,0.9742724698912933
2019-05-02,Stable,0.9669017115084814
2019-05-03,Stable,0.9488196706219921
2019-05-06,Stable,0.9084800043100483
2019-05-07,Stable,0.8736973292896212
2019-05-08,Stable,0.8371371708471059
2019-05-09,Stable,0.82107671226297
2019-05-10,Stable,0.7869913899033367
2019-05-13,Stable,0.7094414276110976
2019-05-14,Stable,0.6607295748047544
2019-05-15,Stable,0.565064236676772
2019-05-16,Stable,0.5848174359572974
2019-05-17,Transitional,0.8062513193055734
2019-05-20,Transitional,0.9793236779563884
2019-05-21,Transitional,0.7758730353181412
2019-05-22,Stable,0.5480265065471195
2019-05-23,Stable,0.5517202601736366
2019-05-24,Stable,0.6226873409905116
2019-05-27,Stable,0.7786607360336361
2019-05-28,Stable,0.8645531820014019
2019-05-29,Stable,0.9015151264329961
2019-05-30,Stable,0.9239753423379762
2019-05-31,Stable,0.9341895199168272
2019-06-03,Stable,0.9322529785977174
2019-06-04,Stable,0.9395360195495787
2019-06-06,Stable,0.9404878199380494
2019-06-07,Stable,0.9692629545808739
2019-06-10,Stable,0.9818527065390211
2019-06-11,Stable,0.9873301609584166
2019-06-12,Stable,0.9885368111610506
2019-06-13,Stable,0.988408562166397
2019-06-14,Stable,0.9842396153634855
2019-06-17,Stable,0.9806954074398152
2019-06-18,Stable,0.9871058407995226
2019-06-19,Stable,0.9886576098341036
2019-06-20,Stable,0.9865132791082135
2019-06-21,Stable,0.9875333206437703
2019-06-24,Stable,0.9914104546492356
2019-06-25,Stable,0.9927544499838139
2019-06-26,Stable,0.9940653105516815
2019-06-27,Stable,0.9939093795923756
2019-06-28,Stable,0.9919189617636766
2019-07-01,Stable,0.9887733122355136
2019-07-02,Stable,0.982908249971443
2019-07-03,Stable,0.9695228769859987
2019-07-04,Stable,0.9392533232158746
2019-07-05,Stable,0.8722536568840034
2019-07-08,Stable,0.8283125268407067
2019-07-09,Stable,0.9087483043419661
2019-07-10,Stable,0.9447313354533725
2019-07-11,Stable,0.9660828581425022
2019-07-12,Stable,0.978393210340162
2019-07-15,Stable,0.9837425693462153
2019-07-16,Stable,0.9838893496201063
2019-07-17,Stable,0.9807649193726081
2019-07-18,Stable,0.9704366608550646
2019-07-19,Stable,0.9594237353606138
2019-07-22,Stable,0.9707262520394513
2019-07-23,Stable,0.9788021577342763
2019-07-24,Stable,0.9804654041805705
2019-07-25,Stable,0.9797278915801018
2019-07-26,Stable,0.9732423359196425
2019-07-29,Stable,0.9562522868724395
2019-07-30,Stable,0.9392381089031734
2019-07-31,Stable,0.9249655958522784
2019-08-01,Stable,0.8880172630471223
2019-08-02,Stable,0.8728666446409598
2019-08-05,Stable,0.8288191207508503
2019-08-06,Stable,0.8089333230405014
2019-08-07,Stable,0.7697213176984252
2019-08-08,Stable,0.725874653521101
2019-08-09,Stable,0.717975087643571
2019-08-13,Stable,0.6880637229930227
2019-08-14,Stable,0.7183959745783626
2019-08-16,Stable,0.7358139371237435
2019-08-19,Stable,0.7256857473330988
2019-08-20,Stable,0.6813993042905224
2019-08-21,Stable,0.5893744200466683
2019-08-22,Stable,0.5075471446273188
2019-08-23,Stable,0.5170947234670414
2019-08-26,Stable,0.5475013109495546
2019-08-27,Stable,0.5152888264593283
2019-08-28,Stable,0.5363143533639788
2019-08-29,Stable,0.537336299133835
2019-08-30,Stable,0.5359884332414462
2019-09-03,Stable,0.5099818123790725
2019-09-04,Stable,0.6462653997717839
2019-09-05,Stable,0.7080327459832303
2019-09-06,Stable,0.7284039558344733
2019-09-09,Stable,0.7357743097927322
2019-09-11,Stable,0.7195058355272084
2019-09-12,Stable,0.6659819918937074
2019-09-13,Stable,0.569614525078667
2019-09-16,Stable,0.5784028662861487
2019-09-17,Transitional,0.7864731718323865
2019-09-18,Transitional,0.8070183784566024
2019-09-19,Transitional,0.8355164000364896
2019-09-20,Transitional,0.7097189460942345
2019-09-23,Transitional,0.7129325634652334
2019-09-24,Stable,0.5909138313464247
2019-09-25,Stable,0.5360862690925075
2019-09-26,Stable,0.561441659948946
2019-09-27,Stable,0.6751929656354778
2019-09-30,Stable,0.7372277530897575
2019-10-01,Stable,0.7636386900413623
2019-10-03,Stable,0.796309256187082
2019-10-04,Stable,0.807583439800166
2019-10-07,Stable,0.8407298625322343
2019-10-09,Stable,0.8546146144963753
2019-10-10,Stable,0.9094168383142417
2019-10-11,Stable,0.9503277033545762
2019-10-14,Stable,0.9721375141811717
2019-10-15,Stable,0.9814616835896283
2019-10-16,Stable,0.9871225743477955
2019-10-17,Stable,0.9883020940752384
2019-10-18,Stable,0.9910000067677434
2019-10-22,Stable,0.9920460200530095
2019-10-23,Stable,0.9934481352260166
2019-10-24,Stable,0.9927197952941414
2019-10-25,Stable,0.9899602766130109
2019-10-29,Stable,0.9829364703457041
2019-10-30,Stable,0.9904134479366044
2019-10-31,Stable,0.9941951971680952
2019-11-01,Stable,0.9958623313656944
2019-11-04,Stable,0.9964208790984491
2019-11-05,Stable,0.9965518456484679
2019-11-06,Stable,0.996425851492988
2019-11-07,Stable,0.9958405624626178
2019-11-08,Stable,0.9943972181293178
2019-11-11,Stable,0.9955650057405738
2019-11-13,Stable,0.9955661627050296
2019-11-14,Stable,0.9965721199677887
2019-11-15,Stable,0.9969604776998782
2019-11-18,Stable,0.9969395039309161
2019-11-19,Stable,0.9966556501389114
2019-11-20,Stable,0.9961535400261176
2019-11-21,Stable,0.9952309379285411
2019-11-22,Stable,0.9935030273347559
2019-11-25,Stable,0.9911541012811307
2019-11-26,Stable,0.9936460385619307
2019-11-27,Stable,0.9948311045601833
2019-11-28,Stable,0.9951179643672958
2019-11-29,Stable,0.9943477880811247
2019-12-02,Stable,0.9955157423911862
2019-12-03,Stable,0.9956178293012374
2019-12-04,Stable,0.9959053685052885
2019-12-05,Stable,0.9954808792609803
2019-12-06,Stable,0.9942672850538868
2019-12-09,Stable,0.9951709236549425
2019-12-10,Stable,0.9947038316578645
2019-12-11,Stable,0.9954549710349688
2019-12-12,Stable,0.9953763069148555
2019-12-13,Stable,0.9946231032490217
2019-12-16,Stable,0.995184526230195
2019-12-17,Stable,0.9950664094478802
2019-12-18,Stable,0.996088449448574
2019-12-19,Stable,0.9965807966172281
2019-12-20,Stable,0.9965407174303564
2019-12-23,Stable,0.9958313839263878
2019-12-24,Stable,0.9941557290167288
2019-12-26,Stable,0.991735820854495
2019-12-27,Stable,0.9903459757639254
2019-12-30,Stable,0.9898203953630251
2019-12-31,Stable,0.9856334721525087
2020-01-01,Stable,0.9815253788807143
2020-01-02,Stable,0.9698470747325859
2020-01-03,Stable,0.951800562174912
2020-01-06,Stable,0.920105971230712
2020-01-07,Stable,0.9474387294214458
2020-01-08,Stable,0.959212587103984
2020-01-09,Stable,0.9615695571261477
2020-01-10,Stable,0.9796215769268504
2020-01-13,Stable,0.9876631748623207
2020-01-14,Stable,0.9918536906124367
2020-01-15,Stable,0.9930596783883782
2020-01-16,Stable,0.9923978148969849
2020-01-17,Stable,0.9890029197226247
2020-01-20,Stable,0.9808040595137741
2020-01-21,Stable,0.9777315679912174
2020-01-22,Stable,0.9704585617539873
2020-01-23,Stable,0.9578184858887907
2020-01-24,Stable,0.9323465886952567
2020-01-27,Stable,0.8813733290792248
2020-01-28,Stable,0.8430980253196052
2020-01-29,Stable,0.7780680648142736
2020-01-30,Stable,0.6522590910871001
2020-01-31,Stable,0.5038973846403197
2020-02-03,Stable,0.7391977265634763
2020-02-04,Stable,0.7316120954840194
2020-02-05,Stable,0.5321544799222676
2020-02-06,Stable,0.7154928086907122
2020-02-07,Stable,0.8004301038227786
2020-02-10,Stable,0.8422828490624681
2020-02-11,Stable,0.8660138274337341
2020-02-12,Stable,0.8726215935555661
2020-02-13,Stable,0.8677932934872963
2020-02-14,Stable,0.8432294026523643
2020-02-17,Stable,0.7977432293640349
2020-02-18,Stable,0.723251352388973
2020-02-19,Stable,0.5895435285459302
2020-02-20,Stable,0.561324720240542
2020-02-24,Transitional,0.844395821813537
2020-02-25,Transitional,0.8537986561242352
2020-02-26,Transitional,0.8880616385852008
2020-02-27,Transitional,0.9124146582267655
2020-02-28,Transitional,0.9488365824540457
2020-03-02,Transitional,0.9323440071953748
2020-03-03,Transitional,0.9082424340024827
2020-03-04,Transitional,0.8635983760685192
2020-03-05,Transitional,0.7482357756604766
2020-03-06,Volatile,0.6012974871783293
2020-03-09,Volatile,0.9554443806886042
2020-03-11,Volatile,0.9662588013690497
2020-03-12,Volatile,0.9999998123312429
2020-03-13,Volatile,0.9999917619109601
2020-03-16,Volatile,0.999999995021426
2020-03-17,Volatile,0.9999483807977394
2020-03-18,Volatile,0.9999982871082584
2020-03-19,Volatile,0.9999441736630812
2020-03-20,Volatile,0.9999996671722883
2020-03-23,Volatile,1.0
2020-03-24,Volatile,0.9999564667267784
2020-03-25,Volatile,0.9999999350202436
2020-03-26,Volatile,0.9999690614770159
2020-03-27,Volatile,0.999744386867049
2020-03-30,Volatile,0.9999727935109448
2020-03-31,Volatile,0.9999846076300422
2020-04-01,Volatile,0.9999773512136118
2020-04-03,Volatile,0.9999113101790238
2020-04-07,Volatile,0.999999962867151
2020-04-08,Volatile,0.9710282183043315
2020-04-09,Volatile,0.9633890498260239
2020-04-13,Volatile,0.8456696775121134
2020-04-15,Volatile,0.7880633386891853
2020-04-16,Volatile,0.7713774138855612
2020-04-17,Volatile,0.7680228450766301
2020-04-20,Volatile,0.7535334349620268
2020-04-21,Volatile,0.752356503131805
2020-04-22,Volatile,0.7467314783393042
2020-04-23,Volatile,0.7402199344830616
2020-04-24,Volatile,0.7395678940714003
2020-04-27,Volatile,0.7426765165804049
2020-04-28,Volatile,0.7524190705895406
2020-04-29,Volatile,0.7778135035625808
2020-04-30,Volatile,0.8156928793593825
2020-05-04,Volatile,0.8288699153140814
2020-05-05,Stable,0.4653408228728656
2020-05-06,Stable,0.6379998685562389
2020-05-07,Stable,0.648369387349577
2020-05-08,Stable,0.6225896583653895
2020-05-11,Stable,0.5437094075397687
2020-05-12,Stable,0.6322207326397009
2020-05-13,Transitional,0.9421499955566915
2020-05-14,Transitional,0.9963649176161862
2020-05-15,Transitional,0.9937408851035708
2020-05-18,Transitional,0.9983994317965528
2020-05-19,Transitional,0.9911593301810363
2020-05-20,Transitional,0.9917382909075841
2020-05-21,Transitional,0.9761808402914857
2020-05-22,Transitional,0.9744692711438406
2020-05-26,Transitional,0.9789947432023278
2020-05-27,Transitional,0.9987175962612677
2020-05-28,Transitional,0.9974961242295249
2020-05-29,Transitional,0.9944115488905741
2020-06-01,Transitional,0.9959296669038784
2020-06-02,Transitional,0.9704760069435999
2020-06-03,Transitional,0.9248674373571025
2020-06-04,Transitional,0.9005328727480546
2020-06-05,Transitional,0.8968681853231764
2020-06-08,Transitional,0.8982558081921057
2020-06-09,Transitional,0.9242719649652497
2020-06-10,Transitional,0.9401163758501672
2020-06-11,Transitional,0.9773509914977915
2020-06-12,Transitional,0.9672271709317699
2020-06-15,Transitional,0.9684153772509833
2020-06-16,Transitional,0.9509118113385793
2020-06-17,Transitional,0.9414846460822012
2020-06-18,Transitional,0.9468647625192038
2020-06-19,Transitional,0.9052238785859908
2020-06-22,Transitional,0.8337274937524443
2020-06-23,Transitional,0.7998793568003191
2020-06-24,Transitional,0.7317897371588187
2020-06-25,Stable,0.5206663251308996
2020-06-26,Stable,0.6396740306839546
2020-06-29,Stable,0.7205637038997206
2020-06-30,Stable,0.777333019091841
2020-07-01,Stable,0.7977583743406795
2020-07-02,Stable,0.8228076656946256
2020-07-03,Stable,0.8481160893515257
2020-07-06,Stable,0.85309946385198
2020-07-07,Stable,0.875133498538627
2020-07-08,Stable,0.8769174707220103
2020-07-09,Stable,0.8787986112738424
2020-07-10,Stable,0.8762613305969129
2020-07-13,Stable,0.8596621824069106
2020-07-14,Stable,0.8134425167978934
2020-07-15,Stable,0.8379902422251586
2020-07-16,Stable,0.8387023200493413
2020-07-17,Stable,0.8394043209992934
2020-07-20,Stable,0.8589344861967991
2020-07-21,Stable,0.876339254897847
2020-07-22,Stable,0.8999573645016796
2020-07-23,Stable,0.9065857784248165
2020-07-24,Stable,0.9031717398149748
2020-07-27,Stable,0.8830062378277578
2020-07-28,Stable,0.8479939939426394
2020-07-29,Stable,0.835639041975142
2020-07-30,Stable,0.8223655605691357
2020-07-31,Stable,0.809641125793485
2020-08-03,Stable,0.77102426710427
2020-08-04,Stable,0.7880198452236239
2020-08-05,Stable,0.8906369078167041
2020-08-06,Stable,0.9361795816647596
2020-08-07,Stable,0.9675330610453493
2020-08-10,Stable,0.9812341170189975
2020-08-11,Stable,0.9876791147412602
2020-08-12,Stable,0.9900699164783651
2020-08-13,Stable,0.9894704216000397
2020-08-14,Stable,0.9853496072198336
2020-08-17,Stable,0.986698682929964
2020-08-18,Stable,0.9852510768709718
2020-08-19,Stable,0.9873908798182978
2020-08-20,Stable,0.9853695451393925
2020-08-21,Stable,0.9852591809876642
2020-08-24,Stable,0.9813436154944958
2020-08-25,Stable,0.9750879340690807
2020-08-26,Stable,0.9585942846354867
2020-08-27,Stable,0.9286142966737998
2020-08-28,Stable,0.8607753954189777
2020-08-31,Stable,0.7471868135998857
2020-09-01,Stable,0.8045158161016148
2020-09-02,Stable,0.8344178851701134
2020-09-03,Stable,0.8427730164353112
2020-09-04,Stable,0.8302702278668604
2020-09-07,Stable,0.8740361156461376
2020-09-08,Stable,0.889099079090307
2020-09-09,Stable,0.889467144076102
2020-09-10,Stable,0.8756168901789749
2020-09-11,Stable,0.8792886618985776
2020-09-14,Stable,0.8635147991074407
2020-09-15,Stable,0.8220844402794656
2020-09-16,Stable,0.7463705750399896
2020-09-17,Stable,0.6119586691439695
2020-09-18,Stable,0.557831154305092
2020-09-21,Transitional,0.9249280121421843
2020-09-22,Transitional,0.9365178630935892
2020-09-23,Transitional,0.9527758252149099
2020-09-24,Transitional,0.9946782710586682
2020-09-25,Transitional,0.981749982641062
2020-09-28,Transitional,0.8539759458213173
2020-09-29,Stable,0.592277821639943
2020-09-30,Stable,0.5250918058681122
2020-10-01,Stable,0.5729519210953581
2020-10-05,Stable,0.6628488081529431
2020-10-06,Stable,0.7127018855149375
2020-10-07,Stable,0.7853352195332223
2020-10-08,Stable,0.8218448903430191
2020-10-09,Stable,0.8410198717022103
2020-10-12,Stable,0.8436627137219802
2020-10-13,Stable,0.8238023333086995
2020-10-14,Stable,0.7685076791910422
2020-10-15,Stable,0.6429505608361494
2020-10-16,Stable,0.7734749485882105
2020-10-19,Stable,0.84606425385586
2020-10-20,Stable,0.897778111925376
2020-10-21,Stable,0.9183255793931271
2020-10-22,Stable,0.9221527388687899
2020-10-23,Stable,0.9147635606457563
2020-10-26,Stable,0.8880886015885692
2020-10-27,Stable,0.8866977118886966
2020-10-28,Stable,0.8819847756491411
2020-10-29,Stable,0.8999190199199975
2020-10-30,Stable,0.9064954218725886
2020-11-02,Stable,0.8990763187774592
2020-11-03,Stable,0.8703848148507973
2020-11-04,Stable,0.8463534852213895
2020-11-05,Stable,0.8034433376980029
2020-11-06,Stable,0.8051057550300958
2020-11-09,Stable,0.8079887020846994
2020-11-10,Stable,0.8397231604535301
2020-11-11,Stable,0.8868966692544141
2020-11-12,Stable,0.9201814572819842
2020-11-13,Stable,0.9378618402753814
2020-11-17,Stable,0.9408317055664032
2020-11-18,Stable,0.9470887564231244
2020-11-19,Stable,0.9432892325248258
2020-11-20,Stable,0.9543406251984998
2020-11-23,Stable,0.9575948507728204
2020-11-24,Stable,0.9524025170055301
2020-11-25,Stable,0.94513713329234
2020-11-26,Stable,0.9624417954979078
2020-11-27,Stable,0.9768258862936109
2020-12-01,Stable,0.9826032470953188
2020-12-02,Stable,0.9894534091850629
2020-12-03,Stable,0.9919329076022537
2020-12-04,Stable,0.9916463527585414
2020-12-07,Stable,0.992108710919731
2020-12-08,Stable,0.9918243147284372
2020-12-09,Stable,0.9887737662176072
2020-12-10,Stable,0.9866688519390563
2020-12-11,Stable,0.981561653112018
2020-12-14,Stable,0.9685300983550221
2020-12-15,Stable,0.9395224218814155
2020-12-16,Stable,0.8746258052396819
2020-12-17,Stable,0.7746291130526404
2020-12-18,Stable,0.5639428766547679
2020-12-21,Transitional,0.9006624804163027
2020-12-22,Stable,0.651991017356246
2020-12-23,Stable,0.5438294004408369
2020-12-24,Stable,0.6942234755380295
2020-12-28,Stable,0.8235346658304247
2020-12-29,Stable,0.9121193199239497
2020-12-30,Stable,0.9542199164713533
2020-12-31,Stable,0.9733788697786866
2021-01-01,Stable,0.9811326910777259
2021-01-04,Stable,0.9825444337033536
2021-01-05,Stable,0.9820806242172344
2021-01-06,Stable,0.9766651789794363
2021-01-07,Stable,0.9652394135753367
2021-01-08,Stable,0.9386813065722203
2021-01-11,Stable,0.9279766825751635
2021-01-12,Stable,0.9121902730130409
2021-01-13,Stable,0.8758825402953418
2021-01-14,Stable,0.7923698908267104
2021-01-15,Transitional,0.605473435185571
2021-01-18,Transitional,0.532291325674637
2021-01-19,Transitional,0.644071139957968
2021-01-20,Transitional,0.6843123610438031
2021-01-21,Transitional,0.7542071550721148
2021-01-22,Transitional,0.8904500069619493
2021-01-25,Transitional,0.9327712894285588
2021-01-27,Transitional,0.9719756320142546
2021-01-28,Transitional,0.9611368376043418
2021-01-29,Transitional,0.9285073651414827
2021-02-01,Transitional,0.8470969772641299
2021-02-02,Transitional,0.8375911383147514
2021-02-03,Transitional,0.5603213604061107
2021-02-04,Transitional,0.6353873642664829
2021-02-05,Transitional,0.7584622451620908
2021-02-08,Transitional,0.8089413360145182
2021-02-09,Transitional,0.8694540825851117
2021-02-10,Transitional,0.8940066361876865
2021-02-11,Transitional,0.8985114631875399
2021-02-12,Transitional,0.8873421549425068
2021-02-15,Transitional,0.8525182459543963
2021-02-16,Transitional,0.8066584621564495
2021-02-17,Transitional,0.7007960496425621
2021-02-18,Transitional,0.5534181360806634
2021-02-19,Transitional,0.6741292571426283
2021-02-22,Transitional,0.910511936064878
2021-02-23,Transitional,0.9235718818965973
2021-02-24,Transitional,0.9664091323462335
2021-02-25,Transitional,0.9755562925600255
2021-02-26,Transitional,0.9970167658943107
2021-03-01,Transitional,0.9900349369876943
2021-03-02,Transitional,0.9776550964410167
2021-03-03,Transitional,0.9705638255806728
2021-03-04,Transitional,0.8892969670519439
2021-03-05,Transitional,0.7876225973054894
2021-03-08,Transitional,0.6853080983104599
2021-03-09,Transitional,0.6458289742147525
2021-03-10,Transitional,0.6234008386612456
2021-03-12,Transitional,0.6299657199814318
2021-03-15,Transitional,0.6363095769310417
2021-03-16,Transitional,0.6573282772058886
2021-03-17,Transitional,0.7215203042076884
2021-03-18,Transitional,0.7524882334035266
2021-03-19,Transitional,0.7724806898901466
2021-03-22,Transitional,0.7894105941736713
2021-03-23,Transitional,0.8454931919339185
2021-03-24,Transitional,0.9651824746431152
2021-03-25,Transitional,0.983778038224732
2021-03-26,Transitional,0.9879316695715434
2021-03-30,Transitional,0.9939441735246093
2021-03-31,Transitional,0.9824550912258198
2021-04-01,Transitional,0.9713358738802935
2021-04-05,Transitional,0.9630722252415982
2021-04-06,Transitional,0.9281898614406793
2021-04-07,Transitional,0.9189945530368043
2021-04-08,Transitional,0.9202559192181373
2021-04-09,Transitional,0.9425497124301028
2021-04-12,Transitional,0.9942268946103391
2021-04-13,Transitional,0.8915896762346255
2021-04-15,Transitional,0.7615198236390598
2021-04-16,Transitional,0.7004774620970454
2021-04-19,Transitional,0.682111925411545
2021-04-20,Stable,0.5171199230542739
2021-04-22,Stable,0.5734292562455553
2021-04-23,Stable,0.6237841174517612
2021-04-26,Stable,0.6455259186181066
2021-04-27,Stable,0.6570552660818832
2021-04-28,Stable,0.667428012948885
2021-04-29,Stable,0.6964722749788982
2021-04-30,Stable,0.6949652063507908
2021-05-03,Stable,0.7971504266261638
2021-05-04,Stable,0.8406498246622514
2021-05-05,Stable,0.8872053286173206
2021-05-06,Stable,0.9160451578510375
2021-05-07,Stable,0.9306873033097858
2021-05-10,Stable,0.9346475031382006
2021-05-11,Stable,0.9317815404528669
2021-05-12,Stable,0.9231487625282202
2021-05-14,Stable,0.9210166344194121
2021-05-17,Stable,0.9035932392096107
2021-05-18,Stable,0.9104415831344158
2021-05-19,Stable,0.921501729220475
2021-05-20,Stable,0.9238808380364293
2021-05-21,Stable,0.9258110102493011
2021-05-24,Stable,0.964192593742034
2021-05-25,Stable,0.9812453461256273
2021-05-26,Stable,0.9885968467929483
2021-05-27,Stable,0.9925685845539295
2021-05-28,Stable,0.9937939102936117
2021-05-31,Stable,0.9942063608930553
2021-06-01,Stable,0.9957887964493642
2021-06-02,Stable,0.9963645555739646
2021-06-03,Stable,0.9962334764985529
2021-06-04,Stable,0.9965834429330716
2021-06-07,Stable,0.996535656389544
2021-06-08,Stable,0.9963495645940167
2021-06-09,Stable,0.9955345119112629
2021-06-10,Stable,0.9960375568547277
2021-06-11,Stable,0.9966130381706617
2021-06-14,Stable,0.9967902713342339
2021-06-15,Stable,0.9964568216950358
2021-06-16,Stable,0.9955777114817648
2021-06-17,Stable,0.9958760729545594
2021-06-18,Stable,0.9965965125027375
2021-06-21,Stable,0.9967914873282805
2021-06-22,Stable,0.9967149715123654
2021-06-23,Stable,0.9960683521926272
2021-06-24,Stable,0.9962074983058142
2021-06-25,Stable,0.9965188153334942
2021-06-28,Stable,0.9964941832493774
2021-06-29,Stable,0.9964141936923232
2021-06-30,Stable,0.9966940339410001
2021-07-01,Stable,0.9967199271518064
2021-07-02,Stable,0.996731183209025
2021-07-05,Stable,0.9962475266500599
2021-07-06,Stable,0.9961637080389959
2021-07-07,Stable,0.9954069164828889
2021-07-08,Stable,0.9935588051807528
2021-07-09,Stable,0.9951321704161653
2021-07-12,Stable,0.9958412229712196
2021-07-13,Stable,0.9955624139104495
2021-07-14,Stable,0.9956749811259099
2021-07-15,Stable,0.9947205955215731
2021-07-16,Stable,0.9924671638403402
2021-07-19,Stable,0.9871288277512592
2021-07-20,Stable,0.9870977047286058
2021-07-22,Stable,0.988111770162165
2021-07-23,Stable,0.992688258001285
2021-07-26,Stable,0.9943797481212252
2021-07-27,Stable,0.9947848210821573
2021-07-28,Stable,0.9953193700683537
2021-07-29,Stable,0.9951178845360603
2021-07-30,Stable,0.9938888929905433
2021-08-02,Stable,0.9907183458406823
2021-08-03,Stable,0.986332982825235
2021-08-04,Stable,0.9908277827509379
2021-08-05,Stable,0.9942391214654279
2021-08-06,Stable,0.995577964153941
2021-08-09,Stable,0.9965903109945751
2021-08-10,Stable,0.9969335135782361
2021-08-11,Stable,0.9968394383484094
2021-08-12,Stable,0.9962957038551017
2021-08-13,Stable,0.9954272595818809
2021-08-16,Stable,0.9963285067766205
2021-08-17,Stable,0.9964489623323207
2021-08-18,Stable,0.9959668688531583
2021-08-20,Stable,0.9951263198023136
2021-08-23,Stable,0.9958391886927155
2021-08-24,Stable,0.9955931030639541
2021-08-25,Stable,0.9958160462351197
2021-08-26,Stable,0.99500339723534
2021-08-27,Stable,0.992655466013193
2021-08-30,Stable,0.9876497474343128
2021-08-31,Stable,0.9880581750463566
2021-09-01,Stable,0.9914788389589372
2021-09-02,Stable,0.992959778342017
2021-09-03,Stable,0.995122107701016
2021-09-06,Stable,0.9963587457677044
2021-09-07,Stable,0.9968934974254662
2021-09-08,Stable,0.997127138412009
2021-09-09,Stable,0.9971502041067862
2021-09-13,Stable,0.9968734710486472
2021-09-14,Stable,0.9962659899385914
2021-09-15,Stable,0.9947659210132191
2021-09-16,Stable,0.9935557009919157
2021-09-17,Stable,0.9913091198882975
2021-09-20,Stable,0.9864552247067572
2021-09-21,Stable,0.9868729583291426
2021-09-22,Stable,0.9874012621310385
2021-09-23,Stable,0.983997512909481
2021-09-24,Stable,0.9906095965763697
2021-09-27,Stable,0.9931590985320904
2021-09-28,Stable,0.9934392193914465
2021-09-29,Stable,0.9941336312704643
2021-09-30,Stable,0.9935383284417671
2021-10-01,Stable,0.9929176260970587
2021-10-04,Stable,0.9918739741856013
2021-10-05,Stable,0.991260587105958
2021-10-06,Stable,0.9897041298615746
2021-10-07,Stable,0.9920352740142416
2021-10-08,Stable,0.9940243390122577
2021-10-11,Stable,0.994988968001259
2021-10-12,Stable,0.9945911987474013
2021-10-13,Stable,0.9925375404168948
2021-10-14,Stable,0.9912625273760325
2021-10-18,Stable,0.9908809588508612
2021-10-19,Stable,0.9895819457668593
2021-10-20,Stable,0.9857646053972482
2021-10-21,Stable,0.9835932953915828
2021-10-22,Stable,0.9788013943659865
2021-10-25,Stable,0.9682862118890908
2021-10-26,Stable,0.9431309578849388
2021-10-27,Stable,0.9023467410731677
2021-10-28,Stable,0.8229597116291
2021-10-29,Stable,0.8424374467909619
2021-11-01,Stable,0.8706059290128101
2021-11-02,Stable,0.9222905045491678
2021-11-03,Stable,0.9466147694648311
2021-11-04,Stable,0.9576784939983576
2021-11-08,Stable,0.959263666213009
2021-11-09,Stable,0.9567866539519458
2021-11-10,Stable,0.943590857907583
2021-11-11,Stable,0.9121159464168612
2021-11-12,Stable,0.8756787032290245
2021-11-15,Stable,0.8471734890250043
2021-11-16,Stable,0.7770685621276042
2021-11-17,Stable,0.6706252852824316
2021-11-18,Stable,0.5004828948196604
2021-11-22,Transitional,0.7188829850212939
2021-11-23,Transitional,0.727511448329633
2021-11-24,Transitional,0.7681072064084149
2021-11-25,Transitional,0.8443144960051191
2021-11-26,Transitional,0.9856596597957256
2021-11-29,Transitional,0.9423783732732601
2021-11-30,Transitional,0.9283848602129066
2021-12-01,Transitional,0.929837452617627
2021-12-02,Transitional,0.9374430611258632
2021-12-03,Transitional,0.9421822838598034
2021-12-06,Transitional,0.9416998204347306
2021-12-07,Transitional,0.9077291516634112
2021-12-08,Transitional,0.8422203458762472
2021-12-09,Transitional,0.672290217321582
2021-12-10,Transitional,0.5990547529555507
2021-12-13,Transitional,0.5743290592845838
2021-12-14,Transitional,0.5572791325728222
2021-12-15,Transitional,0.5687677141110132
2021-12-16,Transitional,0.5995500345046073
2021-12-17,Transitional,0.6853018988795048
2021-12-20,Transitional,0.7016392739014036
2021-12-21,Stable,0.5199134640412365
2021-12-22,Stable,0.6783720598005915
2021-12-23,Stable,0.8167477692548069
2021-12-24,Stable,0.8938030306338207
2021-12-27,Stable,0.9359048292437497
2021-12-28,Stable,0.955432163726378
2021-12-29,Stable,0.9681063724512082
2021-12-30,Stable,0.971471436951697
2021-12-31,Stable,0.9673027720796656
2022-01-03,Stable,0.959753018767829
2022-01-04,Stable,0.9655538707505448
2022-01-05,Stable,0.9705120104288637
2022-01-06,Stable,0.9702364923982382
2022-01-07,Stable,0.9744900309622566
2022-01-10,Stable,0.9719877090792477
2022-01-11,Stable,0.9701083396794602
2022-01-12,Stable,0.9593675751457432
2022-01-13,Stable,0.9428641919651385
2022-01-14,Stable,0.9034077210510917
2022-01-17,Stable,0.8154523571343423
2022-01-18,Transitional,0.6220899651131264
2022-01-19,Transitional,0.5321214138684842
2022-01-20,Transitional,0.678406705354383
2022-01-21,Transitional,0.8077118531644913
2022-01-24,Transitional,0.9682063768187427
2022-01-25,Transitional,0.9387306311791593
2022-01-27,Transitional,0.9268458739891964
2022-01-28,Transitional,0.916215039834934
2022-01-31,Transitional,0.9258158406438686
2022-02-01,Transitional,0.9310970204984753
2022-02-02,Transitional,0.9334951781991795
2022-02-03,Transitional,0.9399249388049771
2022-02-04,Transitional,0.9389784962935311
2022-02-07,Transitional,0.9552645919055653
2022-02-08,Transitional,0.9439601677038689
2022-02-09,Transitional,0.95005114777323
2022-02-10,Transitional,0.9603106162880347
2022-02-11,Transitional,0.9836072914776504
2022-02-14,Transitional,0.9938847647781406
2022-02-15,Transitional,0.9914890225265239
2022-02-16,Transitional,0.8640925062074022
2022-02-17,Transitional,0.8066693163891661
2022-02-18,Transitional,0.7879995117472898
2022-02-21,Transitional,0.7959084922914476
2022-02-22,Transitional,0.8280550823319193
2022-02-23,Transitional,0.8792406448160364
2022-02-24,Transitional,0.9915822731205592
2022-02-25,Transitional,0.992993358276112
2022-02-28,Transitional,0.9875827481865757
2022-03-02,Transitional,0.9883435843766654
2022-03-03,Transitional,0.9892600599309676
2022-03-04,Transitional,0.9963251968371213
2022-03-07,Transitional,0.9989631661517351
2022-03-08,Transitional,0.9941612288168756
2022-03-09,Transitional,0.9944711255910379
2022-03-10,Transitional,0.983981700260812
2022-03-11,Transitional,0.9671257390751967
2022-03-14,Transitional,0.9663678500710139
2022-03-15,Transitional,0.9623308403387737
2022-03-16,Transitional,0.9521822740200385
2022-03-17,Transitional,0.9038232485455309
2022-03-21,Transitional,0.7355972333817152
2022-03-22,Transitional,0.5552321943223852
2022-03-23,Transitional,0.6132831819364607
2022-03-24,Transitional,0.7045312505752304
2022-03-25,Transitional,0.7429768840663433
2022-03-28,Transitional,0.7570490393676044
2022-03-29,Transitional,0.7464772061472963
2022-03-30,Transitional,0.7104103515002788
2022-03-31,Transitional,0.6604930309632973
2022-04-01,Transitional,0.5491226245133447
2022-04-04,Transitional,0.565136450518125
2022-04-05,Transitional,0.5519022249834247
2022-04-06,Transitional,0.5585561427196412
2022-04-07,Transitional,0.5712095636423588
2022-04-08,Transitional,0.5834489919520982
2022-04-11,Transitional,0.6175496498136834
2022-04-12,Transitional,0.6766878116227102
2022-04-13,Transitional,0.7489133243702677
2022-04-18,Transitional,0.8960809029142797
2022-04-19,Transitional,0.921020562964898
2022-04-20,Transitional,0.9329311758576306
2022-04-21,Transitional,0.952906643618646
2022-04-22,Transitional,0.9641672441757844
2022-04-25,Transitional,0.9684628724349652
2022-04-26,Transitional,0.9673395770690164
2022-04-27,Transitional,0.9629172661594791
2022-04-28,Transitional,0.9611228383311624
2022-04-29,Transitional,0.9619447906018556
2022-05-02,Transitional,0.9680302803543109
2022-05-04,Transitional,0.9916485648801113
2022-05-05,Transitional,0.979821457320014
2022-05-06,Transitional,0.9809450702786282
2022-05-09,Transitional,0.9671971406710312
2022-05-10,Transitional,0.9623182059137333
2022-05-11,Transitional,0.9698572027485807
2022-05-12,Transitional,0.991354690280361
2022-05-13,Transitional,0.9814999737556163
2022-05-16,Transitional,0.9828497124066322
2022-05-17,Transitional,0.9961256601828247
2022-05-18,Transitional,0.9922147099987766
2022-05-19,Transitional,0.9934797531254119
2022-05-20,Transitional,0.9889229590208568
2022-05-23,Transitional,0.7774690800203857
2022-05-24,Transitional,0.6706043220890261
2022-05-25,Transitional,0.6074541286869645
2022-05-26,Transitional,0.5702573770580072
2022-05-27,Transitional,0.5518907103563709
2022-05-30,Transitional,0.5379982370819778
2022-05-31,Transitional,0.5673911169826221
2022-06-01,Transitional,0.6248962262499684
2022-06-02,Transitional,0.6487811650082542
2022-06-03,Transitional,0.6485326514284416
2022-06-06,Transitional,0.6209035976406451
2022-06-07,Transitional,0.5459597674199869
2022-06-08,Transitional,0.5293100724243225
2022-06-09,Transitional,0.6762320876198126
2022-06-10,Transitional,0.9308117388213133
2022-06-13,Transitional,0.9865819626167839
2022-06-14,Transitional,0.9536190072805502
2022-06-15,Transitional,0.9421014359101069
2022-06-16,Transitional,0.9463718771385711
2022-06-17,Transitional,0.8482117920156669
2022-06-20,Transitional,0.7965656795333694
2022-06-21,Transitional,0.7808418707981651
2022-06-22,Transitional,0.6876391826904983
2022-06-23,Stable,0.5570489207029841
2022-06-24,Stable,0.7296275106847642
2022-06-27,Stable,0.8492514046015155
2022-06-28,Stable,0.9266135995064602
2022-06-29,Stable,0.9610493311924283
2022-06-30,Stable,0.9790354763197585
2022-07-01,Stable,0.987199303324984
2022-07-04,Stable,0.9906538711839107
2022-07-05,Stable,0.9916572531757091
2022-07-06,Stable,0.9903093049019788
2022-07-07,Stable,0.9913641006204561
2022-07-08,Stable,0.9926377592753792
2022-07-11,Stable,0.9923224184525682
2022-07-12,Stable,0.9894594491411951
2022-07-13,Stable,0.9902792782482696
2022-07-14,Stable,0.9906891306270948
2022-07-15,Stable,0.9884715359445784
2022-07-18,Stable,0.9840583943319585
2022-07-19,Stable,0.9866582313806682
2022-07-20,Stable,0.9852664356855118
2022-07-21,Stable,0.9856891383382352
2022-07-22,Stable,0.982389967486964
2022-07-25,Stable,0.9753209253229488
2022-07-26,Stable,0.9637290151386201
2022-07-27,Stable,0.9539013034649764
2022-07-28,Stable,0.9404938172190591
2022-07-29,Stable,0.9497293419300314
2022-08-01,Stable,0.9672828952394367
2022-08-02,Stable,0.9835583856600805
2022-08-03,Stable,0.9908284417911017
2022-08-04,Stable,0.9939445157054281
2022-08-05,Stable,0.9950385905774229
2022-08-08,Stable,0.9947019099212883
2022-08-10,Stable,0.9943336978981849
2022-08-11,Stable,0.992150299778162
2022-08-12,Stable,0.9888064426681737
2022-08-16,Stable,0.9804584054080779
2022-08-17,Stable,0.9664924563789963
2022-08-18,Stable,0.9411854465645249
2022-08-19,Stable,0.8840004876307733
2022-08-22,Stable,0.8445640115162998
2022-08-23,Stable,0.8460044773147593
2022-08-24,Stable,0.8281103782785147
2022-08-25,Stable,0.7760981432782625
2022-08-26,Stable,0.6835006916789499
2022-08-29,Stable,0.5247197086322835
2022-08-30,Stable,0.6077467761370837
2022-09-01,Stable,0.5174198512601175
2022-09-02,Stable,0.7286331112733627
2022-09-05,Stable,0.8236713950146348
2022-09-06,Stable,0.87709788977344
2022-09-07,Stable,0.8984548814539175
2022-09-08,Stable,0.9022863960906785
2022-09-09,Stable,0.9019640882716357
2022-09-12,Stable,0.8835219758090569
2022-09-13,Stable,0.8418027801531269
2022-09-14,Stable,0.7683731869110979
2022-09-15,Stable,0.6293525079144107
2022-09-16,Stable,0.5597793512471971
2022-09-19,Stable,0.5614462506011528
2022-09-20,Stable,0.5937111021851874
2022-09-21,Stable,0.6339823505332493
2022-09-22,Stable,0.7068501438188833
2022-09-23,Stable,0.83498349630347
2022-09-26,Stable,0.8535808869365804
2022-09-27,Stable,0.813582268461856
2022-09-28,Stable,0.8058296903595997
2022-09-29,Stable,0.802538836252606
2022-09-30,Stable,0.8244646909648538
2022-10-03,Stable,0.8218254845446218
2022-10-04,Stable,0.8050847596917071
2022-10-06,Stable,0.5163376643663986
2022-10-07,Stable,0.6148097491653766
2022-10-10,Stable,0.6723382397084634
2022-10-11,Stable,0.698725893709124
2022-10-12,Stable,0.8019561494650708
2022-10-13,Stable,0.8663452267581909
2022-10-14,Stable,0.9103553253788012
2022-10-17,Stable,0.9452112371029852
2022-10-18,Stable,0.9652413808101517
2022-10-19,Stable,0.9822719319306715
2022-10-20,Stable,0.9897134430046768
2022-10-21,Stable,0.9927596326011123
2022-10-24,Stable,0.9932687359235227
2022-10-25,Stable,0.9942500191894076
2022-10-27,Stable,0.9948051455321144
2022-10-28,Stable,0.9942757127897875
2022-10-31,Stable,0.9919574777192782
2022-11-01,Stable,0.9935766963101649
2022-11-02,Stable,0.994795330385759
2022-11-03,Stable,0.995418561464774
2022-11-04,Stable,0.9951608243115989
2022-11-07,Stable,0.9936958667679072
2022-11-09,Stable,0.9904908291809165
2022-11-10,Stable,0.9840765122389733
2022-11-11,Stable,0.9772116957433058
2022-11-14,Stable,0.987656001493384
2022-11-15,Stable,0.9924519272751026
2022-11-16,Stable,0.9945723266879313
2022-11-17,Stable,0.9949979673473488
2022-11-18,Stable,0.9949941557645282
2022-11-21,Stable,0.9939948938839198
2022-11-22,Stable,0.9950910105073439
2022-11-23,Stable,0.995221585672193
2022-11-24,Stable,0.9939900421617125
2022-11-25,Stable,0.9958376529657993
2022-11-28,Stable,0.9965377900721957
2022-11-29,Stable,0.9966281034590552
2022-11-30,Stable,0.9961978395059469
2022-12-01,Stable,0.9963260616078126
2022-12-02,Stable,0.9957575253259192
2022-12-05,Stable,0.9962848951883125
2022-12-06,Stable,0.9960493795835769
2022-12-07,Stable,0.9956282911995256
2022-12-08,Stable,0.9953608367333071
2022-12-09,Stable,0.9938353541291355
2022-12-12,Stable,0.9928301319384223
2022-12-13,Stable,0.9892837387379768
2022-12-14,Stable,0.9826000810244838
2022-12-15,Stable,0.9672860222122464
2022-12-16,Stable,0.9662517056592171
2022-12-19,Stable,0.9654099820182677
2022-12-20,Stable,0.9606957644128621
2022-12-21,Stable,0.9455284091768399
2022-12-22,Stable,0.9360633438552198
2022-12-23,Stable,0.9143951940878022
2022-12-26,Stable,0.9400282549710285
2022-12-27,Stable,0.9670261128131292
2022-12-28,Stable,0.9818603860744569
2022-12-29,Stable,0.988261046863952
2022-12-30,Stable,0.9904393318669955
2023-01-02,Stable,0.9914279061744027
2023-01-03,Stable,0.9903090661909019
2023-01-04,Stable,0.9855611878014487
2023-01-05,Stable,0.9856428683556174
2023-01-06,Stable,0.9821865569245323
2023-01-09,Stable,0.9789065592737954
2023-01-10,Stable,0.9816126791407243
2023-01-11,Stable,0.9893602806341206
2023-01-12,Stable,0.9927095902607139
2023-01-13,Stable,0.9940009989285252
2023-01-16,Stable,0.9941836712589935
2023-01-17,Stable,0.9935931899476175
2023-01-18,Stable,0.993602027862862
2023-01-19,Stable,0.9926768084669577
2023-01-20,Stable,0.9902413071779059
2023-01-23,Stable,0.9861137910522059
2023-01-24,Stable,0.9770712769188485
2023-01-25,Stable,0.9563967441387894
2023-01-27,Stable,0.9502859471759845
2023-01-30,Stable,0.9742917641576242
2023-01-31,Stable,0.9848328048755922
2023-02-01,Stable,0.9887961815911226
2023-02-02,Stable,0.9897569460323676
2023-02-03,Stable,0.9874097893342504
2023-02-06,Stable,0.9909262919770737
2023-02-07,Stable,0.9933744546488568
2023-02-08,Stable,0.9942326134100433
2023-02-09,Stable,0.9955442224018721
2023-02-10,Stable,0.9956365298469895
2023-02-13,Stable,0.9950462068455203
2023-02-14,Stable,0.9945925593745043
2023-02-15,Stable,0.9950122242105724
2023-02-16,Stable,0.9944990087996217
2023-02-17,Stable,0.9921954478678775
2023-02-20,Stable,0.9892090877307435
2023-02-21,Stable,0.9851823419877718
2023-02-22,Stable,0.9752023879280779
2023-02-23,Stable,0.9834305812874243
2023-02-24,Stable,0.9865604016497072
2023-02-27,Stable,0.9862683349732114
2023-02-28,Stable,0.9835242229561386
2023-03-01,Stable,0.9783210855052912
2023-03-02,Stable,0.9703247064422581
2023-03-03,Stable,0.9611669972989392
2023-03-06,Stable,0.9655367268043683
2023-03-08,Stable,0.9639763984843385
2023-03-09,Stable,0.9523253134256578
2023-03-10,Stable,0.9435343107029646
2023-03-13,Stable,0.9398624789851279
2023-03-14,Stable,0.9617200764628859
2023-03-15,Stable,0.9776231531215425
2023-03-16,Stable,0.9866383571344837
2023-03-17,Stable,0.989941762142503
2023-03-20,Stable,0.9913994990232619
2023-03-21,Stable,0.9932615118936916
2023-03-22,Stable,0.9944091982830614
2023-03-23,Stable,0.9939057670680789
2023-03-24,Stable,0.9929650892215153
2023-03-27,Stable,0.9937210381264477
2023-03-28,Stable,0.9925169244080951
2023-03-29,Stable,0.9891679921200911
2023-03-31,Stable,0.9841054158314545
2023-04-03,Stable,0.9902798224972725
2023-04-05,Stable,0.9924723897310418
2023-04-06,Stable,0.9951152144950857
2023-04-10,Stable,0.9961991942038171
2023-04-11,Stable,0.9964035555618765
2023-04-12,Stable,0.9965156667529718
2023-04-13,Stable,0.9964508138697924
2023-04-17,Stable,0.995667407590276
2023-04-18,Stable,0.9963165784961436
2023-04-19,Stable,0.9967388853719386
2023-04-20,Stable,0.9970688112368048
2023-04-21,Stable,0.9970759424497381
2023-04-24,Stable,0.9967924793991482
2023-04-25,Stable,0.9969909189931129
2023-04-26,Stable,0.9967880282333339
2023-04-27,Stable,0.9960944398420267
2023-04-28,Stable,0.9951699824517796
2023-05-02,Stable,0.994897635615348
2023-05-03,Stable,0.9935443435493951
2023-05-04,Stable,0.9909128680309998
2023-05-05,Stable,0.9885038118951628
2023-05-08,Stable,0.990484232180328
2023-05-09,Stable,0.9942523880304696
2023-05-10,Stable,0.9959024799543205
2023-05-11,Stable,0.9965306504762401
2023-05-12,Stable,0.9966727529006586
2023-05-15,Stable,0.9962295928494561
2023-05-16,Stable,0.9953152091194037
2023-05-17,Stable,0.995333503860262
2023-05-18,Stable,0.9960744938469968
2023-05-19,Stable,0.996538481801019
2023-05-22,Stable,0.996596255761558
2023-05-23,Stable,0.9968152702052134
2023-05-24,Stable,0.9965367591206499
2023-05-25,Stable,0.9963875672442606
2023-05-26,Stable,0.9954846496317693
2023-05-29,Stable,0.996138966132024
2023-05-30,Stable,0.9965029445334209
2023-05-31,Stable,0.9961936260511827
2023-06-01,Stable,0.9966622371790197
2023-06-02,Stable,0.9970424795395693
2023-06-05,Stable,0.9970938829435095
2023-06-06,Stable,0.9969224700540562
2023-06-07,Stable,0.9963353305930934
2023-06-08,Stable,0.9960614365785954
2023-06-09,Stable,0.9963197346210795
2023-06-12,Stable,0.9967523953397632
2023-06-13,Stable,0.9966583387293702
2023-06-14,Stable,0.9967763951817802
2023-06-15,Stable,0.9963858417509157
2023-06-16,Stable,0.9961247967221604
2023-06-19,Stable,0.9963283468492495
2023-06-20,Stable,0.9966859979088298
2023-06-21,Stable,0.9965917910548601
2023-06-22,Stable,0.9958735586485858
2023-06-23,Stable,0.9954413465385017
2023-06-26,Stable,0.9957143685722775
2023-06-27,Stable,0.9948803365111608
2023-06-28,Stable,0.9937511196843813
2023-06-30,Stable,0.9928036852895047
2023-07-03,Stable,0.9944888512518679
2023-07-04,Stable,0.9957922800256435
2023-07-05,Stable,0.9961608680198605
2023-07-06,Stable,0.9956854995636573
2023-07-07,Stable,0.9946175718832353
2023-07-10,Stable,0.9960408925371496
2023-07-11,Stable,0.9964709732794267
2023-07-12,Stable,0.996513987669982
2023-07-13,Stable,0.9964980970333575
2023-07-14,Stable,0.995786957187474
2023-07-17,Stable,0.9955954435450616
2023-07-18,Stable,0.9957480648090021
2023-07-19,Stable,0.9948185617621836
2023-07-20,Stable,0.9925850962954204
2023-07-21,Stable,0.9894931809706708
2023-07-24,Stable,0.9928741623840744
2023-07-25,Stable,0.9948763826810669
2023-07-26,Stable,0.9953192774027962
2023-07-27,Stable,0.9950085734813677
2023-07-28,Stable,0.9954913827155607
2023-07-31,Stable,0.9949310476128488
2023-08-01,Stable,0.9935785188059139
2023-08-02,Stable,0.9901332966882965
2023-08-03,Stable,0.9913484484416454
2023-08-04,Stable,0.9937544353725674
2023-08-07,Stable,0.9954892381614775
2023-08-08,Stable,0.9962296810621886
2023-08-09,Stable,0.9963910737581098
2023-08-10,Stable,0.9959250751085971
2023-08-11,Stable,0.9957827937258824
2023-08-14,Stable,0.9965661935791627
2023-08-16,Stable,0.9967213635438712
2023-08-17,Stable,0.9963169763517175
2023-08-18,Stable,0.9966323407705069
2023-08-21,Stable,0.9969418637076282
2023-08-22,Stable,0.9971144786466647
2023-08-23,Stable,0.9970067725579405
2023-08-24,Stable,0.9965419001107176
2023-08-25,Stable,0.9960501653738345
2023-08-28,Stable,0.9967555271882718
2023-08-29,Stable,0.9969252995706632
2023-08-30,Stable,0.9966645016123191
2023-08-31,Stable,0.9958301279774515
2023-09-01,Stable,0.9954011164757595
2023-09-04,Stable,0.9963214473337912
2023-09-05,Stable,0.9968642466775602
2023-09-06,Stable,0.9969576068363849
2023-09-07,Stable,0.9966370697925083
2023-09-08,Stable,0.9964343787837635
2023-09-11,Stable,0.9959112660009268
2023-09-12,Stable,0.9965441224116661
2023-09-13,Stable,0.996586960211689
2023-09-14,Stable,0.9962129505597165
2023-09-15,Stable,0.9949524168422069
2023-09-18,Stable,0.9924343046937406
2023-09-20,Stable,0.9878149876914624
2023-09-21,Stable,0.9896207552784749
2023-09-22,Stable,0.9930025298007455
2023-09-25,Stable,0.9949321647115091
2023-09-26,Stable,0.9953726621192683
2023-09-27,Stable,0.994680747568241
2023-09-28,Stable,0.9923334212772082
2023-09-29,Stable,0.9936706147936737
2023-10-03,Stable,0.9939305255468214
2023-10-04,Stable,0.9944670258313898
2023-10-05,Stable,0.9949399363693552
2023-10-06,Stable,0.994728667475959
2023-10-09,Stable,0.993685403103795
2023-10-10,Stable,0.9939900348173836
2023-10-11,Stable,0.9951291072183307
2023-10-12,Stable,0.9958150730868066
2023-10-13,Stable,0.9956377411193461
2023-10-16,Stable,0.9947949290030619
2023-10-17,Stable,0.9925018027350699
2023-10-18,Stable,0.9874879388768427
2023-10-19,Stable,0.9825721505834187
2023-10-20,Stable,0.9715274205326451
2023-10-23,Stable,0.9517583184724914
2023-10-25,Stable,0.9496749639625868
2023-10-26,Stable,0.9479112116249546
2023-10-27,Stable,0.9654356532640939
2023-10-30,Stable,0.980302053157153
2023-10-31,Stable,0.9873059465599147
2023-11-01,Stable,0.9906503721385109
2023-11-02,Stable,0.9927209316909722
2023-11-03,Stable,0.9942453136399427
2023-11-06,Stable,0.9945800445627399
2023-11-07,Stable,0.9960766335396288
2023-11-08,Stable,0.996679309917148
2023-11-09,Stable,0.9967009486151306
2023-11-10,Stable,0.9966554732391789
2023-11-13,Stable,0.9960043789762542
2023-11-15,Stable,0.9943131722102209
2023-11-16,Stable,0.9957558380854609
2023-11-17,Stable,0.9964553419457618
2023-11-20,Stable,0.9967570571109573
2023-11-21,Stable,0.9968806048900327
2023-11-22,Stable,0.996883145037867
2023-11-23,Stable,0.9964157557445487
2023-11-24,Stable,0.9952933189973503
2023-11-28,Stable,0.9927808814774776
2023-11-29,Stable,0.9878821084037125
2023-11-30,Stable,0.9839749850962306
2023-12-01,Stable,0.9732760518781545
2023-12-04,Stable,0.9539608921575473
2023-12-05,Stable,0.9729632820235117
2023-12-06,Stable,0.9854253573066221
2023-12-07,Stable,0.9911683957611537
2023-12-08,Stable,0.9937533292236684
2023-12-11,Stable,0.9943805140960325
2023-12-12,Stable,0.9932749556185416
2023-12-13,Stable,0.9914549269801718
2023-12-14,Stable,0.986194349150421
2023-12-15,Stable,0.9844780624252664
2023-12-18,Stable,0.9873690449769583
2023-12-19,Stable,0.9866704229481819
2023-12-20,Stable,0.9812296899991335
2023-12-21,Stable,0.9888955262994158
2023-12-22,Stable,0.9925453371477987
2023-12-26,Stable,0.9939244815516023
2023-12-27,Stable,0.9937735777781983
2023-12-28,Stable,0.995053911597285
2023-12-29,Stable,0.9956759744182867
2024-01-01,Stable,0.9956599064473742
2024-01-02,Stable,0.9945216702242097
2024-01-03,Stable,0.9926460557365518
2024-01-04,Stable,0.9916550813769694
2024-01-05,Stable,0.9892345718668893
2024-01-08,Stable,0.9824142046671314
2024-01-09,Stable,0.9783618723321856
2024-01-10,Stable,0.9659909603826126
2024-01-11,Stable,0.9379552259216286
2024-01-12,Stable,0.8747316621921684
2024-01-15,Stable,0.8083121686249943
2024-01-16,Stable,0.7134703413717862
2024-01-17,Stable,0.5258095825609851
2024-01-18,Stable,0.5439744322314768
2024-01-19,Stable,0.5415652517634414
2024-01-23,Stable,0.5167418893298847
2024-01-24,Stable,0.5761566608708716
2024-01-25,Stable,0.6196639069338504
2024-01-29,Stable,0.6373051316164992
2024-01-30,Stable,0.7314415198610505
2024-01-31,Stable,0.836982170955321
2024-02-01,Stable,0.91315350651738
2024-02-02,Stable,0.9484978243330544
2024-02-05,Stable,0.9687105218792924
2024-02-06,Stable,0.97928608370623
2024-02-07,Stable,0.9851791378572725
2024-02-08,Stable,0.985989456993527
2024-02-09,Stable,0.9905111683592553
2024-02-12,Stable,0.9916365491530146
2024-02-13,Stable,0.9941925771879263
2024-02-14,Stable,0.9956876147816132
2024-02-15,Stable,0.9963786776597082
2024-02-16,Stable,0.9964386260179457
2024-02-19,Stable,0.9965352802405825
2024-02-20,Stable,0.9961637392907541
2024-02-21,Stable,0.9950414587909122
2024-02-22,Stable,0.9949570250635836
2024-02-23,Stable,0.9949402861375536
2024-02-26,Stable,0.9935198810161541
2024-02-27,Stable,0.9912765823532144
2024-02-28,Stable,0.9856779294465103
2024-02-29,Stable,0.9861601993720345
2024-03-01,Stable,0.9819762167154104
2024-03-04,Stable,0.9892475316387451
2024-03-05,Stable,0.9920736613972577
2024-03-06,Stable,0.9927747029272493
2024-03-07,Stable,0.9918735629543046
2024-03-11,Stable,0.9879803288775779
2024-03-12,Stable,0.9844738163712732
2024-03-13,Stable,0.9746526800972611
2024-03-14,Stable,0.9826937184189429
2024-03-15,Stable,0.9866965888234568
2024-03-18,Stable,0.9892965677566001
2024-03-19,Stable,0.9882631802759343
2024-03-20,Stable,0.9924911821852992
2024-03-21,Stable,0.9938431010452285
2024-03-22,Stable,0.9951818857143979
2024-03-26,Stable,0.9953878108550273
2024-03-27,Stable,0.9955577737729928
2024-03-28,Stable,0.9952121545936046
2024-04-01,Stable,0.9960262412059174
2024-04-02,Stable,0.996707049387121
2024-04-03,Stable,0.9969082324454531
2024-04-04,Stable,0.9968168939819468
2024-04-05,Stable,0.9963857480871104
2024-04-08,Stable,0.9952301958555474
2024-04-09,Stable,0.9938804593422761
2024-04-10,Stable,0.9905696649134702
2024-04-12,Stable,0.983860921760095
2024-04-15,Stable,0.9819909641220842
2024-04-16,Stable,0.9861133024203977
2024-04-18,Stable,0.9887578255049272
2024-04-19,Stable,0.9916598566419621
2024-04-22,Stable,0.9932393354651156
2024-04-23,Stable,0.9950487543030299
2024-04-24,Stable,0.9953622347909327
2024-04-25,Stable,0.994394361240078
2024-04-26,Stable,0.9933520914077661
2024-04-29,Stable,0.9932042672328889
2024-04-30,Stable,0.9944192920298884
2024-05-02,Stable,0.9943218795307952
2024-05-03,Stable,0.9924278985686322
2024-05-06,Stable,0.9920526935629694
2024-05-07,Stable,0.9893281796318415
2024-05-08,Stable,0.9863151081511026
2024-05-09,Stable,0.9777837110972802
2024-05-10,Stable,0.9872871175370471
2024-05-13,Stable,0.9916565735926116
2024-05-14,Stable,0.9928931133495901
2024-05-15,Stable,0.9925128244307322
2024-05-16,Stable,0.9897551215446618
2024-05-17,Stable,0.9870071794662667
2024-05-21,Stable,0.9790877266686573
2024-05-22,Stable,0.9608530425361992
2024-05-23,Stable,0.9207029743892314
2024-05-24,Stable,0.9094918330148274
2024-05-27,Stable,0.8764302798275004
2024-05-28,Stable,0.8020988169915261
2024-05-29,Stable,0.6480264983103843
2024-05-30,Stable,0.4897696217455502
2024-05-31,Stable,0.5383641551083121
2024-06-03,Volatile,0.6970159844350126
2024-06-04,Volatile,0.8795893171825668
2024-06-05,Volatile,0.8713898262996059
2024-06-06,Volatile,0.5447149015619467
2024-06-07,Volatile,0.4569727545355519
2024-06-10,Stable,0.8580485144832333
2024-06-11,Stable,0.9551779424602628
2024-06-12,Stable,0.9812960424512696
2024-06-13,Stable,0.9904499790065171
2024-06-14,Stable,0.9942417093531737
2024-06-18,Stable,0.9958256402384718
2024-06-19,Stable,0.9965231634344167
2024-06-20,Stable,0.9968716674872448
2024-06-21,Stable,0.9967692703575567
2024-06-24,Stable,0.9967192413942281
2024-06-25,Stable,0.9961011739319341
2024-06-26,Stable,0.9961238920605673
2024-06-27,Stable,0.9961463665176737
2024-06-28,Stable,0.9966297406179854
2024-07-01,Stable,0.9967590682328843
2024-07-02,Stable,0.9969345306033919
2024-07-03,Stable,0.9968210929851935
2024-07-04,Stable,0.9971902602027551
2024-07-05,Stable,0.9972905714582075
2024-07-08,Stable,0.9971804961769666
2024-07-09,Stable,0.9968509638386799
2024-07-10,Stable,0.9963940763451857
2024-07-11,Stable,0.9963909906493738
2024-07-12,Stable,0.9957381827023116
2024-07-15,Stable,0.9955380370883028
2024-07-16,Stable,0.9942956398635726
2024-07-18,Stable,0.9910003130939647
2024-07-19,Stable,0.986420843885609
2024-07-22,Stable,0.9873874637213794
2024-07-23,Stable,0.9844600152258416
2024-07-24,Stable,0.9760005688149856
2024-07-25,Stable,0.958519497689662
2024-07-26,Stable,0.9194665113388631
2024-07-29,Stable,0.9151651769767828
2024-07-30,Stable,0.8929756620640378
2024-07-31,Stable,0.8377313080899075
2024-08-01,Stable,0.7173478851893601
2024-08-02,Stable,0.5492880219006108
2024-08-05,Stable,0.7248286222479394
2024-08-06,Stable,0.5173389544380398
2024-08-07,Stable,0.5836900079395833
2024-08-08,Stable,0.6992544857202427
2024-08-09,Stable,0.7883317534203844
2024-08-12,Stable,0.8602016031386875
2024-08-13,Stable,0.8910722302770597
2024-08-14,Stable,0.9201975532590776
2024-08-16,Stable,0.9293451394825797
2024-08-19,Stable,0.9659220728402567
2024-08-20,Stable,0.982183337798503
2024-08-21,Stable,0.9904173090925034
2024-08-22,Stable,0.9941351108124791
2024-08-23,Stable,0.9956448900707605
2024-08-26,Stable,0.9959914791685299
2024-08-27,Stable,0.9968168951569001
2024-08-28,Stable,0.9971493719856993
2024-08-29,Stable,0.9971742671664116
2024-08-30,Stable,0.9971340574294161
2024-09-02,Stable,0.9969080984395643
2024-09-03,Stable,0.9962188382176511
2024-09-04,Stable,0.9946647232025998
2024-09-05,Stable,0.99221655182209
2024-09-06,Stable,0.9872051709093034
2024-09-09,Stable,0.9889309006506193
2024-09-10,Stable,0.9872000999108494
2024-09-11,Stable,0.9812633885850635
2024-09-12,Stable,0.9713952276421023
2024-09-13,Stable,0.9844594497982635
2024-09-16,Stable,0.9904168973013342
2024-09-17,Stable,0.9924535861890532
2024-09-18,Stable,0.9919451678806013
2024-09-19,Stable,0.9890744076041049
2024-09-20,Stable,0.981456539446827
2024-09-23,Stable,0.9823238987091834
2024-09-24,Stable,0.9791429763267163
2024-09-25,Stable,0.9684503240795456
2024-09-26,Stable,0.9431451883867027
2024-09-27,Stable,0.9032463510426905
2024-09-30,Stable,0.8179094576142327
2024-10-01,Stable,0.7891688547191811
2024-10-03,Stable,0.7170701868260805
2024-10-04,Stable,0.7826582710450218
2024-10-07,Stable,0.8502907470178298
2024-10-08,Stable,0.9143798141345415
2024-10-09,Stable,0.9576395919477598
2024-10-10,Stable,0.9779077080051787
2024-10-11,Stable,0.9866768075321067
2024-10-14,Stable,0.9902870289067429
2024-10-15,Stable,0.9919719686432165
2024-10-16,Stable,0.9918612729638058
2024-10-17,Stable,0.9902150099375374
2024-10-18,Stable,0.9912189421317186
2024-10-21,Stable,0.9897214044702812
2024-10-22,Stable,0.9855711974608089
2024-10-23,Stable,0.9898283023834104
2024-10-24,Stable,0.9908549659437857
2024-10-25,Stable,0.9892433451909252
2024-10-28,Stable,0.9903608844327322
2024-10-29,Stable,0.9898070033045957
2024-10-30,Stable,0.9866003295337287
2024-10-31,Stable,0.9814237993435622
2024-11-01,Stable,0.9734927833153703
2024-11-04,Stable,0.9550384510654764
2024-11-05,Stable,0.9513844676617443
2024-11-06,Stable,0.9438120496008977
2024-11-07,Stable,0.9368224442990726
2024-11-08,Stable,0.9402752947554524
2024-11-11,Stable,0.9326363492455054
2024-11-12,Stable,0.9076973436273553
2024-11-13,Stable,0.8921703456692163
2024-11-14,Stable,0.8990890226248237
2024-11-18,Stable,0.8898830045663378
2024-11-19,Stable,0.8633961114015367
2024-11-21,Stable,0.7987388663298273
2024-11-22,Stable,0.7126451404507715
2024-11-25,Stable,0.7675324563438999
2024-11-26,Stable,0.8373476102377951
2024-11-27,Stable,0.8667964022894861
2024-11-28,Stable,0.8733701564365706
2024-11-29,Stable,0.9219835615884472
2024-12-02,Stable,0.9559481940206545
2024-12-03,Stable,0.973519637893019
2024-12-04,Stable,0.9840468438870125
2024-12-05,Stable,0.9878948616962399
2024-12-06,Stable,0.9921066635595631
2024-12-09,Stable,0.993650568548958
2024-12-10,Stable,0.9937835229062169
2024-12-11,Stable,0.9920339228728963
2024-12-12,Stable,0.9870846552536778
2024-12-13,Stable,0.9783111373501983
2024-12-16,Stable,0.9665708560829134
2024-12-17,Stable,0.944859098964608
2024-12-18,Stable,0.942449894176007
2024-12-19,Stable,0.9339859160918067
2024-12-20,Stable,0.931275236536805
2024-12-23,Stable,0.9586339106727468
2024-12-24,Stable,0.9739581126127341
2024-12-26,Stable,0.9798268712551125
2024-12-27,Stable,0.9793419225705112
2024-12-30,Stable,0.9723387016553359
2024-12-31,Stable,0.9638103479387496
2025-01-01,Stable,0.9416364921780933
2025-01-02,Stable,0.8936353443715502
2025-01-03,Stable,0.8937111201904513
2025-01-06,Stable,0.8905032824329175
2025-01-07,Stable,0.933833856338513
2025-01-08,Stable,0.9528137917445217
2025-01-09,Stable,0.9585982531977636
2025-01-10,Stable,0.9619312391146466
2025-01-13,Stable,0.9589934443538746
2025-01-14,Stable,0.9775838817000422
2025-01-15,Stable,0.9859454180466986
2025-01-16,Stable,0.9886455803814097
2025-01-17,Stable,0.9880347436524058
2025-01-20,Stable,0.9856967887874492
2025-01-21,Stable,0.9798108965193514
2025-01-22,Stable,0.9862615259421076
2025-01-23,Stable,0.9888809640356543
2025-01-24,Stable,0.9877787885481092
2025-01-27,Stable,0.9850290365790277
2025-01-28,Stable,0.9887720212960612
2025-01-29,Stable,0.98970760584825
2025-01-30,Stable,0.9906181640245638
2025-01-31,Stable,0.9886781356461243
2025-02-01,Stable,0.9888483014492694
2025-02-03,Stable,0.9855553796340095
2025-02-04,Stable,0.980098981680675
2025-02-05,Stable,0.9864211240602972
2025-02-06,Stable,0.9883830297161771
2025-02-07,Stable,0.9882035511191901
2025-02-10,Stable,0.9846038403482713
2025-02-11,Stable,0.9816393320413674
2025-02-12,Stable,0.9896745333886446
2025-02-13,Stable,0.9933192755106259
2025-02-14,Stable,0.9946586872195468
2025-02-17,Stable,0.9957785010664187
2025-02-18,Stable,0.9958064780129259
2025-02-19,Stable,0.9949172839186802
2025-02-20,Stable,0.9925362694071649
2025-02-21,Stable,0.9872454717251439
2025-02-24,Stable,0.9794908418486126
2025-02-25,Stable,0.9774644058589442
2025-02-27,Stable,0.9681015792152803
2025-02-28,Stable,0.9452840837799997
2025-03-03,Stable,0.9686716720381454
2025-03-04,Stable,0.9784404035403717
2025-03-05,Stable,0.9814552169313878
2025-03-06,Stable,0.9868140800547297
2025-03-07,Stable,0.9916105887225262
2025-03-10,Stable,0.9931698013335059
2025-03-11,Stable,0.9938920618993043
2025-03-12,Stable,0.9926762487116566
2025-03-13,Stable,0.9890943055651661
2025-03-17,Stable,0.9822697881031927
2025-03-18,Stable,0.9681641777345973
2025-03-19,Stable,0.9640609130788714
2025-03-20,Stable,0.9492152263085796
2025-03-21,Stable,0.9385234940464039
2025-03-24,Stable,0.9159341421343425
2025-03-25,Stable,0.9015768922096921
2025-03-26,Stable,0.8616224860925658
2025-03-27,Stable,0.8122519352735507
2025-03-28,Stable,0.7057934368288566
2025-04-01,Stable,0.5024206117030499
2025-04-02,Stable,0.5672690689776333
2025-04-03,Stable,0.6873318586800221
2025-04-04,Transitional,0.9180619735446315
2025-04-07,Transitional,0.9983931014082502
2025-04-08,Transitional,0.9939209339223575
2025-04-09,Transitional,0.9849442306696758
2025-04-11,Transitional,0.9827298259171724
2025-04-15,Transitional,0.964348104621814
2025-04-16,Transitional,0.8024683957789243
2025-04-17,Transitional,0.7266373422708835
2025-04-21,Stable,0.5014398608954708
2025-04-22,Stable,0.7153495374467155
2025-04-23,Stable,0.8100222070977154
2025-04-24,Stable,0.8605838073219806
2025-04-25,Stable,0.8842162643519159
2025-04-28,Stable,0.9066003031417413
2025-04-29,Stable,0.9318826260655022
2025-04-30,Stable,0.9394330044696817
2025-05-02,Stable,0.9344105084609711
2025-05-05,Stable,0.9132670406609776
2025-05-06,Stable,0.8660252076226962
2025-05-07,Stable,0.7744227508568884
2025-05-08,Stable,0.5688398199443808
2025-05-09,Transitional,0.7486174035387219
2025-05-12,Transitional,0.9858670279269759
2025-05-13,Transitional,0.88586197873554
2025-05-14,Stable,0.65656210412562
2025-05-15,Stable,0.5521724519045141
2025-05-16,Stable,0.6660323105684253
2025-05-19,Stable,0.7698073945827397
2025-05-20,Stable,0.8205573343130496
2025-05-21,Stable,0.8856555799728998
2025-05-22,Stable,0.9166533646831434
2025-05-23,Stable,0.9446303316146485
2025-05-26,Stable,0.966760593219925
2025-05-27,Stable,0.977840159240924
2025-05-28,Stable,0.9871925699315851
2025-05-29,Stable,0.9920406867237407
2025-05-30,Stable,0.9939063175949041
2025-06-02,Stable,0.994774866956168
2025-06-03,Stable,0.9944104844542521
2025-06-04,Stable,0.9954067273222855
2025-06-05,Stable,0.9952744465289043
2025-06-06,Stable,0.994465094232418
2025-06-09,Stable,0.9953698705863934
2025-06-10,Stable,0.9952847409259179
2025-06-11,Stable,0.9939230589711027
2025-06-12,Stable,0.9902982521730952
2025-06-13,Stable,0.9907858499321976
2025-06-16,Stable,0.991882816514326
2025-06-17,Stable,0.9934968786931787
2025-06-18,Stable,0.9941885983969876
2025-06-19,Stable,0.9934826956438185
2025-06-20,Stable,0.9907276853594149
2025-06-23,Stable,0.9922102159781014
2025-06-24,Stable,0.993532383501722
2025-06-25,Stable,0.9928784666248894
2025-06-26,Stable,0.9920773189942859
2025-06-27,Stable,0.9945227425257979
2025-06-30,Stable,0.9953542635357941
2025-07-01,Stable,0.9963517582821482
2025-07-02,Stable,0.9965602261601367
2025-07-03,Stable,0.9969226161227449
2025-07-04,Stable,0.9971851266314077
2025-07-07,Stable,0.9971870164363825
2025-07-08,Stable,0.9969629507607999
2025-07-09,Stable,0.9963446852161312
2025-07-10,Stable,0.9952714851184976
2025-07-11,Stable,0.9943480184110831
2025-07-14,Stable,0.9955804608446176
2025-07-15,Stable,0.9962405957442404
2025-07-16,Stable,0.9964376283234115
2025-07-17,Stable,0.9959297654523235
2025-07-18,Stable,0.9955021665976084
2025-07-21,Stable,0.9958310728137068
2025-07-22,Stable,0.9956115972319549
2025-07-23,Stable,0.9944653227354041
2025-07-24,Stable,0.9926405291327166
2025-07-25,Stable,0.9912142866362009
2025-07-28,Stable,0.9925939865230464
2025-07-29,Stable,0.9943881218017367
2025-07-30,Stable,0.9952198501505267
2025-07-31,Stable,0.9947051121904004
2025-08-01,Stable,0.9935902520630677
2025-08-04,Stable,0.9946426502605366
2025-08-05,Stable,0.9951794108335557
2025-08-06,Stable,0.99512082534286
2025-08-07,Stable,0.9944752585091761
2025-08-08,Stable,0.9920118625074249
2025-08-11,Stable,0.992892302074072
2025-08-12,Stable,0.994379844913737
2025-08-13,Stable,0.995333031239926
2025-08-14,Stable,0.9956487453229768
2025-08-18,Stable,0.9948549970644405
2025-08-19,Stable,0.9956772591254691
2025-08-20,Stable,0.9956865641603699
2025-08-21,Stable,0.9946473588773802
2025-08-22,Stable,0.9917743627485578
2025-08-25,Stable,0.9912210112957365
2025-08-26,Stable,0.9879194034398955
2025-08-28,Stable,0.9890565407062298
2025-08-29,Stable,0.9923937936325712
2025-09-01,Stable,0.9939368316082916
2025-09-02,Stable,0.9955870662027454
2025-09-03,Stable,0.9963872277257869
2025-09-04,Stable,0.9970365191345301
2025-09-05,Stable,0.997305009559787
2025-09-08,Stable,0.9973992253019959
2025-09-09,Stable,0.9973464546989321
2025-09-10,Stable,0.9973104300998579
2025-09-11,Stable,0.9973283814144087
2025-09-12,Stable,0.9971532627446499
2025-09-15,Stable,0.9969642993141624
2025-09-16,Stable,0.9966787261205134
2025-09-17,Stable,0.9968287005327329
2025-09-18,Stable,0.9966574240400697
2025-09-19,Stable,0.9960721793557888
2025-09-22,Stable,0.9955422505752725
2025-09-23,Stable,0.9953761444498085
2025-09-24,Stable,0.9942008174099106
2025-09-25,Stable,0.9926740712757639
2025-09-26,Stable,0.9918729840907348
2025-09-29,Stable,0.9944392743445575
2025-09-30,Stable,0.995341125291574
2025-10-01,Stable,0.9951684877930888
2025-10-03,Stable,0.9961202583489467
2025-10-06,Stable,0.9961985153388514
2025-10-07,Stable,0.9967572090878428
2025-10-08,Stable,0.9967701917147921
2025-10-09,Stable,0.99674989433764
2025-10-10,Stable,0.9967576453375291
2025-10-13,Stable,0.9964904982188884
2025-10-14,Stable,0.9959943597470668
2025-10-15,Stable,0.9953187026911402
2025-10-16,Stable,0.9946726614432828
2025-10-17,Stable,0.9958781876607514
2025-10-20,Stable,0.9964965684343969
2025-10-21,Stable,0.9969372002542535
2025-10-23,Stable,0.9969440428667765
2025-10-24,Stable,0.9965248442422134
2025-10-27,Stable,0.9963315394517126
2025-10-28,Stable,0.9963734797199064
2025-10-29,Stable,0.9958819771513547
2025-10-30,Stable,0.9947291825636764
2025-10-31,Stable,0.9947896285995679
2025-11-03,Stable,0.9956042407062464
2025-11-04,Stable,0.9952610180715042
2025-11-06,Stable,0.9960384962495198
2025-11-07,Stable,0.9967114175236167
2025-11-10,Stable,0.9969452125864483
2025-11-11,Stable,0.9968685145243035
2025-11-12,Stable,0.9967026761879533
2025-11-13,Stable,0.9970801645930898
2025-11-14,Stable,0.9971538206350468
2025-11-17,Stable,0.996925402604234
2025-11-18,Stable,0.9964846124918146
2025-11-19,Stable,0.9963464718011755
2025-11-20,Stable,0.9960672876243558
2025-11-21,Stable,0.9954660030813066
2025-11-24,Stable,0.9951071152229919
2025-11-25,Stable,0.9946086226364823
2025-11-26,Stable,0.993222611507737
2025-11-27,Stable,0.9954172419013355
2025-11-28,Stable,0.9962527908980189
2025-12-01,Stable,0.9963736924694706
2025-12-02,Stable,0.9959435935775451
2025-12-03,Stable,0.9962858687613212
2025-12-04,Stable,0.9961810231998128
2025-12-05,Stable,0.9952051969791351
2025-12-08,Stable,0.9936458587152714
2025-12-09,Stable,0.9946353627555609
2025-12-10,Stable,0.9955384020698511
2025-12-11,Stable,0.9960365669665129
2025-12-12,Stable,0.9962347958791494
2025-12-15,Stable,0.9963131619325328
2025-12-16,Stable,0.9957602552938934
2025-12-17,Stable,0.9964392006766323
2025-12-18,Stable,0.9966967968185536
2025-12-19,Stable,0.9964539585695769
2025-12-22,Stable,0.9962237119034796
2025-12-23,Stable,0.9967432059153856
2025-12-24,Stable,0.996755695043949
2025-12-26,Stable,0.9964738656308
2025-12-29,Stable,0.9964360365842887
2025-12-30,Stable,0.9966383261174084
2025-12-31,Stable,0.9963081114893328
2026-01-01,Stable,0.9964974478058375
2026-01-02,Stable,0.9960149070700259
2026-01-05,Stable,0.9957704827421018
2026-01-06,Stable,0.9951688198201994
2026-01-07,Stable,0.99383882018587
2026-01-08,Stable,0.99065454628126
2026-01-09,Stable,0.9915894597053914
2026-01-12,Stable,0.9938107563765173
2026-01-13,Stable,0.9943397184849514
2026-01-14,Stable,0.9937046052726572
2026-01-16,Stable,0.9917045937617524
2026-01-19,Stable,0.9862855490150517
2026-01-20,Stable,0.9771660248612821
2026-01-21,Stable,0.9813512159395876
2026-01-22,Stable,0.9811550805176484
2026-01-23,Stable,0.9762065916293768
2026-01-27,Stable,0.9747787212220959
2026-01-28,Stable,0.9668961051335035
2026-01-29,Stable,0.9508691123233592
2026-01-30,Stable,0.9136809865706333
2026-02-02,Stable,0.8451226265746452
2026-02-03,Stable,0.7774837099745183
2026-02-04,Stable,0.8837327298159224
2026-02-05,Stable,0.9306449705608791
2026-02-06,Stable,0.9591766749122634
2026-02-09,Stable,0.9707432198970636
2026-02-10,Stable,0.9759243370102758
2026-02-11,Stable,0.974174135510585
2026-02-12,Stable,0.9641930269393292
2026-02-13,Stable,0.9482749406636413
2026-02-16,Stable,0.9481435440615968
2026-02-17,Stable,0.9426391626554219
2026-02-18,Stable,0.9217542445313056
2026-02-19,Stable,0.8734246319730671
2026-02-20,Stable,0.8623745086710726
2026-02-23,Stable,0.8278659334515017
2026-02-24,Stable,0.754941573699263
2026-02-25,Stable,0.7055146543677285
2026-02-26,Stable,0.5879850387357913
2026-02-27,Transitional,0.6763387222642018
2026-03-02,Transitional,0.8288880539888068
2026-03-04,Transitional,0.9179597369267379
2026-03-05,Transitional,0.9426273400950312
2026-03-06,Transitional,0.971661441748729
2026-03-09,Transitional,0.9881946815619421
2026-03-10,Transitional,0.988434588064152
2026-03-11,Transitional,0.9945422698994663
2026-03-12,Transitional,0.9943707271070045
2026-03-13,Transitional,0.9970854674958941
2026-03-16,Transitional,0.9878721805904837
2026-03-17,Transitional,0.9831191578730458
2026-03-18,Transitional,0.9869942945273933
2026-03-19,Transitional,0.9992646487676782
2026-03-20,Transitional,0.9960941024654301
2026-03-23,Transitional,0.9992297647140936
2026-03-24,Transitional,0.9985468793601764
2026-03-25,Transitional,0.9984008032596368
2026-03-27,Transitional,0.9989446857758632
2026-03-30,Transitional,0.9983706523731058
2026-04-01,Transitional,0.989935312774192
2026-04-02,Transitional,0.9763123512805144
2026-04-06,Transitional,0.9758440283038005
2026-04-07,Transitional,0.9783479624186063
2026-04-08,Transitional,0.9883596839969789
2026-04-09,Transitional,0.8631244082695443
2026-04-10,Transitional,0.7405849235681706
2026-04-13,Transitional,0.6265062791805344
2026-04-15,Transitional,0.5237416692690733
2026-04-16,Stable,0.7046562702625513
2026-04-17,Stable,0.812481935539322
2026-04-20,Stable,0.8696808591697504
2026-04-21,Stable,0.89210396776414
2026-04-22,Stable,0.9044218909823243
2026-04-23,Stable,0.9148176939746804
2026-04-24,Stable,0.9247456428570611
2026-04-27,Stable,0.946453699824438
2026-04-28,Stable,0.9593204408019217
2026-04-29,Stable,0.964280781305702
2026-04-30,Stable,0.9642620369412415
2026-05-04,Stable,0.9634457588399793
2026-05-05,Stable,0.9543737382354286
2026-05-06,Stable,0.9344019274579248
2026-05-07,Stable,0.9189768538886474
2026-05-08,Stable,0.8792871229027333
2026-05-11,Stable,0.8199598380140849
2026-05-12,Stable,0.8105482844136914
2026-05-13,Stable,0.8913428919409161
2026-05-14,Stable,0.926247357258568
2026-05-15,Stable,0.9630194141594431
2026-05-18,Stable,0.9808324288573806
2026-05-19,Stable,0.9886321161097078
2026-05-20,Stable,0.9919622726284831
2026-05-21,Stable,0.9924285726111794
2026-05-22,Stable,0.9904644157579499
2026-05-25,Stable,0.984770395577969
2026-05-26,Stable,0.9841484535501649
2026-05-27,Stable,0.9812726572297461
2026-05-29,Stable,0.9716524856017893
2026-06-01,Stable,0.9803276522926397
2026-06-02,Stable,0.9878749613366783
2026-06-03,Stable,0.990975000616666
2026-06-04,Stable,0.992087704081787
2026-06-05,Stable,0.9905868741112659
2026-06-08,Stable,0.9862636701700337
2026-06-09,Stable,0.9867671395994536
2026-06-10,Stable,0.9838543200370018
2026-06-11,Stable,0.9752260933394725
2026-06-12,Stable,0.9568808040827907
2026-06-15,Stable,0.97131067974891
2026-06-16,Stable,0.9832237172060458
2026-06-17,Stable,0.9892028592519789
2026-06-18,Stable,0.9913604653482865
2026-06-19,Stable,0.9908151404227261
2026-06-22,Stable,0.9905395280946292
2026-06-23,Stable,0.9872692534394745
2026-06-24,Stable,0.9905328903001591
2026-06-25,Stable,0.9931392525738
2026-06-29,Stable,0.9933894431124237
2026-06-30,Stable,0.993177571170205
2026-07-01,Stable,0.9917986847411192
2026-07-02,Stable,0.9885624915644751
2026-07-03,Stable,0.9830163854733773
2026-07-06,Stable,0.9702756895796942
2026-07-07,Stable,0.9471293786841262
2026-07-08,Stable,0.897438314562505
2026-07-09,Stable,0.9417726073228412
2026-07-10,Stable,0.9612690837087401
2026-07-13,Stable,0.9779048590487682
2026-07-14,Stable,0.9846633200394667
2026-07-15,Stable,0.9903689325852034
2026-07-16,Stable,0.9922108495910007
2026-07-17,Stable,0.9915623700206467
2026-07-20,Stable,0.9929149292006125
2026-07-21,Stable,0.9932982046476043
2026-07-22,Stable,0.9920707636675298
2026-07-23,Stable,0.9926222324494453
2026-07-24,Stable,0.9929449343426222
2026-07-27,Stable,0.9925238865306605
2026-07-28,Stable,0.9930863915320659
2026-07-29,Stable,0.99152614082862
2026-07-30,Stable,0.9921400461713615
2026-07-31,Stable,0.9902080304962172
2026-08-03,Stable,0.9844688913947712
2026-08-04,Stable,0.9891760175552028
2026-08-05,Stable,0.9935052928544917
2026-08-06,Stable,0.9952925268014435
2026-08-07,Stable,0.9957242401893568
2026-08-10,Stable,0.99568415513259
2026-08-11,Stable,0.9945289693224614
2026-08-12,Stable,0.993175771746412
2026-08-13,Stable,0.9896957479415489
2026-08-14,Stable,0.9821544373143106
