date,regime_label,regime_probability
2014-10-07,Volatile,0.9999999985429895
2014-10-08,Volatile,0.9750292049500148
2014-10-09,Volatile,0.8319096443509841
2014-10-10,Volatile,0.801326229094408
2014-10-13,Stable,0.6989565358302242
2014-10-14,Stable,0.9163899378869492
2014-10-15,Stable,0.9638503501779773
2014-10-16,Stable,0.9698544758532939
2014-10-17,Stable,0.9713034579968881
2014-10-20,Stable,0.9640841010168595
2014-10-21,Stable,0.9635920469576473
2014-10-22,Stable,0.9697542851840133
2014-10-27,Stable,0.9688959529977762
2014-10-28,Stable,0.9465663564350416
2014-10-29,Stable,0.8360042621310009
2014-10-30,Stable,0.849849124562702
2014-10-31,Stable,0.8006208411844923
2014-11-03,Stable,0.9296067570777091
2014-11-05,Stable,0.9572806676565064
2014-11-07,Stable,0.9641335517856511
2014-11-10,Stable,0.9714865600893977
2014-11-11,Stable,0.9655337777290945
2014-11-12,Stable,0.9657918508621575
2014-11-13,Stable,0.9443371373323051
2014-11-14,Stable,0.9681155395188533
2014-11-17,Stable,0.9699346948978347
2014-11-18,Stable,0.9664317104581155
2014-11-19,Stable,0.9636851222001098
2014-11-20,Stable,0.9244418800117908
2014-11-21,Stable,0.8212734694240775
2014-11-24,Stable,0.6838982314438908
2014-11-25,Stable,0.9110710966961266
2014-11-26,Stable,0.9580548586649975
2014-11-27,Stable,0.9511606412664924
2014-11-28,Stable,0.9674213736622695
2014-12-01,Stable,0.9586582049804858
2014-12-02,Stable,0.8967483706684912
2014-12-03,Stable,0.9390019952020968
2014-12-04,Stable,0.8839906837916617
2014-12-05,Stable,0.6598204901709245
2014-12-08,Transitional,0.9386470880541519
2014-12-09,Stable,0.7797791977205133
2014-12-10,Stable,0.912702834981701
2014-12-11,Stable,0.8865703104235737
2014-12-12,Stable,0.9488692253895645
2014-12-15,Stable,0.9650921718490654
2014-12-16,Stable,0.9695954207621235
2014-12-17,Stable,0.9698311364673702
2014-12-18,Stable,0.9509356510177005
2014-12-19,Stable,0.9419565266446192
2014-12-22,Stable,0.9611752752525674
2014-12-23,Stable,0.9361466526469243
2014-12-24,Stable,0.9037733407166525
2014-12-26,Stable,0.9494723774166411
2014-12-29,Stable,0.9698038506580539
2014-12-30,Stable,0.9729018228046679
2014-12-31,Stable,0.9726760382602762
2015-01-01,Stable,0.9654962403198438
2015-01-02,Stable,0.9238899735338202
2015-01-05,Stable,0.9372350470266441
2015-01-06,Stable,0.8874552434855268
2015-01-07,Stable,0.9072191129687538
2015-01-08,Stable,0.7676867386145152
2015-01-09,Transitional,0.9654594685058312
2015-01-12,Stable,0.5335797435765498
2015-01-13,Stable,0.8129424845740709
2015-01-14,Stable,0.8825971512322709
2015-01-15,Stable,0.9555060454316694
2015-01-16,Stable,0.9646638000922542
2015-01-19,Stable,0.9632967462068972
2015-01-20,Stable,0.9475784517476321
2015-01-21,Stable,0.8940938596107548
2015-01-22,Stable,0.9107699112330541
2015-01-23,Stable,0.8527423640904445
2015-01-27,Stable,0.5223569911778879
2015-01-28,Stable,0.8868750162901788
2015-01-29,Stable,0.9585178520451395
2015-01-30,Stable,0.9714573399482238
2015-02-02,Stable,0.9721368448114583
2015-02-03,Stable,0.9640500486339635
2015-02-04,Stable,0.9429640852460747
2015-02-05,Stable,0.8727272964571912
2015-02-06,Stable,0.9160723132531673
2015-02-09,Stable,0.9546312145193595
2015-02-10,Stable,0.9569510977732881
2015-02-11,Stable,0.9693340908172657
2015-02-12,Stable,0.9636938938064553
2015-02-13,Stable,0.9684595502861268
2015-02-16,Stable,0.9678266279235119
2015-02-18,Stable,0.9655364670782095
2015-02-19,Stable,0.9522524914197199
2015-02-20,Stable,0.9315541143680542
2015-02-23,Stable,0.956619420764437
2015-02-24,Stable,0.9523575214857176
2015-02-25,Stable,0.878437674645881
2015-02-26,Stable,0.8207246013513579
2015-02-27,Stable,0.9412883562646046
2015-03-02,Stable,0.9570744096809198
2015-03-03,Stable,0.9677164688617701
2015-03-04,Stable,0.9551137614311416
2015-03-05,Stable,0.9272719484890994
2015-03-09,Stable,0.8469515135275061
2015-03-10,Stable,0.9465662190152152
2015-03-11,Stable,0.9586849568051382
2015-03-12,Stable,0.9437155043627087
2015-03-13,Stable,0.9577543722108802
2015-03-16,Stable,0.9177537255777577
2015-03-17,Stable,0.9495103075521343
2015-03-18,Stable,0.9678143009813954
2015-03-19,Stable,0.9711243667456844
2015-03-20,Stable,0.9597385646951607
2015-03-23,Stable,0.954860571331572
2015-03-24,Stable,0.9400405747719028
2015-03-25,Stable,0.8747474673771777
2015-03-26,Stable,0.4979874899758492
2015-03-27,Stable,0.6214289916411859
2015-03-30,Stable,0.8710214088903803
2015-03-31,Stable,0.9382649781638348
2015-04-01,Stable,0.9148960741487068
2015-04-06,Stable,0.9601391466864238
2015-04-07,Stable,0.957470205195512
2015-04-08,Stable,0.933580274613699
2015-04-09,Stable,0.9630499850262644
2015-04-10,Stable,0.9676124669381017
2015-04-13,Stable,0.9712664957232425
2015-04-15,Stable,0.9618680028165039
2015-04-16,Stable,0.9624690434623856
2015-04-17,Stable,0.9543049919454403
2015-04-20,Stable,0.904427478697482
2015-04-21,Stable,0.949164520298221
2015-04-22,Stable,0.927577804629104
2015-04-23,Stable,0.7594109237852075
2015-04-24,Transitional,0.9724090311054909
2015-04-27,Stable,0.7571458662352758
2015-04-28,Stable,0.9033601078973492
2015-04-29,Stable,0.9506568056208019
2015-04-30,Stable,0.9258567200396876
2015-05-04,Stable,0.8159636436316842
2015-05-05,Stable,0.8747797987152304
2015-05-06,Stable,0.8759294358442261
2015-05-07,Stable,0.9360454394830678
2015-05-08,Stable,0.9479697281317212
2015-05-11,Stable,0.9023408742164162
2015-05-12,Stable,0.8648740120811125
2015-05-13,Stable,0.946941211432604
2015-05-14,Stable,0.9515725477006809
2015-05-15,Stable,0.9453477160740067
2015-05-18,Stable,0.9380065871168247
2015-05-19,Stable,0.9442422297063593
2015-05-20,Stable,0.9566137743422634
2015-05-21,Stable,0.9709092118609555
2015-05-22,Stable,0.969702870349906
2015-05-25,Stable,0.949496679758887
2015-05-26,Stable,0.9499892314225268
2015-05-27,Stable,0.8854153253303639
2015-05-28,Stable,0.8525015827074355
2015-05-29,Stable,0.9440258638823315
2015-06-01,Stable,0.9447335596367802
2015-06-02,Stable,0.9239949362890405
2015-06-03,Stable,0.9624546514266908
2015-06-04,Stable,0.9711122809266081
2015-06-05,Stable,0.9686443952908093
2015-06-08,Stable,0.9698218981396783
2015-06-09,Stable,0.9659151070964739
2015-06-10,Stable,0.9375325343398452
2015-06-11,Stable,0.9400523131295433
2015-06-12,Stable,0.9463586328844117
2015-06-15,Stable,0.9332885258996729
2015-06-16,Stable,0.9600823144893906
2015-06-17,Stable,0.9686199665125278
2015-06-18,Stable,0.9607250528955782
2015-06-19,Stable,0.91913733271978
2015-06-22,Stable,0.7291310802335802
2015-06-23,Stable,0.7914146115920281
2015-06-24,Stable,0.9332562703324777
2015-06-25,Stable,0.9591631512698444
2015-06-26,Stable,0.9459397217074903
2015-06-29,Stable,0.9444472039418714
2015-06-30,Stable,0.9628595914777793
2015-07-01,Stable,0.9571758894177063
2015-07-02,Stable,0.9639756322871306
2015-07-03,Stable,0.9712659060723986
2015-07-06,Stable,0.9657489208189538
2015-07-07,Stable,0.9497696659507404
2015-07-08,Stable,0.853255532418148
2015-07-09,Stable,0.8753773412059933
2015-07-10,Stable,0.9464620817605573
2015-07-13,Stable,0.9331779809310532
2015-07-14,Stable,0.8926261149215933
2015-07-15,Stable,0.9368381981676626
2015-07-16,Stable,0.9538336142593022
2015-07-17,Stable,0.9134799605264631
2015-07-20,Stable,0.7867224574607586
2015-07-21,Transitional,0.679025768014634
2015-07-22,Stable,0.7444485633802077
2015-07-23,Stable,0.9180924799295982
2015-07-24,Stable,0.9379255090886404
2015-07-27,Stable,0.9054532237778131
2015-07-28,Stable,0.945460876659621
2015-07-29,Stable,0.9048429010036951
2015-07-30,Stable,0.9349532003472887
2015-07-31,Stable,0.9590776585023939
2015-08-03,Stable,0.949197547236952
2015-08-04,Stable,0.8551012805965762
2015-08-05,Stable,0.7884726499656219
2015-08-06,Stable,0.9342869293384919
2015-08-07,Stable,0.9502996953355867
2015-08-10,Stable,0.9197999208283804
2015-08-11,Stable,0.7776554739923498
2015-08-12,Stable,0.6266979565708913
2015-08-13,Stable,0.8722919067183178
2015-08-14,Stable,0.9402026016242632
2015-08-17,Stable,0.9395010918866524
2015-08-18,Stable,0.8568451731409857
2015-08-19,Stable,0.7655975865275472
2015-08-20,Transitional,0.7170999281592123
2015-08-21,Transitional,0.6469863663320845
2015-08-24,Transitional,0.9671173398458326
2015-08-25,Stable,0.6784835482738245
2015-08-26,Stable,0.7643808608163207
2015-08-27,Stable,0.8114931550239717
2015-08-28,Stable,0.7737418454113694
2015-08-31,Stable,0.8929873203562367
2015-09-01,Stable,0.9540406158446125
2015-09-02,Stable,0.9601684569684171
2015-09-03,Stable,0.9537726531800639
2015-09-04,Stable,0.8769246678238368
2015-09-07,Stable,0.9174483027517447
2015-09-08,Stable,0.92878826578044
2015-09-09,Stable,0.8108625070082397
2015-09-10,Stable,0.9327439573122766
2015-09-11,Stable,0.958838154307156
2015-09-14,Stable,0.9676906420995514
2015-09-15,Stable,0.9739060244296348
2015-09-16,Stable,0.9748479554941133
2015-09-18,Stable,0.9746679263366135
2015-09-21,Stable,0.973171693537211
2015-09-22,Stable,0.9635964341650297
2015-09-23,Stable,0.9147638126020406
2015-09-24,Stable,0.708920225812171
2015-09-28,Stable,0.5271413290515184
2015-09-29,Stable,0.5661937707932555
2015-09-30,Stable,0.6152566729269378
2015-10-01,Stable,0.8044804971270698
2015-10-05,Stable,0.8852789558710201
2015-10-06,Stable,0.8014789425720014
2015-10-07,Stable,0.8041826559156453
2015-10-08,Stable,0.7704624053639502
2015-10-09,Transitional,0.7114835433897493
2015-10-12,Transitional,0.8539971163895554
2015-10-13,Stable,0.5776420377175522
2015-10-14,Stable,0.898321380951628
2015-10-15,Stable,0.958611723005555
2015-10-16,Stable,0.9635121653761385
2015-10-19,Stable,0.9477088645256656
2015-10-20,Stable,0.9540395305689104
2015-10-21,Stable,0.9602461035346915
2015-10-23,Stable,0.965248161309497
2015-10-26,Stable,0.9732397555215583
2015-10-27,Stable,0.974284633580309
2015-10-28,Stable,0.9737331785362338
2015-10-29,Stable,0.9700360628724767
2015-10-30,Stable,0.9680819717490508
2015-11-02,Stable,0.9700953714632374
2015-11-03,Stable,0.9603294040782498
2015-11-04,Stable,0.96332478938409
2015-11-05,Stable,0.9531173764693689
2015-11-06,Stable,0.9448501214781398
2015-11-09,Stable,0.9319732284312348
2015-11-10,Stable,0.7945286960377547
2015-11-13,Stable,0.8822027485079625
2015-11-16,Stable,0.7738206365922455
2015-11-17,Stable,0.597001752353788
2015-11-18,Transitional,0.8282931873532576
2015-11-19,Transitional,0.566385927458549
2015-11-20,Stable,0.8647181388795022
2015-11-23,Stable,0.9494863137806319
2015-11-24,Stable,0.952919135007106
2015-11-26,Stable,0.9550228450151996
2015-11-27,Stable,0.9426852091705793
2015-11-30,Stable,0.916186106323503
2015-12-01,Stable,0.948745402652921
2015-12-02,Stable,0.9382756018440497
2015-12-03,Stable,0.9663485658037027
2015-12-04,Stable,0.9679240292264372
2015-12-07,Stable,0.972035273542602
2015-12-08,Stable,0.9677568458072818
2015-12-09,Stable,0.9388173602221865
2015-12-10,Stable,0.9278025635005092
2015-12-11,Stable,0.9582141656339846
2015-12-14,Stable,0.9459444072896831
2015-12-15,Stable,0.9569290004988038
2015-12-16,Stable,0.9339159553859664
2015-12-17,Stable,0.9334608274803877
2015-12-18,Stable,0.8693405234987391
2015-12-21,Stable,0.8825047600007538
2015-12-22,Stable,0.8996904384976999
2015-12-23,Stable,0.9317807424625806
2015-12-24,Stable,0.964277308166299
2015-12-28,Stable,0.9678229306774221
2015-12-29,Stable,0.9661118391309312
2015-12-30,Stable,0.9330293214252927
2015-12-31,Stable,0.9273618338980071
2016-01-01,Stable,0.9461266547453235
2016-01-04,Stable,0.8804856609594754
2016-01-05,Stable,0.9521859583802204
2016-01-06,Stable,0.9607793873827031
2016-01-07,Stable,0.933026623325318
2016-01-08,Stable,0.9438568752213709
2016-01-11,Stable,0.9290035111100198
2016-01-12,Stable,0.8113330315186
2016-01-13,Transitional,0.7700394898763527
2016-01-14,Transitional,0.947294887251555
2016-01-15,Stable,0.7768087273929515
2016-01-18,Stable,0.9254288046609352
2016-01-19,Stable,0.9542097221845683
2016-01-20,Stable,0.9385608675574335
2016-01-21,Stable,0.9502908171082786
2016-01-22,Stable,0.970203468678631
2016-01-25,Stable,0.9724092254985885
2016-01-27,Stable,0.9643775875073561
2016-01-28,Stable,0.91798883170503
2016-01-29,Stable,0.7322251084314565
2016-02-01,Stable,0.9173331778569822
2016-02-02,Stable,0.9534969149108321
2016-02-03,Stable,0.9260477086772796
2016-02-04,Stable,0.8947344158833249
2016-02-05,Stable,0.8828153301613473
2016-02-08,Stable,0.6472876365867861
2016-02-09,Stable,0.6823596558099221
2016-02-10,Stable,0.736931051177519
2016-02-11,Stable,0.720038666521462
2016-02-12,Stable,0.9186628277934862
2016-02-15,Stable,0.9544543121732207
2016-02-16,Stable,0.9442790370165446
2016-02-17,Stable,0.9119589467446918
2016-02-18,Stable,0.8820479974329778
2016-02-19,Stable,0.9566969340509568
2016-02-22,Stable,0.9712523187966757
2016-02-23,Stable,0.9716265061682074
2016-02-24,Stable,0.9617092002177446
2016-02-25,Stable,0.9045820767208232
2016-02-26,Stable,0.7721496313859609
2016-02-29,Transitional,0.8005918693061139
2016-03-01,Transitional,0.9008816389716978
2016-03-02,Transitional,0.6154879047502371
2016-03-03,Stable,0.8176995942504967
2016-03-04,Stable,0.9387382636763039
2016-03-08,Stable,0.9468492316245196
2016-03-09,Stable,0.8924092251799136
2016-03-10,Stable,0.722255509076936
2016-03-11,Stable,0.9266081002282478
2016-03-14,Stable,0.9636176992082587
2016-03-15,Stable,0.9633607601247557
2016-03-16,Stable,0.9404210154132615
2016-03-17,Stable,0.9331029531309548
2016-03-18,Stable,0.8368845930360472
2016-03-21,Stable,0.9474266986603121
2016-03-22,Stable,0.964389475088768
2016-03-23,Stable,0.9542770720094357
2016-03-28,Stable,0.9698475149389273
2016-03-29,Stable,0.9693142986166892
2016-03-30,Stable,0.9648868702307741
2016-03-31,Stable,0.9445145691623231
2016-04-01,Stable,0.8774085923564197
2016-04-04,Stable,0.6279142638196852
2016-04-05,Stable,0.7730087347296696
2016-04-06,Stable,0.8696189938615829
2016-04-07,Stable,0.9058440810132264
2016-04-08,Stable,0.9286202229966478
2016-04-11,Stable,0.9269101766122996
2016-04-12,Stable,0.9189297984714662
2016-04-13,Stable,0.7502526810703241
2016-04-18,Transitional,0.9785602792196688
2016-04-20,Stable,0.758262372179219
2016-04-21,Stable,0.8891778108871101
2016-04-22,Stable,0.9389015497828548
2016-04-25,Stable,0.9628803522664755
2016-04-26,Stable,0.9519699168011323
2016-04-27,Stable,0.9452774481459869
2016-04-28,Stable,0.8654709039133341
2016-04-29,Stable,0.9507238316541236
2016-05-02,Stable,0.9573623945902795
2016-05-03,Stable,0.9253251325412363
2016-05-04,Stable,0.9578817895671345
2016-05-05,Stable,0.9692305878841512
2016-05-06,Stable,0.9625544424907769
2016-05-09,Stable,0.9511169765433348
2016-05-10,Stable,0.9585984513164567
2016-05-11,Stable,0.9647169151561232
2016-05-12,Stable,0.970368450520134
2016-05-13,Stable,0.9735822515082588
2016-05-16,Stable,0.9726480206415595
2016-05-17,Stable,0.9746422983072077
2016-05-18,Stable,0.9739945664466226
2016-05-19,Stable,0.9736179278406756
2016-05-20,Stable,0.9716560786423493
2016-05-23,Stable,0.9617958317743609
2016-05-24,Stable,0.962702787299463
2016-05-25,Stable,0.9221201834859906
2016-05-26,Stable,0.8986405866228344
2016-05-27,Stable,0.9394769047952459
2016-05-30,Stable,0.9349493853127193
2016-05-31,Stable,0.9421591952832585
2016-06-01,Stable,0.9647412047939957
2016-06-02,Stable,0.9727118697423526
2016-06-03,Stable,0.9729654769114839
2016-06-06,Stable,0.9697556757035762
2016-06-07,Stable,0.9468480999891412
2016-06-08,Stable,0.8611621976775711
2016-06-09,Stable,0.6794190022307889
2016-06-10,Stable,0.9152664252536078
2016-06-13,Stable,0.9629232078636191
2016-06-14,Stable,0.9682478848175587
2016-06-15,Stable,0.9607025443057152
2016-06-16,Stable,0.9674659088376591
2016-06-17,Stable,0.9533501489221713
2016-06-20,Stable,0.8829084368620026
2016-06-21,Stable,0.9555453578200862
2016-06-22,Stable,0.9651873101340525
2016-06-23,Stable,0.9553470165015902
2016-06-24,Stable,0.9243545356696201
2016-06-27,Stable,0.8687482281980924
2016-06-28,Stable,0.9441538785637918
2016-06-29,Stable,0.9471407458584054
2016-06-30,Stable,0.9673984227681302
2016-07-01,Stable,0.9722157794304354
2016-07-04,Stable,0.9662931870127837
2016-07-05,Stable,0.9642990691141048
2016-07-07,Stable,0.9488477143577934
2016-07-08,Stable,0.9655544851157646
2016-07-11,Stable,0.9505138767437683
2016-07-12,Stable,0.9494000648426845
2016-07-13,Stable,0.8651016910119385
2016-07-14,Stable,0.643929977580871
2016-07-15,Transitional,0.8663031088619297
2016-07-18,Stable,0.7569518322939903
2016-07-19,Stable,0.9311088506217532
2016-07-20,Stable,0.9654821929831584
2016-07-21,Stable,0.9719235716698496
2016-07-22,Stable,0.9702016863175448
2016-07-25,Stable,0.9698563732717881
2016-07-26,Stable,0.9708111218211256
2016-07-27,Stable,0.9729388720682742
2016-07-28,Stable,0.9705093865275732
2016-07-29,Stable,0.972067159904933
2016-08-01,Stable,0.9670407196979665
2016-08-02,Stable,0.9732230732006213
2016-08-03,Stable,0.9726261631156
2016-08-04,Stable,0.96228015487278
2016-08-05,Stable,0.9704697741956998
2016-08-08,Stable,0.9674950680409937
2016-08-09,Stable,0.9726666818525713
2016-08-10,Stable,0.9736956979282768
2016-08-11,Stable,0.9691519314038219
2016-08-12,Stable,0.9524251725266072
2016-08-16,Stable,0.9525210968556101
2016-08-17,Stable,0.933420159096746
2016-08-18,Stable,0.9571871509070068
2016-08-19,Stable,0.9663601417073211
2016-08-22,Stable,0.9484064033520044
2016-08-23,Stable,0.8608634293876362
2016-08-24,Stable,0.8839423006727579
2016-08-25,Stable,0.8797441909795196
2016-08-26,Stable,0.9226165182088193
2016-08-29,Stable,0.958402592066772
2016-08-30,Stable,0.9438917897320267
2016-08-31,Stable,0.9675092791125968
2016-09-01,Stable,0.9728236242933321
2016-09-02,Stable,0.969603058231759
2016-09-06,Stable,0.959281462181572
2016-09-07,Stable,0.9605334692477852
2016-09-08,Stable,0.9453946105542639
2016-09-09,Stable,0.9622377006880399
2016-09-12,Stable,0.9402703641998866
2016-09-14,Stable,0.9613929154302571
2016-09-15,Stable,0.9662607003196141
2016-09-16,Stable,0.9463449314237218
2016-09-19,Stable,0.9679077906249706
2016-09-20,Stable,0.9645593376375529
2016-09-21,Stable,0.9707108999666039
2016-09-22,Stable,0.969692917611797
2016-09-23,Stable,0.9513841268569092
2016-09-26,Stable,0.9672084606665051
2016-09-27,Stable,0.9728801422738783
2016-09-28,Stable,0.973473613200887
2016-09-29,Stable,0.9675603629070161
2016-09-30,Stable,0.9708147339654786
2016-10-03,Stable,0.972450186633021
2016-10-04,Stable,0.9646213741974347
2016-10-05,Stable,0.9626689889802866
2016-10-06,Stable,0.9439128409304912
2016-10-07,Stable,0.9251601165241865
2016-10-10,Stable,0.8912170672855557
2016-10-13,Stable,0.8352613220217975
2016-10-14,Stable,0.8231462438755436
2016-10-17,Stable,0.9348150237739505
2016-10-18,Stable,0.9406837703860745
2016-10-19,Stable,0.9674295814815821
2016-10-20,Stable,0.9690876740118234
2016-10-21,Stable,0.9600621364068347
2016-10-24,Stable,0.9604333966226962
2016-10-25,Stable,0.96417726969424
2016-10-26,Stable,0.970557343601247
2016-10-27,Stable,0.9645188506279813
2016-10-28,Stable,0.9689724817025545
2016-11-01,Stable,0.9668396112973022
2016-11-02,Stable,0.9634503551290959
2016-11-03,Stable,0.9527498791875418
2016-11-04,Stable,0.9679343177989098
2016-11-07,Stable,0.964143803819335
2016-11-08,Stable,0.9417943641294406
2016-11-09,Stable,0.8186581202818481
2016-11-10,Stable,0.8430535829393354
2016-11-11,Stable,0.8831646822532209
2016-11-15,Stable,0.9459577173720876
2016-11-16,Stable,0.9257556391726276
2016-11-17,Stable,0.9478310870869854
2016-11-18,Stable,0.9573469505121197
2016-11-21,Stable,0.9614328057260789
2016-11-22,Stable,0.9621206804735517
2016-11-23,Stable,0.9233881775308097
2016-11-24,Stable,0.740202010091298
2016-11-25,Transitional,0.9539658897813802
2016-11-28,Stable,0.7905114859601726
2016-11-29,Stable,0.9316185807290477
2016-11-30,Stable,0.9661327180497644
2016-12-01,Stable,0.9715721885395902
2016-12-02,Stable,0.9638667901869019
2016-12-05,Stable,0.9719627847742777
2016-12-06,Stable,0.9719980058277424
2016-12-07,Stable,0.9678627605869039
2016-12-08,Stable,0.9376409981296217
2016-12-09,Stable,0.9628412799672963
2016-12-12,Stable,0.9559288382927255
2016-12-13,Stable,0.9554822902094886
2016-12-14,Stable,0.9632080269195021
2016-12-15,Stable,0.9658388418381239
2016-12-16,Stable,0.9606457369750374
2016-12-19,Stable,0.9712327016217794
2016-12-20,Stable,0.9677664836442158
2016-12-21,Stable,0.95765206428048
2016-12-22,Stable,0.941701304629908
2016-12-23,Stable,0.9664465887584904
2016-12-26,Stable,0.9659843861148701
2016-12-27,Stable,0.949242137468638
2016-12-28,Stable,0.9682305713536267
2016-12-29,Stable,0.9635593965295358
2016-12-30,Stable,0.9372829937450189
2017-01-02,Stable,0.9585495354402156
2017-01-03,Stable,0.9669801613038692
2017-01-04,Stable,0.9695800072979682
2017-01-05,Stable,0.9571683551120194
2017-01-06,Stable,0.8841133797320515
2017-01-09,Stable,0.9533256946584499
2017-01-10,Stable,0.9551729459655955
2017-01-11,Stable,0.8931858917515841
2017-01-12,Stable,0.55594328622909
2017-01-13,Stable,0.6321143668133471
2017-01-16,Stable,0.7866766171488339
2017-01-17,Stable,0.9385549516346869
2017-01-18,Stable,0.965039069311951
2017-01-19,Stable,0.9678909854178289
2017-01-20,Stable,0.9657585135698198
2017-01-23,Stable,0.9713926744226102
2017-01-24,Stable,0.9685051851286881
2017-01-25,Stable,0.9654776101755742
2017-01-27,Stable,0.9670520091742353
2017-01-30,Stable,0.9528356144318466
2017-01-31,Stable,0.8904136513371704
2017-02-01,Stable,0.9208911865339134
2017-02-02,Stable,0.9086365216415274
2017-02-03,Stable,0.9625551026440415
2017-02-06,Stable,0.9718585680087243
2017-02-07,Stable,0.9694478586947801
2017-02-08,Stable,0.9653484827864937
2017-02-09,Stable,0.9444804797045395
2017-02-10,Stable,0.8756372460161645
2017-02-13,Stable,0.9163027507746443
2017-02-14,Stable,0.9505077217668865
2017-02-15,Stable,0.9169652844928095
2017-02-16,Stable,0.7299990933098482
2017-02-17,Stable,0.8944806211466412
2017-02-20,Stable,0.9433786974216217
2017-02-21,Stable,0.9466729067794002
2017-02-22,Stable,0.8676923423713028
2017-02-23,Stable,0.9035676581470852
2017-02-27,Stable,0.9603581923575085
2017-02-28,Stable,0.9702010235009897
2017-03-01,Stable,0.9625383599313336
2017-03-02,Stable,0.9717888042455746
2017-03-03,Stable,0.9701905920333341
2017-03-06,Stable,0.970255161712479
2017-03-07,Stable,0.9544586369776757
2017-03-08,Stable,0.9579159180820997
2017-03-09,Stable,0.9681191061222078
2017-03-10,Stable,0.9584986483911581
2017-03-14,Stable,0.9359461756279155
2017-03-15,Stable,0.8779925069483419
2017-03-16,Stable,0.9125286541814632
2017-03-17,Stable,0.9395561075779727
2017-03-20,Stable,0.9253678027157685
2017-03-21,Stable,0.9537672691565606
2017-03-22,Stable,0.9663657065990029
2017-03-23,Stable,0.9606312316629403
2017-03-24,Stable,0.9661886153504928
2017-03-27,Stable,0.9726879497413192
2017-03-28,Stable,0.9724471745813703
2017-03-29,Stable,0.9733279198848637
2017-03-30,Stable,0.971180414450599
2017-03-31,Stable,0.9696587067279417
2017-04-03,Stable,0.9531021833267915
2017-04-05,Stable,0.9480328858052205
2017-04-06,Stable,0.9414846553188428
2017-04-07,Stable,0.8364396086614434
2017-04-10,Stable,0.684093132113868
2017-04-11,Stable,0.8102474556430512
2017-04-12,Stable,0.7877725030157591
2017-04-13,Transitional,0.6451763530391584
2017-04-17,Stable,0.8382054400710452
2017-04-18,Stable,0.9478363461067879
2017-04-19,Stable,0.9677832645651193
2017-04-20,Stable,0.9685838747164321
2017-04-21,Stable,0.9726378302070707
2017-04-24,Stable,0.9732891220469504
2017-04-25,Stable,0.968910876292184
2017-04-26,Stable,0.9445632229373183
2017-04-27,Stable,0.9564456810398533
2017-04-28,Stable,0.9672638390181312
2017-05-02,Stable,0.9705838266147038
2017-05-03,Stable,0.9621938987024438
2017-05-04,Stable,0.9707855726575036
2017-05-05,Stable,0.9673508818050722
2017-05-08,Stable,0.9553149071683293
2017-05-09,Stable,0.970999462206219
2017-05-10,Stable,0.9715965674607834
2017-05-11,Stable,0.9635045496579027
2017-05-12,Stable,0.9141776800587317
2017-05-15,Stable,0.9439643682125534
2017-05-16,Stable,0.9683560596846039
2017-05-17,Stable,0.9724541373004237
2017-05-18,Stable,0.9687780757330888
2017-05-19,Stable,0.9724613719089504
2017-05-22,Stable,0.9723984101759824
2017-05-23,Stable,0.9655479571039729
2017-05-24,Stable,0.93388299324171
2017-05-25,Stable,0.7663025977584547
2017-05-26,Stable,0.9030108290964486
2017-05-29,Stable,0.9422912053140198
2017-05-30,Stable,0.9461551503457868
2017-05-31,Stable,0.921481590926746
2017-06-01,Stable,0.9558932477683714
2017-06-02,Stable,0.9652314047010901
2017-06-05,Stable,0.9439911631214035
2017-06-06,Stable,0.8920134942438571
2017-06-07,Stable,0.908400713767369
2017-06-08,Stable,0.9571541120531966
2017-06-09,Stable,0.9607545282457812
2017-06-12,Stable,0.9487579788522
2017-06-13,Stable,0.9666838698247069
2017-06-14,Stable,0.9724039291756866
2017-06-15,Stable,0.967727534346145
2017-06-16,Stable,0.9566126793731907
2017-06-19,Stable,0.9563001256810012
2017-06-20,Stable,0.9531734075182188
2017-06-21,Stable,0.970790825818993
2017-06-22,Stable,0.9724020669786352
2017-06-23,Stable,0.9685151750500746
2017-06-27,Stable,0.9440563826309121
2017-06-28,Stable,0.9680460921210662
2017-06-29,Stable,0.970199153050887
2017-06-30,Stable,0.9659724617587593
2017-07-03,Stable,0.941457576082224
2017-07-04,Stable,0.9558094523937731
2017-07-05,Stable,0.9569261661371274
2017-07-06,Stable,0.9622696377893655
2017-07-07,Stable,0.9340557902428759
2017-07-10,Stable,0.8700834738130812
2017-07-11,Stable,0.9026082549124358
2017-07-12,Stable,0.9600009437137282
2017-07-13,Stable,0.9702443016636838
2017-07-14,Stable,0.9701335472128189
2017-07-17,Stable,0.9631143703367155
2017-07-18,Stable,0.9720458038695236
2017-07-19,Stable,0.9697899927250123
2017-07-20,Stable,0.9625550145854109
2017-07-21,Stable,0.9618407519120893
2017-07-24,Stable,0.9629900098217784
2017-07-25,Stable,0.9660703733944869
2017-07-26,Stable,0.9418290408601523
2017-07-27,Stable,0.8027244315839341
2017-07-28,Stable,0.7551206605316747
2017-07-31,Stable,0.898162600057167
2017-08-01,Stable,0.9530961023871207
2017-08-02,Stable,0.9553203017511267
2017-08-03,Stable,0.9628559816075486
2017-08-04,Stable,0.9681848139157846
2017-08-07,Stable,0.9496317690141041
2017-08-08,Stable,0.9677616569501754
2017-08-09,Stable,0.9694104028718296
2017-08-10,Stable,0.9611336556212124
2017-08-11,Stable,0.9631876024167764
2017-08-14,Stable,0.9365655085334041
2017-08-16,Stable,0.7894400061663468
2017-08-17,Volatile,0.5908110174560866
2017-08-18,Volatile,0.5942150241516557
2017-08-21,Volatile,0.5671045827106291
2017-08-22,Stable,0.6420420274253849
2017-08-23,Stable,0.6749279052891365
2017-08-24,Stable,0.6281007409866105
2017-08-28,Stable,0.5360745878767483
2017-08-29,Stable,0.826672674329748
2017-08-30,Stable,0.9410177640508617
2017-08-31,Stable,0.9487645307521039
2017-09-01,Stable,0.9551058715248197
2017-09-04,Stable,0.9109921167437488
2017-09-05,Stable,0.9619612433642962
2017-09-06,Stable,0.9683414007484461
2017-09-07,Stable,0.9712380086509214
2017-09-08,Stable,0.9598060447848715
2017-09-11,Stable,0.9686379587237218
2017-09-12,Stable,0.9714481605943258
2017-09-13,Stable,0.9721763487899931
2017-09-14,Stable,0.9617597000814933
2017-09-15,Stable,0.943064805787779
2017-09-18,Stable,0.9691767689212569
2017-09-19,Stable,0.9735414017473507
2017-09-20,Stable,0.9744444757238838
2017-09-21,Stable,0.9716967067944063
2017-09-22,Stable,0.9611580841767309
2017-09-25,Stable,0.9695849403279856
2017-09-26,Stable,0.9634438820316382
2017-09-27,Stable,0.969212302707835
2017-09-28,Stable,0.9726248011128706
2017-09-29,Stable,0.9736390355420081
2017-10-03,Stable,0.9736806017399261
2017-10-04,Stable,0.9721123768573341
2017-10-05,Stable,0.9669848844231067
2017-10-06,Stable,0.9376036455274452
2017-10-09,Stable,0.9644065640383185
2017-10-10,Stable,0.9609643298424448
2017-10-11,Stable,0.9703210049984389
2017-10-12,Stable,0.9730586442079184
2017-10-13,Stable,0.9731034739446036
2017-10-16,Stable,0.9673656562475991
2017-10-17,Stable,0.9663970960866595
2017-10-18,Stable,0.9694162585363587
2017-10-19,Stable,0.970115025795815
2017-10-23,Stable,0.9548950677825901
2017-10-24,Stable,0.9504397393158903
2017-10-25,Stable,0.9608688270239175
2017-10-26,Stable,0.9596311077829922
2017-10-27,Stable,0.9719243735733417
2017-10-30,Stable,0.9727042790972212
2017-10-31,Stable,0.9666237035239083
2017-11-01,Stable,0.9713075676323001
2017-11-02,Stable,0.9717479728743543
2017-11-03,Stable,0.9678864885935724
2017-11-06,Stable,0.9434799504027271
2017-11-07,Stable,0.811120984783235
2017-11-08,Stable,0.9419776993329207
2017-11-09,Stable,0.9672616327208817
2017-11-10,Stable,0.9666473952082395
2017-11-13,Stable,0.958851268633361
2017-11-14,Stable,0.9482951652016868
2017-11-15,Stable,0.8561887929372078
2017-11-16,Stable,0.6274622806969852
2017-11-17,Stable,0.7207115813841304
2017-11-20,Stable,0.900424151589219
2017-11-21,Stable,0.9510181684491881
2017-11-22,Stable,0.9432883639010099
2017-11-23,Stable,0.8347707383045398
2017-11-24,Stable,0.8872499673844157
2017-11-27,Stable,0.9381572740915755
2017-11-28,Stable,0.946170516882271
2017-11-29,Stable,0.9645322054677431
2017-11-30,Stable,0.9504830699271383
2017-12-01,Stable,0.8809910376556225
2017-12-04,Stable,0.8011654961678267
2017-12-05,Stable,0.9409349704587924
2017-12-06,Stable,0.9649181258407286
2017-12-07,Stable,0.9671021915874424
2017-12-08,Stable,0.9735142891560845
2017-12-11,Stable,0.9740392775955937
2017-12-12,Stable,0.9727367043100618
2017-12-13,Stable,0.9700046519013497
2017-12-14,Stable,0.9669534481631874
2017-12-15,Stable,0.9660026664752874
2017-12-18,Stable,0.9671171095828902
2017-12-19,Stable,0.9571801755407399
2017-12-20,Stable,0.9591506805420847
2017-12-21,Stable,0.9643947381835142
2017-12-22,Stable,0.9472648782867344
2017-12-26,Stable,0.9688678209324644
2017-12-27,Stable,0.9738224295551733
2017-12-28,Stable,0.9739608593204001
2017-12-29,Stable,0.969406031459211
2018-01-01,Stable,0.9686047175942982
2018-01-02,Stable,0.9717619877476681
2018-01-03,Stable,0.9683165057111646
2018-01-04,Stable,0.9680555741152381
2018-01-05,Stable,0.9575487426891675
2018-01-08,Stable,0.89341450862479
2018-01-09,Stable,0.9502342131513173
2018-01-10,Stable,0.9425373979694687
2018-01-11,Stable,0.8898063108059343
2018-01-12,Stable,0.924340510300794
2018-01-15,Stable,0.8291593839705835
2018-01-16,Transitional,0.7151941979943643
2018-01-17,Transitional,0.5234319389680866
2018-01-18,Stable,0.8836816799842651
2018-01-19,Stable,0.9447878464991788
2018-01-22,Stable,0.9501278648022817
2018-01-23,Stable,0.8933115544994144
2018-01-24,Stable,0.9527154928446142
2018-01-25,Stable,0.963033304480528
2018-01-29,Stable,0.9669412619543639
2018-01-30,Stable,0.9568475485491134
2018-01-31,Stable,0.9380877805816905
2018-02-01,Stable,0.964663016884218
2018-02-02,Stable,0.9669914032209682
2018-02-05,Stable,0.9422261453741345
2018-02-06,Stable,0.8189023482619905
2018-02-07,Stable,0.9100514898204258
2018-02-08,Stable,0.8449253901112574
2018-02-09,Stable,0.8543210762938671
2018-02-12,Stable,0.9461098944799322
2018-02-14,Stable,0.9628503097715607
2018-02-15,Stable,0.9499613304355592
2018-02-16,Stable,0.9583380125402685
2018-02-19,Stable,0.9710834078036474
2018-02-20,Stable,0.9718797434471466
2018-02-21,Stable,0.9667427737981952
2018-02-22,Stable,0.9622906981844316
2018-02-23,Stable,0.965984491197403
2018-02-26,Stable,0.9477937130842053
2018-02-27,Stable,0.9510570272658095
2018-02-28,Stable,0.9261248478718132
2018-03-01,Stable,0.9553520697615205
2018-03-05,Stable,0.9696843030069257
2018-03-06,Stable,0.9720954162294323
2018-03-07,Stable,0.9695754080279878
2018-03-08,Stable,0.9636042028950645
2018-03-09,Stable,0.9633246129630467
2018-03-12,Stable,0.9359332961199339
2018-03-13,Stable,0.9673655148192783
2018-03-14,Stable,0.9725126666054912
2018-03-15,Stable,0.9705122273102101
2018-03-16,Stable,0.9518245083589872
2018-03-19,Stable,0.8984523890996164
2018-03-20,Stable,0.93324161385316
2018-03-21,Stable,0.9664328141630673
2018-03-22,Stable,0.970716441676588
2018-03-23,Stable,0.9706363875004566
2018-03-26,Stable,0.9634544253267141
2018-03-27,Stable,0.9645315900853554
2018-03-28,Stable,0.9305537890839937
2018-04-02,Stable,0.9633933811520744
2018-04-03,Stable,0.9645794708515417
2018-04-04,Stable,0.9326775462046164
2018-04-05,Stable,0.8908488389164002
2018-04-06,Stable,0.9012902605667933
2018-04-09,Stable,0.9294062563588708
2018-04-10,Stable,0.9419397966193824
2018-04-11,Stable,0.8591820386106502
2018-04-12,Stable,0.5138686990335357
2018-04-13,Stable,0.7003703567825071
2018-04-16,Stable,0.5353319322409174
2018-04-17,Stable,0.8587138611267403
2018-04-18,Stable,0.9124781532234465
2018-04-19,Stable,0.8129474682030945
2018-04-20,Transitional,0.7201355770336139
2018-04-23,Stable,0.6809957713942633
2018-04-24,Stable,0.6653555388390219
2018-04-25,Stable,0.9033435937830178
2018-04-26,Stable,0.9393300522479124
2018-04-27,Stable,0.961718595301319
2018-04-30,Stable,0.9610414735585391
2018-05-02,Stable,0.9694451764537602
2018-05-03,Stable,0.9600850217369086
2018-05-04,Stable,0.9651573392186019
2018-05-07,Stable,0.9641624140048538
2018-05-08,Stable,0.9524825268067485
2018-05-09,Stable,0.9694618700455745
2018-05-10,Stable,0.9721028300393842
2018-05-11,Stable,0.9658246695335729
2018-05-14,Stable,0.9700394311052329
2018-05-15,Stable,0.9730427659636299
2018-05-16,Stable,0.9733009229981539
2018-05-17,Stable,0.9722122800531184
2018-05-18,Stable,0.9738383744214416
2018-05-21,Stable,0.9697599696911201
2018-05-22,Stable,0.9505970518740862
2018-05-23,Stable,0.9185623536210268
2018-05-24,Stable,0.7551446237103981
2018-05-25,Stable,0.9238869377911404
2018-05-28,Stable,0.9519776054382864
2018-05-29,Stable,0.9693827024224392
2018-05-30,Stable,0.9672380638263766
2018-05-31,Stable,0.9453881543268223
2018-06-01,Stable,0.9552720028394764
2018-06-04,Stable,0.9423017554615121
2018-06-05,Stable,0.9392704263299774
2018-06-06,Stable,0.9484381874417923
2018-06-07,Stable,0.9577402485691078
2018-06-08,Stable,0.9694661152927609
2018-06-11,Stable,0.9728686975763317
2018-06-12,Stable,0.9681022980323929
2018-06-13,Stable,0.9427299500844284
2018-06-14,Stable,0.8971257014872365
2018-06-15,Stable,0.6204719121025642
2018-06-18,Stable,0.8457233673321393
2018-06-19,Stable,0.8766032691019278
2018-06-20,Stable,0.9561567346332627
2018-06-21,Stable,0.9697987134540408
2018-06-22,Stable,0.966529583117849
2018-06-25,Stable,0.9330743900815889
2018-06-26,Stable,0.9638868435578009
2018-06-27,Stable,0.9631107853087209
2018-06-28,Stable,0.9398782491660445
2018-06-29,Stable,0.9248422396755038
2018-07-02,Stable,0.8713132934921176
2018-07-03,Stable,0.8633345754216837
2018-07-04,Stable,0.7494644501217441
2018-07-05,Transitional,0.8847496951160702
2018-07-06,Stable,0.7975703942159229
2018-07-09,Stable,0.9202678368617385
2018-07-10,Stable,0.9557674980507506
2018-07-11,Stable,0.9334844308125144
2018-07-12,Stable,0.8988445259293782
2018-07-13,Stable,0.916885189574556
2018-07-16,Stable,0.9509617293494829
2018-07-17,Stable,0.9685584308785598
2018-07-18,Stable,0.9693310185389841
2018-07-19,Stable,0.9568036890533943
2018-07-20,Stable,0.8924076509978164
2018-07-23,Stable,0.9505638140667758
2018-07-24,Stable,0.9476676027068476
2018-07-25,Stable,0.9674768041974293
2018-07-26,Stable,0.96819437237851
2018-07-27,Stable,0.9684373536805871
2018-07-30,Stable,0.945016955205653
2018-07-31,Stable,0.9597681108810752
2018-08-01,Stable,0.9669354977803634
2018-08-02,Stable,0.973085988265936
2018-08-03,Stable,0.9711566795030787
2018-08-06,Stable,0.9736610216093988
2018-08-07,Stable,0.9727683312608937
2018-08-08,Stable,0.9712047376049965
2018-08-09,Stable,0.9613646997415598
2018-08-10,Stable,0.966238648512748
2018-08-13,Stable,0.9461888057746042
2018-08-14,Stable,0.9620277370475092
2018-08-16,Stable,0.9361230648743305
2018-08-17,Stable,0.9076690154874145
2018-08-20,Stable,0.6730122968549529
2018-08-21,Stable,0.908051265256968
2018-08-23,Stable,0.9374082756009411
2018-08-24,Stable,0.908311405653866
2018-08-27,Stable,0.82591606895689
2018-08-28,Stable,0.9382199030092574
2018-08-29,Stable,0.9558226182044549
2018-08-30,Stable,0.9619536279388438
2018-08-31,Stable,0.9317939087019818
2018-09-03,Stable,0.9304595441272996
2018-09-04,Stable,0.8158831085399056
2018-09-05,Stable,0.929853555019574
2018-09-06,Stable,0.9644411572704051
2018-09-07,Stable,0.9691779814916873
2018-09-10,Stable,0.9729032365440697
2018-09-11,Stable,0.9710193864924667
2018-09-12,Stable,0.9607453550752614
2018-09-14,Stable,0.9556988152898162
2018-09-17,Stable,0.9592399665531317
2018-09-18,Stable,0.9616882806443281
2018-09-19,Stable,0.9595499762652571
2018-09-21,Stable,0.9055859018457524
2018-09-24,Stable,0.9146583256857173
2018-09-25,Stable,0.9475786947595377
2018-09-26,Stable,0.9524170474053971
2018-09-27,Stable,0.950942653270367
2018-09-28,Stable,0.9160648994196248
2018-10-01,Stable,0.7301429301392598
2018-10-03,Stable,0.5627567018562172
2018-10-04,Stable,0.5393512414650222
2018-10-05,Stable,0.5947302233899346
2018-10-08,Stable,0.784802962422223
2018-10-09,Stable,0.8011615074898173
2018-10-10,Transitional,0.513993706698937
2018-10-11,Transitional,0.8004118962371655
2018-10-12,Stable,0.6163127595576022
2018-10-15,Stable,0.5849989472909657
2018-10-16,Stable,0.8254429000729058
2018-10-17,Stable,0.7885557754179815
2018-10-19,Stable,0.5655104304100255
2018-10-22,Stable,0.7192824787299995
2018-10-23,Stable,0.5159186409155918
2018-10-24,Stable,0.8034765669806714
2018-10-25,Stable,0.8568117098641072
2018-10-26,Stable,0.7245276334094707
2018-10-29,Stable,0.6647071092682926
2018-10-30,Stable,0.5731405813937667
2018-10-31,Transitional,0.8997580679097933
2018-11-01,Transitional,0.6757445817550023
2018-11-02,Stable,0.8307558973524132
2018-11-05,Stable,0.9418922067562988
2018-11-06,Stable,0.9604365014196735
2018-11-07,Stable,0.9326781187092132
2018-11-09,Stable,0.8749663332191353
2018-11-12,Stable,0.9489364517451341
2018-11-13,Stable,0.9614797249505853
2018-11-14,Stable,0.9317969728104508
2018-11-15,Stable,0.9623665689189175
2018-11-16,Stable,0.9595140502062373
2018-11-19,Stable,0.9393596102380386
2018-11-20,Stable,0.800735139324165
2018-11-21,Stable,0.5027231896170021
2018-11-22,Stable,0.8088508655893466
2018-11-26,Stable,0.7874863841518099
2018-11-27,Transitional,0.6456099992828414
2018-11-28,Transitional,0.8907889562930594
2018-11-29,Stable,0.7664672122087288
2018-11-30,Stable,0.9149126627471823
2018-12-03,Stable,0.9447521442918748
2018-12-04,Stable,0.8962237185134135
2018-12-05,Stable,0.9348468400396657
2018-12-06,Stable,0.8843890753394412
2018-12-07,Stable,0.8574032416467993
2018-12-10,Stable,0.8774236489538816
2018-12-11,Stable,0.9378274668991048
2018-12-12,Stable,0.9239395504647042
2018-12-13,Stable,0.7785170107773556
2018-12-14,Stable,0.8762475979235849
2018-12-17,Stable,0.848531828388942
2018-12-18,Stable,0.7623870630159866
2018-12-19,Stable,0.8408615361710383
2018-12-20,Stable,0.874772287760696
2018-12-21,Stable,0.6864614005865335
2018-12-24,Stable,0.9108308207713338
2018-12-26,Stable,0.945362336604824
2018-12-27,Stable,0.9258860768839544
2018-12-28,Stable,0.9657109069102343
2018-12-31,Stable,0.9719212560836622
2019-01-01,Stable,0.9685946192333543
2019-01-02,Stable,0.971291790560173
2019-01-03,Stable,0.9711482625654876
2019-01-04,Stable,0.9562016115754565
2019-01-07,Stable,0.9475604316529078
2019-01-08,Stable,0.9675068272944888
2019-01-09,Stable,0.9643056074489454
2019-01-10,Stable,0.9544867574139211
2019-01-11,Stable,0.8878379431216677
2019-01-14,Stable,0.5565496831714634
2019-01-15,Stable,0.6052251240718642
2019-01-16,Stable,0.7971565827046087
2019-01-17,Stable,0.9346608727332018
2019-01-18,Stable,0.9572373516211676
2019-01-21,Stable,0.9307133894388057
2019-01-22,Stable,0.9582750016357598
2019-01-23,Stable,0.9337220376247749
2019-01-24,Stable,0.9647664181756131
2019-01-25,Stable,0.9724172365193279
2019-01-28,Stable,0.9720158610862569
2019-01-29,Stable,0.9645405047946679
2019-01-30,Stable,0.9194133490690031
2019-01-31,Stable,0.6888714457245467
2019-02-01,Stable,0.9031222419026234
2019-02-04,Stable,0.9609645416046038
2019-02-05,Stable,0.9707315647547714
2019-02-06,Stable,0.9657338730187454
2019-02-07,Stable,0.9731275605071326
2019-02-08,Stable,0.972485209950794
2019-02-11,Stable,0.9684827822931451
2019-02-12,Stable,0.9421678212306603
2019-02-14,Stable,0.9480988219506885
2019-02-15,Stable,0.9650371219216547
2019-02-18,Stable,0.950625970266718
2019-02-19,Stable,0.8543260921536858
2019-02-20,Stable,0.8533090069957993
2019-02-21,Stable,0.9281543423456673
2019-02-22,Stable,0.9317688393659308
2019-02-25,Stable,0.8118211965484508
2019-02-26,Stable,0.8925980025023712
2019-02-27,Stable,0.9480450260421036
2019-02-28,Stable,0.967728215330677
2019-03-01,Stable,0.9630029114118066
2019-03-05,Stable,0.9577944380149715
2019-03-06,Stable,0.9679180387169097
2019-03-07,Stable,0.9534349336924134
2019-03-08,Stable,0.9498679138277587
2019-03-11,Stable,0.969728335985339
2019-03-12,Stable,0.971355421496305
2019-03-13,Stable,0.9736401247378554
2019-03-14,Stable,0.9706005439521358
2019-03-15,Stable,0.9507323579382154
2019-03-18,Stable,0.9434254661294016
2019-03-19,Stable,0.9136854138628062
2019-03-20,Stable,0.8820900147456396
2019-03-22,Stable,0.9514533368724875
2019-03-25,Stable,0.9582658782123892
2019-03-26,Stable,0.9618553283274744
2019-03-27,Stable,0.9670670739599284
2019-03-28,Stable,0.9468362767902796
2019-04-01,Stable,0.8941486714368743
2019-04-02,Stable,0.9552728950145426
2019-04-03,Stable,0.9640604698602726
2019-04-04,Stable,0.9641966436629936
2019-04-05,Stable,0.9506967516327319
2019-04-08,Stable,0.9599547936896515
2019-04-09,Stable,0.9626426915960064
2019-04-10,Stable,0.9574655907889525
2019-04-11,Stable,0.9456952152324046
2019-04-12,Stable,0.9344382821132665
2019-04-15,Stable,0.8243304883236476
2019-04-16,Stable,0.9404921388362052
2019-04-18,Stable,0.9589695653049405
2019-04-22,Stable,0.9682842224745811
2019-04-23,Stable,0.9641197064072526
2019-04-24,Stable,0.9589848007924203
2019-04-25,Stable,0.952163932426016
2019-04-26,Stable,0.9305363461152674
2019-04-30,Stable,0.868413367105318
2019-05-02,Stable,0.7773040509534692
2019-05-03,Stable,0.9190447084411248
2019-05-06,Stable,0.9580308280599423
2019-05-07,Stable,0.966150522935918
2019-05-08,Stable,0.9694706782990294
2019-05-09,Stable,0.9734963647821829
2019-05-10,Stable,0.972020490617094
2019-05-13,Stable,0.9722514541386638
2019-05-14,Stable,0.9660116649420228
2019-05-15,Stable,0.956496169169008
2019-05-16,Stable,0.887397789621002
2019-05-17,Stable,0.9363983850669818
2019-05-20,Stable,0.9592198879500204
2019-05-21,Stable,0.935022418869161
2019-05-22,Stable,0.9638017084807688
2019-05-23,Stable,0.9553512125034516
2019-05-24,Stable,0.9534984274118455
2019-05-27,Stable,0.9412808066299895
2019-05-28,Stable,0.8227761212010247
2019-05-29,Stable,0.9448190157228218
2019-05-30,Stable,0.9642315123393834
2019-05-31,Stable,0.9694785154664234
2019-06-03,Stable,0.9653435164784564
2019-06-04,Stable,0.9593751021156639
2019-06-06,Stable,0.9706342078067954
2019-06-07,Stable,0.9656646851281777
2019-06-10,Stable,0.935364705246356
2019-06-11,Stable,0.9676739638107036
2019-06-12,Stable,0.9737360606326994
2019-06-13,Stable,0.9748457313214405
2019-06-14,Stable,0.9742056570082455
2019-06-17,Stable,0.9728890924398648
2019-06-18,Stable,0.9625527840472622
2019-06-19,Stable,0.9724737392985863
2019-06-20,Stable,0.9733515671332125
2019-06-21,Stable,0.971382071978056
2019-06-24,Stable,0.9709710796275376
2019-06-25,Stable,0.9710942691871678
2019-06-26,Stable,0.9598137757803268
2019-06-27,Stable,0.9603302968689973
2019-06-28,Stable,0.9718864838868875
2019-07-01,Stable,0.9720313692862973
2019-07-02,Stable,0.9609760623761078
2019-07-03,Stable,0.9572405754233816
2019-07-04,Stable,0.9589863495599863
2019-07-05,Stable,0.9123750567264233
2019-07-08,Stable,0.9628753550813458
2019-07-09,Stable,0.9706298337499503
2019-07-10,Stable,0.9660995456920951
2019-07-11,Stable,0.9312148105733355
2019-07-12,Stable,0.7667226847705089
2019-07-15,Transitional,0.9697661946584338
2019-07-16,Stable,0.7557825105412149
2019-07-17,Stable,0.9107790969201202
2019-07-18,Stable,0.9610265888030755
2019-07-19,Stable,0.965492719494198
2019-07-22,Stable,0.9726455116967881
2019-07-23,Stable,0.9710430330178501
2019-07-24,Stable,0.971013877377695
2019-07-25,Stable,0.9653497497422282
2019-07-26,Stable,0.9654098447207813
2019-07-29,Stable,0.9697075291851067
2019-07-30,Stable,0.9650254457950345
2019-07-31,Stable,0.9254522721236296
2019-08-01,Stable,0.713364595239703
2019-08-02,Stable,0.9130682478946106
2019-08-05,Stable,0.9630020049238377
2019-08-06,Stable,0.9707056455813813
2019-08-07,Stable,0.9663171930149056
2019-08-08,Stable,0.9319535660847434
2019-08-09,Stable,0.9059809797542605
2019-08-13,Stable,0.6731946564149225
2019-08-14,Stable,0.8828005682927882
2019-08-16,Stable,0.9553441638324641
2019-08-19,Stable,0.9621265195517421
2019-08-20,Stable,0.9321364889640066
2019-08-21,Stable,0.9607371775050968
2019-08-22,Stable,0.969000483807041
2019-08-23,Stable,0.9654062331187708
2019-08-26,Stable,0.9526020555263407
2019-08-27,Stable,0.8630626562029676
2019-08-28,Stable,0.8644701980968595
2019-08-29,Stable,0.9492652440517185
2019-08-30,Stable,0.9627217211109297
2019-09-03,Stable,0.9710125127021872
2019-09-04,Stable,0.9648257999750497
2019-09-05,Stable,0.9507252873342179
2019-09-06,Stable,0.9627630276842336
2019-09-09,Stable,0.954201042463176
2019-09-11,Stable,0.959377975167153
2019-09-12,Stable,0.9661467081276889
2019-09-13,Stable,0.9521071153176305
2019-09-16,Stable,0.9695785276792163
2019-09-17,Stable,0.9691463228477317
2019-09-18,Stable,0.9531102130580036
2019-09-19,Stable,0.862357394265236
2019-09-20,Stable,0.5550010958007372
2019-09-23,Transitional,0.9724347089410289
2019-09-24,Transitional,0.9185352181121996
2019-09-25,Stable,0.7688686098703216
2019-09-26,Stable,0.8845165574312688
2019-09-27,Stable,0.9020979946202187
2019-09-30,Stable,0.7348679670117374
2019-10-01,Stable,0.8767247308614342
2019-10-03,Stable,0.94110587822077
2019-10-04,Stable,0.9583854534886308
2019-10-07,Stable,0.9615549776726932
2019-10-09,Stable,0.9319768732017438
2019-10-10,Stable,0.8003236831524944
2019-10-11,Transitional,0.8717150120136469
2019-10-14,Transitional,0.8481105672873486
2019-10-15,Stable,0.49896415036187064
2019-10-16,Stable,0.8547879689277682
2019-10-17,Stable,0.9076300286973885
2019-10-18,Stable,0.800142924835535
2019-10-22,Volatile,0.9972295590814357
2019-10-23,Stable,0.6106056809373943
2019-10-24,Stable,0.5426429257549094
2019-10-25,Stable,0.8642007993365733
2019-10-27,Stable,0.8886677970979145
2019-10-29,Stable,0.9060195542873645
2019-10-30,Stable,0.7534357187689438
2019-10-31,Stable,0.6578200484176662
2019-11-01,Stable,0.6492888925986657
2019-11-04,Stable,0.5239620248451937
2019-11-05,Stable,0.7064327620413037
2019-11-06,Stable,0.7748562434241976
2019-11-07,Stable,0.9037102375704466
2019-11-08,Stable,0.9196200701096524
2019-11-11,Stable,0.9472338807224742
2019-11-13,Stable,0.9101341524718359
2019-11-14,Stable,0.909718892115525
2019-11-15,Stable,0.9620370524499804
2019-11-18,Stable,0.9708717939415425
2019-11-19,Stable,0.965050345482497
2019-11-20,Stable,0.9673701861280789
2019-11-21,Stable,0.9428223649315018
2019-11-22,Stable,0.8059965568587841
2019-11-25,Stable,0.9329741542549439
2019-11-26,Stable,0.9546488592289103
2019-11-27,Stable,0.9663176866023488
2019-11-28,Stable,0.9673773485484143
2019-11-29,Stable,0.9682399088494873
2019-12-02,Stable,0.9701784723798498
2019-12-03,Stable,0.9658878269093388
2019-12-04,Stable,0.953572828724844
2019-12-05,Stable,0.9662088492255432
2019-12-06,Stable,0.9733401634982434
2019-12-09,Stable,0.9730422692755906
2019-12-10,Stable,0.966721515803837
2019-12-11,Stable,0.9372688394922402
2019-12-12,Stable,0.8285830561232519
2019-12-13,Stable,0.919058622500473
2019-12-16,Stable,0.9494736822119437
2019-12-17,Stable,0.9107820874769504
2019-12-18,Stable,0.9620907312901962
2019-12-19,Stable,0.9724115819490973
2019-12-20,Stable,0.9744121230834558
2019-12-23,Stable,0.9727664917740755
2019-12-24,Stable,0.9730682847134329
2019-12-26,Stable,0.9703804297272488
2019-12-27,Stable,0.965524885163638
2019-12-30,Stable,0.9708999526145107
2019-12-31,Stable,0.973164004900365
2020-01-01,Stable,0.9701242871306814
2020-01-02,Stable,0.9689324313263049
2020-01-03,Stable,0.9497692930783822
2020-01-06,Stable,0.9533955312325885
2020-01-07,Stable,0.9351997204871743
2020-01-08,Stable,0.9210785363710731
2020-01-09,Stable,0.8695587143608764
2020-01-10,Stable,0.674028813645076
2020-01-13,Transitional,0.9264031650695752
2020-01-14,Stable,0.7897819137880676
2020-01-15,Stable,0.9224162693514167
2020-01-16,Stable,0.9652829289946738
2020-01-17,Stable,0.9732381708282285
2020-01-20,Stable,0.9735793422511518
2020-01-21,Stable,0.9673593017225546
2020-01-22,Stable,0.9590891035773694
2020-01-23,Stable,0.9387678390016783
2020-01-24,Stable,0.9672639409505682
2020-01-27,Stable,0.9702408722017025
2020-01-28,Stable,0.9701281570666341
2020-01-29,Stable,0.9519196839983354
2020-01-30,Stable,0.9558807764863184
2020-01-31,Stable,0.9592329471112057
2020-02-03,Stable,0.929814961032707
2020-02-04,Stable,0.8394783502286034
2020-02-05,Stable,0.9367670392808528
2020-02-06,Stable,0.9338980299345353
2020-02-07,Stable,0.9624265109727205
2020-02-10,Stable,0.9703438523603872
2020-02-11,Stable,0.97253995324607
2020-02-12,Stable,0.964678356113336
2020-02-13,Stable,0.9554458994453564
2020-02-14,Stable,0.9666664749610507
2020-02-17,Stable,0.9715107323865165
2020-02-18,Stable,0.96718173574054
2020-02-19,Stable,0.9727737935953166
2020-02-20,Stable,0.9724882794809769
2020-02-24,Stable,0.9696294922140157
2020-02-25,Stable,0.9477040168003368
2020-02-26,Stable,0.8332558846746072
2020-02-27,Stable,0.7141266006969524
2020-02-28,Transitional,0.9355834403720295
2020-03-02,Stable,0.6768747984968917
2020-03-03,Stable,0.8691764013391606
2020-03-04,Stable,0.8838092888669964
2020-03-05,Stable,0.8556680969290109
2020-03-06,Stable,0.5093858690870717
2020-03-09,Volatile,0.9707119381180239
2020-03-11,Volatile,0.9730987659692122
2020-03-12,Volatile,0.9944666126829588
2020-03-13,Volatile,0.993207067873428
2020-03-16,Volatile,0.9999487181401613
2020-03-17,Volatile,0.9999083056878092
2020-03-18,Volatile,0.9997434276104122
2020-03-19,Volatile,0.9989220922738721
2020-03-20,Volatile,0.9999997358382082
2020-03-23,Volatile,0.9999998323965115
2020-03-24,Volatile,0.9999944649005948
2020-03-25,Volatile,0.99862295856445
2020-03-26,Volatile,0.9981515385398143
2020-03-27,Volatile,0.992507193835212
2020-03-30,Volatile,0.9929182117589165
2020-03-31,Volatile,0.9892804542706746
2020-04-01,Volatile,0.9884017277258899
2020-04-03,Volatile,0.9788234853504774
2020-04-07,Volatile,0.9699499162130437
2020-04-08,Stable,0.701408179704611
2020-04-09,Stable,0.9057590395925633
2020-04-13,Stable,0.9443374134829776
2020-04-15,Stable,0.9196557456802389
2020-04-16,Stable,0.7497384608381856
2020-04-17,Stable,0.6789336823723529
2020-04-20,Transitional,0.8551484659300598
2020-04-21,Transitional,0.8329872944983117
2020-04-22,Transitional,0.7059000689213222
2020-04-23,Transitional,0.9393454274336975
2020-04-24,Transitional,0.7897427839972748
2020-04-27,Stable,0.6499104977492121
2020-04-28,Stable,0.7026773143930131
2020-04-29,Stable,0.5676859515645936
2020-04-30,Transitional,0.9219669004261526
2020-05-04,Transitional,0.9248558188971485
2020-05-05,Stable,0.7754446507332999
2020-05-06,Stable,0.9119069723185387
2020-05-07,Stable,0.9573194311517478
2020-05-08,Stable,0.9480876214932833
2020-05-11,Stable,0.9419670079818112
2020-05-12,Stable,0.916912923163574
2020-05-13,Stable,0.7465915525382034
2020-05-14,Transitional,0.9635648269977458
2020-05-15,Stable,0.7092616247396729
2020-05-18,Stable,0.8543285687777469
2020-05-19,Stable,0.9422373915587681
2020-05-20,Stable,0.9525326591612541
2020-05-21,Stable,0.894101740620979
2020-05-22,Stable,0.5782068912092974
2020-05-26,Stable,0.5759789332970773
2020-05-27,Stable,0.6246672961156481
2020-05-28,Stable,0.849163290747179
2020-05-29,Stable,0.9323995295581389
2020-06-01,Stable,0.9495782445822339
2020-06-02,Stable,0.9558460462950819
2020-06-03,Stable,0.9619562051493544
2020-06-04,Stable,0.9626807519548028
2020-06-05,Stable,0.9515823040762783
2020-06-08,Stable,0.8833961519985657
2020-06-09,Stable,0.9530849950737755
2020-06-10,Stable,0.9620759323466356
2020-06-11,Stable,0.9321434030819609
2020-06-12,Stable,0.9283422337255104
2020-06-15,Stable,0.9512278939020028
2020-06-16,Stable,0.9253923628850653
2020-06-17,Stable,0.95955772705087
2020-06-18,Stable,0.9486083950652664
2020-06-19,Stable,0.9491729395568154
2020-06-22,Stable,0.9392704167912939
2020-06-23,Stable,0.8220570630671256
2020-06-24,Stable,0.8090018242274707
2020-06-25,Stable,0.5268289441475158
2020-06-26,Transitional,0.9716010510012162
2020-06-29,Stable,0.5284660939999681
2020-06-30,Stable,0.8105432838273974
2020-07-01,Stable,0.8260886708526531
2020-07-02,Stable,0.5583152565037549
2020-07-03,Stable,0.7978237016037144
2020-07-06,Stable,0.7565386427090661
2020-07-07,Transitional,0.7568480268975393
2020-07-08,Transitional,0.502475411511295
2020-07-09,Stable,0.8402646814464467
2020-07-10,Stable,0.8984345380829457
2020-07-13,Stable,0.7695206899845106
2020-07-14,Stable,0.5476322323327507
2020-07-15,Transitional,0.6849248378633188
2020-07-16,Transitional,0.6868135082187709
2020-07-17,Transitional,0.4222653110350375
2020-07-20,Transitional,0.5275051281728401
2020-07-21,Stable,0.7969772197203974
2020-07-22,Stable,0.8368060822546017
2020-07-23,Stable,0.900218192043894
2020-07-24,Stable,0.8671409068369593
2020-07-27,Stable,0.771947415394122
2020-07-28,Stable,0.8940335458858867
2020-07-29,Stable,0.9493605397947493
2020-07-30,Stable,0.9656472421240105
2020-07-31,Stable,0.9702580835527006
2020-08-03,Stable,0.9643539866431504
2020-08-04,Stable,0.9599067190306226
2020-08-05,Stable,0.931333420150821
2020-08-06,Stable,0.7812621607418198
2020-08-07,Stable,0.8487448017994771
2020-08-10,Stable,0.9510669596275166
2020-08-11,Stable,0.9693296015658516
2020-08-12,Stable,0.9711633750988314
2020-08-13,Stable,0.973297616210128
2020-08-14,Stable,0.9742861280722002
2020-08-17,Stable,0.9726467498476221
2020-08-18,Stable,0.9660524679943369
2020-08-19,Stable,0.9673700825805375
2020-08-20,Stable,0.9716631657713806
2020-08-21,Stable,0.970886659038471
2020-08-24,Stable,0.9722161121909243
2020-08-25,Stable,0.9636106774675564
2020-08-26,Stable,0.9575201608693461
2020-08-27,Stable,0.9673271381953736
2020-08-28,Stable,0.9577961698473674
2020-08-31,Stable,0.9615245964421586
2020-09-01,Stable,0.9444849039531297
2020-09-02,Stable,0.9545364987251178
2020-09-03,Stable,0.9489552757933583
2020-09-04,Stable,0.9326635742933697
2020-09-07,Stable,0.9575087875203594
2020-09-08,Stable,0.9436656118735643
2020-09-09,Stable,0.943907562412108
2020-09-10,Stable,0.9308326508587945
2020-09-11,Stable,0.8836196093466019
2020-09-14,Stable,0.5919288632267824
2020-09-15,Stable,0.8732077749391564
2020-09-16,Stable,0.8958613231233971
2020-09-17,Stable,0.9493871883086342
2020-09-18,Stable,0.9602427898355811
2020-09-21,Stable,0.9580726901519605
2020-09-22,Stable,0.9246932318544175
2020-09-23,Stable,0.7284583588758138
2020-09-24,Transitional,0.9482807840737367
2020-09-25,Transitional,0.8811086513869436
2020-09-28,Stable,0.8075460968372253
2020-09-29,Stable,0.9392745542945199
2020-09-30,Stable,0.9561310057147221
2020-10-01,Stable,0.9151899572136754
2020-10-05,Stable,0.7437471474789368
2020-10-06,Stable,0.9065815958349265
2020-10-07,Stable,0.9126823282131865
2020-10-08,Stable,0.8186589333497091
2020-10-09,Stable,0.8702448240802018
2020-10-12,Stable,0.7929957442200559
2020-10-13,Stable,0.771843303071651
2020-10-14,Stable,0.7942670944978479
2020-10-15,Stable,0.7599515791770355
2020-10-16,Stable,0.8778410336510291
2020-10-19,Stable,0.9535880003965201
2020-10-20,Stable,0.9600057366449557
2020-10-21,Stable,0.9587847826281582
2020-10-22,Stable,0.9410760462762974
2020-10-23,Stable,0.9631131150882419
2020-10-26,Stable,0.9543234351228563
2020-10-27,Stable,0.9189743101092286
2020-10-28,Stable,0.9442134203903206
2020-10-29,Stable,0.9643899583468437
2020-10-30,Stable,0.9509356674459241
2020-11-02,Stable,0.9464767654185597
2020-11-03,Stable,0.9113693638753687
2020-11-04,Stable,0.7500353784250828
2020-11-05,Stable,0.879199721214929
2020-11-06,Stable,0.8480465771191112
2020-11-09,Stable,0.5536663184612605
2020-11-10,Transitional,0.8730683614753467
2020-11-11,Transitional,0.6388116907507962
2020-11-12,Stable,0.8482438080218885
2020-11-13,Stable,0.9457146996397506
2020-11-14,Stable,0.9623027079736365
2020-11-17,Stable,0.962120465894494
2020-11-18,Stable,0.9522684299503111
2020-11-19,Stable,0.937299458760845
2020-11-20,Stable,0.8976514184532168
2020-11-23,Stable,0.6498312694333119
2020-11-24,Stable,0.8767344359838473
2020-11-25,Stable,0.8650228604089069
2020-11-26,Stable,0.9228693852477285
2020-11-27,Stable,0.8521872501487487
2020-12-01,Stable,0.5916980712411238
2020-12-02,Stable,0.8922733600895897
2020-12-03,Stable,0.9383870090736064
2020-12-04,Stable,0.9628968580772653
2020-12-07,Stable,0.9661684705326528
2020-12-08,Stable,0.9604473048197906
2020-12-09,Stable,0.9351395887634217
2020-12-10,Stable,0.9637123013489153
2020-12-11,Stable,0.9716115312862266
2020-12-14,Stable,0.9728399333753222
2020-12-15,Stable,0.9651955323034499
2020-12-16,Stable,0.9547856584165126
2020-12-17,Stable,0.9177425614077686
2020-12-18,Stable,0.7219421190184451
2020-12-21,Stable,0.6884090460979669
2020-12-22,Stable,0.7093153283102837
2020-12-23,Stable,0.5087616520966923
2020-12-24,Stable,0.8233829531498147
2020-12-28,Stable,0.9439035629252206
2020-12-29,Stable,0.9642930514239383
2020-12-30,Stable,0.9714508975588265
2020-12-31,Stable,0.9686251217059306
2021-01-01,Stable,0.9603692210629228
2021-01-04,Stable,0.9062304204791531
2021-01-05,Stable,0.9408707706315753
2021-01-06,Stable,0.8882768280474844
2021-01-07,Stable,0.653119478951094
2021-01-08,Transitional,0.9374625221475589
2021-01-11,Transitional,0.976980753790967
2021-01-12,Stable,0.7635525287290864
2021-01-13,Stable,0.8982090092042909
2021-01-14,Stable,0.9149530435993192
2021-01-15,Stable,0.8703823627579877
2021-01-18,Stable,0.8329275130769267
2021-01-19,Stable,0.9376566220026753
2021-01-20,Stable,0.9367777697960081
2021-01-21,Stable,0.9665236398481396
2021-01-22,Stable,0.9664427114200432
2021-01-25,Stable,0.9363116998145603
2021-01-27,Stable,0.8669246019959179
2021-01-28,Stable,0.7869933974642712
2021-01-29,Stable,0.6652255110814081
2021-02-01,Stable,0.8407243636508794
2021-02-02,Stable,0.9389965801397173
2021-02-03,Stable,0.9580597934079451
2021-02-04,Stable,0.966352467331242
2021-02-05,Stable,0.9530735017036428
2021-02-08,Stable,0.8841884008970979
2021-02-09,Stable,0.9567979697570789
2021-02-10,Stable,0.9671311979936777
2021-02-11,Stable,0.9702771661112445
2021-02-12,Stable,0.9601282509319854
2021-02-15,Stable,0.9682169816545981
2021-02-16,Stable,0.9526054112751122
2021-02-17,Stable,0.9652512740028066
2021-02-18,Stable,0.9663389479593918
2021-02-19,Stable,0.9641151330648937
2021-02-22,Stable,0.924718641684838
2021-02-23,Stable,0.9646664984168262
2021-02-24,Stable,0.9683170371912375
2021-02-25,Stable,0.961445946900766
2021-02-26,Stable,0.9071562986848553
2021-03-01,Stable,0.8481645825980381
2021-03-02,Stable,0.5623346324217346
2021-03-03,Stable,0.5599256800887413
2021-03-04,Stable,0.8605571657886655
2021-03-05,Stable,0.9323924113579312
2021-03-08,Stable,0.944335572279903
2021-03-09,Stable,0.9594726290305889
2021-03-10,Stable,0.9458363477083529
2021-03-12,Stable,0.9673103695207284
2021-03-15,Stable,0.9694074415030451
2021-03-16,Stable,0.9517774823861436
2021-03-17,Stable,0.8814194847244322
2021-03-18,Stable,0.4980272820953099
2021-03-19,Stable,0.8473751592709752
2021-03-22,Stable,0.8877645298568162
2021-03-23,Stable,0.9505635411398767
2021-03-24,Stable,0.9390380522297375
2021-03-25,Stable,0.9132746189927168
2021-03-26,Stable,0.8601237376414191
2021-03-30,Stable,0.5230640271824416
2021-03-31,Stable,0.8119357365377299
2021-04-01,Stable,0.9081923381905483
2021-04-05,Stable,0.9235441842699937
2021-04-06,Stable,0.9619150374479065
2021-04-07,Stable,0.9570238200487424
2021-04-08,Stable,0.9674288335492502
2021-04-09,Stable,0.9668128667473257
2021-04-12,Stable,0.9372431058301889
2021-04-13,Stable,0.8555921882543487
2021-04-15,Stable,0.8019951191591649
2021-04-16,Stable,0.9369980328770715
2021-04-19,Stable,0.9636939849107241
2021-04-20,Stable,0.9671290765460082
2021-04-22,Stable,0.9709637598230987
2021-04-23,Stable,0.9597124730028841
2021-04-26,Stable,0.9687585116612145
2021-04-27,Stable,0.973138849550727
2021-04-28,Stable,0.9732323430279084
2021-04-29,Stable,0.9748036342078673
2021-04-30,Stable,0.9739559731232404
2021-05-03,Stable,0.9689334142448244
2021-05-04,Stable,0.9428524966569637
2021-05-05,Stable,0.9578145199789072
2021-05-06,Stable,0.9512188624858143
2021-05-07,Stable,0.9651545599245285
2021-05-10,Stable,0.9650606484236383
2021-05-11,Stable,0.9695954126421232
2021-05-12,Stable,0.9724415581470394
2021-05-14,Stable,0.9683604983903271
2021-05-17,Stable,0.966541749174032
2021-05-18,Stable,0.9695062203431586
2021-05-19,Stable,0.9734800602913911
2021-05-20,Stable,0.9728992844202641
2021-05-21,Stable,0.9639969930931117
2021-05-24,Stable,0.9646416984776891
2021-05-25,Stable,0.9406951544194003
2021-05-26,Stable,0.8583282887313538
2021-05-27,Stable,0.9521005280948556
2021-05-28,Stable,0.9707143800392345
2021-05-31,Stable,0.973779186662758
2021-06-01,Stable,0.9727233049070702
2021-06-02,Stable,0.971179219693886
2021-06-03,Stable,0.9703104419001811
2021-06-04,Stable,0.9727894527409721
2021-06-07,Stable,0.969767880389426
2021-06-08,Stable,0.9494860802155424
2021-06-09,Stable,0.9688600346321279
2021-06-10,Stable,0.9667548815727415
2021-06-11,Stable,0.9496599265491855
2021-06-14,Stable,0.9612276211143895
2021-06-15,Stable,0.9675977922398918
2021-06-16,Stable,0.9713721996298674
2021-06-17,Stable,0.9675054572542838
2021-06-18,Stable,0.9712044731389303
2021-06-21,Stable,0.9693295304216047
2021-06-22,Stable,0.948644211930565
2021-06-23,Stable,0.8669379021970477
2021-06-24,Stable,0.5237147634044815
2021-06-25,Stable,0.8551411160565872
2021-06-28,Stable,0.9506770199870668
2021-06-29,Stable,0.9651377645803535
2021-06-30,Stable,0.9603068378114209
2021-07-01,Stable,0.9569201924435168
2021-07-02,Stable,0.96953446096486
2021-07-05,Stable,0.96929509575559
2021-07-06,Stable,0.9651239429335158
2021-07-07,Stable,0.9732752190684113
2021-07-08,Stable,0.974197717925265
2021-07-09,Stable,0.9733738793940881
2021-07-12,Stable,0.9655382754592089
2021-07-13,Stable,0.963529678094626
2021-07-14,Stable,0.9241124014011864
2021-07-15,Stable,0.9583053943407984
2021-07-16,Stable,0.9420245475836757
2021-07-19,Stable,0.9559595603720242
2021-07-20,Stable,0.9478398871865086
2021-07-22,Stable,0.8659603322568559
2021-07-23,Stable,0.9533322014641895
2021-07-26,Stable,0.9661960478226168
2021-07-27,Stable,0.9734619946132206
2021-07-28,Stable,0.9741987565664303
2021-07-29,Stable,0.971235550150237
2021-07-30,Stable,0.9699102497605346
2021-08-02,Stable,0.9569220950794096
2021-08-03,Stable,0.9538757843481337
2021-08-04,Stable,0.9701375906289332
2021-08-05,Stable,0.9739070018688998
2021-08-06,Stable,0.973885192914807
2021-08-09,Stable,0.9702834526342877
2021-08-10,Stable,0.9697254703690139
2021-08-11,Stable,0.9730937309605
2021-08-12,Stable,0.9682838415471291
2021-08-13,Stable,0.9567478918978055
2021-08-16,Stable,0.9579721380236895
2021-08-17,Stable,0.9149161456750691
2021-08-18,Stable,0.9615918574100532
2021-08-20,Stable,0.9723411388457786
2021-08-23,Stable,0.9724293031076101
2021-08-24,Stable,0.9651553186345023
2021-08-25,Stable,0.9678366966209395
2021-08-26,Stable,0.9701769569474026
2021-08-27,Stable,0.9635647672801455
2021-08-30,Stable,0.9684345221764854
2021-08-31,Stable,0.9666519581842854
2021-09-01,Stable,0.9436943996696354
2021-09-02,Stable,0.9637788615157447
2021-09-03,Stable,0.9627050125403838
2021-09-06,Stable,0.9376743001961723
2021-09-07,Stable,0.9472147898664366
2021-09-08,Stable,0.9646487928337002
2021-09-09,Stable,0.9731499506468861
2021-09-13,Stable,0.9741694764039992
2021-09-14,Stable,0.9706106041049873
2021-09-15,Stable,0.9555275669595747
2021-09-16,Stable,0.9682471029556287
2021-09-17,Stable,0.9694269144432898
2021-09-20,Stable,0.9674651545788863
2021-09-21,Stable,0.9407750041446727
2021-09-22,Stable,0.9615481488074589
2021-09-23,Stable,0.9398293869007738
2021-09-24,Stable,0.919669935368228
2021-09-27,Stable,0.8304923759078768
2021-09-28,Stable,0.8749217058754811
2021-09-29,Stable,0.9529542413685814
2021-09-30,Stable,0.9612237892450318
2021-10-01,Stable,0.9685408299677084
2021-10-04,Stable,0.9680859249218506
2021-10-05,Stable,0.9658367130654535
2021-10-06,Stable,0.9568349277456258
2021-10-07,Stable,0.9486666621309576
2021-10-08,Stable,0.9078512356240983
2021-10-11,Stable,0.9042301083779473
2021-10-12,Stable,0.9432840192093656
2021-10-13,Stable,0.9003653821676372
2021-10-14,Stable,0.7855076263022736
2021-10-18,Transitional,0.8709587526298288
2021-10-19,Stable,0.6014443730997959
2021-10-20,Stable,0.7659845104094896
2021-10-21,Stable,0.6918857841538265
2021-10-22,Stable,0.8234563645669002
2021-10-25,Stable,0.9356706724972151
2021-10-26,Stable,0.9568219366383087
2021-10-27,Stable,0.9385751452068457
2021-10-28,Stable,0.918776672406441
2021-10-29,Stable,0.8756283872573857
2021-11-01,Stable,0.9031979937306857
2021-11-02,Stable,0.9611872811828104
2021-11-03,Stable,0.9712614586054192
2021-11-04,Stable,0.969031001882905
2021-11-08,Stable,0.9489431992728767
2021-11-09,Stable,0.9689025896857996
2021-11-10,Stable,0.9690940460936354
2021-11-11,Stable,0.9488997944539241
2021-11-12,Stable,0.8484328880048442
2021-11-15,Stable,0.9497840031300561
2021-11-16,Stable,0.9697872534120363
2021-11-17,Stable,0.9726095183230099
2021-11-18,Stable,0.9689673927782577
2021-11-22,Stable,0.9522201574951281
2021-11-23,Stable,0.9245805608439909
2021-11-24,Stable,0.8534797299519201
2021-11-25,Stable,0.9035717165882919
2021-11-26,Stable,0.9176196227424472
2021-11-29,Stable,0.9619251756260401
2021-11-30,Stable,0.9641680724497429
2021-12-01,Stable,0.9635052982438003
2021-12-02,Stable,0.923759751388159
2021-12-03,Stable,0.935320566171085
2021-12-06,Stable,0.8677295061318594
2021-12-07,Stable,0.916503904396979
2021-12-08,Stable,0.8701803450694053
2021-12-09,Stable,0.9518223398823046
2021-12-10,Stable,0.9688526355964012
2021-12-13,Stable,0.9666954336264832
2021-12-14,Stable,0.9643408361489204
2021-12-15,Stable,0.9314511614959918
2021-12-16,Stable,0.8286881476123562
2021-12-17,Stable,0.7573789813190999
2021-12-20,Stable,0.9046726240622095
2021-12-21,Stable,0.9549747908740465
2021-12-22,Stable,0.9609838142846167
2021-12-23,Stable,0.9412189946802049
2021-12-24,Stable,0.9679698471682631
2021-12-27,Stable,0.9720911401004229
2021-12-28,Stable,0.9650986328342005
2021-12-29,Stable,0.9730934369256162
2021-12-30,Stable,0.9737797715964729
2021-12-31,Stable,0.9727338476711198
2022-01-03,Stable,0.965514380378098
2022-01-04,Stable,0.9357787535438405
2022-01-05,Stable,0.7699314600897031
2022-01-06,Stable,0.8917430224221761
2022-01-07,Stable,0.9469364801584622
2022-01-10,Stable,0.9231836105085884
2022-01-11,Stable,0.9617299640382505
2022-01-12,Stable,0.9583650349634435
2022-01-13,Stable,0.9559750224442927
2022-01-14,Stable,0.9366772683794244
2022-01-17,Stable,0.9460396555897552
2022-01-18,Stable,0.881298739883334
2022-01-19,Stable,0.6235463005902245
2022-01-20,Stable,0.6156018313341561
2022-01-21,Stable,0.6388596528056376
2022-01-24,Stable,0.6167915931531701
2022-01-25,Stable,0.8049099688917668
2022-01-27,Stable,0.7453277551815535
2022-01-28,Stable,0.8337813226919512
2022-01-31,Stable,0.66257178264581
2022-02-01,Stable,0.7774243880613948
2022-02-02,Stable,0.8694459250154039
2022-02-03,Stable,0.7861556109194698
2022-02-04,Stable,0.929789812588904
2022-02-07,Stable,0.93783979503151
2022-02-08,Stable,0.9560370128620449
2022-02-09,Stable,0.9161325269569344
2022-02-10,Stable,0.7835025044082952
2022-02-11,Stable,0.5477392792594563
2022-02-14,Stable,0.5071131754723169
2022-02-15,Stable,0.5526512750576456
2022-02-16,Stable,0.8680189033219411
2022-02-17,Stable,0.9475915932003723
2022-02-18,Stable,0.9546039835906137
2022-02-21,Stable,0.9490230658584682
2022-02-22,Stable,0.9482878462686498
2022-02-23,Stable,0.8650805460065094
2022-02-24,Stable,0.5557419527116192
2022-02-25,Stable,0.8357203846002567
2022-02-28,Stable,0.9265305607479549
2022-03-02,Stable,0.9583374228258292
2022-03-03,Stable,0.9626467438198807
2022-03-04,Stable,0.9675544753546645
2022-03-07,Stable,0.9468495521436431
2022-03-08,Stable,0.8780370412808821
2022-03-09,Stable,0.8820529898292949
2022-03-10,Stable,0.9110210489164536
2022-03-11,Stable,0.8072130640788193
2022-03-14,Transitional,0.7937390558574058
2022-03-15,Transitional,0.7159382544864874
2022-03-16,Transitional,0.5565193339796224
2022-03-17,Stable,0.7393811550800642
2022-03-21,Stable,0.9147028233618976
2022-03-22,Stable,0.9201143703242745
2022-03-23,Stable,0.9574722789256679
2022-03-24,Stable,0.9676057896890502
2022-03-25,Stable,0.9715367651402179
2022-03-28,Stable,0.9738265782835654
2022-03-29,Stable,0.9714766116453158
2022-03-30,Stable,0.9686226867503791
2022-03-31,Stable,0.973502394236237
2022-04-01,Stable,0.9719893224119532
2022-04-04,Stable,0.9600001182119335
2022-04-05,Stable,0.9503124645130394
2022-04-06,Stable,0.9306836468837182
2022-04-07,Stable,0.9470098628440458
2022-04-08,Stable,0.9302033532520648
2022-04-11,Stable,0.7729426477090375
2022-04-12,Stable,0.8169699405035614
2022-04-13,Stable,0.7204942903696558
2022-04-18,Transitional,0.9159165462982876
2022-04-19,Transitional,0.8674252685317841
2022-04-20,Stable,0.5641375808236185
2022-04-21,Stable,0.7227736304051554
2022-04-22,Stable,0.797481548356407
2022-04-25,Stable,0.8844513787320428
2022-04-26,Stable,0.920288046671427
2022-04-27,Stable,0.9024280632705683
2022-04-28,Stable,0.9024196534405271
2022-04-29,Stable,0.9312034649597581
2022-05-02,Stable,0.8956196035622253
2022-05-04,Stable,0.8525033481240641
2022-05-05,Stable,0.5043005515914678
2022-05-06,Stable,0.5548746576739857
2022-05-09,Stable,0.788542729094996
2022-05-10,Stable,0.903075759083713
2022-05-11,Stable,0.9175694512517668
2022-05-12,Stable,0.9467352496213386
2022-05-13,Stable,0.9603014215656279
2022-05-16,Stable,0.9314863177025937
2022-05-17,Stable,0.8335764741190517
2022-05-18,Stable,0.7150719597365364
2022-05-19,Transitional,0.9728861925636753
2022-05-20,Stable,0.5322940456232501
2022-05-23,Stable,0.8045586111712911
2022-05-24,Stable,0.8014238909971809
2022-05-25,Stable,0.7634695392267445
2022-05-26,Stable,0.7426691549622378
2022-05-27,Transitional,0.6260051867968991
2022-05-30,Transitional,0.91773176748719
2022-05-31,Stable,0.7388128191152843
2022-06-01,Stable,0.8417297189862624
2022-06-02,Stable,0.8818350719098168
2022-06-03,Stable,0.9469528096676509
2022-06-06,Stable,0.9613767460745973
2022-06-07,Stable,0.9428132242445827
2022-06-08,Stable,0.9449887219677097
2022-06-09,Stable,0.8683117462587364
2022-06-10,Stable,0.5560749362310846
2022-06-13,Stable,0.6353988123229006
2022-06-14,Stable,0.791475850359783
2022-06-15,Stable,0.8918790204546216
2022-06-16,Stable,0.9050621921073053
2022-06-17,Stable,0.9330154437428284
2022-06-20,Stable,0.8780123339538195
2022-06-21,Stable,0.8333973110752189
2022-06-22,Stable,0.9326935771855086
2022-06-23,Stable,0.9520470096458652
2022-06-24,Stable,0.9487227497441711
2022-06-27,Stable,0.8973373500152412
2022-06-28,Stable,0.9564334977384882
2022-06-29,Stable,0.9596949032844584
2022-06-30,Stable,0.9701042264405563
2022-07-01,Stable,0.9632604189149014
2022-07-04,Stable,0.9694919151208298
2022-07-05,Stable,0.9667069482426355
2022-07-06,Stable,0.9624738758417332
2022-07-07,Stable,0.9587431540348156
2022-07-08,Stable,0.9092649059177224
2022-07-11,Stable,0.7298816631739398
2022-07-12,Stable,0.7771550609976934
2022-07-13,Stable,0.9179808446651647
2022-07-14,Stable,0.9119687512999569
2022-07-15,Stable,0.8191132437104555
2022-07-18,Transitional,0.7431006963469633
2022-07-19,Stable,0.7693980133278601
2022-07-20,Stable,0.8258376655273869
2022-07-21,Stable,0.8987864124800358
2022-07-22,Stable,0.8722957234144174
2022-07-25,Stable,0.8272315643111792
2022-07-26,Stable,0.5913117554978533
2022-07-27,Stable,0.5940124243211327
2022-07-28,Stable,0.5092090076954685
2022-07-29,Stable,0.7284607136720564
2022-08-01,Stable,0.9245356419096453
2022-08-02,Stable,0.9546001646132183
2022-08-03,Stable,0.9347345286570106
2022-08-04,Stable,0.9039299391490485
2022-08-05,Stable,0.9507680436803576
2022-08-08,Stable,0.9680126572480652
2022-08-10,Stable,0.9614386191082733
2022-08-11,Stable,0.9576750182625201
2022-08-12,Stable,0.9459015714158027
2022-08-16,Stable,0.9682619885894813
2022-08-17,Stable,0.9669702444347089
2022-08-18,Stable,0.9503740634722939
2022-08-19,Stable,0.9562404302030941
2022-08-22,Stable,0.9356464995439695
2022-08-23,Stable,0.9000498898550654
2022-08-24,Stable,0.9457998654071953
2022-08-25,Stable,0.9141799121870304
2022-08-26,Stable,0.8182972637108075
2022-08-29,Transitional,0.7468067048851673
2022-08-30,Stable,0.5684353752890353
2022-09-01,Stable,0.777346018389352
2022-09-02,Stable,0.9271074467067315
2022-09-05,Stable,0.9630821849145886
2022-09-06,Stable,0.9696463159565977
2022-09-07,Stable,0.9647120512382202
2022-09-08,Stable,0.9239942687097901
2022-09-09,Stable,0.8177342705881873
2022-09-12,Stable,0.8184489610211569
2022-09-13,Stable,0.71547565478985
2022-09-14,Transitional,0.9522234465089295
2022-09-15,Transitional,0.9144123959719656
2022-09-16,Transitional,0.9049916999945079
2022-09-19,Stable,0.7642725701026631
2022-09-20,Stable,0.9325756361517665
2022-09-21,Stable,0.9600012384060627
2022-09-22,Stable,0.9683444497387591
2022-09-23,Stable,0.9719314878408347
2022-09-26,Stable,0.9652239852845149
2022-09-27,Stable,0.966989285197672
2022-09-28,Stable,0.9729915995745082
2022-09-29,Stable,0.9705187077110813
2022-09-30,Stable,0.9532026667984667
2022-10-03,Stable,0.9128357485014484
2022-10-04,Stable,0.8266319378957951
2022-10-06,Stable,0.8917246903522392
2022-10-07,Stable,0.9483764517233705
2022-10-10,Stable,0.9309722495142926
2022-10-11,Stable,0.8137247003854678
2022-10-12,Stable,0.903570228779707
2022-10-13,Stable,0.8315033817306985
2022-10-14,Stable,0.5893243875151009
2022-10-17,Stable,0.8257042480181391
2022-10-18,Stable,0.9307947320865744
2022-10-19,Stable,0.9493878750276102
2022-10-20,Stable,0.9617556440533297
2022-10-21,Stable,0.9707808882183914
2022-10-24,Stable,0.9642374337726451
2022-10-25,Stable,0.9695637791509003
2022-10-27,Stable,0.9651593901325418
2022-10-28,Stable,0.958569934936192
2022-10-31,Stable,0.9217093206669837
2022-11-01,Stable,0.8766912408987879
2022-11-02,Stable,0.9272106110350283
2022-11-03,Stable,0.9384961830186304
2022-11-04,Stable,0.9545218352729059
2022-11-07,Stable,0.9625739133701036
2022-11-09,Stable,0.9390104656285241
2022-11-10,Stable,0.7962168422869614
2022-11-11,Transitional,0.8637945817552544
2022-11-14,Stable,0.7748532539809192
2022-11-15,Stable,0.9321685116092182
2022-11-16,Stable,0.9629053114230375
2022-11-17,Stable,0.9638287149232801
2022-11-18,Stable,0.9664338948262934
2022-11-21,Stable,0.9439335216823572
2022-11-22,Stable,0.9510101350758513
2022-11-23,Stable,0.9349384959525561
2022-11-24,Stable,0.7924678318467708
2022-11-25,Stable,0.9375903664213644
2022-11-28,Stable,0.9627781254125424
2022-11-29,Stable,0.971589524676865
2022-11-30,Stable,0.9706286808770483
2022-12-01,Stable,0.9570092130194591
2022-12-02,Stable,0.9583134299552241
2022-12-05,Stable,0.9655888882924313
2022-12-06,Stable,0.9411361917177222
2022-12-07,Stable,0.9503024090434435
2022-12-08,Stable,0.8965018485021126
2022-12-09,Stable,0.6622994678301658
2022-12-12,Stable,0.8474920431716665
2022-12-13,Stable,0.9038791330645904
2022-12-14,Stable,0.9322545492731114
2022-12-15,Stable,0.8550381841666108
2022-12-16,Stable,0.9300687608877714
2022-12-19,Stable,0.9574641436964713
2022-12-20,Stable,0.9716590983109891
2022-12-21,Stable,0.9727335665951898
2022-12-22,Stable,0.9647990702077546
2022-12-23,Stable,0.9462718610102836
2022-12-26,Stable,0.9681839394718222
2022-12-27,Stable,0.9694038993471741
2022-12-28,Stable,0.9730830078781438
2022-12-29,Stable,0.9727212983671777
2022-12-30,Stable,0.9700184614591524
2023-01-02,Stable,0.9645100078242543
2023-01-03,Stable,0.9630497901112327
2023-01-04,Stable,0.9213232469595996
2023-01-05,Stable,0.9203750011526451
2023-01-06,Stable,0.8798139805565754
2023-01-09,Stable,0.8417289661406292
2023-01-10,Stable,0.9359344137621034
2023-01-11,Stable,0.9661622827337213
2023-01-12,Stable,0.965640957856832
2023-01-13,Stable,0.9470335542058628
2023-01-16,Stable,0.9493928042412096
2023-01-17,Stable,0.9639925520516694
2023-01-18,Stable,0.9718180909204732
2023-01-19,Stable,0.9714184179372679
2023-01-20,Stable,0.9647536551082817
2023-01-23,Stable,0.9551642497430897
2023-01-24,Stable,0.9695896482290148
2023-01-25,Stable,0.9660831821577849
2023-01-27,Stable,0.9461331800745497
2023-01-30,Stable,0.9541196229972078
2023-01-31,Stable,0.965347857035902
2023-02-01,Stable,0.9494833137374122
2023-02-02,Stable,0.9100532717371153
2023-02-03,Stable,0.9413731555825355
2023-02-06,Stable,0.9230052835350062
2023-02-07,Stable,0.9519411867617388
2023-02-08,Stable,0.9243825473628383
2023-02-09,Stable,0.924253589990069
2023-02-10,Stable,0.9309171032218129
2023-02-13,Stable,0.8316708039539391
2023-02-14,Stable,0.9081040356316168
2023-02-15,Stable,0.9617001855469439
2023-02-16,Stable,0.9701347728573844
2023-02-17,Stable,0.9632578717929209
2023-02-20,Stable,0.9696755296554255
2023-02-21,Stable,0.9662897257222053
2023-02-22,Stable,0.9605449259559382
2023-02-23,Stable,0.9620078043909671
2023-02-24,Stable,0.9437816019025137
2023-02-27,Stable,0.8203203854719748
2023-02-28,Stable,0.9084898396067449
2023-03-01,Stable,0.9524636505629188
2023-03-02,Stable,0.9411398488943142
2023-03-03,Stable,0.9580594133337306
2023-03-06,Stable,0.9307571658408573
2023-03-08,Stable,0.9544460928379592
2023-03-09,Stable,0.9596160506872051
2023-03-10,Stable,0.9467126184719595
2023-03-13,Stable,0.8637151764604948
2023-03-14,Stable,0.9389512637459674
2023-03-15,Stable,0.9655250466640924
2023-03-16,Stable,0.9599604056384693
2023-03-17,Stable,0.95814895562653
2023-03-20,Stable,0.9573042731430222
2023-03-21,Stable,0.9643476056913148
2023-03-22,Stable,0.9713485303865775
2023-03-23,Stable,0.9651762739539614
2023-03-24,Stable,0.9712493903318563
2023-03-27,Stable,0.9689653848693583
2023-03-28,Stable,0.9566773697402199
2023-03-29,Stable,0.9164183652448962
2023-03-31,Stable,0.6937153697516011
2023-04-03,Stable,0.8876978635008218
2023-04-05,Stable,0.9499058243819652
2023-04-06,Stable,0.9667438418900999
2023-04-10,Stable,0.9556327980777883
2023-04-11,Stable,0.8810808116682264
2023-04-12,Stable,0.7251858044622349
2023-04-13,Transitional,0.5656114178179823
2023-04-17,Transitional,0.7792354613596533
2023-04-18,Stable,0.7141485316062942
2023-04-19,Stable,0.802255234635968
2023-04-20,Stable,0.9347367627442431
2023-04-21,Stable,0.9671355452707027
2023-04-24,Stable,0.9736339920793919
2023-04-25,Stable,0.974164068525196
2023-04-26,Stable,0.9708641688444821
2023-04-27,Stable,0.9527014656226491
2023-04-28,Stable,0.9602593548105998
2023-05-02,Stable,0.93028883341029
2023-05-03,Stable,0.9621888309951947
2023-05-04,Stable,0.9700605009146739
2023-05-05,Stable,0.9634092497714744
2023-05-08,Stable,0.9712993528081898
2023-05-09,Stable,0.9731508127171299
2023-05-10,Stable,0.971604252043304
2023-05-11,Stable,0.9706672181999337
2023-05-12,Stable,0.9666538803174614
2023-05-15,Stable,0.964748584194869
2023-05-16,Stable,0.9681339121472948
2023-05-17,Stable,0.9545020679483289
2023-05-18,Stable,0.961644593605071
2023-05-19,Stable,0.9254881877258029
2023-05-22,Stable,0.9239744526154431
2023-05-23,Stable,0.9632508301101296
2023-05-24,Stable,0.9725526813412443
2023-05-25,Stable,0.972515227017909
2023-05-26,Stable,0.9679627790869655
2023-05-29,Stable,0.9729097247901001
2023-05-30,Stable,0.9715679717526597
2023-05-31,Stable,0.9732838096550871
2023-06-01,Stable,0.9746124008626266
2023-06-02,Stable,0.9729580509547034
2023-06-05,Stable,0.9650510753848923
2023-06-06,Stable,0.9274883245297416
2023-06-07,Stable,0.9595417582314795
2023-06-08,Stable,0.9642009959657143
2023-06-09,Stable,0.9434009280520542
2023-06-12,Stable,0.9163870944455501
2023-06-13,Stable,0.9546684939955019
2023-06-14,Stable,0.9685696191907782
2023-06-15,Stable,0.9650606833366097
2023-06-16,Stable,0.9725558418924573
2023-06-19,Stable,0.97399870247804
2023-06-20,Stable,0.9709861295978909
2023-06-21,Stable,0.969652986680561
2023-06-22,Stable,0.9531188090197523
2023-06-23,Stable,0.9541737409503886
2023-06-26,Stable,0.9662842039959177
2023-06-27,Stable,0.9545594287900747
2023-06-28,Stable,0.8949786660372501
2023-06-30,Stable,0.6833307433303742
2023-07-03,Stable,0.9171362730738699
2023-07-04,Stable,0.9580462711800446
2023-07-05,Stable,0.9715420512951803
2023-07-06,Stable,0.9720540337096534
2023-07-07,Stable,0.9638489080006768
2023-07-10,Stable,0.9616855310579148
2023-07-11,Stable,0.9145250615336833
2023-07-12,Stable,0.819679741829731
2023-07-13,Stable,0.5268110869221765
2023-07-14,Transitional,0.9125782515529354
2023-07-17,Transitional,0.5623449379935674
2023-07-18,Transitional,0.7364323824587022
2023-07-19,Transitional,0.5842789123268742
2023-07-20,Transitional,0.5045590133708578
2023-07-21,Transitional,0.9102910788702056
2023-07-24,Stable,0.7843344211346113
2023-07-25,Stable,0.935567720890151
2023-07-26,Stable,0.9578914544241985
2023-07-27,Stable,0.9696795118879522
2023-07-28,Stable,0.9650813138453651
2023-07-31,Stable,0.9632496688350937
2023-08-01,Stable,0.9692510689630419
2023-08-02,Stable,0.9706573192789262
2023-08-03,Stable,0.9709919075926164
2023-08-04,Stable,0.9655765185702491
2023-08-07,Stable,0.9654931651151896
2023-08-08,Stable,0.972922149252699
2023-08-09,Stable,0.9735003211164092
2023-08-10,Stable,0.9696300934954187
2023-08-11,Stable,0.9522726267808348
2023-08-14,Stable,0.9366484228815443
2023-08-16,Stable,0.9306365794117473
2023-08-17,Stable,0.957440947820375
2023-08-18,Stable,0.9417503417817064
2023-08-21,Stable,0.9570386560903922
2023-08-22,Stable,0.9713972279038044
2023-08-23,Stable,0.9725855797960726
2023-08-24,Stable,0.9662605159481426
2023-08-25,Stable,0.9729670550239551
2023-08-28,Stable,0.9737914048802487
2023-08-29,Stable,0.9729744828396412
2023-08-30,Stable,0.9638173346999792
2023-08-31,Stable,0.972110993024347
2023-09-01,Stable,0.9689586996324944
2023-09-04,Stable,0.955050806499616
2023-09-05,Stable,0.9649903128469395
2023-09-06,Stable,0.972445432455387
2023-09-07,Stable,0.970186873434987
2023-09-08,Stable,0.9730730934115415
2023-09-11,Stable,0.9690054670215742
2023-09-12,Stable,0.9497824328824639
2023-09-13,Stable,0.9697120059539394
2023-09-14,Stable,0.9717716227052509
2023-09-15,Stable,0.9714043363628538
2023-09-18,Stable,0.9597556278509137
2023-09-20,Stable,0.9713800005632536
2023-09-21,Stable,0.9698069653190219
2023-09-22,Stable,0.9687856836601785
2023-09-25,Stable,0.9516665590196174
2023-09-26,Stable,0.9613847099546566
2023-09-27,Stable,0.9636092694646681
2023-09-28,Stable,0.9339474078218866
2023-09-29,Stable,0.9665168059121604
2023-10-03,Stable,0.9723961018380897
2023-10-04,Stable,0.9684596572039933
2023-10-05,Stable,0.9585476565069386
2023-10-06,Stable,0.9633802510006784
2023-10-09,Stable,0.9691279888969755
2023-10-10,Stable,0.9563681064836841
2023-10-11,Stable,0.9553441410973383
2023-10-12,Stable,0.8905567604621564
2023-10-13,Stable,0.8613446540926971
2023-10-16,Stable,0.9529171462866782
2023-10-17,Stable,0.968887780754921
2023-10-18,Stable,0.9734870688128594
2023-10-19,Stable,0.9721857549369917
2023-10-20,Stable,0.9690199679086644
2023-10-23,Stable,0.9528129774924198
2023-10-25,Stable,0.9462137697626569
2023-10-26,Stable,0.9596084951204531
2023-10-27,Stable,0.951590301868159
2023-10-30,Stable,0.9691965643958531
2023-10-31,Stable,0.9686013752840185
2023-11-01,Stable,0.9617250666525216
2023-11-02,Stable,0.9578525170174275
2023-11-03,Stable,0.9542350961064466
2023-11-06,Stable,0.9631555352589565
2023-11-07,Stable,0.9710867539110638
2023-11-08,Stable,0.9643179462020285
2023-11-09,Stable,0.9592509030568422
2023-11-10,Stable,0.9626589357430061
2023-11-13,Stable,0.9342927902735151
2023-11-15,Stable,0.7740408869495116
2023-11-16,Stable,0.8024684445403164
2023-11-17,Stable,0.938476966125469
2023-11-20,Stable,0.9677872684040199
2023-11-21,Stable,0.9712350913265636
2023-11-22,Stable,0.9609645870740469
2023-11-23,Stable,0.9686708078225038
2023-11-24,Stable,0.9683508861045792
2023-11-28,Stable,0.9714300541724891
2023-11-29,Stable,0.9647606695899494
2023-11-30,Stable,0.9723621067495971
2023-12-01,Stable,0.973390174549629
2023-12-04,Stable,0.9690891567798616
2023-12-05,Stable,0.9664092506292487
2023-12-06,Stable,0.9555239732716764
2023-12-07,Stable,0.9615820296730075
2023-12-08,Stable,0.9393056683583303
2023-12-11,Stable,0.9497181884506256
2023-12-12,Stable,0.8855341815410455
2023-12-13,Stable,0.6103192286964251
2023-12-14,Transitional,0.9035581423489438
2023-12-15,Transitional,0.9798967435116254
2023-12-18,Stable,0.7431816344740523
2023-12-19,Stable,0.9195385774010629
2023-12-20,Stable,0.9400597547532852
2023-12-21,Stable,0.9609263261335271
2023-12-22,Stable,0.9370569235781767
2023-12-26,Stable,0.9473680644445991
2023-12-27,Stable,0.948457785809316
2023-12-28,Stable,0.9656670265932461
2023-12-29,Stable,0.9554828117801285
2024-01-01,Stable,0.9559568190876586
2024-01-02,Stable,0.9072196250649497
2024-01-03,Stable,0.7458271035470123
2024-01-04,Stable,0.8812097975122375
2024-01-05,Stable,0.9358299912694141
2024-01-08,Stable,0.9603360987652467
2024-01-09,Stable,0.9564845515155032
2024-01-10,Stable,0.8979358561246138
2024-01-11,Stable,0.6203682082439889
2024-01-12,Transitional,0.9520155531730758
2024-01-15,Transitional,0.5620930040281932
2024-01-16,Stable,0.8131364292740836
2024-01-17,Stable,0.9407999504056883
2024-01-18,Stable,0.9662397827232269
2024-01-19,Stable,0.9618998646062146
2024-01-23,Stable,0.952597823725354
2024-01-24,Stable,0.9247497640628481
2024-01-25,Stable,0.9632622425293514
2024-01-29,Stable,0.9682714149434898
2024-01-30,Stable,0.9723619248061831
2024-01-31,Stable,0.9701124913331469
2024-02-01,Stable,0.9601732787968418
2024-02-02,Stable,0.9014233485418425
2024-02-05,Stable,0.9254858733197535
2024-02-06,Stable,0.8272936215471619
2024-02-07,Stable,0.8641147471067531
2024-02-08,Stable,0.9489942382263424
2024-02-09,Stable,0.9519667197270534
2024-02-12,Stable,0.9677066364258059
2024-02-13,Stable,0.9714751916294007
2024-02-14,Stable,0.9635720664882959
2024-02-15,Stable,0.9667698449649921
2024-02-16,Stable,0.9541658312060305
2024-02-19,Stable,0.9681112913068933
2024-02-20,Stable,0.9588294666801394
2024-02-21,Stable,0.9303192035512596
2024-02-22,Stable,0.9419074402507253
2024-02-23,Stable,0.9665934680492964
2024-02-26,Stable,0.9656067012835502
2024-02-27,Stable,0.973084268775879
2024-02-28,Stable,0.9732680586222565
2024-02-29,Stable,0.9719645035476138
2024-03-01,Stable,0.959017451926975
2024-03-04,Stable,0.9521037319110522
2024-03-05,Stable,0.9287783920403967
2024-03-06,Stable,0.9625442225126788
2024-03-07,Stable,0.9709807003929323
2024-03-11,Stable,0.9647390915554627
2024-03-12,Stable,0.963749486352235
2024-03-13,Stable,0.9465906113279873
2024-03-14,Stable,0.833929897769269
2024-03-15,Stable,0.8878815563598047
2024-03-18,Stable,0.8410810336211724
2024-03-19,Stable,0.7943963423730435
2024-03-20,Stable,0.9226647724554229
2024-03-21,Stable,0.9185757868009705
2024-03-22,Stable,0.7533475772815452
2024-03-26,Stable,0.9103474174441625
2024-03-27,Stable,0.9577224965007318
2024-03-28,Stable,0.965272291503843
2024-04-01,Stable,0.9721488237532685
2024-04-02,Stable,0.9692837195496005
2024-04-03,Stable,0.9738242210930367
2024-04-04,Stable,0.973780140406749
2024-04-05,Stable,0.9725272434171669
2024-04-08,Stable,0.971670702053538
2024-04-09,Stable,0.9591644700908706
2024-04-10,Stable,0.9535982215984307
2024-04-12,Stable,0.906691939768956
2024-04-15,Stable,0.816450006612908
2024-04-16,Stable,0.5398972643714989
2024-04-18,Stable,0.8692146961516597
2024-04-19,Stable,0.944782048676923
2024-04-22,Stable,0.9469129192873453
2024-04-23,Stable,0.9656258772164393
2024-04-24,Stable,0.9679059010046888
2024-04-25,Stable,0.971766872811036
2024-04-26,Stable,0.9718784926656502
2024-04-29,Stable,0.9727427994213868
2024-04-30,Stable,0.9668925689327206
2024-05-02,Stable,0.9721895048995693
2024-05-03,Stable,0.9739091823458959
2024-05-06,Stable,0.9704575321384564
2024-05-07,Stable,0.9648094534881357
2024-05-08,Stable,0.9645171431430298
2024-05-09,Stable,0.9665635464779548
2024-05-10,Stable,0.9651658068185203
2024-05-13,Stable,0.9728278718507147
2024-05-14,Stable,0.9720413791367576
2024-05-15,Stable,0.959467270737739
2024-05-16,Stable,0.8982381599283626
2024-05-17,Stable,0.9541686030441981
2024-05-21,Stable,0.9625861497349038
2024-05-22,Stable,0.9526173019172328
2024-05-23,Stable,0.9589129834744532
2024-05-24,Stable,0.9699290144847366
2024-05-27,Stable,0.9726459471720819
2024-05-28,Stable,0.9709518595606419
2024-05-29,Stable,0.9577333133947274
2024-05-30,Stable,0.9431295490819731
2024-05-31,Stable,0.9623182887860064
2024-06-03,Stable,0.9503217028180699
2024-06-04,Stable,0.8558577096803726
2024-06-05,Transitional,0.521757587774997
2024-06-06,Transitional,0.7926458838577642
2024-06-07,Transitional,0.926008364253352
2024-06-10,Stable,0.5141898912231805
2024-06-11,Stable,0.8827701790404131
2024-06-12,Stable,0.9513502889132335
2024-06-13,Stable,0.968288869874129
2024-06-14,Stable,0.9725052799742331
2024-06-18,Stable,0.971517131506602
2024-06-19,Stable,0.9692932201132107
2024-06-20,Stable,0.9720563003485871
2024-06-21,Stable,0.9650652652983168
2024-06-24,Stable,0.9706534474783962
2024-06-25,Stable,0.9658916996049262
2024-06-26,Stable,0.9629772765572907
2024-06-27,Stable,0.9191158421548937
2024-06-28,Stable,0.9547672708267751
2024-07-01,Stable,0.9380471040869323
2024-07-02,Stable,0.9263511189018406
2024-07-03,Stable,0.961072447601203
2024-07-04,Stable,0.9555825395664382
2024-07-05,Stable,0.970149556321166
2024-07-08,Stable,0.9687549208365557
2024-07-09,Stable,0.9699661727743721
2024-07-10,Stable,0.9561747822498003
2024-07-11,Stable,0.8933321796158635
2024-07-12,Stable,0.5567153168789304
2024-07-15,Stable,0.8792583728320409
2024-07-16,Stable,0.9251771089294349
2024-07-18,Stable,0.9053000956612437
2024-07-19,Stable,0.9046009035750187
2024-07-22,Stable,0.9468088499505827
2024-07-23,Stable,0.9492136910604293
2024-07-24,Stable,0.961949204820146
2024-07-25,Stable,0.9340026488909029
2024-07-26,Stable,0.7878896971359397
2024-07-29,Stable,0.935775113826245
2024-07-30,Stable,0.9640530917307379
2024-07-31,Stable,0.9589030557740379
2024-08-01,Stable,0.9115425904114435
2024-08-02,Stable,0.7185267374288975
2024-08-05,Stable,0.6842657354385393
2024-08-06,Stable,0.7151101641764981
2024-08-07,Stable,0.6752069887888866
2024-08-08,Stable,0.6570065360799673
2024-08-09,Stable,0.8443138723618644
2024-08-12,Stable,0.9174227034428925
2024-08-13,Stable,0.9574027653810786
2024-08-14,Stable,0.942386880287684
2024-08-16,Stable,0.926004764284465
2024-08-19,Stable,0.9652702349034512
2024-08-20,Stable,0.9725879655009856
2024-08-21,Stable,0.9744353849176265
2024-08-22,Stable,0.9726066419616735
2024-08-23,Stable,0.9655299244204822
2024-08-26,Stable,0.9644623551528573
2024-08-27,Stable,0.9481691089548421
2024-08-28,Stable,0.9213837933897239
2024-08-29,Stable,0.9633084490085235
2024-08-30,Stable,0.9690680184723479
2024-09-02,Stable,0.9628400334254027
2024-09-03,Stable,0.9583965512575271
2024-09-04,Stable,0.9624548825385668
2024-09-05,Stable,0.9655196989789387
2024-09-06,Stable,0.9469302183865491
2024-09-09,Stable,0.9669738364406082
2024-09-10,Stable,0.9657436193750768
2024-09-11,Stable,0.9635433312414756
2024-09-12,Stable,0.9226904151727893
2024-09-13,Stable,0.9620430996316995
2024-09-16,Stable,0.9632549453886977
2024-09-17,Stable,0.9279442809946439
2024-09-18,Stable,0.7308613841797074
2024-09-19,Stable,0.9279397617926232
2024-09-20,Stable,0.9632502307153187
2024-09-23,Stable,0.9712170911128847
2024-09-24,Stable,0.9745401441700103
2024-09-25,Stable,0.9747155981093734
2024-09-26,Stable,0.9736771625379202
2024-09-27,Stable,0.9680487766902729
2024-09-30,Stable,0.9403708794361743
2024-10-01,Stable,0.9446561849384781
2024-10-03,Stable,0.9632710146810497
2024-10-04,Stable,0.9583258015013978
2024-10-07,Stable,0.9662470148392932
2024-10-08,Stable,0.9688077196592889
2024-10-09,Stable,0.9673320000259518
2024-10-10,Stable,0.939659251788926
2024-10-11,Stable,0.9569145472764607
2024-10-14,Stable,0.9456636533529423
2024-10-15,Stable,0.9146082001287555
2024-10-16,Stable,0.6910483264375519
2024-10-17,Transitional,0.6190866561989763
2024-10-18,Transitional,0.9297849231429614
2024-10-21,Stable,0.6908238430556087
2024-10-22,Stable,0.9160855909502118
2024-10-23,Stable,0.9505324216502299
2024-10-24,Stable,0.9680907657103607
2024-10-25,Stable,0.9732432519505032
2024-10-28,Stable,0.9710920748392148
2024-10-29,Stable,0.9544786972480186
2024-10-30,Stable,0.8703813844796896
2024-10-31,Stable,0.8273528251912197
2024-11-01,Stable,0.9384689365402175
2024-11-04,Stable,0.9404070602347705
2024-11-05,Stable,0.838970268759943
2024-11-06,Transitional,0.6575817072072626
2024-11-07,Stable,0.7780509417639768
2024-11-08,Stable,0.8877137289333961
2024-11-11,Stable,0.924508557506798
2024-11-12,Stable,0.9624295224258427
2024-11-13,Stable,0.9653584941662936
2024-11-14,Stable,0.9353007365895863
2024-11-18,Stable,0.7721005320393978
2024-11-19,Stable,0.8874177390088832
2024-11-21,Stable,0.8379241157414141
2024-11-22,Stable,0.5494141463434395
2024-11-25,Stable,0.8103776265045969
2024-11-26,Stable,0.8436272339391271
2024-11-27,Stable,0.8406816241611659
2024-11-28,Stable,0.5226883041708541
2024-11-29,Stable,0.8817011314591386
2024-12-02,Stable,0.9405262362234689
2024-12-03,Stable,0.9619622255540236
2024-12-04,Stable,0.956488735654481
2024-12-05,Stable,0.8906833746161141
2024-12-06,Stable,0.9537729029210248
2024-12-09,Stable,0.9679428127296734
2024-12-10,Stable,0.9575677825902389
2024-12-11,Stable,0.9572747873971234
2024-12-12,Stable,0.9683792705691326
2024-12-13,Stable,0.9699839405957315
2024-12-16,Stable,0.9663989042126985
2024-12-17,Stable,0.9722442210343403
2024-12-18,Stable,0.9686803836393831
2024-12-19,Stable,0.9420453261022761
2024-12-20,Stable,0.9539717707856213
2024-12-23,Stable,0.9703325835557302
2024-12-24,Stable,0.9694619957700994
2024-12-26,Stable,0.9734866491776141
2024-12-27,Stable,0.971160044872598
2024-12-30,Stable,0.9614443569837335
2024-12-31,Stable,0.9201532777418433
2025-01-01,Stable,0.8379850425565376
2025-01-02,Transitional,0.6610735538874126
2025-01-03,Stable,0.8180401785339886
2025-01-06,Stable,0.9448310611805915
2025-01-07,Stable,0.9671868032363935
2025-01-08,Stable,0.9681358762727852
2025-01-09,Stable,0.9447709127809066
2025-01-10,Stable,0.861053814711691
2025-01-13,Stable,0.9454894594028177
2025-01-14,Stable,0.9435976730285522
2025-01-15,Stable,0.9163799531871945
2025-01-16,Stable,0.7222204988321896
2025-01-17,Transitional,0.9731603926941333
2025-01-20,Stable,0.7245473406259743
2025-01-21,Stable,0.822743222230989
2025-01-22,Stable,0.6801430072163627
2025-01-23,Stable,0.8932150808440343
2025-01-24,Stable,0.9031587312673184
2025-01-27,Stable,0.7457336749634587
2025-01-28,Stable,0.8658195981726704
2025-01-29,Stable,0.7696756302858788
2025-01-30,Stable,0.9066133524863818
2025-01-31,Stable,0.9436638950381053
2025-02-01,Stable,0.9417001537416123
2025-02-03,Stable,0.957363241340221
2025-02-04,Stable,0.9342258494785737
2025-02-05,Stable,0.9657424443650138
2025-02-06,Stable,0.9656576609523498
2025-02-07,Stable,0.9676705267614869
2025-02-10,Stable,0.9607418096351455
2025-02-11,Stable,0.9709827179320556
2025-02-12,Stable,0.9689968828389083
2025-02-13,Stable,0.9637327366764222
2025-02-14,Stable,0.9682244901626631
2025-02-17,Stable,0.9658832373579674
2025-02-18,Stable,0.9568236000007528
2025-02-19,Stable,0.8973433647167263
2025-02-20,Stable,0.9423284873346748
2025-02-21,Stable,0.9232735486114299
2025-02-24,Stable,0.7712488176369287
2025-02-25,Stable,0.8793893908237711
2025-02-27,Stable,0.7824802412775987
2025-02-28,Transitional,0.8382169296834213
2025-03-03,Stable,0.7334713566985048
2025-03-04,Stable,0.8911555951313281
2025-03-05,Stable,0.9328910515713341
2025-03-06,Stable,0.9497262484207485
2025-03-07,Stable,0.8933065495639356
2025-03-10,Stable,0.8330369790109232
2025-03-11,Stable,0.5109421385047584
2025-03-12,Transitional,0.8630811946246734
2025-03-13,Stable,0.78891222656589
2025-03-17,Stable,0.9342756566150644
2025-03-18,Stable,0.965720229601374
2025-03-19,Stable,0.9649377324309256
2025-03-20,Stable,0.9320022128004144
2025-03-21,Stable,0.9390282784181426
2025-03-24,Stable,0.948241081732898
2025-03-25,Stable,0.8763259873806056
2025-03-26,Stable,0.8853006556381922
2025-03-27,Stable,0.8971807116180264
2025-03-28,Stable,0.7137817368238886
2025-04-01,Stable,0.5082078670893667
2025-04-02,Stable,0.5257073508233695
2025-04-03,Transitional,0.8784054855570558
2025-04-04,Transitional,0.9072762309089963
2025-04-07,Transitional,0.9199943962313682
2025-04-08,Stable,0.5355126491757013
2025-04-09,Stable,0.7623878780831269
2025-04-11,Stable,0.9270256889468514
2025-04-15,Stable,0.9491908967958808
2025-04-16,Stable,0.9533536444940848
2025-04-17,Stable,0.9311233587985074
2025-04-21,Stable,0.7791540230691842
2025-04-22,Stable,0.6492461627421118
2025-04-23,Stable,0.5884238277800337
2025-04-24,Stable,0.8637162835744562
2025-04-25,Stable,0.9503894207631314
2025-04-28,Stable,0.9691012566962057
2025-04-29,Stable,0.9668031800937389
2025-04-30,Stable,0.9735026578627142
2025-05-02,Stable,0.9739443801578863
2025-05-05,Stable,0.974902286721834
2025-05-06,Stable,0.9739526617755874
2025-05-07,Stable,0.9683774330882203
2025-05-08,Stable,0.9402304559434222
2025-05-09,Stable,0.7894894302772725
2025-05-12,Transitional,0.9301972808653991
2025-05-13,Transitional,0.8613147711912611
2025-05-14,Stable,0.6649613867963505
2025-05-15,Stable,0.8617158723912375
2025-05-16,Stable,0.9064498906340934
2025-05-19,Stable,0.9117507745483138
2025-05-20,Stable,0.9620921923954783
2025-05-21,Stable,0.9674492514823082
2025-05-22,Stable,0.9549704107333398
2025-05-23,Stable,0.960043974803301
2025-05-26,Stable,0.9645055548937499
2025-05-27,Stable,0.9697494696535033
2025-05-28,Stable,0.9734001969392196
2025-05-29,Stable,0.9700518174810824
2025-05-30,Stable,0.9737738689399906
2025-06-02,Stable,0.9718859678141298
2025-06-03,Stable,0.9707402976677201
2025-06-04,Stable,0.9727822644408842
2025-06-05,Stable,0.9740194104055897
2025-06-06,Stable,0.9710574901942093
2025-06-09,Stable,0.964842405156837
2025-06-10,Stable,0.9349734785293201
2025-06-11,Stable,0.8943046363195535
2025-06-12,Stable,0.9346245352130864
2025-06-13,Stable,0.9621841582985704
2025-06-16,Stable,0.9560383093067034
2025-06-17,Stable,0.9637732514631372
2025-06-18,Stable,0.9695951564873703
2025-06-19,Stable,0.9638606954704679
2025-06-20,Stable,0.9544422495467743
2025-06-23,Stable,0.8783662074909365
2025-06-24,Stable,0.9423671823424671
2025-06-25,Stable,0.9157367427125056
2025-06-26,Stable,0.963639934161606
2025-06-27,Stable,0.9709931953094083
2025-06-30,Stable,0.9733257175683337
2025-07-01,Stable,0.9743932397189988
2025-07-02,Stable,0.9741808173954422
2025-07-03,Stable,0.970664474202954
2025-07-04,Stable,0.9587540662278006
2025-07-07,Stable,0.9655652698752331
2025-07-08,Stable,0.9695096681926199
2025-07-09,Stable,0.97051224267936
2025-07-10,Stable,0.9590708615657102
2025-07-11,Stable,0.9491549445138465
2025-07-14,Stable,0.941692238763013
2025-07-15,Stable,0.9557622662743233
2025-07-16,Stable,0.9484260637246225
2025-07-17,Stable,0.9466008196026641
2025-07-18,Stable,0.9695711884296537
2025-07-21,Stable,0.9727778584308201
2025-07-22,Stable,0.9675432927990009
2025-07-23,Stable,0.9652684320013238
2025-07-24,Stable,0.9303192324741933
2025-07-25,Stable,0.8769834580517122
2025-07-28,Stable,0.9564197890328564
2025-07-29,Stable,0.9702686910111255
2025-07-30,Stable,0.9679284413889887
2025-07-31,Stable,0.9438397944761103
2025-08-01,Stable,0.8419454014691218
2025-08-04,Stable,0.9351911412353646
2025-08-05,Stable,0.9394458028167392
2025-08-06,Stable,0.939209508240702
2025-08-07,Stable,0.9669228270283797
2025-08-08,Stable,0.9661799432884628
2025-08-11,Stable,0.9727030505372702
2025-08-12,Stable,0.9732604112628079
2025-08-13,Stable,0.9698195537774464
2025-08-14,Stable,0.9475215926100741
2025-08-18,Stable,0.9369079897749201
2025-08-19,Stable,0.8533176951433308
2025-08-20,Stable,0.6124273152617778
2025-08-21,Stable,0.8251464796866536
2025-08-22,Stable,0.8736683169745373
2025-08-25,Stable,0.7293683103748065
2025-08-26,Stable,0.8939063417137096
2025-08-28,Stable,0.8651720309825619
2025-08-29,Stable,0.8560461522476339
2025-09-01,Stable,0.8858549750594077
2025-09-02,Stable,0.9518024763179865
2025-09-03,Stable,0.9458558995466072
2025-09-04,Stable,0.9385687273838398
2025-09-05,Stable,0.8914049909199362
2025-09-08,Stable,0.739391814726831
2025-09-09,Transitional,0.9558035386768033
2025-09-10,Stable,0.5687356646875603
2025-09-11,Stable,0.8254762167315669
2025-09-12,Stable,0.9284724712498303
2025-09-15,Stable,0.9532455004645076
2025-09-16,Stable,0.9696642828496054
2025-09-17,Stable,0.9674760959611222
2025-09-18,Stable,0.9572589298372661
2025-09-19,Stable,0.9469886029266286
2025-09-22,Stable,0.8451252111960571
2025-09-23,Stable,0.9489128826621939
2025-09-24,Stable,0.9651503204808699
2025-09-25,Stable,0.9505970209296484
2025-09-26,Stable,0.8795179244006306
2025-09-29,Stable,0.9542855754444399
2025-09-30,Stable,0.9709207986486884
2025-10-01,Stable,0.971959141302882
2025-10-03,Stable,0.9630308928108932
2025-10-06,Stable,0.9111149383781612
2025-10-07,Stable,0.9159101910929565
2025-10-08,Stable,0.8574176736508041
2025-10-09,Stable,0.941357862398122
2025-10-10,Stable,0.9637258918330878
2025-10-13,Stable,0.9533564632286565
2025-10-14,Stable,0.9681285961142306
2025-10-15,Stable,0.9613578702796084
2025-10-16,Stable,0.9566756469611133
2025-10-17,Stable,0.8934355888572945
2025-10-20,Stable,0.8974705641410209
2025-10-21,Stable,0.8295151732417388
2025-10-23,Stable,0.5663310226257511
2025-10-24,Stable,0.8702339713876032
2025-10-27,Stable,0.9549629665718328
2025-10-28,Stable,0.9697625164521335
2025-10-29,Stable,0.9692291738901165
2025-10-30,Stable,0.9630748376702686
2025-10-31,Stable,0.9677451176889516
2025-11-03,Stable,0.9712931071788792
2025-11-04,Stable,0.9618560670869492
2025-11-06,Stable,0.9680351530378688
2025-11-07,Stable,0.9503239643213512
2025-11-10,Stable,0.8710230837466499
2025-11-11,Stable,0.9329528604022522
2025-11-12,Stable,0.9385917377029799
2025-11-13,Stable,0.9332958435808352
2025-11-14,Stable,0.8319426227587219
2025-11-17,Stable,0.8982473977131475
2025-11-18,Stable,0.7918891297397309
2025-11-19,Stable,0.5283065307998375
2025-11-20,Stable,0.8744252441876007
2025-11-21,Stable,0.95239649510041
2025-11-24,Stable,0.9670403583865936
2025-11-25,Stable,0.9553196695340841
2025-11-26,Stable,0.9398070387087715
2025-11-27,Stable,0.9663614858557342
2025-11-28,Stable,0.9722901547534275
2025-12-01,Stable,0.9740883738744852
2025-12-02,Stable,0.9725609288913165
2025-12-03,Stable,0.9627731773680697
2025-12-04,Stable,0.9596021521169229
2025-12-05,Stable,0.9617357172574434
2025-12-08,Stable,0.9707516329003628
2025-12-09,Stable,0.9688843896427816
2025-12-10,Stable,0.9669444666100915
2025-12-11,Stable,0.9692241528968821
2025-12-12,Stable,0.9736799490941201
2025-12-15,Stable,0.9719153072995186
2025-12-16,Stable,0.966819827140284
2025-12-17,Stable,0.9640508875120855
2025-12-18,Stable,0.9353666243684118
2025-12-19,Stable,0.908281307966034
2025-12-22,Stable,0.7206531467734149
2025-12-23,Stable,0.8942901373403799
2025-12-24,Stable,0.9582121159214082
2025-12-26,Stable,0.9689513781640336
2025-12-29,Stable,0.9665451616587262
2025-12-30,Stable,0.9550941928423633
2025-12-31,Stable,0.968534739263122
2026-01-01,Stable,0.9656798787234387
2026-01-02,Stable,0.9590311118871367
2026-01-05,Stable,0.9154683219045447
2026-01-06,Stable,0.9547492643301152
2026-01-07,Stable,0.9368830267823279
2026-01-08,Stable,0.9402221918955109
2026-01-09,Stable,0.9660785118867982
2026-01-12,Stable,0.9612735932414995
2026-01-13,Stable,0.9658311454997618
2026-01-14,Stable,0.9398862287690573
2026-01-15,Stable,0.7920993914592287
2026-01-16,Transitional,0.9780633291661851
2026-01-19,Stable,0.7575837195116029
2026-01-20,Stable,0.9006892956573433
2026-01-21,Stable,0.9598610009119865
2026-01-22,Stable,0.9702353263052533
2026-01-23,Stable,0.9724455020373475
2026-01-27,Stable,0.9699408703977175
2026-01-28,Stable,0.9653626585455436
2026-01-29,Stable,0.9662386276450262
2026-01-30,Stable,0.9448947134022138
2026-02-02,Stable,0.8954809117285494
2026-02-03,Stable,0.645275743002653
2026-02-04,Transitional,0.9483777911446085
2026-02-05,Stable,0.7208767005855152
2026-02-06,Stable,0.9031092994376934
2026-02-09,Stable,0.9378933982849638
2026-02-10,Stable,0.8970190089850921
2026-02-11,Stable,0.6124572458589717
2026-02-12,Transitional,0.9723363156952054
2026-02-13,Stable,0.6970324103436782
2026-02-16,Stable,0.9002433869545279
2026-02-17,Stable,0.9068540066362962
2026-02-18,Stable,0.9374071348743641
2026-02-19,Stable,0.9463238640704321
2026-02-20,Stable,0.8729026116427716
2026-02-23,Stable,0.6538328933052132
2026-02-24,Transitional,0.7208653343911279
2026-02-25,Stable,0.7943913439510073
2026-02-26,Stable,0.9383722429553943
2026-02-27,Stable,0.9603832704292049
2026-03-02,Stable,0.9625128126434265
2026-03-04,Stable,0.9560938639108061
2026-03-05,Stable,0.9713339737095484
2026-03-06,Stable,0.973194785871793
2026-03-09,Stable,0.968087477774609
2026-03-10,Stable,0.9461544135119857
2026-03-11,Stable,0.9429580822837947
2026-03-12,Stable,0.9561072219245776
2026-03-13,Stable,0.9430434593077915
2026-03-16,Stable,0.9327293388045801
2026-03-17,Stable,0.7923746857086243
2026-03-18,Transitional,0.6086934336682702
2026-03-19,Transitional,0.8386663062960407
2026-03-20,Transitional,0.6223371451782795
2026-03-23,Stable,0.8377956468216239
2026-03-24,Stable,0.904892779444837
2026-03-25,Stable,0.9584675564844343
2026-03-27,Stable,0.9576341234540664
2026-03-30,Stable,0.9272438670978586
2026-04-01,Stable,0.8918555988748207
2026-04-02,Stable,0.8946951456923045
2026-04-06,Stable,0.9296335101757661
2026-04-07,Stable,0.852252922256434
2026-04-08,Stable,0.927225886661309
2026-04-09,Stable,0.8897317768892709
2026-04-10,Stable,0.7167178627950773
2026-04-13,Stable,0.8586683732381835
2026-04-15,Stable,0.8631126917031864
2026-04-16,Stable,0.9395157372067805
2026-04-17,Stable,0.9622096414092206
2026-04-20,Stable,0.9434913153036676
2026-04-21,Stable,0.8330607392807544
2026-04-22,Transitional,0.7241528393316894
2026-04-23,Transitional,0.7623060293347982
2026-04-24,Transitional,0.9421541057220246
2026-04-27,Stable,0.6556304186338509
2026-04-28,Stable,0.84172429822596
2026-04-29,Stable,0.9218129557669766
2026-04-30,Stable,0.9507260134275821
2026-05-01,Stable,0.9681896301617183
2026-05-04,Stable,0.9617474801136281
2026-05-05,Stable,0.9662198883737917
2026-05-06,Stable,0.9646759469297927
2026-05-07,Stable,0.9642693839569849
2026-05-08,Stable,0.9344922785777331
2026-05-11,Stable,0.8859321499103466
2026-05-12,Stable,0.5653323042284268
2026-05-13,Stable,0.6557030665969013
2026-05-14,Stable,0.5346930604537081
2026-05-15,Stable,0.5018632214197759
2026-05-18,Stable,0.6328824695059164
2026-05-19,Transitional,0.9493071647726891
2026-05-20,Stable,0.782344984951343
2026-05-21,Stable,0.9190906206574104
2026-05-22,Stable,0.9609266343993274
2026-05-25,Stable,0.9701828485330779
2026-05-26,Stable,0.9725366269579344
2026-05-27,Stable,0.9651986383178375
2026-05-28,Stable,0.9432914192245506
2026-05-29,Stable,0.8116407052616036
2026-06-01,Transitional,0.8628367344962654
2026-06-02,Transitional,0.9693569591431787
2026-06-03,Transitional,0.9214796179214477
2026-06-04,Stable,0.6271011788646879
2026-06-05,Stable,0.9023976472765518
2026-06-08,Stable,0.9507835235014463
2026-06-09,Stable,0.9586860014395213
2026-06-10,Stable,0.9331664950661722
2026-06-11,Stable,0.825004911459793
2026-06-12,Stable,0.93348915021202
2026-06-15,Stable,0.9240953420752945
2026-06-16,Stable,0.919582975722775
2026-06-17,Stable,0.7929326918744494
2026-06-18,Transitional,0.625702933665885
2026-06-19,Transitional,0.9410006186861145
2026-06-22,Transitional,0.6708247908351002
2026-06-23,Transitional,0.7763902017524791
2026-06-24,Transitional,0.5541014970643997
2026-06-25,Stable,0.765175253090723
2026-06-26,Stable,0.8814204946879847
2026-06-29,Stable,0.7962442576827659
2026-06-30,Transitional,0.7304204811216751
2026-07-01,Transitional,0.6862437449239169
2026-07-02,Transitional,0.9768604025989077
2026-07-03,Stable,0.7299097094997937
2026-07-06,Stable,0.8545814651739734
2026-07-07,Stable,0.7563552673632056
2026-07-08,Stable,0.9002028630281459
2026-07-09,Stable,0.8671272303947963
2026-07-10,Stable,0.8091556284677993
2026-07-13,Stable,0.6266544312398686
2026-07-14,Stable,0.8757684882571818
2026-07-15,Stable,0.9223514669971291
2026-07-16,Stable,0.9587433887853535
2026-07-17,Stable,0.9550189654989945
2026-07-20,Stable,0.9574397896145279
2026-07-21,Stable,0.9389008648089375
2026-07-22,Stable,0.8988282094015015
2026-07-23,Stable,0.9147933770616329
2026-07-24,Stable,0.7881846973960098
2026-07-27,Transitional,0.8311011586528847
2026-07-28,Transitional,0.8435992658845501
2026-07-29,Transitional,0.9622501522640677
2026-07-30,Transitional,0.5331586392604704
2026-07-31,Transitional,0.6575069724254307
2026-08-03,Transitional,0.9115750798080537
2026-08-04,Stable,0.7458795592186054
2026-08-05,Stable,0.9250714359075419
2026-08-06,Stable,0.9586004124314778
2026-08-07,Stable,0.9661968470954518
2026-08-10,Stable,0.9697822907225903
2026-08-11,Stable,0.9690414759751154
2026-08-12,Stable,0.960782795959412
2026-08-13,Stable,0.9697369965413535
2026-08-14,Stable,0.9602265884800948
