date,regime_label,regime_probability
2014-10-07,Transitional,1.0
2014-10-08,Transitional,0.9977638435372063
2014-10-09,Stable,0.7217310986300713
2014-10-10,Stable,0.5123288875628345
2014-10-13,Stable,0.5801527485029059
2014-10-14,Stable,0.7146992457967997
2014-10-16,Stable,0.7719624364769352
2014-10-17,Stable,0.8291348546209604
2014-10-20,Stable,0.8569582076313483
2014-10-21,Stable,0.8838396561413876
2014-10-22,Stable,0.8875884010346877
2014-10-27,Stable,0.9077698983162822
2014-10-28,Stable,0.9121828456397005
2014-10-29,Stable,0.9197714683246814
2014-10-30,Stable,0.9100565017381282
2014-10-31,Stable,0.8749443241801812
2014-11-03,Stable,0.8772890502900028
2014-11-05,Stable,0.8530205981061321
2014-11-07,Stable,0.8277138225081919
2014-11-10,Stable,0.8976067207063402
2014-11-11,Stable,0.9340086367509213
2014-11-12,Stable,0.9476474271658849
2014-11-13,Stable,0.9573319251288489
2014-11-14,Stable,0.9559212705110262
2014-11-17,Stable,0.9713720080096414
2014-11-18,Stable,0.9773235404278653
2014-11-19,Stable,0.982885062748573
2014-11-20,Stable,0.9841290984097811
2014-11-21,Stable,0.9871809964539089
2014-11-24,Stable,0.9884569381660266
2014-11-25,Stable,0.9899804208568599
2014-11-26,Stable,0.9903676598632598
2014-11-27,Stable,0.9903939659405931
2014-11-28,Stable,0.9906172522893085
2014-12-01,Stable,0.9898247179313828
2014-12-02,Stable,0.9876525506074504
2014-12-03,Stable,0.9844116343258668
2014-12-04,Stable,0.9768904293810499
2014-12-05,Stable,0.9614875950321712
2014-12-08,Stable,0.9640453057913815
2014-12-09,Stable,0.9584784188882003
2014-12-10,Stable,0.9416664056197711
2014-12-11,Stable,0.9021800922702633
2014-12-12,Stable,0.8166405266609377
2014-12-15,Stable,0.6353245296864021
2014-12-16,Stable,0.6774005191697837
2014-12-17,Stable,0.6239281697503468
2014-12-18,Stable,0.5992895455174256
2014-12-19,Stable,0.7738135161710167
2014-12-22,Stable,0.8548188627653842
2014-12-23,Stable,0.9024310142290941
2014-12-24,Stable,0.9197387377445781
2014-12-26,Stable,0.9486165512741558
2014-12-29,Stable,0.95957701142202
2014-12-30,Stable,0.963807093704357
2014-12-31,Stable,0.957999319112719
2015-01-01,Stable,0.9440279743650576
2015-01-02,Stable,0.9124324057381551
2015-01-05,Stable,0.8432544617674953
2015-01-06,Stable,0.7102308134129757
2015-01-07,Stable,0.7855316220448291
2015-01-08,Stable,0.8172113622021793
2015-01-09,Stable,0.8423063157220415
2015-01-12,Stable,0.906250554031865
2015-01-13,Stable,0.9349316666611653
2015-01-14,Stable,0.9434692813201758
2015-01-15,Stable,0.952775627611574
2015-01-16,Stable,0.950336326414456
2015-01-19,Stable,0.9576734797017277
2015-01-20,Stable,0.9694502186429538
2015-01-21,Stable,0.9720398359919776
2015-01-22,Stable,0.9665344337017155
2015-01-23,Stable,0.9755168136156834
2015-01-27,Stable,0.9789308829574551
2015-01-28,Stable,0.9765283272370622
2015-01-29,Stable,0.9671629379135844
2015-01-30,Stable,0.9674771684374436
2015-02-02,Stable,0.9627805314991703
2015-02-03,Stable,0.9526647442181639
2015-02-04,Stable,0.9436727081296638
2015-02-05,Stable,0.9264019004099455
2015-02-06,Stable,0.9063721407527393
2015-02-09,Stable,0.9255502471726232
2015-02-10,Stable,0.9282685279139067
2015-02-11,Stable,0.9130856644843639
2015-02-12,Stable,0.8857090587343182
2015-02-13,Stable,0.8860194693524774
2015-02-16,Stable,0.9037785167835231
2015-02-18,Stable,0.919118213711723
2015-02-19,Stable,0.9165926324449301
2015-02-20,Stable,0.8931266469938535
2015-02-23,Stable,0.8343281893341101
2015-02-24,Stable,0.7607232572633177
2015-02-25,Stable,0.598476629118606
2015-02-26,Stable,0.5669631115519137
2015-02-27,Stable,0.7522961025017413
2015-03-02,Transitional,0.9868921202905729
2015-03-03,Transitional,0.9077883034184533
2015-03-04,Transitional,0.8560016388475317
2015-03-05,Transitional,0.8191197759372293
2015-03-09,Transitional,0.5786017212567051
2015-03-10,Transitional,0.5307957092147703
2015-03-11,Transitional,0.5778415302190163
2015-03-12,Transitional,0.6086410681903289
2015-03-13,Transitional,0.6228165345479406
2015-03-16,Transitional,0.6608318575162415
2015-03-17,Transitional,0.6545703365060944
2015-03-18,Transitional,0.6894448858195251
2015-03-19,Transitional,0.680788478825546
2015-03-20,Transitional,0.6286881625252863
2015-03-23,Transitional,0.601581200359484
2015-03-24,Transitional,0.5138109311610148
2015-03-25,Transitional,0.5281967269282234
2015-03-26,Transitional,0.6381767913475358
2015-03-27,Transitional,0.6556775006109758
2015-03-30,Transitional,0.7055078585278267
2015-03-31,Transitional,0.8039386286075036
2015-04-01,Transitional,0.950638205921352
2015-04-06,Transitional,0.9926335548600718
2015-04-07,Transitional,0.9520263494743609
2015-04-08,Transitional,0.9428119491561365
2015-04-09,Transitional,0.9623824021855292
2015-04-10,Transitional,0.9515539388705202
2015-04-13,Transitional,0.966730853022717
2015-04-15,Transitional,0.9844660382994475
2015-04-16,Transitional,0.9925957754173927
2015-04-17,Transitional,0.9986371587457002
2015-04-20,Transitional,0.9910148026429495
2015-04-21,Transitional,0.9985838887299471
2015-04-22,Transitional,0.9634012940627605
2015-04-23,Transitional,0.9453176231122634
2015-04-24,Transitional,0.9359136437675901
2015-04-27,Transitional,0.9480943759325519
2015-04-28,Transitional,0.8699254187688521
2015-04-29,Transitional,0.8413789928767896
2015-04-30,Transitional,0.8528834099392812
2015-05-04,Transitional,0.9138403663777546
2015-05-05,Transitional,0.9197677664596822
2015-05-06,Transitional,0.9629145531824472
2015-05-07,Transitional,0.891071490042845
2015-05-08,Transitional,0.8014326002616211
2015-05-11,Transitional,0.6221799352176052
2015-05-12,Stable,0.6457841266975055
2015-05-13,Stable,0.802439275383869
2015-05-14,Stable,0.8747153829441212
2015-05-15,Stable,0.9072871955702158
2015-05-18,Stable,0.9163984067214325
2015-05-19,Stable,0.9377938688656129
2015-05-20,Stable,0.9412495064188497
2015-05-21,Stable,0.9290250535987853
2015-05-22,Stable,0.8937308553082314
2015-05-25,Stable,0.8441421357159976
2015-05-26,Stable,0.7591342570343618
2015-05-27,Stable,0.6046098317341414
2015-05-28,Transitional,0.6800762824439867
2015-05-29,Transitional,0.8448700133674398
2015-06-01,Transitional,0.981958646957626
2015-06-02,Transitional,0.9110986424637856
2015-06-03,Transitional,0.8088770978191747
2015-06-04,Transitional,0.6866217844967504
2015-06-05,Transitional,0.5909846396430463
2015-06-08,Transitional,0.5524120834881951
2015-06-09,Transitional,0.5170403581273947
2015-06-10,Stable,0.6080636156100865
2015-06-11,Stable,0.6756859864040754
2015-06-12,Stable,0.7932631170343404
2015-06-15,Stable,0.8442332627374473
2015-06-16,Stable,0.8783768616511004
2015-06-17,Stable,0.883803360603639
2015-06-18,Stable,0.9162533963336003
2015-06-19,Stable,0.950409655509594
2015-06-22,Stable,0.9667214595912695
2015-06-23,Stable,0.9737459315254389
2015-06-24,Stable,0.9730545016910344
2015-06-25,Stable,0.9676882830199265
2015-06-26,Stable,0.9513228040995023
2015-06-29,Stable,0.9168335821752224
2015-06-30,Stable,0.8906783542977068
2015-07-01,Stable,0.9298933059880757
2015-07-02,Stable,0.9461843918827441
2015-07-03,Stable,0.9528445902016134
2015-07-06,Stable,0.9486917299797715
2015-07-07,Stable,0.9585158906814459
2015-07-08,Stable,0.9563439071985381
2015-07-09,Stable,0.9528723022161528
2015-07-10,Stable,0.934989524961999
2015-07-13,Stable,0.9118677431543348
2015-07-14,Stable,0.8880364124249455
2015-07-15,Stable,0.8373543570540243
2015-07-16,Stable,0.7576950178605185
2015-07-17,Stable,0.6499509135751168
2015-07-20,Stable,0.5569326536598632
2015-07-21,Transitional,0.982230050613558
2015-07-22,Stable,0.7580772048028741
2015-07-23,Stable,0.6126502368305135
2015-07-24,Stable,0.5100441868584151
2015-07-27,Stable,0.5339764060452024
2015-07-28,Stable,0.6058742655864706
2015-07-29,Stable,0.6814381233317136
2015-07-30,Stable,0.7064365166583357
2015-07-31,Stable,0.7007164583697909
2015-08-03,Stable,0.8002674657444878
2015-08-04,Stable,0.8416032180339882
2015-08-05,Stable,0.8506227319832314
2015-08-06,Stable,0.882082662167251
2015-08-07,Stable,0.8992660773345711
2015-08-10,Stable,0.8995147799814052
2015-08-11,Stable,0.876325791588598
2015-08-12,Stable,0.8165103738515979
2015-08-13,Stable,0.7293487732737316
2015-08-14,Stable,0.6064158753956763
2015-08-17,Stable,0.527835404724833
2015-08-18,Stable,0.6322108547964522
2015-08-19,Transitional,0.8552255042455525
2015-08-20,Transitional,0.861382808531684
2015-08-21,Transitional,0.8945823749410626
2015-08-24,Transitional,0.9843790359575577
2015-08-25,Transitional,0.974831674312852
2015-08-26,Transitional,0.9786309621525603
2015-08-27,Transitional,0.9884834692078582
2015-08-28,Transitional,0.9693620794258638
2015-08-31,Transitional,0.9710643632907623
2015-09-01,Transitional,0.9595350687171975
2015-09-02,Transitional,0.9385495535199313
2015-09-03,Transitional,0.9186158934742682
2015-09-04,Transitional,0.9311270625721791
2015-09-07,Transitional,0.8677355241195454
2015-09-08,Stable,0.5342199929801222
2015-09-09,Stable,0.7544187616267334
2015-09-10,Stable,0.8578622129194248
2015-09-11,Stable,0.9120456253338066
2015-09-14,Stable,0.9344800859780275
2015-09-15,Stable,0.9559782120519762
2015-09-16,Stable,0.9636646062866913
2015-09-18,Stable,0.9718602436560528
2015-09-21,Stable,0.9786245678797174
2015-09-22,Stable,0.9812361029125506
2015-09-23,Stable,0.9807179302617214
2015-09-24,Stable,0.9760405994120728
2015-09-28,Stable,0.9670898066455068
2015-09-29,Stable,0.9454994659228053
2015-09-30,Stable,0.9307732652574787
2015-10-01,Stable,0.935196270911246
2015-10-05,Stable,0.9592480435142381
2015-10-06,Stable,0.9684924426862345
2015-10-07,Stable,0.9748985393187578
2015-10-08,Stable,0.9745756195427151
2015-10-09,Stable,0.9771771711385228
2015-10-12,Stable,0.9742613818974943
2015-10-13,Stable,0.982219960622497
2015-10-14,Stable,0.9849959985962479
2015-10-15,Stable,0.9843491977749903
2015-10-16,Stable,0.9796835186999889
2015-10-19,Stable,0.9683349931087895
2015-10-20,Stable,0.9691602335221888
2015-10-21,Stable,0.9659880366642312
2015-10-23,Stable,0.9705967476883434
2015-10-26,Stable,0.9679744568141914
2015-10-27,Stable,0.9565123656858737
2015-10-28,Stable,0.9294075438278242
2015-10-29,Stable,0.8844806287945982
2015-10-30,Stable,0.8194887241444091
2015-11-02,Stable,0.711774035374834
2015-11-03,Stable,0.597045057526852
2015-11-04,Stable,0.6534027086449381
2015-11-05,Transitional,0.9491971677096469
2015-11-06,Transitional,0.99806486547227
2015-11-09,Transitional,0.9946359366293845
2015-11-10,Transitional,0.9863636857883145
2015-11-13,Stable,0.5080397145101774
2015-11-16,Stable,0.7175083799046299
2015-11-17,Stable,0.833334083911739
2015-11-18,Stable,0.8975780096531926
2015-11-19,Stable,0.9411871910389841
2015-11-20,Stable,0.9644646090648279
2015-11-23,Stable,0.9740993281806538
2015-11-24,Stable,0.9758136538804323
2015-11-26,Stable,0.976864823827896
2015-11-27,Stable,0.9782208821125047
2015-11-30,Stable,0.9733144999208625
2015-12-01,Stable,0.9664468684598948
2015-12-02,Stable,0.9571806152183628
2015-12-03,Stable,0.9432529221403985
2015-12-04,Stable,0.9376239937007161
2015-12-07,Stable,0.9155456418197464
2015-12-08,Stable,0.8815644907904308
2015-12-09,Stable,0.8632695988673758
2015-12-10,Stable,0.9244621395841464
2015-12-11,Stable,0.9527957301594584
2015-12-14,Stable,0.9637687522244676
2015-12-15,Stable,0.9701689544481257
2015-12-16,Stable,0.9696246530897296
2015-12-17,Stable,0.9633708925968475
2015-12-18,Stable,0.9575313565296557
2015-12-21,Stable,0.9532533059981574
2015-12-22,Stable,0.9501892550400208
2015-12-23,Stable,0.932604981777298
2015-12-24,Stable,0.9384065789410314
2015-12-28,Stable,0.9287322073912012
2015-12-29,Stable,0.9424434323500116
2015-12-30,Stable,0.9403578020511737
2015-12-31,Stable,0.924496897423333
2016-01-01,Stable,0.8858522913444563
2016-01-04,Stable,0.7997872348655635
2016-01-05,Stable,0.810890704178845
2016-01-06,Stable,0.7884864496145022
2016-01-07,Stable,0.7383892388250823
2016-01-08,Stable,0.7618442938113743
2016-01-11,Stable,0.7480390142734594
2016-01-12,Stable,0.7757220760908784
2016-01-13,Stable,0.7673413503348383
2016-01-14,Stable,0.720414606389703
2016-01-15,Stable,0.6089294978500988
2016-01-18,Stable,0.5269307674644578
2016-01-19,Stable,0.6125493578680042
2016-01-20,Stable,0.7349969081589872
2016-01-21,Transitional,0.9135515513834533
2016-01-22,Transitional,0.9313000428278961
2016-01-25,Transitional,0.8991972257230942
2016-01-27,Transitional,0.8959016792184039
2016-01-28,Transitional,0.9176779960268115
2016-01-29,Transitional,0.9758227597557595
2016-02-01,Transitional,0.9722754200958131
2016-02-02,Transitional,0.993229917505313
2016-02-03,Transitional,0.9819477128196379
2016-02-04,Transitional,0.9859347812347997
2016-02-05,Transitional,0.9981817481064575
2016-02-08,Transitional,0.9813151790773968
2016-02-09,Transitional,0.9674036603433991
2016-02-10,Transitional,0.9775595323774164
2016-02-11,Transitional,0.977825447545799
2016-02-12,Transitional,0.9400898705355453
2016-02-15,Transitional,0.9358917182162276
2016-02-16,Transitional,0.9531592546398266
2016-02-17,Transitional,0.9172720437534998
2016-02-18,Transitional,0.8469760583061781
2016-02-19,Transitional,0.6925678137386291
2016-02-22,Transitional,0.6236301276168332
2016-02-23,Transitional,0.5718259037780726
2016-02-24,Transitional,0.516946403083098
2016-02-25,Stable,0.7109778984106758
2016-02-26,Stable,0.8205613147232641
2016-02-29,Stable,0.870550238895153
2016-03-01,Stable,0.8866579684969739
2016-03-02,Stable,0.895749849677608
2016-03-03,Stable,0.8829561826221219
2016-03-04,Stable,0.9090506017054117
2016-03-08,Stable,0.9123155327882709
2016-03-09,Stable,0.8944820780058343
2016-03-10,Stable,0.8451700783847623
2016-03-11,Stable,0.7352812930945472
2016-03-14,Stable,0.5230880598847409
2016-03-15,Transitional,0.9267340207358645
2016-03-16,Transitional,0.8654778256766154
2016-03-17,Transitional,0.8506781306244571
2016-03-18,Transitional,0.8287106612671362
2016-03-21,Transitional,0.8086169642219917
2016-03-22,Transitional,0.8027155567719507
2016-03-23,Transitional,0.840576530538802
2016-03-28,Transitional,0.9415600964140184
2016-03-29,Transitional,0.9577917296861431
2016-03-30,Transitional,0.855335712824653
2016-03-31,Stable,0.51666210509384
2016-04-01,Stable,0.7189443970380149
2016-04-04,Stable,0.837971998582123
2016-04-05,Stable,0.8946682020499166
2016-04-06,Stable,0.9429168630052442
2016-04-07,Stable,0.9651907600439731
2016-04-08,Stable,0.9778156110029701
2016-04-11,Stable,0.9829129589046566
2016-04-12,Stable,0.9833651817643833
2016-04-13,Stable,0.9847454358193967
2016-04-18,Stable,0.9858051003634163
2016-04-20,Stable,0.9867244160250336
2016-04-21,Stable,0.9871857885981418
2016-04-22,Stable,0.9856086541413396
2016-04-25,Stable,0.9819712777210238
2016-04-26,Stable,0.982231889332275
2016-04-27,Stable,0.98326413100313
2016-04-28,Stable,0.9810183740053919
2016-04-29,Stable,0.9810976882579435
2016-05-02,Stable,0.9821329311426543
2016-05-03,Stable,0.9792934460668753
2016-05-04,Stable,0.9837900427916516
2016-05-05,Stable,0.9841814293704135
2016-05-06,Stable,0.9812570582143301
2016-05-09,Stable,0.9838489688014626
2016-05-10,Stable,0.983535585675481
2016-05-11,Stable,0.9816852546820392
2016-05-12,Stable,0.9809022650281863
2016-05-13,Stable,0.9772763405326922
2016-05-16,Stable,0.9778822247925628
2016-05-17,Stable,0.97276141919591
2016-05-18,Stable,0.9590780355455347
2016-05-19,Stable,0.9281731804806178
2016-05-20,Stable,0.8666186363834176
2016-05-23,Stable,0.8448379393444837
2016-05-24,Stable,0.8216057941089275
2016-05-25,Stable,0.7940935069069948
2016-05-26,Stable,0.7230411536083655
2016-05-27,Stable,0.5745073462358018
2016-05-30,Stable,0.6759214442016767
2016-05-31,Stable,0.7190823931320673
2016-06-01,Stable,0.8242666568361682
2016-06-02,Stable,0.8773804091838284
2016-06-03,Stable,0.9047929883132876
2016-06-06,Stable,0.9261421707341492
2016-06-07,Stable,0.9575590325815743
2016-06-08,Stable,0.9734820926168334
2016-06-09,Stable,0.9810685330087623
2016-06-10,Stable,0.9861649133280899
2016-06-13,Stable,0.9881803740898119
2016-06-14,Stable,0.9885100236824617
2016-06-15,Stable,0.9886525693290201
2016-06-16,Stable,0.9867464242837122
2016-06-17,Stable,0.9829408235208243
2016-06-20,Stable,0.9850378337008971
2016-06-21,Stable,0.9836437597003194
2016-06-22,Stable,0.9817567182567918
2016-06-23,Stable,0.9767604422772702
2016-06-24,Stable,0.9697902219255784
2016-06-27,Stable,0.9561325956333481
2016-06-28,Stable,0.9719948142734899
2016-06-29,Stable,0.9803224560684408
2016-06-30,Stable,0.9833686933981055
2016-07-01,Stable,0.9830915290835364
2016-07-04,Stable,0.9836714431915362
2016-07-05,Stable,0.9816758098420076
2016-07-07,Stable,0.9747265505854147
2016-07-08,Stable,0.9761851571818636
2016-07-11,Stable,0.971140445724855
2016-07-12,Stable,0.9761348671022851
2016-07-13,Stable,0.9786646427522189
2016-07-14,Stable,0.977354565769328
2016-07-15,Stable,0.9723955091923292
2016-07-18,Stable,0.9579695798189708
2016-07-19,Stable,0.93208272050144
2016-07-20,Stable,0.8863841625787268
2016-07-21,Stable,0.9148597268002352
2016-07-22,Stable,0.9383244147143881
2016-07-25,Stable,0.9439791362604832
2016-07-26,Stable,0.9357767384930983
2016-07-27,Stable,0.9503840198308633
2016-07-28,Stable,0.968953209741217
2016-07-29,Stable,0.9767716147065548
2016-08-01,Stable,0.9802225830500515
2016-08-02,Stable,0.9786953553497934
2016-08-03,Stable,0.9826339756807081
2016-08-04,Stable,0.9825112272518084
2016-08-05,Stable,0.9778636600297275
2016-08-08,Stable,0.9696096536934095
2016-08-09,Stable,0.9497906730199251
2016-08-10,Stable,0.9266302279775953
2016-08-11,Stable,0.9598285553737186
2016-08-12,Stable,0.975076898849502
2016-08-16,Stable,0.9820264359839983
2016-08-17,Stable,0.984746488455573
2016-08-18,Stable,0.9856558721147987
2016-08-19,Stable,0.9845967015730106
2016-08-22,Stable,0.9795167394090771
2016-08-23,Stable,0.9794558653364085
2016-08-24,Stable,0.9780212731586575
2016-08-25,Stable,0.9784922519485508
2016-08-26,Stable,0.9754829698481623
2016-08-29,Stable,0.9742610721273466
2016-08-30,Stable,0.9658733514456127
2016-08-31,Stable,0.966921136837609
2016-09-01,Stable,0.9636456162467748
2016-09-02,Stable,0.9506406071791078
2016-09-06,Stable,0.9266197120862297
2016-09-07,Stable,0.8755506437865368
2016-09-08,Stable,0.7654323646857727
2016-09-09,Stable,0.7968771102074791
2016-09-12,Stable,0.8233907660304576
2016-09-14,Stable,0.9075623511918975
2016-09-15,Stable,0.9466879397712223
2016-09-16,Stable,0.967254500897753
2016-09-19,Stable,0.9755734093142492
2016-09-20,Stable,0.976812842780896
2016-09-21,Stable,0.9722940391010739
2016-09-22,Stable,0.9593935542824087
2016-09-23,Stable,0.9409006038561175
2016-09-26,Stable,0.9049829066868
2016-09-27,Stable,0.8547830498201809
2016-09-28,Stable,0.7559207159995124
2016-09-29,Stable,0.5475685675756382
2016-09-30,Stable,0.699030511772785
2016-10-03,Stable,0.7652437140180848
2016-10-04,Stable,0.8468314301114039
2016-10-05,Stable,0.8815449451418768
2016-10-06,Stable,0.8973739198063018
2016-10-07,Stable,0.9154346096805371
2016-10-10,Stable,0.9138065561316241
2016-10-13,Stable,0.8937799253303841
2016-10-14,Stable,0.9204731650899727
2016-10-17,Stable,0.926071991819595
2016-10-18,Stable,0.9298146596786433
2016-10-19,Stable,0.9516045332694363
2016-10-20,Stable,0.9593249534308508
2016-10-21,Stable,0.9587359484582412
2016-10-24,Stable,0.9458126437399331
2016-10-25,Stable,0.9138697795448739
2016-10-26,Stable,0.8598942488959779
2016-10-27,Stable,0.811205968699845
2016-10-28,Stable,0.714608146045494
2016-11-01,Stable,0.5076797321000971
2016-11-02,Transitional,0.8833782989958192
2016-11-03,Transitional,0.9426214696689286
2016-11-04,Transitional,0.9977808130085054
2016-11-07,Transitional,0.9857510831750413
2016-11-08,Transitional,0.9649583910966211
2016-11-09,Transitional,0.9405937768400805
2016-11-10,Transitional,0.8937429020386407
2016-11-11,Transitional,0.871836387569729
2016-11-15,Transitional,0.8712113345462857
2016-11-16,Transitional,0.8622644296972795
2016-11-17,Transitional,0.8128954058749249
2016-11-18,Transitional,0.8106780997492646
2016-11-21,Transitional,0.8125195609773311
2016-11-22,Transitional,0.8268284874158824
2016-11-23,Transitional,0.8900936931376778
2016-11-24,Transitional,0.8963899939580476
2016-11-25,Transitional,0.8864673962180825
2016-11-28,Stable,0.5163559480430312
2016-11-29,Stable,0.7058275361711868
2016-11-30,Stable,0.8088136674417921
2016-12-01,Stable,0.8524171275069277
2016-12-02,Stable,0.8642950310112233
2016-12-05,Stable,0.8686486826069647
2016-12-06,Stable,0.8458353885705058
2016-12-07,Stable,0.783132394821098
2016-12-08,Stable,0.8213067069505992
2016-12-09,Stable,0.8547577302808069
2016-12-12,Stable,0.8632519559225503
2016-12-13,Stable,0.8483078159015788
2016-12-14,Stable,0.8000594614162128
2016-12-15,Stable,0.7310410990767899
2016-12-16,Stable,0.7381589995241984
2016-12-19,Stable,0.7064602877396653
2016-12-20,Stable,0.6571090889586595
2016-12-21,Stable,0.6090164765224815
2016-12-22,Stable,0.5259810469491235
2016-12-23,Stable,0.5370698958394565
2016-12-26,Stable,0.647570169530871
2016-12-27,Stable,0.5386105651368832
2016-12-28,Stable,0.6925433959979516
2016-12-29,Stable,0.8137855156921698
2016-12-30,Stable,0.8709606040186245
2017-01-02,Stable,0.9253791651038581
2017-01-03,Stable,0.9504813570483629
2017-01-04,Stable,0.9589141964772868
2017-01-05,Stable,0.9564671347078119
2017-01-06,Stable,0.9633576459989618
2017-01-09,Stable,0.959584001347932
2017-01-10,Stable,0.9731874172458701
2017-01-11,Stable,0.9783801442279351
2017-01-12,Stable,0.9826797536362568
2017-01-13,Stable,0.9866372650945635
2017-01-16,Stable,0.987962757926152
2017-01-17,Stable,0.9880176496698023
2017-01-18,Stable,0.98571800292988
2017-01-19,Stable,0.9797550692625377
2017-01-20,Stable,0.9723988720078309
2017-01-23,Stable,0.9652533145526697
2017-01-24,Stable,0.9601102032513332
2017-01-25,Stable,0.956904893787828
2017-01-27,Stable,0.940973040870389
2017-01-30,Stable,0.903168123460598
2017-01-31,Stable,0.8240411854233187
2017-02-01,Stable,0.8031509890162136
2017-02-02,Stable,0.7508562517815021
2017-02-03,Stable,0.7592887766957107
2017-02-06,Stable,0.7737260577414797
2017-02-07,Stable,0.7947788584237593
2017-02-08,Stable,0.8120630185036044
2017-02-09,Stable,0.7988390107235699
2017-02-10,Stable,0.7538378190055213
2017-02-13,Stable,0.7010484170816409
2017-02-14,Stable,0.5875990617054156
2017-02-15,Stable,0.57827012321899
2017-02-16,Stable,0.6326895541883838
2017-02-17,Stable,0.5331716485172725
2017-02-20,Stable,0.7301297732425935
2017-02-21,Stable,0.854092478862727
2017-02-22,Stable,0.9118321581264812
2017-02-23,Stable,0.9472243551210612
2017-02-27,Stable,0.9636685826914793
2017-02-28,Stable,0.9681858169134636
2017-03-01,Stable,0.9633885242970839
2017-03-02,Stable,0.9577507127655305
2017-03-03,Stable,0.9722282248103766
2017-03-06,Stable,0.979969005909286
2017-03-07,Stable,0.981927736287997
2017-03-08,Stable,0.9823194692884217
2017-03-09,Stable,0.9779367649098668
2017-03-10,Stable,0.9752275100899933
2017-03-14,Stable,0.9667479534920971
2017-03-15,Stable,0.9743450951791763
2017-03-16,Stable,0.974271914109222
2017-03-17,Stable,0.9681958154124668
2017-03-20,Stable,0.956882941230396
2017-03-21,Stable,0.929641269073962
2017-03-22,Stable,0.9585714880283787
2017-03-23,Stable,0.9708886490280574
2017-03-24,Stable,0.975902560616454
2017-03-27,Stable,0.9748959021995676
2017-03-28,Stable,0.9807393530252291
2017-03-29,Stable,0.9822608739542101
2017-03-30,Stable,0.98535871768029
2017-03-31,Stable,0.9854160138642806
2017-04-03,Stable,0.9820101257608251
2017-04-05,Stable,0.977927492868297
2017-04-06,Stable,0.9669965843103198
2017-04-07,Stable,0.9524976488342635
2017-04-10,Stable,0.9707934484168982
2017-04-11,Stable,0.9784106369864228
2017-04-12,Stable,0.9800113644715154
2017-04-13,Stable,0.9803331127081133
2017-04-17,Stable,0.9790594024919733
2017-04-18,Stable,0.9795214575641463
2017-04-19,Stable,0.983342748611228
2017-04-20,Stable,0.98457606257185
2017-04-21,Stable,0.9827235544890036
2017-04-24,Stable,0.9853299989858855
2017-04-25,Stable,0.9858666887098723
2017-04-26,Stable,0.98470997373431
2017-04-27,Stable,0.9822591855372044
2017-04-28,Stable,0.9846595495469671
2017-05-02,Stable,0.9832606464242525
2017-05-03,Stable,0.984984194205595
2017-05-04,Stable,0.9865588374394085
2017-05-05,Stable,0.9853489496354184
2017-05-08,Stable,0.9831231863936538
2017-05-09,Stable,0.9803449286543967
2017-05-10,Stable,0.9729360615192488
2017-05-11,Stable,0.965661363616245
2017-05-12,Stable,0.9505573914003052
2017-05-15,Stable,0.925377901786573
2017-05-16,Stable,0.900740571148324
2017-05-17,Stable,0.8424372597833402
2017-05-18,Stable,0.7244628489612027
2017-05-19,Stable,0.531529084117671
2017-05-22,Transitional,0.8722286564987596
2017-05-23,Transitional,0.9964555237400866
2017-05-24,Transitional,0.9976917442516036
2017-05-25,Transitional,0.9986256454076071
2017-05-26,Transitional,0.9960947691794002
2017-05-29,Transitional,0.9984157156364328
2017-05-30,Transitional,0.955825741012023
2017-05-31,Stable,0.6386697948306305
2017-06-01,Stable,0.5103614678117384
2017-06-02,Stable,0.5936144595966257
2017-06-05,Stable,0.7067479717004554
2017-06-06,Stable,0.757647149899835
2017-06-07,Stable,0.7800053603996294
2017-06-08,Stable,0.802322692786554
2017-06-09,Stable,0.8862449492769607
2017-06-12,Stable,0.9238237828806618
2017-06-13,Stable,0.9438855432639358
2017-06-14,Stable,0.9473868147009533
2017-06-15,Stable,0.9377827796440558
2017-06-16,Stable,0.9289044127198807
2017-06-19,Stable,0.9587634441460746
2017-06-20,Stable,0.9752533039050539
2017-06-21,Stable,0.982910477267886
2017-06-22,Stable,0.9868585828187108
2017-06-23,Stable,0.9877932810010862
2017-06-27,Stable,0.9863101766956606
2017-06-28,Stable,0.9820173644965521
2017-06-29,Stable,0.9719314980913107
2017-06-30,Stable,0.9572800300849347
2017-07-03,Stable,0.9665206600571414
2017-07-04,Stable,0.9657557405604074
2017-07-05,Stable,0.9699053779867194
2017-07-06,Stable,0.9688942490848832
2017-07-07,Stable,0.9583195343012891
2017-07-10,Stable,0.9514515968690793
2017-07-11,Stable,0.9594860216469476
2017-07-12,Stable,0.9671277626400793
2017-07-13,Stable,0.9650462352646101
2017-07-14,Stable,0.9543967368535934
2017-07-17,Stable,0.9349787320122328
2017-07-18,Stable,0.8907970701787151
2017-07-19,Stable,0.796168180573994
2017-07-20,Stable,0.777283122712166
2017-07-21,Stable,0.7491779204427511
2017-07-24,Stable,0.7068013092476899
2017-07-25,Stable,0.634382005589146
2017-07-26,Stable,0.5017789760376236
2017-07-27,Transitional,0.7040321899366261
2017-07-28,Transitional,0.8184910184067757
2017-07-31,Transitional,0.8253700593655554
2017-08-01,Transitional,0.7565186661492207
2017-08-02,Transitional,0.741502071157048
2017-08-03,Transitional,0.7563842659583127
2017-08-04,Transitional,0.7691593869173565
2017-08-07,Transitional,0.8040121280811363
2017-08-08,Transitional,0.8966106352053854
2017-08-09,Transitional,0.9985335881718987
2017-08-10,Transitional,0.9980720404583037
2017-08-11,Transitional,0.9830284782308506
2017-08-14,Transitional,0.9889026249097669
2017-08-16,Transitional,0.9624807325555772
2017-08-17,Transitional,0.9529527903525065
2017-08-18,Transitional,0.9627303682029252
2017-08-21,Transitional,0.9566571480607715
2017-08-22,Transitional,0.9334006309120576
2017-08-23,Transitional,0.9346576474073932
2017-08-24,Transitional,0.9676579013175172
2017-08-28,Transitional,0.8435976080895947
2017-08-29,Transitional,0.7811508954139642
2017-08-30,Transitional,0.7153459165581177
2017-08-31,Transitional,0.7023980696125172
2017-09-01,Transitional,0.7249187321355662
2017-09-04,Transitional,0.6520433057272075
2017-09-05,Transitional,0.6372737046857367
2017-09-06,Transitional,0.66499217391954
2017-09-07,Transitional,0.6610871250215944
2017-09-08,Transitional,0.7033728290441965
2017-09-11,Transitional,0.7432543045533777
2017-09-12,Transitional,0.840382331180688
2017-09-13,Transitional,0.8639330489225606
2017-09-14,Transitional,0.8841793031186298
2017-09-15,Transitional,0.8057693372929521
2017-09-18,Transitional,0.7754492319809482
2017-09-19,Transitional,0.7910632372776024
2017-09-20,Transitional,0.8475981264288822
2017-09-21,Transitional,0.9870751955424066
2017-09-22,Transitional,0.9805896165091654
2017-09-25,Transitional,0.9658960489408315
2017-09-26,Transitional,0.9276953891999298
2017-09-27,Transitional,0.9257808215333071
2017-09-28,Stable,0.55931497049671
2017-09-29,Stable,0.6514387997303703
2017-10-03,Stable,0.7610203869217959
2017-10-04,Stable,0.8091207174000636
2017-10-05,Stable,0.8892457900617409
2017-10-06,Stable,0.9249554162828971
2017-10-09,Stable,0.9457734305998468
2017-10-10,Stable,0.9504044071935911
2017-10-11,Stable,0.9413755287557332
2017-10-12,Stable,0.9329823569664778
2017-10-13,Stable,0.9317792382398212
2017-10-16,Stable,0.9159722881674778
2017-10-17,Stable,0.9114516006013051
2017-10-18,Stable,0.8861180229508168
2017-10-19,Stable,0.8711325522715645
2017-10-23,Stable,0.8284314285236171
2017-10-24,Stable,0.7503938198737745
2017-10-25,Stable,0.6143326072618565
2017-10-26,Stable,0.5384823851622065
2017-10-27,Stable,0.5996389204752847
2017-10-30,Stable,0.608554724974735
2017-10-31,Stable,0.6434879703720096
2017-11-01,Stable,0.7485607991765585
2017-11-02,Transitional,0.9495898177222818
2017-11-03,Transitional,0.9478107308969989
2017-11-06,Transitional,0.9559406810376002
2017-11-07,Transitional,0.9982166499162397
2017-11-08,Stable,0.7356021917905085
2017-11-09,Stable,0.6171071107305451
2017-11-10,Stable,0.5528521284753987
2017-11-13,Stable,0.5314470046792771
2017-11-14,Stable,0.5829303576694023
2017-11-15,Stable,0.5902021505748424
2017-11-16,Stable,0.7145578177658909
2017-11-17,Stable,0.7743857287925338
2017-11-20,Stable,0.8030275099677873
2017-11-21,Stable,0.7995774320256044
2017-11-22,Stable,0.8750602038137028
2017-11-23,Stable,0.9269687702478765
2017-11-24,Stable,0.9494659561032468
2017-11-27,Stable,0.9605740519555142
2017-11-28,Stable,0.9601086677840679
2017-11-29,Stable,0.9536946203744642
2017-11-30,Stable,0.9327399143509667
2017-12-01,Stable,0.9220917066471362
2017-12-04,Stable,0.945524567526576
2017-12-05,Stable,0.9551734535016503
2017-12-06,Stable,0.9528013024700754
2017-12-07,Stable,0.9588147761867721
2017-12-08,Stable,0.9531545632433327
2017-12-11,Stable,0.9583750798881073
2017-12-12,Stable,0.9595548173465906
2017-12-13,Stable,0.95835230068614
2017-12-14,Stable,0.9693061760256189
2017-12-15,Stable,0.9743510353412154
2017-12-18,Stable,0.9721677312351608
2017-12-19,Stable,0.9777150849489505
2017-12-20,Stable,0.9798815721975174
2017-12-21,Stable,0.9772151799758579
2017-12-22,Stable,0.9679382497504438
2017-12-26,Stable,0.9462689405090398
2017-12-27,Stable,0.9143082675955932
2017-12-28,Stable,0.9471335634379815
2017-12-29,Stable,0.9677503269401948
2018-01-01,Stable,0.976672554903691
2018-01-02,Stable,0.9786568778185402
2018-01-03,Stable,0.9788195162690411
2018-01-04,Stable,0.9765006877014397
2018-01-05,Stable,0.9772816260157362
2018-01-08,Stable,0.9742425895667038
2018-01-09,Stable,0.9786171065385941
2018-01-10,Stable,0.9829282125837634
2018-01-11,Stable,0.9837270971905985
2018-01-12,Stable,0.9803745670957857
2018-01-15,Stable,0.9729805454740776
2018-01-16,Stable,0.9669856553893628
2018-01-17,Stable,0.953250395261626
2018-01-18,Stable,0.9411477884374156
2018-01-19,Stable,0.9391294851474479
2018-01-22,Stable,0.9198360594190682
2018-01-23,Stable,0.8719460705229062
2018-01-24,Stable,0.8104480480217028
2018-01-25,Stable,0.6874086569258225
2018-01-29,Stable,0.543563976382658
2018-01-30,Stable,0.6076576325378208
2018-01-31,Transitional,0.8611610748161281
2018-02-01,Transitional,0.948297982470022
2018-02-02,Transitional,0.9438144574846832
2018-02-05,Transitional,0.9425154991515146
2018-02-06,Transitional,0.9738473099935491
2018-02-07,Transitional,0.9701441992647016
2018-02-08,Transitional,0.9884196295184094
2018-02-09,Transitional,0.7960392844989752
2018-02-12,Transitional,0.6974474301364576
2018-02-14,Transitional,0.6218443951880357
2018-02-15,Transitional,0.5650368462763498
2018-02-16,Transitional,0.552231348470314
2018-02-19,Transitional,0.5841300176215969
2018-02-20,Transitional,0.5696837296902713
2018-02-21,Transitional,0.6044220409257373
2018-02-22,Transitional,0.5561363722317441
2018-02-23,Transitional,0.5603860686480328
2018-02-26,Stable,0.6523618569867699
2018-02-27,Stable,0.7613305499136488
2018-02-28,Stable,0.8182845799397216
2018-03-01,Stable,0.8523428939827538
2018-03-05,Stable,0.8630771769782114
2018-03-06,Stable,0.8607717503683693
2018-03-07,Stable,0.8677077925526494
2018-03-08,Stable,0.9071129403370284
2018-03-09,Stable,0.9235679257782428
2018-03-12,Stable,0.9352735488020748
2018-03-13,Stable,0.9402757152247657
2018-03-14,Stable,0.9476884721105275
2018-03-15,Stable,0.9417667131456641
2018-03-16,Stable,0.9225273160872459
2018-03-19,Stable,0.9236824678207902
2018-03-20,Stable,0.9104130445283275
2018-03-21,Stable,0.8793799813239853
2018-03-22,Stable,0.8265786066838078
2018-03-23,Stable,0.737751948503226
2018-03-26,Stable,0.7175601952752191
2018-03-27,Stable,0.660281317798093
2018-03-28,Stable,0.5440417185521499
2018-04-02,Stable,0.5752211403926274
2018-04-03,Stable,0.6197340132007039
2018-04-04,Stable,0.7126035807594372
2018-04-05,Stable,0.8037118138107366
2018-04-06,Stable,0.8622587057808504
2018-04-09,Stable,0.9191276296992039
2018-04-10,Stable,0.9493542973914963
2018-04-11,Stable,0.9628106264631471
2018-04-12,Stable,0.9659312968215894
2018-04-13,Stable,0.970493266977297
2018-04-16,Stable,0.967825207958778
2018-04-17,Stable,0.9765015602801166
2018-04-18,Stable,0.9810970022037686
2018-04-19,Stable,0.9831254552989863
2018-04-20,Stable,0.9814380818253349
2018-04-23,Stable,0.9749701896166207
2018-04-24,Stable,0.9773625929744548
2018-04-25,Stable,0.9737281569801377
2018-04-26,Stable,0.9734435329381478
2018-04-27,Stable,0.9655467143343119
2018-04-30,Stable,0.9552310746248386
2018-05-02,Stable,0.93585634079351
2018-05-03,Stable,0.9222604755902064
2018-05-04,Stable,0.8838593697352749
2018-05-07,Stable,0.8849888583176899
2018-05-08,Stable,0.8687326865364122
2018-05-09,Stable,0.8224620495583249
2018-05-10,Stable,0.7402976915599752
2018-05-11,Stable,0.7339745133142803
2018-05-14,Stable,0.732921548320997
2018-05-15,Stable,0.6893062799664746
2018-05-16,Stable,0.6148901147242052
2018-05-17,Stable,0.5542138817059831
2018-05-18,Transitional,0.9167910026290216
2018-05-21,Transitional,0.9723852311657656
2018-05-22,Transitional,0.9400120041911626
2018-05-23,Transitional,0.9003305353074524
2018-05-24,Transitional,0.8901090977131085
2018-05-25,Transitional,0.8728960721429798
2018-05-28,Transitional,0.8773421850206924
2018-05-29,Transitional,0.8034506865202878
2018-05-30,Transitional,0.7448923418658727
2018-05-31,Transitional,0.6974875893504873
2018-06-01,Transitional,0.6472361410962091
2018-06-04,Transitional,0.6482251943546241
2018-06-05,Transitional,0.7008998372078593
2018-06-06,Transitional,0.76336636617169
2018-06-07,Transitional,0.8321574604693668
2018-06-08,Transitional,0.996051572989451
2018-06-11,Transitional,0.9591750222300612
2018-06-12,Transitional,0.9527760679583368
2018-06-13,Transitional,0.8617865621180006
2018-06-14,Transitional,0.8172884702281711
2018-06-15,Transitional,0.7390994392305027
2018-06-18,Stable,0.532601204175967
2018-06-19,Stable,0.6578741716397561
2018-06-20,Stable,0.7364785315181478
2018-06-21,Stable,0.7638365964657318
2018-06-22,Stable,0.78609849092717
2018-06-25,Stable,0.8397767686444675
2018-06-26,Stable,0.8765153196026715
2018-06-27,Stable,0.8899708512858648
2018-06-28,Stable,0.8791097906594854
2018-06-29,Stable,0.8792834792229651
2018-07-02,Stable,0.852603003277759
2018-07-03,Stable,0.7951840561684745
2018-07-04,Stable,0.7986192658311398
2018-07-05,Stable,0.7771646552743096
2018-07-06,Stable,0.7735953527864707
2018-07-09,Stable,0.7612623870277742
2018-07-10,Stable,0.7430952556898337
2018-07-11,Stable,0.6855873971548982
2018-07-12,Stable,0.575570983897547
2018-07-13,Stable,0.6663677464609357
2018-07-16,Transitional,0.9921324189198183
2018-07-17,Transitional,0.8565853304960118
2018-07-18,Transitional,0.7011500096433556
2018-07-19,Transitional,0.6233342385544339
2018-07-20,Transitional,0.5144760349142873
2018-07-23,Stable,0.6980133626977724
2018-07-24,Stable,0.7853651270843723
2018-07-25,Stable,0.8575991318154527
2018-07-26,Stable,0.9148599677598721
2018-07-27,Stable,0.9396555655113015
2018-07-30,Stable,0.9476076528015683
2018-07-31,Stable,0.9475850167149233
2018-08-01,Stable,0.9370117684174638
2018-08-02,Stable,0.9298258192961202
2018-08-03,Stable,0.9254139480788667
2018-08-06,Stable,0.90830443429041
2018-08-07,Stable,0.8905623482345785
2018-08-08,Stable,0.8489905973788497
2018-08-09,Stable,0.782669960238825
2018-08-10,Stable,0.6722267429852449
2018-08-13,Stable,0.5738739331714419
2018-08-14,Stable,0.6313555212966191
2018-08-16,Stable,0.5029063331724075
2018-08-17,Stable,0.592951972898023
2018-08-20,Stable,0.6504612588354811
2018-08-21,Stable,0.6832205243454773
2018-08-23,Stable,0.727404126372926
2018-08-24,Stable,0.7621595171471689
2018-08-27,Stable,0.760208403302479
2018-08-28,Stable,0.7185531727316001
2018-08-29,Stable,0.6296191865248676
2018-08-30,Stable,0.541860235883709
2018-08-31,Transitional,0.7851260152552496
2018-09-03,Transitional,0.7968637100024354
2018-09-04,Transitional,0.8548084657942318
2018-09-05,Transitional,0.8896289799603593
2018-09-06,Transitional,0.9612948077052659
2018-09-07,Transitional,0.956953682804655
2018-09-10,Transitional,0.9768564115112895
2018-09-11,Transitional,0.9751209838861461
2018-09-12,Transitional,0.9685690024181779
2018-09-14,Transitional,0.9780474704097727
2018-09-17,Transitional,0.958450807477086
2018-09-18,Transitional,0.9361179994805113
2018-09-19,Transitional,0.9420108452762557
2018-09-21,Transitional,0.9829913853714259
2018-09-24,Transitional,0.9957936166618012
2018-09-25,Transitional,0.9920504839233814
2018-09-26,Transitional,0.9682305737770395
2018-09-27,Transitional,0.9704329794782356
2018-09-28,Transitional,0.9530282771018433
2018-10-01,Transitional,0.9417466529160515
2018-10-03,Transitional,0.9581694795258845
2018-10-04,Transitional,0.9939390511083577
2018-10-05,Transitional,0.95696222897983
2018-10-08,Transitional,0.9385929379010471
2018-10-09,Transitional,0.9466728748158597
2018-10-10,Transitional,0.9642292867060545
2018-10-11,Transitional,0.9924391189456442
2018-10-12,Transitional,0.9724446301679763
2018-10-15,Transitional,0.9769007859109392
2018-10-16,Transitional,0.9403118275969645
2018-10-17,Transitional,0.9349820654971626
2018-10-19,Transitional,0.9198810106190115
2018-10-22,Transitional,0.9341888708325554
2018-10-23,Transitional,0.9898541233719955
2018-10-24,Transitional,0.9783939211331234
2018-10-25,Transitional,0.9862230083388321
2018-10-26,Transitional,0.9806115699702117
2018-10-29,Transitional,0.9921604232923377
2018-10-30,Transitional,0.9495956596983958
2018-10-31,Transitional,0.9335433887650345
2018-11-01,Transitional,0.8478832929007607
2018-11-02,Transitional,0.7074871462937367
2018-11-05,Transitional,0.6276340619670909
2018-11-06,Transitional,0.5718264907427454
2018-11-07,Transitional,0.5690165291925305
2018-11-09,Transitional,0.6150162471745123
2018-11-12,Transitional,0.6589907214129175
2018-11-13,Transitional,0.7269953612991152
2018-11-14,Transitional,0.7715399543668411
2018-11-15,Transitional,0.7169817878397838
2018-11-16,Transitional,0.7146517204395948
2018-11-19,Transitional,0.7464500945198465
2018-11-20,Transitional,0.8109710067697823
2018-11-21,Transitional,0.8101002828422016
2018-11-22,Transitional,0.798446749318546
2018-11-26,Transitional,0.8109295543697542
2018-11-27,Transitional,0.8182072317259682
2018-11-28,Transitional,0.819383914726968
2018-11-29,Transitional,0.8566387299939908
2018-11-30,Transitional,0.9396712075748678
2018-12-03,Transitional,0.9767481263897079
2018-12-04,Transitional,0.9676245478244225
2018-12-05,Transitional,0.9841676187417229
2018-12-06,Transitional,0.9306285868224489
2018-12-07,Transitional,0.859343610312683
2018-12-10,Transitional,0.8401310086624485
2018-12-11,Transitional,0.7790551892312383
2018-12-12,Stable,0.5713549134937448
2018-12-13,Stable,0.7535854469336835
2018-12-14,Stable,0.8373199442364513
2018-12-17,Stable,0.9089973630379892
2018-12-18,Stable,0.9440900137250533
2018-12-19,Stable,0.9640722316005204
2018-12-20,Stable,0.9725629253890233
2018-12-21,Stable,0.9730814557376839
2018-12-24,Stable,0.9764167164430837
2018-12-26,Stable,0.9773386593303127
2018-12-27,Stable,0.975315095787767
2018-12-28,Stable,0.967039736881497
2018-12-31,Stable,0.9746957531308434
2019-01-01,Stable,0.9767340179667388
2019-01-02,Stable,0.9720261883790733
2019-01-03,Stable,0.96243478825795
2019-01-04,Stable,0.9666180971371403
2019-01-07,Stable,0.964987713495943
2019-01-08,Stable,0.9598644869263712
2019-01-09,Stable,0.9646483645430342
2019-01-10,Stable,0.9603105188570642
2019-01-11,Stable,0.9435145867504939
2019-01-14,Stable,0.9099637621967899
2019-01-15,Stable,0.8413448990734801
2019-01-16,Stable,0.7268159051172709
2019-01-17,Stable,0.5155449028281066
2019-01-18,Stable,0.6973143560193787
2019-01-21,Stable,0.6280441081299611
2019-01-22,Stable,0.6128523308753524
2019-01-23,Stable,0.5663325768421673
2019-01-24,Stable,0.566348757810451
2019-01-25,Stable,0.6017707650904955
2019-01-28,Stable,0.7067877897139566
2019-01-29,Stable,0.624801935967236
2019-01-30,Stable,0.5778960971469969
2019-01-31,Stable,0.5787028932168714
2019-02-01,Stable,0.6071070044681496
2019-02-04,Stable,0.6219702939769977
2019-02-05,Stable,0.5810234117134893
2019-02-06,Stable,0.5892967956118158
2019-02-07,Stable,0.6157574644304469
2019-02-08,Stable,0.6254381087404352
2019-02-11,Stable,0.6609518052656628
2019-02-12,Stable,0.6559392187238298
2019-02-14,Stable,0.6911114355047545
2019-02-15,Stable,0.7972190395912079
2019-02-18,Stable,0.5114453110431388
2019-02-19,Stable,0.7298069519915479
2019-02-20,Stable,0.8395273012504766
2019-02-21,Stable,0.895248979762416
2019-02-22,Stable,0.9393057783392313
2019-02-25,Stable,0.9643597756140937
2019-02-26,Stable,0.976461986230773
2019-02-27,Stable,0.9806944397347277
2019-02-28,Stable,0.9801156028141987
2019-03-01,Stable,0.9738027014150555
2019-03-05,Stable,0.9660957880275212
2019-03-06,Stable,0.9539296811608414
2019-03-07,Stable,0.9392930781491625
2019-03-08,Stable,0.9342111678805949
2019-03-11,Stable,0.913133189747033
2019-03-12,Stable,0.9005381818889988
2019-03-13,Stable,0.8886563267936505
2019-03-14,Stable,0.9331008858258402
2019-03-15,Stable,0.9619691782921161
2019-03-18,Stable,0.9755471176620315
2019-03-19,Stable,0.9816665512423364
2019-03-20,Stable,0.9831824998861813
2019-03-22,Stable,0.9803148198370238
2019-03-25,Stable,0.9780241976033965
2019-03-26,Stable,0.9711141086218027
2019-03-27,Stable,0.9592371699115384
2019-03-28,Stable,0.9521940533385963
2019-04-01,Stable,0.9319898121910127
2019-04-02,Stable,0.9405837508601618
2019-04-03,Stable,0.946924741469323
2019-04-04,Stable,0.9652278413673472
2019-04-05,Stable,0.9776047390689069
2019-04-08,Stable,0.9823985435292486
2019-04-09,Stable,0.9839490247624454
2019-04-10,Stable,0.986384571563693
2019-04-11,Stable,0.9885906101497033
2019-04-12,Stable,0.9893685547537641
2019-04-15,Stable,0.9887458892766513
2019-04-16,Stable,0.986445361167639
2019-04-18,Stable,0.980921896563892
2019-04-22,Stable,0.9693687193384721
2019-04-23,Stable,0.9710064065241
2019-04-24,Stable,0.973397163125324
2019-04-25,Stable,0.9714824863475385
2019-04-26,Stable,0.9618217186183305
2019-04-30,Stable,0.937756022217949
2019-05-02,Stable,0.9005365151712968
2019-05-03,Stable,0.8725742687108385
2019-05-06,Stable,0.830310862510364
2019-05-07,Stable,0.7428395858768713
2019-05-08,Stable,0.5823619521827844
2019-05-09,Stable,0.5019857073921884
2019-05-10,Stable,0.667955765650703
2019-05-13,Transitional,0.9954872406981015
2019-05-14,Transitional,0.7995696599475006
2019-05-15,Stable,0.589850783594033
2019-05-16,Stable,0.5900201382108109
2019-05-17,Stable,0.6743818137712145
2019-05-20,Stable,0.820936918916743
2019-05-21,Stable,0.8988589554480302
2019-05-22,Stable,0.9368309755757176
2019-05-23,Stable,0.9520328169122187
2019-05-24,Stable,0.9542606602122541
2019-05-27,Stable,0.9600567610659426
2019-05-28,Stable,0.9688597047412543
2019-05-29,Stable,0.9691085881014556
2019-05-30,Stable,0.9627798249529612
2019-05-31,Stable,0.9447062570269742
2019-06-03,Stable,0.9068922740569156
2019-06-04,Stable,0.8488555399759177
2019-06-06,Stable,0.8026803581970433
2019-06-07,Stable,0.817012497376496
2019-06-10,Stable,0.8405315065061764
2019-06-11,Stable,0.8426874978811467
2019-06-12,Stable,0.8143180297597759
2019-06-13,Stable,0.7690162130395306
2019-06-14,Stable,0.6740502392664818
2019-06-17,Stable,0.5377632366044288
2019-06-18,Stable,0.5650943310143689
2019-06-19,Transitional,0.7266767313501523
2019-06-20,Transitional,0.8111321095660635
2019-06-21,Transitional,0.6805311109615385
2019-06-24,Transitional,0.5179100690878077
2019-06-25,Transitional,0.6082889971447369
2019-06-26,Transitional,0.6420467126138968
2019-06-27,Transitional,0.7092881030927403
2019-06-28,Transitional,0.7266761880913866
2019-07-01,Transitional,0.708931376937839
2019-07-02,Transitional,0.6921023430360005
2019-07-03,Transitional,0.6650198734167513
2019-07-04,Transitional,0.5827351582321697
2019-07-05,Transitional,0.5649023549259669
2019-07-08,Transitional,0.6530864342998678
2019-07-09,Transitional,0.6930241951814736
2019-07-10,Transitional,0.570933965207593
2019-07-11,Transitional,0.525353709005047
2019-07-12,Transitional,0.5043541860733767
2019-07-15,Transitional,0.5132345320863854
2019-07-16,Transitional,0.5576025663971151
2019-07-17,Transitional,0.6063466312913707
2019-07-18,Transitional,0.728468108121803
2019-07-19,Transitional,0.8318769198478596
2019-07-22,Transitional,0.8231599588768875
2019-07-23,Transitional,0.8412643488526372
2019-07-24,Transitional,0.8894489690039162
2019-07-25,Transitional,0.8992607788372483
2019-07-26,Transitional,0.8696549133397654
2019-07-29,Transitional,0.8648936312734552
2019-07-30,Transitional,0.8277018534283818
2019-07-31,Transitional,0.6554649465837186
2019-08-01,Transitional,0.5032991048696652
2019-08-02,Stable,0.7148459009334874
2019-08-05,Stable,0.8164650193211767
2019-08-06,Stable,0.8871112194675825
2019-08-07,Stable,0.9170936611234272
2019-08-08,Stable,0.9304532327886174
2019-08-09,Stable,0.9385604327143774
2019-08-13,Stable,0.9367786729377908
2019-08-14,Stable,0.9347781271303278
2019-08-16,Stable,0.9496676340391076
2019-08-19,Stable,0.9609354217693815
2019-08-20,Stable,0.9644878503154661
2019-08-21,Stable,0.9576932640306987
2019-08-22,Stable,0.9528902147488061
2019-08-23,Stable,0.9340733456737669
2019-08-26,Stable,0.9220381265808445
2019-08-27,Stable,0.88953310223563
2019-08-28,Stable,0.8184434010895784
2019-08-29,Stable,0.7330737438381446
2019-08-30,Stable,0.7369822351632427
2019-09-03,Stable,0.7978151777662938
2019-09-04,Stable,0.8678005934521589
2019-09-05,Stable,0.8974883850616769
2019-09-06,Stable,0.926519499864177
2019-09-09,Stable,0.9345571330394677
2019-09-11,Stable,0.9255888530253787
2019-09-12,Stable,0.8945048547495749
2019-09-13,Stable,0.8232140675138004
2019-09-16,Stable,0.7292973627047453
2019-09-17,Transitional,0.5347397450827588
2019-09-18,Transitional,0.5466143813524796
2019-09-19,Transitional,0.7294023513754966
2019-09-20,Transitional,0.8321428445630712
2019-09-23,Transitional,0.8404056527761287
2019-09-24,Transitional,0.8259531736822278
2019-09-25,Transitional,0.8530137397763211
2019-09-26,Transitional,0.8764280819194051
2019-09-27,Transitional,0.9370989461606509
2019-09-30,Transitional,0.9420787481597962
2019-10-01,Transitional,0.9160922356073536
2019-10-03,Transitional,0.9003541513493525
2019-10-04,Transitional,0.9203948365261638
2019-10-07,Transitional,0.9606719454963469
2019-10-09,Stable,0.6069405295514446
2019-10-10,Stable,0.6672949078069066
2019-10-11,Stable,0.7966951917646428
2019-10-14,Stable,0.8608935800735098
2019-10-15,Stable,0.9093006559443008
2019-10-16,Stable,0.9356045544468661
2019-10-17,Stable,0.9473580502483313
2019-10-18,Stable,0.949566095330783
2019-10-22,Stable,0.9471311733043056
2019-10-23,Stable,0.9671428529174401
2019-10-24,Stable,0.9750256848180342
2019-10-25,Stable,0.9784914977960393
2019-10-29,Stable,0.9758484240101134
2019-10-30,Stable,0.9751154299660172
2019-10-31,Stable,0.9673187452281091
2019-11-01,Stable,0.9524484988015708
2019-11-04,Stable,0.9287973074441617
2019-11-05,Stable,0.8753942564361114
2019-11-06,Stable,0.8249001557140752
2019-11-07,Stable,0.7213240809607276
2019-11-08,Stable,0.5101896071451798
2019-11-11,Stable,0.503537742670062
2019-11-13,Stable,0.5568019192580382
2019-11-14,Stable,0.5719654825721066
2019-11-15,Stable,0.6057756681207022
2019-11-18,Stable,0.6196634287862445
2019-11-19,Stable,0.6501641530507013
2019-11-20,Stable,0.7445526023156639
2019-11-21,Stable,0.5134849202191901
2019-11-22,Stable,0.6559158396259471
2019-11-25,Stable,0.716776614334037
2019-11-26,Stable,0.8267308410089046
2019-11-27,Stable,0.8849415369047103
2019-11-28,Stable,0.9171717725199984
2019-11-29,Stable,0.9262519705177517
2019-12-02,Stable,0.93760076802302
2019-12-03,Stable,0.9437864620976758
2019-12-04,Stable,0.9539260339067875
2019-12-05,Stable,0.9587926975482486
2019-12-06,Stable,0.963867115931915
2019-12-09,Stable,0.9778095468557987
2019-12-10,Stable,0.9839135929876972
2019-12-11,Stable,0.9867829420508049
2019-12-12,Stable,0.9869462446227173
2019-12-13,Stable,0.9888625259160616
2019-12-16,Stable,0.9889508715658902
2019-12-17,Stable,0.988097852924522
2019-12-18,Stable,0.9864158885525347
2019-12-19,Stable,0.9884725130750265
2019-12-20,Stable,0.9892619413982188
2019-12-23,Stable,0.9895261324115117
2019-12-24,Stable,0.9882462523140982
2019-12-26,Stable,0.9846817217201677
2019-12-27,Stable,0.9860977090760717
2019-12-30,Stable,0.9880250645375597
2019-12-31,Stable,0.9875911046267319
2020-01-01,Stable,0.9877458391383731
2020-01-02,Stable,0.98541856354159
2020-01-03,Stable,0.9792521479183078
2020-01-06,Stable,0.9690903664070326
2020-01-07,Stable,0.9788971539542373
2020-01-08,Stable,0.9837939425752389
2020-01-09,Stable,0.9875308549921844
2020-01-10,Stable,0.9891878989578288
2020-01-13,Stable,0.9891937332920073
2020-01-14,Stable,0.9874371017257296
2020-01-15,Stable,0.9836140554108954
2020-01-16,Stable,0.9766533049023778
2020-01-17,Stable,0.962045084893468
2020-01-20,Stable,0.9647950499562774
2020-01-21,Stable,0.9696409799568837
2020-01-22,Stable,0.9656712160659985
2020-01-23,Stable,0.9522228022846193
2020-01-24,Stable,0.922764152218219
2020-01-27,Stable,0.8599035755182507
2020-01-28,Stable,0.8055492294390931
2020-01-29,Stable,0.6833865730223357
2020-01-30,Transitional,0.5717789983783029
2020-01-31,Transitional,0.6145232698344394
2020-02-03,Transitional,0.6546330867079001
2020-02-04,Transitional,0.5941960992083819
2020-02-05,Transitional,0.5420580641535587
2020-02-06,Transitional,0.5963465669006349
2020-02-07,Transitional,0.6363810378250156
2020-02-10,Transitional,0.6735986725757998
2020-02-11,Transitional,0.7007594632520321
2020-02-12,Transitional,0.6959753858845626
2020-02-13,Transitional,0.6690648446000048
2020-02-14,Transitional,0.605253235794633
2020-02-17,Transitional,0.5414930497347417
2020-02-18,Transitional,0.6216823263043467
2020-02-19,Transitional,0.798898018101277
2020-02-20,Transitional,0.8406505609799301
2020-02-24,Transitional,0.9292953140935163
2020-02-25,Transitional,0.8952362235394851
2020-02-26,Transitional,0.8388094151624345
2020-02-27,Transitional,0.729658548667569
2020-02-28,Volatile,0.5044570509264007
2020-03-02,Volatile,0.5959552615205614
2020-03-03,Volatile,0.8162383257995097
2020-03-04,Volatile,0.8251582349957676
2020-03-05,Volatile,0.8358099084321314
2020-03-06,Volatile,0.8603726360389461
2020-03-09,Volatile,0.908280202103986
2020-03-11,Volatile,0.9410063418874938
2020-03-12,Volatile,0.99999523377527
2020-03-13,Volatile,0.9999808605292754
2020-03-16,Volatile,0.999851054600546
2020-03-17,Volatile,0.9994283452094883
2020-03-18,Volatile,0.9995640414880391
2020-03-19,Volatile,0.9994707742043135
2020-03-20,Volatile,0.999933787992861
2020-03-23,Volatile,0.9999941245541578
2020-03-24,Volatile,0.9980815721970614
2020-03-25,Volatile,0.9954985043612743
2020-03-26,Volatile,0.9943532246149018
2020-03-27,Volatile,0.9942802696853776
2020-03-30,Volatile,0.9955770482920827
2020-03-31,Volatile,0.9984872030967805
2020-04-01,Volatile,0.9989321702554466
2020-04-03,Volatile,0.9999192239185744
2020-04-07,Volatile,0.9999999925767042
2020-04-08,Volatile,0.9905716119412286
2020-04-09,Volatile,0.9626901720603258
2020-04-13,Volatile,0.6650721099617344
2020-04-15,Transitional,0.6552163561326431
2020-04-16,Transitional,0.7472885693897058
2020-04-17,Transitional,0.746713725160863
2020-04-20,Transitional,0.733987839326242
2020-04-21,Transitional,0.7453799006786814
2020-04-22,Transitional,0.603218950594939
2020-04-23,Transitional,0.5416708670544428
2020-04-24,Transitional,0.533535227850223
2020-04-27,Transitional,0.5300481423122101
2020-04-28,Transitional,0.5606213242397075
2020-04-29,Transitional,0.5544286115146562
2020-04-30,Transitional,0.5975380171400735
2020-05-04,Transitional,0.6089709040142977
2020-05-05,Transitional,0.5751285477702041
2020-05-06,Transitional,0.6270530069189217
2020-05-07,Transitional,0.63283707166751
2020-05-08,Transitional,0.6224491570913122
2020-05-11,Transitional,0.6838431922917954
2020-05-12,Transitional,0.7035675426584141
2020-05-13,Transitional,0.6991255916372952
2020-05-14,Transitional,0.69319667003039
2020-05-15,Transitional,0.6408594148779752
2020-05-18,Transitional,0.5655307963849323
2020-05-19,Transitional,0.6074902713635769
2020-05-20,Transitional,0.9712143773466414
2020-05-21,Transitional,0.834019786388463
2020-05-22,Transitional,0.7700372613619377
2020-05-26,Transitional,0.7477240078083963
2020-05-27,Transitional,0.7240882406228664
2020-05-28,Transitional,0.7450439156597066
2020-05-29,Transitional,0.8256064813050916
2020-06-01,Stable,0.6301742930232905
2020-06-02,Stable,0.5446645066207841
2020-06-03,Stable,0.5213745332385868
2020-06-04,Stable,0.5472320777718865
2020-06-05,Stable,0.5016187917770569
2020-06-08,Stable,0.5071446409039514
2020-06-09,Stable,0.5094043608403921
2020-06-10,Stable,0.5649659661397195
2020-06-11,Stable,0.5686559051534039
2020-06-12,Stable,0.7256522714543875
2020-06-15,Stable,0.8000280909247668
2020-06-16,Stable,0.8265575214013108
2020-06-17,Stable,0.8338301691754906
2020-06-18,Stable,0.8125890011687349
2020-06-19,Stable,0.7486047506692144
2020-06-22,Stable,0.6045806053879776
2020-06-23,Stable,0.5716445948016711
2020-06-24,Stable,0.5355342897609842
2020-06-25,Stable,0.6982232153374455
2020-06-26,Stable,0.7894047093214048
2020-06-29,Stable,0.8395004595596698
2020-06-30,Stable,0.8533865406334981
2020-07-01,Stable,0.8977757994429664
2020-07-02,Stable,0.9414004054304091
2020-07-03,Stable,0.963847596146511
2020-07-06,Stable,0.9727710313056588
2020-07-07,Stable,0.9790595714226938
2020-07-08,Stable,0.9805004163440459
2020-07-09,Stable,0.9791888883288257
2020-07-10,Stable,0.972214777888633
2020-07-13,Stable,0.9610197457961355
2020-07-14,Stable,0.9350432896141536
2020-07-15,Stable,0.8817738153288776
2020-07-16,Stable,0.776432012796848
2020-07-17,Stable,0.7056160506240253
2020-07-20,Stable,0.5800179688173184
2020-07-21,Stable,0.5232388800952785
2020-07-22,Stable,0.501317663945676
2020-07-23,Stable,0.5893205510315592
2020-07-24,Stable,0.6792093953656213
2020-07-27,Transitional,0.8131441176074864
2020-07-28,Transitional,0.8681591885578633
2020-07-29,Transitional,0.9889427896504607
2020-07-30,Transitional,0.9934186249268706
2020-07-31,Transitional,0.9930268372335641
2020-08-03,Transitional,0.940800605143562
2020-08-04,Transitional,0.9259116680615147
2020-08-05,Transitional,0.9064376910618525
2020-08-06,Transitional,0.9149627157685049
2020-08-07,Transitional,0.9384416340783458
2020-08-10,Transitional,0.990869876595626
2020-08-11,Transitional,0.9040079979702527
2020-08-12,Transitional,0.7811376149042495
2020-08-13,Stable,0.5690490934123202
2020-08-14,Stable,0.604960297459065
2020-08-17,Stable,0.7746383239243376
2020-08-18,Stable,0.8651042236871663
2020-08-19,Stable,0.906723099125734
2020-08-20,Stable,0.9255210085394276
2020-08-21,Stable,0.9250962853281803
2020-08-24,Stable,0.9092014238476633
2020-08-25,Stable,0.8717443034980257
2020-08-26,Stable,0.8095355137999517
2020-08-27,Stable,0.6776596620172706
2020-08-28,Stable,0.5402325574043643
2020-08-31,Transitional,0.9987521403755565
2020-09-01,Transitional,0.9818676382980766
2020-09-02,Transitional,0.919658324008286
2020-09-03,Transitional,0.8999861606464253
2020-09-04,Transitional,0.9057871404824744
2020-09-07,Transitional,0.8605279799862944
2020-09-08,Transitional,0.8580929292602871
2020-09-09,Transitional,0.834716607909747
2020-09-10,Transitional,0.7792661072707785
2020-09-11,Transitional,0.7737871026786166
2020-09-14,Transitional,0.8155217122566374
2020-09-15,Transitional,0.8931328549817156
2020-09-16,Transitional,0.9291190933555132
2020-09-17,Transitional,0.9352651463783769
2020-09-18,Transitional,0.9689648445221368
2020-09-21,Transitional,0.9712199913271595
2020-09-22,Transitional,0.9700207286016748
2020-09-23,Transitional,0.9801696550359331
2020-09-24,Transitional,0.9883120411768588
2020-09-25,Transitional,0.9644792033730544
2020-09-28,Transitional,0.8717696361245282
2020-09-29,Transitional,0.7405492029984243
2020-09-30,Transitional,0.659036784131413
2020-10-01,Transitional,0.6346219510327751
2020-10-05,Transitional,0.6578839277578332
2020-10-06,Transitional,0.6635433497010819
2020-10-07,Transitional,0.7215313303088438
2020-10-08,Transitional,0.8169741984010438
2020-10-09,Transitional,0.8091615727158347
2020-10-12,Transitional,0.7928824832268153
2020-10-13,Transitional,0.8074605611491126
2020-10-14,Transitional,0.7776042269625775
2020-10-15,Transitional,0.7776813457565268
2020-10-16,Transitional,0.7176294306241284
2020-10-19,Transitional,0.6547709114390604
2020-10-20,Transitional,0.5086441673852651
2020-10-21,Transitional,0.5500731522076777
2020-10-22,Transitional,0.5559980648280423
2020-10-23,Transitional,0.5441637062615154
2020-10-26,Transitional,0.5129810090511203
2020-10-27,Transitional,0.5380928641490477
2020-10-28,Transitional,0.5543510574728959
2020-10-29,Transitional,0.5287769234640454
2020-10-30,Transitional,0.5222323918333744
2020-11-02,Transitional,0.567450641574606
2020-11-03,Transitional,0.6591600919430526
2020-11-04,Transitional,0.7269765879599532
2020-11-05,Transitional,0.7255528676687466
2020-11-06,Transitional,0.7609577033895772
2020-11-09,Transitional,0.8331772379723741
2020-11-10,Transitional,0.9978884204446105
2020-11-11,Transitional,0.9940472347856082
2020-11-12,Stable,0.6386914729927927
2020-11-13,Stable,0.52641821732735
2020-11-17,Stable,0.6383942650776756
2020-11-18,Stable,0.6876056718875443
2020-11-19,Stable,0.7088044850664316
2020-11-20,Stable,0.6968768146844196
2020-11-23,Stable,0.6451172808440332
2020-11-24,Stable,0.631017712049041
2020-11-25,Stable,0.6035794149436038
2020-11-26,Stable,0.6826316585006653
2020-11-27,Stable,0.7625052884772854
2020-12-01,Stable,0.790953648088235
2020-12-02,Stable,0.8499685880300855
2020-12-03,Stable,0.8709276288784602
2020-12-04,Stable,0.877955970544194
2020-12-07,Stable,0.8804902524926476
2020-12-08,Stable,0.8998615422120304
2020-12-09,Stable,0.928321439796915
2020-12-10,Stable,0.935957366560184
2020-12-11,Stable,0.9273170481409745
2020-12-14,Stable,0.9079095499683785
2020-12-15,Stable,0.8678121449180212
2020-12-16,Stable,0.7831338903495517
2020-12-17,Stable,0.6453348991227411
2020-12-18,Stable,0.6388718349447492
2020-12-21,Transitional,0.9859981285643296
2020-12-22,Transitional,0.91730463938974
2020-12-23,Transitional,0.7034894253799534
2020-12-24,Stable,0.5550637252807518
2020-12-28,Stable,0.7584481530714201
2020-12-29,Stable,0.8617240663695969
2020-12-30,Stable,0.9125839607344173
2020-12-31,Stable,0.9346693838041604
2021-01-01,Stable,0.9427214038182324
2021-01-04,Stable,0.9390785556911915
2021-01-05,Stable,0.9330801705627776
2021-01-06,Stable,0.9073864837195466
2021-01-07,Stable,0.8552846567919371
2021-01-08,Stable,0.7590603159343987
2021-01-11,Stable,0.6875898217357687
2021-01-12,Stable,0.578892085810901
2021-01-13,Stable,0.5132694187393103
2021-01-14,Stable,0.6344018262236186
2021-01-15,Transitional,0.8518793938614706
2021-01-18,Transitional,0.9619639199664702
2021-01-19,Transitional,0.9437844352559533
2021-01-20,Transitional,0.9229606031772242
2021-01-21,Transitional,0.9359468492852121
2021-01-22,Transitional,0.9441786885663094
2021-01-25,Transitional,0.9571301084704289
2021-01-27,Transitional,0.9683594321179432
2021-01-28,Transitional,0.9533038595321707
2021-01-29,Transitional,0.9556993116778763
2021-02-01,Transitional,0.9377747202378064
2021-02-02,Transitional,0.9443100305816093
2021-02-03,Transitional,0.9274882671601992
2021-02-04,Stable,0.6798776063250156
2021-02-05,Stable,0.5690309426913145
2021-02-08,Stable,0.5784156861095137
2021-02-09,Stable,0.6391037810372627
2021-02-10,Stable,0.7103821168017274
2021-02-11,Stable,0.7392024094334468
2021-02-12,Stable,0.7281768252723055
2021-02-15,Stable,0.7191531426889224
2021-02-16,Stable,0.6716303702057226
2021-02-17,Stable,0.5576258073077742
2021-02-18,Stable,0.5223934314777203
2021-02-19,Stable,0.5589626356745164
2021-02-22,Stable,0.6161084024478128
2021-02-23,Stable,0.5448100680672022
2021-02-24,Stable,0.6134329772323314
2021-02-25,Stable,0.6278635990810758
2021-02-26,Stable,0.6120402365501779
2021-03-01,Stable,0.6569840978507391
2021-03-02,Stable,0.6990587709604089
2021-03-03,Stable,0.7376589156805251
2021-03-04,Stable,0.7532289927370281
2021-03-05,Stable,0.7341522039716453
2021-03-08,Stable,0.7294100705596573
2021-03-09,Stable,0.6825412665758493
2021-03-10,Stable,0.615292159162511
2021-03-12,Stable,0.5532529854349527
2021-03-15,Stable,0.5175656060362724
2021-03-16,Stable,0.5703782766402051
2021-03-17,Stable,0.7033492661647754
2021-03-18,Stable,0.7347611553037605
2021-03-19,Stable,0.6272985033743441
2021-03-22,Stable,0.5375473759072241
2021-03-23,Stable,0.5692804959990032
2021-03-24,Stable,0.6101737737331179
2021-03-25,Stable,0.6032954903745954
2021-03-26,Stable,0.5776186152851012
2021-03-30,Stable,0.5019555323111061
2021-03-31,Stable,0.5900785855082884
2021-04-01,Stable,0.6237141422226232
2021-04-05,Stable,0.6246650359638496
2021-04-06,Stable,0.5862163224211314
2021-04-07,Stable,0.5769254569638587
2021-04-08,Stable,0.5195625959659698
2021-04-09,Stable,0.6212158182009104
2021-04-12,Stable,0.5021807995501103
2021-04-13,Stable,0.5470087891082207
2021-04-15,Stable,0.6017139101379123
2021-04-16,Stable,0.6538877128971686
2021-04-19,Stable,0.7723114508711982
2021-04-20,Stable,0.8228268722691803
2021-04-22,Stable,0.8671030528770216
2021-04-23,Stable,0.8839582412814848
2021-04-26,Stable,0.8822181089064616
2021-04-27,Stable,0.8751935814485275
2021-04-28,Stable,0.8459632880515897
2021-04-29,Stable,0.780428774393232
2021-04-30,Stable,0.6372914502855282
2021-05-03,Stable,0.5329387752255579
2021-05-04,Transitional,0.8961989864504631
2021-05-05,Transitional,0.991993274524687
2021-05-06,Transitional,0.8540259128227835
2021-05-07,Transitional,0.7936419651370686
2021-05-10,Transitional,0.7845427157172885
2021-05-11,Stable,0.5272391097803323
2021-05-12,Stable,0.6997820485158943
2021-05-14,Stable,0.777931090325884
2021-05-17,Stable,0.87751389887416
2021-05-18,Stable,0.9262457391200125
2021-05-19,Stable,0.9487324279860077
2021-05-20,Stable,0.9704068195485811
2021-05-21,Stable,0.9815230849824147
2021-05-24,Stable,0.9864559185989143
2021-05-25,Stable,0.9882307567400311
2021-05-26,Stable,0.9881209836554548
2021-05-27,Stable,0.9857468961556782
2021-05-28,Stable,0.9805972369870921
2021-05-31,Stable,0.9844642103904389
2021-06-01,Stable,0.9878348518130696
2021-06-02,Stable,0.9887365999445166
2021-06-03,Stable,0.9893165235168745
2021-06-04,Stable,0.9892498578574173
2021-06-07,Stable,0.9877709389194881
2021-06-08,Stable,0.9847011509463804
2021-06-09,Stable,0.9814002115986974
2021-06-10,Stable,0.9762582017068461
2021-06-11,Stable,0.977862692982633
2021-06-14,Stable,0.9802092425853955
2021-06-15,Stable,0.9775826628839801
2021-06-16,Stable,0.9779198550280852
2021-06-17,Stable,0.979078469910305
2021-06-18,Stable,0.9844996501062117
2021-06-21,Stable,0.9877160567735314
2021-06-22,Stable,0.9886691756419679
2021-06-23,Stable,0.9875970040084004
2021-06-24,Stable,0.9872405847128299
2021-06-25,Stable,0.9859416261399434
2021-06-28,Stable,0.9836847282646107
2021-06-29,Stable,0.9865627759028298
2021-06-30,Stable,0.9876410299422116
2021-07-01,Stable,0.9868024765003892
2021-07-02,Stable,0.9872668854560339
2021-07-05,Stable,0.9864299795560578
2021-07-06,Stable,0.982589015705949
2021-07-07,Stable,0.981727427283291
2021-07-08,Stable,0.9759363414780029
2021-07-09,Stable,0.9814910557861856
2021-07-12,Stable,0.983690423718762
2021-07-13,Stable,0.9817200214396263
2021-07-14,Stable,0.9762867910300014
2021-07-15,Stable,0.9628954923905345
2021-07-16,Stable,0.9366301336507304
2021-07-19,Stable,0.9053311007408672
2021-07-20,Stable,0.8351701175733905
2021-07-22,Stable,0.7854120887377327
2021-07-23,Stable,0.6836103006309169
2021-07-26,Stable,0.537751910610649
2021-07-27,Transitional,0.9981429489195379
2021-07-28,Transitional,0.9620564836931055
2021-07-29,Transitional,0.9541103118117814
2021-07-30,Transitional,0.9720189782720474
2021-08-02,Stable,0.556289935192337
2021-08-03,Stable,0.6413975865074982
2021-08-04,Stable,0.7935833661872195
2021-08-05,Stable,0.8735793797401582
2021-08-06,Stable,0.9094673996595515
2021-08-09,Stable,0.925416261878327
2021-08-10,Stable,0.9222915556159731
2021-08-11,Stable,0.9007699316495449
2021-08-12,Stable,0.9026824239923124
2021-08-13,Stable,0.9099315416760213
2021-08-16,Stable,0.9055191744727578
2021-08-17,Stable,0.8883064362354947
2021-08-18,Stable,0.843062922630938
2021-08-20,Stable,0.7405319078569949
2021-08-23,Stable,0.8267346902494881
2021-08-24,Stable,0.863095205803241
2021-08-25,Stable,0.8956174645187016
2021-08-26,Stable,0.9058386044474828
2021-08-27,Stable,0.9020508244749726
2021-08-30,Stable,0.9023419362729183
2021-08-31,Stable,0.9404627684473694
2021-09-01,Stable,0.9637006550963828
2021-09-02,Stable,0.9743006859051458
2021-09-03,Stable,0.982865674629834
2021-09-06,Stable,0.9862419495428036
2021-09-07,Stable,0.9866257396411894
2021-09-08,Stable,0.9884804690264445
2021-09-09,Stable,0.9892855903407727
2021-09-13,Stable,0.9888618949378074
2021-09-14,Stable,0.9866378400787735
2021-09-15,Stable,0.9811656025519184
2021-09-16,Stable,0.9706960204591458
2021-09-17,Stable,0.9481908838295244
2021-09-20,Stable,0.9255766912135606
2021-09-21,Stable,0.9437145254509101
2021-09-22,Stable,0.9634538938070745
2021-09-23,Stable,0.970957429175753
2021-09-24,Stable,0.9700799609997106
2021-09-27,Stable,0.9667717443483625
2021-09-28,Stable,0.9661836300445119
2021-09-29,Stable,0.9552936908705345
2021-09-30,Stable,0.9589749498881246
2021-10-01,Stable,0.9517959545868827
2021-10-04,Stable,0.9361707601815443
2021-10-05,Stable,0.9317768021139423
2021-10-06,Stable,0.9155609694605553
2021-10-07,Stable,0.9482594116751346
2021-10-08,Stable,0.9654444041043643
2021-10-11,Stable,0.9733030420422696
2021-10-12,Stable,0.9758704350549405
2021-10-13,Stable,0.9714555505876687
2021-10-14,Stable,0.9578887372711343
2021-10-18,Stable,0.9275000313074655
2021-10-19,Stable,0.8920073547961476
2021-10-20,Stable,0.8825248413360186
2021-10-21,Stable,0.8956640748967178
2021-10-22,Stable,0.8860727498626698
2021-10-25,Stable,0.9063030432007118
2021-10-26,Stable,0.9046024886450351
2021-10-27,Stable,0.8792591216135064
2021-10-28,Stable,0.8324377771797015
2021-10-29,Stable,0.8887187703833886
2021-11-01,Stable,0.9167081976481557
2021-11-02,Stable,0.9415159518545773
2021-11-03,Stable,0.9523674532931868
2021-11-04,Stable,0.9597939743183298
2021-11-08,Stable,0.9565644882889559
2021-11-09,Stable,0.949636287735279
2021-11-10,Stable,0.9263388548937117
2021-11-11,Stable,0.8731734251389461
2021-11-12,Stable,0.8449005555898388
2021-11-15,Stable,0.7746450430057656
2021-11-16,Stable,0.7093330386143575
2021-11-17,Stable,0.6588072364640875
2021-11-18,Stable,0.6236246381498993
2021-11-22,Stable,0.5815102844196408
2021-11-23,Stable,0.5988104311723266
2021-11-24,Stable,0.6570876348290102
2021-11-25,Stable,0.6817587938482295
2021-11-26,Stable,0.6921877775977019
2021-11-29,Stable,0.7263537002046254
2021-11-30,Stable,0.759320613302548
2021-12-01,Stable,0.7533642831093901
2021-12-02,Stable,0.7895989737377607
2021-12-03,Stable,0.8001996218863157
2021-12-06,Stable,0.7995760230415948
2021-12-07,Stable,0.8724360846404682
2021-12-08,Stable,0.9032361191766813
2021-12-09,Stable,0.9446924551110486
2021-12-10,Stable,0.9629282605210391
2021-12-13,Stable,0.9689545275345051
2021-12-14,Stable,0.9665038924674709
2021-12-15,Stable,0.9632040669002538
2021-12-16,Stable,0.9532134062305917
2021-12-17,Stable,0.9429843220818032
2021-12-20,Stable,0.9430743112091258
2021-12-21,Stable,0.9310723693370816
2021-12-22,Stable,0.9039397762766263
2021-12-23,Stable,0.9142716209687287
2021-12-24,Stable,0.9093344375700264
2021-12-27,Stable,0.9106199837124406
2021-12-28,Stable,0.9272101881716837
2021-12-29,Stable,0.9337820583100785
2021-12-30,Stable,0.9599530644733854
2021-12-31,Stable,0.9716842022532362
2022-01-03,Stable,0.9764365585812548
2022-01-04,Stable,0.977809330251288
2022-01-05,Stable,0.9810915211901398
2022-01-06,Stable,0.9807776149589027
2022-01-07,Stable,0.9801774487087899
2022-01-10,Stable,0.9764849590951072
2022-01-11,Stable,0.9653132737892647
2022-01-12,Stable,0.9404975773041873
2022-01-13,Stable,0.8896340382941779
2022-01-14,Stable,0.8543230496396349
2022-01-17,Stable,0.7935210229625572
2022-01-18,Stable,0.7010525721929913
2022-01-19,Stable,0.6177368542179951
2022-01-20,Stable,0.5648295718394363
2022-01-21,Stable,0.6464500008036845
2022-01-24,Stable,0.6816845431772848
2022-01-25,Stable,0.6549230489709554
2022-01-27,Stable,0.6688475142519711
2022-01-28,Stable,0.6149273425435601
2022-01-31,Stable,0.5915617258799963
2022-02-01,Stable,0.5642410314431903
2022-02-02,Stable,0.5916585402695742
2022-02-03,Stable,0.7148794660296478
2022-02-04,Stable,0.7698911458952301
2022-02-07,Stable,0.7861545696006754
2022-02-08,Stable,0.8329041491243879
2022-02-09,Stable,0.8454945020533429
2022-02-10,Stable,0.8414748565331466
2022-02-11,Stable,0.8050467655248406
2022-02-14,Stable,0.7475964956978748
2022-02-15,Stable,0.7656007013119194
2022-02-16,Stable,0.756569614115302
2022-02-17,Stable,0.708553285754611
2022-02-18,Stable,0.6314242192116086
2022-02-21,Stable,0.5254793442549116
2022-02-22,Stable,0.5507690145539883
2022-02-23,Stable,0.6905292415659156
2022-02-24,Transitional,0.9971753662636351
2022-02-25,Transitional,0.994139783384475
2022-02-28,Transitional,0.8859087855412614
2022-03-02,Transitional,0.8452738298712472
2022-03-03,Transitional,0.7174684058390829
2022-03-04,Transitional,0.6603913077822267
2022-03-07,Transitional,0.6507394727145356
2022-03-08,Transitional,0.681814573009211
2022-03-09,Transitional,0.6185918420770751
2022-03-10,Transitional,0.5304023955218814
2022-03-11,Transitional,0.506127882118051
2022-03-14,Stable,0.723941963872461
2022-03-15,Stable,0.8452183244283563
2022-03-16,Stable,0.9057111954066634
2022-03-17,Stable,0.9326473942719393
2022-03-21,Stable,0.9595759691104262
2022-03-22,Stable,0.9709303031260417
2022-03-23,Stable,0.9748124442019012
2022-03-24,Stable,0.9720319657246325
2022-03-25,Stable,0.9706792833166065
2022-03-28,Stable,0.9709827919785322
2022-03-29,Stable,0.9650525023579577
2022-03-30,Stable,0.9698543859025621
2022-03-31,Stable,0.967012191348069
2022-04-01,Stable,0.9731062721123693
2022-04-04,Stable,0.9715825211294185
2022-04-05,Stable,0.9806682851867661
2022-04-06,Stable,0.9837453318686412
2022-04-07,Stable,0.9846624380971338
2022-04-08,Stable,0.9822600137157809
2022-04-11,Stable,0.9746305670290449
2022-04-12,Stable,0.9576184478637075
2022-04-13,Stable,0.9339043661981662
2022-04-18,Stable,0.8812546497182967
2022-04-19,Stable,0.7843955339213232
2022-04-20,Stable,0.7254081512898793
2022-04-21,Stable,0.6315431028335388
2022-04-22,Stable,0.5048993533546262
2022-04-25,Stable,0.5248459195311154
2022-04-26,Stable,0.5403716354939524
2022-04-27,Stable,0.5783470633586417
2022-04-28,Stable,0.5856959277341662
2022-04-29,Stable,0.5626536857204927
2022-05-02,Stable,0.5176364202774282
2022-05-04,Transitional,0.7022068686573031
2022-05-05,Transitional,0.6531428071088953
2022-05-06,Transitional,0.6330445651006543
2022-05-09,Transitional,0.5881463427985785
2022-05-10,Transitional,0.5900390962849528
2022-05-11,Transitional,0.5652064468605487
2022-05-12,Transitional,0.5843051086468751
2022-05-13,Transitional,0.6110940958453629
2022-05-16,Transitional,0.6231368328085924
2022-05-17,Transitional,0.689238143660879
2022-05-18,Transitional,0.7951638677822174
2022-05-19,Transitional,0.9596086178739921
2022-05-20,Transitional,0.9907955130444129
2022-05-23,Transitional,0.882418753644115
2022-05-24,Transitional,0.7478594600997732
2022-05-25,Transitional,0.522914920016835
2022-05-26,Stable,0.7074076754042791
2022-05-27,Stable,0.814362285348618
2022-05-30,Stable,0.8781499523987614
2022-05-31,Stable,0.9037796469434085
2022-06-01,Stable,0.9134534200661049
2022-06-02,Stable,0.9366597304571781
2022-06-03,Stable,0.9426164531441621
2022-06-06,Stable,0.9421944707674815
2022-06-07,Stable,0.9261566309936256
2022-06-08,Stable,0.9144642061766227
2022-06-09,Stable,0.8778768852449562
2022-06-10,Stable,0.8328371149584571
2022-06-13,Stable,0.7429877463029123
2022-06-14,Stable,0.7323698641324068
2022-06-15,Stable,0.6760377235336689
2022-06-16,Stable,0.5433935018649189
2022-06-17,Stable,0.5196575148296575
2022-06-20,Stable,0.5377461938142254
2022-06-21,Stable,0.5432455548939845
2022-06-22,Stable,0.6249886918309222
2022-06-23,Stable,0.7329092218664571
2022-06-24,Stable,0.8652413109811588
2022-06-27,Stable,0.929832861325383
2022-06-28,Stable,0.9607198929128039
2022-06-29,Stable,0.97518350320553
2022-06-30,Stable,0.9811690526834771
2022-07-01,Stable,0.9844054855323954
2022-07-04,Stable,0.9870985578381091
2022-07-05,Stable,0.9886581421265506
2022-07-06,Stable,0.9881556711031626
2022-07-07,Stable,0.9880857437382126
2022-07-08,Stable,0.986364379967742
2022-07-11,Stable,0.9821409910673358
2022-07-12,Stable,0.9776798634564814
2022-07-13,Stable,0.9767051908974931
2022-07-14,Stable,0.9824399333227434
2022-07-15,Stable,0.9863082184221091
2022-07-18,Stable,0.9869739176799865
2022-07-19,Stable,0.9854232069426789
2022-07-20,Stable,0.9813891622378456
2022-07-21,Stable,0.9714453950078099
2022-07-22,Stable,0.9551200512946109
2022-07-25,Stable,0.9227150841029559
2022-07-26,Stable,0.891305948587339
2022-07-27,Stable,0.8685347635431774
2022-07-28,Stable,0.9180349919417014
2022-07-29,Stable,0.93829664249624
2022-08-01,Stable,0.9490899478985573
2022-08-02,Stable,0.9463617843304215
2022-08-03,Stable,0.9277997360996532
2022-08-04,Stable,0.9018339328706476
2022-08-05,Stable,0.9439966159047085
2022-08-08,Stable,0.9660496188565835
2022-08-10,Stable,0.9753452564336873
2022-08-11,Stable,0.9770415132237484
2022-08-12,Stable,0.9731567616986504
2022-08-16,Stable,0.9777189733262464
2022-08-17,Stable,0.9772133061724763
2022-08-18,Stable,0.9702884878613275
2022-08-19,Stable,0.9556791329257858
2022-08-22,Stable,0.9459051483500287
2022-08-23,Stable,0.9652160369235578
2022-08-24,Stable,0.9761246053768446
2022-08-25,Stable,0.9812234591718648
2022-08-26,Stable,0.9835044022546645
2022-08-29,Stable,0.9820085878852368
2022-08-30,Stable,0.9769695046966341
2022-09-01,Stable,0.9755250210002611
2022-09-02,Stable,0.9821598567920947
2022-09-05,Stable,0.9859374019929008
2022-09-06,Stable,0.9870651956099352
2022-09-07,Stable,0.9854784278693982
2022-09-08,Stable,0.9832260760587973
2022-09-09,Stable,0.9765321169033914
2022-09-12,Stable,0.961464274650703
2022-09-13,Stable,0.9290148038265061
2022-09-14,Stable,0.8603704252572751
2022-09-15,Stable,0.7414729764816094
2022-09-16,Stable,0.6477508770885382
2022-09-19,Stable,0.5851749236513333
2022-09-20,Stable,0.5654184108217262
2022-09-21,Stable,0.5654739579702871
2022-09-22,Stable,0.749559271718537
2022-09-23,Stable,0.8351607474748562
2022-09-26,Stable,0.8710381103208173
2022-09-27,Stable,0.9087903069770262
2022-09-28,Stable,0.9324393603401483
2022-09-29,Stable,0.9439619912645698
2022-09-30,Stable,0.9589097032317301
2022-10-03,Stable,0.965397604506501
2022-10-04,Stable,0.9720705586673082
2022-10-06,Stable,0.9754656142245358
2022-10-07,Stable,0.9740436828768387
2022-10-10,Stable,0.9678553457954413
2022-10-11,Stable,0.9617791001104673
2022-10-12,Stable,0.9774936159300356
2022-10-13,Stable,0.9847038709713466
2022-10-14,Stable,0.9876343979734489
2022-10-17,Stable,0.989570341519404
2022-10-18,Stable,0.9899133860133769
2022-10-19,Stable,0.9888208253252426
2022-10-20,Stable,0.9856543447734212
2022-10-21,Stable,0.9796558518287003
2022-10-24,Stable,0.9760668120740156
2022-10-25,Stable,0.9671132749004379
2022-10-27,Stable,0.9463859779545587
2022-10-28,Stable,0.9133511424459906
2022-10-31,Stable,0.8991426946373179
2022-11-01,Stable,0.8832792917955099
2022-11-02,Stable,0.916899627913838
2022-11-03,Stable,0.9281550213965423
2022-11-04,Stable,0.921408604161541
2022-11-07,Stable,0.917018644716733
2022-11-09,Stable,0.9333282937614793
2022-11-10,Stable,0.9568855403476694
2022-11-11,Stable,0.9751314154816837
2022-11-14,Stable,0.9836023984786256
2022-11-15,Stable,0.9872464101636452
2022-11-16,Stable,0.9880719808232038
2022-11-17,Stable,0.9878900934632681
2022-11-18,Stable,0.9872276356101728
2022-11-21,Stable,0.9884380933954252
2022-11-22,Stable,0.9903729832595662
2022-11-23,Stable,0.9912297342175573
2022-11-24,Stable,0.9914737771557466
2022-11-25,Stable,0.9911153190831563
2022-11-28,Stable,0.9912094931753764
2022-11-29,Stable,0.9905424677730061
2022-11-30,Stable,0.99064653307623
2022-12-01,Stable,0.990151999826752
2022-12-02,Stable,0.9889836835287101
2022-12-05,Stable,0.9869272769382165
2022-12-06,Stable,0.9830264514043267
2022-12-07,Stable,0.9808490706434071
2022-12-08,Stable,0.9787999078652736
2022-12-09,Stable,0.984033444273082
2022-12-12,Stable,0.9853282716733376
2022-12-13,Stable,0.98367374805475
2022-12-14,Stable,0.9777245863378343
2022-12-15,Stable,0.9668135617850288
2022-12-16,Stable,0.9491546171801969
2022-12-19,Stable,0.9491580352739531
2022-12-20,Stable,0.9346035630713314
2022-12-21,Stable,0.9000417811704384
2022-12-22,Stable,0.9356841579289544
2022-12-23,Stable,0.9510219803966081
2022-12-26,Stable,0.9644455417536739
2022-12-27,Stable,0.9774377978055373
2022-12-28,Stable,0.982618578466029
2022-12-29,Stable,0.9868476902311867
2022-12-30,Stable,0.988063769817069
2023-01-02,Stable,0.9882371958607152
2023-01-03,Stable,0.9879294869266685
2023-01-04,Stable,0.9873650887489673
2023-01-05,Stable,0.9847177393214974
2023-01-06,Stable,0.9839787160517801
2023-01-09,Stable,0.9855701353504563
2023-01-10,Stable,0.9878559936881219
2023-01-11,Stable,0.9879048341931025
2023-01-12,Stable,0.9898914956404382
2023-01-13,Stable,0.9907210407878051
2023-01-16,Stable,0.9906937001827939
2023-01-17,Stable,0.9899214048681023
2023-01-18,Stable,0.9880259512152525
2023-01-19,Stable,0.9855601639352964
2023-01-20,Stable,0.9807599291687983
2023-01-23,Stable,0.9768707476922941
2023-01-24,Stable,0.9709651602189816
2023-01-25,Stable,0.9692891031183272
2023-01-27,Stable,0.9778179639441114
2023-01-30,Stable,0.9808789677904864
2023-01-31,Stable,0.9796495747776736
2023-02-01,Stable,0.9836767891904455
2023-02-02,Stable,0.9836901725122357
2023-02-03,Stable,0.9818486753625781
2023-02-06,Stable,0.985430356926619
2023-02-07,Stable,0.9854957283759302
2023-02-08,Stable,0.9822424127606313
2023-02-09,Stable,0.9856623518060296
2023-02-10,Stable,0.9881082419466763
2023-02-13,Stable,0.9882135126052334
2023-02-14,Stable,0.988658518559062
2023-02-15,Stable,0.9876673147770829
2023-02-16,Stable,0.9844775493543474
2023-02-17,Stable,0.9778820880328094
2023-02-20,Stable,0.9802704277848988
2023-02-21,Stable,0.9848084911192222
2023-02-22,Stable,0.9869089593105194
2023-02-23,Stable,0.9871415027038731
2023-02-24,Stable,0.9854516025889772
2023-02-27,Stable,0.9800640623612882
2023-02-28,Stable,0.9762239076136119
2023-03-01,Stable,0.9845877818848925
2023-03-02,Stable,0.988377157881805
2023-03-03,Stable,0.9900249400349261
2023-03-06,Stable,0.9902644969444128
2023-03-08,Stable,0.9892622025300531
2023-03-09,Stable,0.9890655622904982
2023-03-10,Stable,0.9891084951276643
2023-03-13,Stable,0.9878477191942541
2023-03-14,Stable,0.9894127363424092
2023-03-15,Stable,0.9894049914379139
2023-03-16,Stable,0.9878415994305849
2023-03-17,Stable,0.9879318915505932
2023-03-20,Stable,0.9890814422297318
2023-03-21,Stable,0.9888107325609942
2023-03-22,Stable,0.9876040535764261
2023-03-23,Stable,0.9890919851475004
2023-03-24,Stable,0.9887521368237802
2023-03-27,Stable,0.9872603052229522
2023-03-28,Stable,0.9889086819490512
2023-03-29,Stable,0.9889501572498558
2023-03-31,Stable,0.9882626896461019
2023-04-03,Stable,0.9867744757674884
2023-04-05,Stable,0.9827226963300822
2023-04-06,Stable,0.9788220556424868
2023-04-10,Stable,0.9717268466497586
2023-04-11,Stable,0.9542190039989893
2023-04-12,Stable,0.9164490493530276
2023-04-13,Stable,0.9319187768549708
2023-04-17,Stable,0.9415761998833252
2023-04-18,Stable,0.943460761345361
2023-04-19,Stable,0.960620301257843
2023-04-20,Stable,0.9650053449853105
2023-04-21,Stable,0.9764613740672652
2023-04-24,Stable,0.9811553662052546
2023-04-25,Stable,0.9867503510753751
2023-04-26,Stable,0.9891960788206126
2023-04-27,Stable,0.9899104785156727
2023-04-28,Stable,0.989891100042825
2023-05-02,Stable,0.9906322343034443
2023-05-03,Stable,0.9909735500259267
2023-05-04,Stable,0.9906074017048614
2023-05-05,Stable,0.9900323816599554
2023-05-08,Stable,0.9896990880085428
2023-05-09,Stable,0.9882888771925288
2023-05-10,Stable,0.9850088612284486
2023-05-11,Stable,0.9776643180335426
2023-05-12,Stable,0.981222738341497
2023-05-15,Stable,0.9836913192643235
2023-05-16,Stable,0.9821179952812705
2023-05-17,Stable,0.9769401292101398
2023-05-18,Stable,0.9677412891190467
2023-05-19,Stable,0.9701288879931735
2023-05-22,Stable,0.9761461766790499
2023-05-23,Stable,0.981384950140583
2023-05-24,Stable,0.9828066215940197
2023-05-25,Stable,0.9855929980229984
2023-05-26,Stable,0.984933646015947
2023-05-29,Stable,0.9881411338350963
2023-05-30,Stable,0.9889579626583496
2023-05-31,Stable,0.9884634766725983
2023-06-01,Stable,0.9870220958044453
2023-06-02,Stable,0.9883783645708676
2023-06-05,Stable,0.9893761354523651
2023-06-06,Stable,0.9887375699451394
2023-06-07,Stable,0.9873885145299639
2023-06-08,Stable,0.9832964520011529
2023-06-09,Stable,0.985468560898649
2023-06-12,Stable,0.9862673060237482
2023-06-13,Stable,0.9841781654834032
2023-06-14,Stable,0.9843992809585852
2023-06-15,Stable,0.9812669498465203
2023-06-16,Stable,0.9858241029147949
2023-06-19,Stable,0.9883848440265031
2023-06-20,Stable,0.9887108098427655
2023-06-21,Stable,0.9877817636389665
2023-06-22,Stable,0.9843253521608019
2023-06-23,Stable,0.9811376637233993
2023-06-26,Stable,0.9720982823349538
2023-06-27,Stable,0.9734575829277186
2023-06-28,Stable,0.967134534609881
2023-06-30,Stable,0.9691794191109483
2023-07-03,Stable,0.9707699478037306
2023-07-04,Stable,0.9797755617636915
2023-07-05,Stable,0.983236882258516
2023-07-06,Stable,0.9846210903344487
2023-07-07,Stable,0.9846132015470956
2023-07-10,Stable,0.9866514252195865
2023-07-11,Stable,0.9862445131506966
2023-07-12,Stable,0.9882548769116188
2023-07-13,Stable,0.9881347869739169
2023-07-14,Stable,0.9879615530833276
2023-07-17,Stable,0.9861833410654802
2023-07-18,Stable,0.9839126123029299
2023-07-19,Stable,0.9785761353003963
2023-07-20,Stable,0.96742237833884
2023-07-21,Stable,0.9648284024666215
2023-07-24,Stable,0.9525042439763628
2023-07-25,Stable,0.9233164471002889
2023-07-26,Stable,0.8607033220821743
2023-07-27,Stable,0.7426544518676007
2023-07-28,Stable,0.8671858392541484
2023-07-31,Stable,0.9259537990155975
2023-08-01,Stable,0.9524204743277784
2023-08-02,Stable,0.9621561206413105
2023-08-03,Stable,0.9639572745349259
2023-08-04,Stable,0.9641679181424035
2023-08-07,Stable,0.9608978160943578
2023-08-08,Stable,0.9691155438533262
2023-08-09,Stable,0.9705158632869608
2023-08-10,Stable,0.9670564608617195
2023-08-11,Stable,0.9623813638866786
2023-08-14,Stable,0.9755091360717295
2023-08-16,Stable,0.9823289312280982
2023-08-17,Stable,0.985674763595143
2023-08-18,Stable,0.9867827626422071
2023-08-21,Stable,0.9885183256248915
2023-08-22,Stable,0.9885298588504099
2023-08-23,Stable,0.9872270232358104
2023-08-24,Stable,0.9836334390492295
2023-08-25,Stable,0.9797950841206445
2023-08-28,Stable,0.9834681702337984
2023-08-29,Stable,0.9870893932033327
2023-08-30,Stable,0.9890021698876247
2023-08-31,Stable,0.9890939604734678
2023-09-01,Stable,0.9881042315431183
2023-09-04,Stable,0.9881026220937812
2023-09-05,Stable,0.9858469350919886
2023-09-06,Stable,0.9866377027226603
2023-09-07,Stable,0.9883195518552353
2023-09-08,Stable,0.9892166748584239
2023-09-11,Stable,0.9899878665807703
2023-09-12,Stable,0.9896948379481789
2023-09-13,Stable,0.9878233856864962
2023-09-14,Stable,0.986116549801074
2023-09-15,Stable,0.9810473151407938
2023-09-18,Stable,0.9716724971569612
2023-09-20,Stable,0.9568710925046888
2023-09-21,Stable,0.9272671380047361
2023-09-22,Stable,0.8977764721237111
2023-09-25,Stable,0.8982200370257378
2023-09-26,Stable,0.8794865634092828
2023-09-27,Stable,0.8308647741189931
2023-09-28,Stable,0.7683201089874684
2023-09-29,Stable,0.68790469640774
2023-10-03,Stable,0.7566317540817791
2023-10-04,Stable,0.8102888174388824
2023-10-05,Stable,0.8973773673066923
2023-10-06,Stable,0.9424738516206066
2023-10-09,Stable,0.9675824962799201
2023-10-10,Stable,0.9800653995030757
2023-10-11,Stable,0.9857390762814411
2023-10-12,Stable,0.9884037034253864
2023-10-13,Stable,0.9888835906195106
2023-10-16,Stable,0.9875932749155376
2023-10-17,Stable,0.9862584853620245
2023-10-18,Stable,0.9817819206560621
2023-10-19,Stable,0.9751709393697167
2023-10-20,Stable,0.9628170804264418
2023-10-23,Stable,0.9568485990240396
2023-10-25,Stable,0.9636469156243507
2023-10-26,Stable,0.968748243199874
2023-10-27,Stable,0.9788387603110937
2023-10-30,Stable,0.9839386836693298
2023-10-31,Stable,0.9848308858128735
2023-11-01,Stable,0.9863940266658652
2023-11-02,Stable,0.9851532136631711
2023-11-03,Stable,0.9822288449631114
2023-11-06,Stable,0.9742221139781762
2023-11-07,Stable,0.9704613045669144
2023-11-08,Stable,0.9718215246147776
2023-11-09,Stable,0.9820855251056193
2023-11-10,Stable,0.9868062230432065
2023-11-13,Stable,0.9884040468703013
2023-11-15,Stable,0.9883154950322331
2023-11-16,Stable,0.9859771735791824
2023-11-17,Stable,0.983964640390471
2023-11-20,Stable,0.983023461613149
2023-11-21,Stable,0.977571552696722
2023-11-22,Stable,0.972202474628832
2023-11-23,Stable,0.9599924409116916
2023-11-24,Stable,0.9705449344086181
2023-11-28,Stable,0.9769302859389948
2023-11-29,Stable,0.978650442833341
2023-11-30,Stable,0.9758066251823481
2023-12-01,Stable,0.983804978974094
2023-12-04,Stable,0.9870445007044946
2023-12-05,Stable,0.9881361271482274
2023-12-06,Stable,0.9870626752238171
2023-12-07,Stable,0.9850383267325513
2023-12-08,Stable,0.9820808476719572
2023-12-11,Stable,0.9815489261695098
2023-12-12,Stable,0.9827584517633282
2023-12-13,Stable,0.9825267210895839
2023-12-14,Stable,0.984991548780967
2023-12-15,Stable,0.9838044967350227
2023-12-18,Stable,0.9782318535538747
2023-12-19,Stable,0.9715202839008165
2023-12-20,Stable,0.9550316750456674
2023-12-21,Stable,0.9655684405779563
2023-12-22,Stable,0.9691519445954314
2023-12-26,Stable,0.9704797490984979
2023-12-27,Stable,0.9709262684128596
2023-12-28,Stable,0.9644641321060569
2023-12-29,Stable,0.9603660731944921
2024-01-01,Stable,0.9450151334058853
2024-01-02,Stable,0.9082157955616325
2024-01-03,Stable,0.9465687285159653
2024-01-04,Stable,0.9661399793070258
2024-01-05,Stable,0.9734894341500311
2024-01-08,Stable,0.9749525693592054
2024-01-09,Stable,0.9801201116705758
2024-01-10,Stable,0.983893317871844
2024-01-11,Stable,0.983697848270129
2024-01-12,Stable,0.9798095836944504
2024-01-15,Stable,0.9705720315923206
2024-01-16,Stable,0.9590366799624785
2024-01-17,Stable,0.9554395713443558
2024-01-18,Stable,0.9544096185891453
2024-01-19,Stable,0.9502382213081383
2024-01-23,Stable,0.9312101639297568
2024-01-24,Stable,0.8948191638972087
2024-01-25,Stable,0.8617876217263428
2024-01-29,Stable,0.8449062020943281
2024-01-30,Stable,0.7943998167018692
2024-01-31,Stable,0.7270160898374266
2024-02-01,Stable,0.8084212110563167
2024-02-02,Stable,0.8532641230287279
2024-02-05,Stable,0.8714126643173042
2024-02-06,Stable,0.9199427177412661
2024-02-07,Stable,0.9554274698427423
2024-02-08,Stable,0.972337660800208
2024-02-09,Stable,0.9806007577809706
2024-02-12,Stable,0.9840782388446593
2024-02-13,Stable,0.9835890626914849
2024-02-14,Stable,0.9794556811062446
2024-02-15,Stable,0.9789583572858811
2024-02-16,Stable,0.9728325675662582
2024-02-19,Stable,0.9797082334345395
2024-02-20,Stable,0.9850054522277443
2024-02-21,Stable,0.987463382221794
2024-02-22,Stable,0.989316451818956
2024-02-23,Stable,0.9895060408413904
2024-02-26,Stable,0.9884798044763436
2024-02-27,Stable,0.987918329939702
2024-02-28,Stable,0.9860820024208963
2024-02-29,Stable,0.985428434267099
2024-03-01,Stable,0.9813701868149551
2024-03-04,Stable,0.9820204198478876
2024-03-05,Stable,0.9805467673559287
2024-03-06,Stable,0.9735650293612981
2024-03-07,Stable,0.9597619356523688
2024-03-11,Stable,0.9291562105713523
2024-03-12,Stable,0.863996892442452
2024-03-13,Stable,0.8158401907308449
2024-03-14,Stable,0.8172464692091408
2024-03-15,Stable,0.8215668284001706
2024-03-18,Stable,0.8209446124742142
2024-03-19,Stable,0.7893252875275855
2024-03-20,Stable,0.8650494578731479
2024-03-21,Stable,0.9000294562220233
2024-03-22,Stable,0.929185920444084
2024-03-26,Stable,0.9567665249968302
2024-03-27,Stable,0.9683047223621987
2024-03-28,Stable,0.9713405329061746
2024-04-01,Stable,0.9770818047108198
2024-04-02,Stable,0.9842051309949301
2024-04-03,Stable,0.9873870611572081
2024-04-04,Stable,0.9885240395531492
2024-04-05,Stable,0.9881162437594563
2024-04-08,Stable,0.9853437235804061
2024-04-09,Stable,0.978764033678615
2024-04-10,Stable,0.9656993321938426
2024-04-12,Stable,0.941603689279783
2024-04-15,Stable,0.9510522327235914
2024-04-16,Stable,0.96104302354465
2024-04-18,Stable,0.9603799752187011
2024-04-19,Stable,0.9614253896998357
2024-04-22,Stable,0.9588991049497572
2024-04-23,Stable,0.9600331559204909
2024-04-24,Stable,0.9641311741577934
2024-04-25,Stable,0.9607681763390491
2024-04-26,Stable,0.9691390712760678
2024-04-29,Stable,0.9704493271954994
2024-04-30,Stable,0.9645674449935475
2024-05-02,Stable,0.955272068514929
2024-05-03,Stable,0.9371086139710278
2024-05-06,Stable,0.894475972228856
2024-05-07,Stable,0.8042357851451674
2024-05-08,Stable,0.7936705134736924
2024-05-09,Stable,0.7430598499591038
2024-05-10,Stable,0.8055718464692457
2024-05-13,Stable,0.8401662107919932
2024-05-14,Stable,0.9098763653312747
2024-05-15,Stable,0.9479904898310165
2024-05-16,Stable,0.9645793529424961
2024-05-17,Stable,0.9713344402082973
2024-05-21,Stable,0.970108090577363
2024-05-22,Stable,0.9708239254055631
2024-05-23,Stable,0.9648106585727301
2024-05-24,Stable,0.9528431153709171
2024-05-27,Stable,0.93075119152714
2024-05-28,Stable,0.8812112417196573
2024-05-29,Stable,0.7822012983378772
2024-05-30,Stable,0.5862399494865916
2024-05-31,Stable,0.5238343987251058
2024-06-03,Stable,0.5608453226611824
2024-06-04,Stable,0.7533069625320862
2024-06-05,Stable,0.8972770412629366
2024-06-06,Stable,0.6340865836706376
2024-06-07,Stable,0.5056172379571652
2024-06-10,Stable,0.7037836371713209
2024-06-11,Stable,0.8410851698351769
2024-06-12,Stable,0.9169668042943718
2024-06-13,Stable,0.9524684739308555
2024-06-14,Stable,0.9697099894605836
2024-06-18,Stable,0.9763152893937377
2024-06-19,Stable,0.9781313389376431
2024-06-20,Stable,0.9836330998402413
2024-06-21,Stable,0.9879187290060477
2024-06-24,Stable,0.989950432113078
2024-06-25,Stable,0.9907274872051803
2024-06-26,Stable,0.990529114942205
2024-06-27,Stable,0.9892294835180843
2024-06-28,Stable,0.9866643818185157
2024-07-01,Stable,0.9874426608196569
2024-07-02,Stable,0.9855939983427591
2024-07-03,Stable,0.980032435129541
2024-07-04,Stable,0.9701172185059357
2024-07-05,Stable,0.9668885672818739
2024-07-08,Stable,0.9678405606575349
2024-07-09,Stable,0.9658389451110794
2024-07-10,Stable,0.9755522937347295
2024-07-11,Stable,0.9781099465685393
2024-07-12,Stable,0.9793800221383767
2024-07-15,Stable,0.9748770262759581
2024-07-16,Stable,0.9718240716368431
2024-07-18,Stable,0.9629116643755848
2024-07-19,Stable,0.9404920686580167
2024-07-22,Stable,0.9481950755553396
2024-07-23,Stable,0.9523749594788342
2024-07-24,Stable,0.9453021400269701
2024-07-25,Stable,0.9266758926574362
2024-07-26,Stable,0.8958492733566479
2024-07-29,Stable,0.9329222616389805
2024-07-30,Stable,0.9473305875223891
2024-07-31,Stable,0.9544805886056051
2024-08-01,Stable,0.9597435205691704
2024-08-02,Stable,0.9535496823416616
2024-08-05,Stable,0.9343030461525679
2024-08-06,Stable,0.9362929788937987
2024-08-07,Stable,0.9221463457201718
2024-08-08,Stable,0.957642709886372
2024-08-09,Stable,0.9744858415716928
2024-08-12,Stable,0.9824492108324974
2024-08-13,Stable,0.985408904767986
2024-08-14,Stable,0.9851672749615467
2024-08-16,Stable,0.9879640055934468
2024-08-19,Stable,0.9888066906055383
2024-08-20,Stable,0.9889153817783493
2024-08-21,Stable,0.9884508011109918
2024-08-22,Stable,0.9895438359042407
2024-08-23,Stable,0.9895380586373915
2024-08-26,Stable,0.988230252613884
2024-08-27,Stable,0.9845234625214804
2024-08-28,Stable,0.9795250762010879
2024-08-29,Stable,0.9769997721656823
2024-08-30,Stable,0.9713090060659141
2024-09-02,Stable,0.9746899718440427
2024-09-03,Stable,0.9827839578735363
2024-09-04,Stable,0.9857517945384734
2024-09-05,Stable,0.9877404628719771
2024-09-06,Stable,0.9877214590322431
2024-09-09,Stable,0.9879659597378639
2024-09-10,Stable,0.9864211231470039
2024-09-11,Stable,0.9877278112678894
2024-09-12,Stable,0.9871855666107577
2024-09-13,Stable,0.987724435899806
2024-09-16,Stable,0.9857645513945964
2024-09-17,Stable,0.9804402341870784
2024-09-18,Stable,0.9703046866604912
2024-09-19,Stable,0.9798256238207195
2024-09-20,Stable,0.9855899295860697
2024-09-23,Stable,0.9878230044653442
2024-09-24,Stable,0.9886798955337096
2024-09-25,Stable,0.9875307657803399
2024-09-26,Stable,0.9837447585718914
2024-09-27,Stable,0.9752137926243876
2024-09-30,Stable,0.9683960431909681
2024-10-01,Stable,0.9663393352090058
2024-10-03,Stable,0.953810568663111
2024-10-04,Stable,0.9311857060049047
2024-10-07,Stable,0.8869464672143923
2024-10-08,Stable,0.8096374366048938
2024-10-09,Stable,0.7365499935669688
2024-10-10,Stable,0.726816385411074
2024-10-11,Stable,0.8161145090921159
2024-10-14,Stable,0.8859312746883661
2024-10-15,Stable,0.9168326003294944
2024-10-16,Stable,0.9318687758404763
2024-10-17,Stable,0.9330951698066967
2024-10-18,Stable,0.9338189082200361
2024-10-21,Stable,0.9180992578378211
2024-10-22,Stable,0.9035718559554725
2024-10-23,Stable,0.902211559341367
2024-10-24,Stable,0.9309449107775786
2024-10-25,Stable,0.9400880755702747
2024-10-28,Stable,0.9335426413509762
2024-10-29,Stable,0.9276172896270984
2024-10-30,Stable,0.9281658963438945
2024-10-31,Stable,0.9309413788784476
2024-11-01,Stable,0.9480787936773536
2024-11-04,Stable,0.9502906451960644
2024-11-05,Stable,0.9491414087361502
2024-11-06,Stable,0.933172929778298
2024-11-07,Stable,0.9132306901623232
2024-11-08,Stable,0.9307484866790463
2024-11-11,Stable,0.9299543684785466
2024-11-12,Stable,0.9274662872524808
2024-11-13,Stable,0.9225473115460883
2024-11-14,Stable,0.9442400476006173
2024-11-18,Stable,0.9512996654872656
2024-11-19,Stable,0.9603222287079372
2024-11-21,Stable,0.9668216243271341
2024-11-22,Stable,0.9644544078559846
2024-11-25,Stable,0.9600699341867792
2024-11-26,Stable,0.9519756342865594
2024-11-27,Stable,0.9463872753280195
2024-11-28,Stable,0.9333569382824706
2024-11-29,Stable,0.9056041040238599
2024-12-02,Stable,0.9431989081431286
2024-12-03,Stable,0.9683668279402166
2024-12-04,Stable,0.9802821500856356
2024-12-05,Stable,0.9859684463889719
2024-12-06,Stable,0.9880723604563773
2024-12-09,Stable,0.988334508068437
2024-12-10,Stable,0.9896804240667243
2024-12-11,Stable,0.9897850002146323
2024-12-12,Stable,0.9884348253740725
2024-12-13,Stable,0.9863742769108054
2024-12-16,Stable,0.9826694354100983
2024-12-17,Stable,0.9743963134478268
2024-12-18,Stable,0.9670284519636227
2024-12-19,Stable,0.9589655140400517
2024-12-20,Stable,0.9677442942248102
2024-12-23,Stable,0.9774952482048991
2024-12-24,Stable,0.9803675204166097
2024-12-26,Stable,0.9781556189812065
2024-12-27,Stable,0.9719459400639623
2024-12-30,Stable,0.9704441663569079
2024-12-31,Stable,0.9677728033226393
2025-01-01,Stable,0.9589555323093927
2025-01-02,Stable,0.9353458243825208
2025-01-03,Stable,0.8847704832482484
2025-01-06,Stable,0.847125791666943
2025-01-07,Stable,0.7943837121791416
2025-01-08,Stable,0.6888043027544638
2025-01-09,Stable,0.5577437779500863
2025-01-10,Transitional,0.6589459732953354
2025-01-13,Transitional,0.6868422765181835
2025-01-14,Transitional,0.6078883407739933
2025-01-15,Transitional,0.5389900366222522
2025-01-16,Transitional,0.5190323523596397
2025-01-17,Transitional,0.5288228641972249
2025-01-20,Transitional,0.5018909178115984
2025-01-21,Transitional,0.5920739558964445
2025-01-22,Transitional,0.6580998745924329
2025-01-23,Transitional,0.7989430402040801
2025-01-24,Transitional,0.9533894629574216
2025-01-27,Transitional,0.9872778880975821
2025-01-28,Transitional,0.9738743276786498
2025-01-29,Transitional,0.8642441663064796
2025-01-30,Transitional,0.7036596930000029
2025-01-31,Transitional,0.5840685324791968
2025-02-03,Transitional,0.541055833202399
2025-02-04,Transitional,0.5420783657182332
2025-02-05,Transitional,0.5188310095240952
2025-02-06,Transitional,0.5388138615214672
2025-02-07,Transitional,0.6099377519017429
2025-02-10,Transitional,0.7791345860613389
2025-02-11,Transitional,0.8312312389273984
2025-02-12,Transitional,0.824707393069698
2025-02-13,Transitional,0.8520139675303275
2025-02-14,Transitional,0.891678086781258
2025-02-17,Stable,0.6803022459287406
2025-02-18,Stable,0.5095565229970402
2025-02-19,Stable,0.5821907946066739
2025-02-20,Stable,0.6357313718085617
2025-02-21,Stable,0.6425394109722371
2025-02-24,Stable,0.7490074002829489
2025-02-25,Stable,0.7923651293515236
2025-02-27,Stable,0.8141069203215565
2025-02-28,Stable,0.8060137560418192
2025-03-03,Stable,0.873359321536572
2025-03-04,Stable,0.9010549186354201
2025-03-05,Stable,0.907630258688187
2025-03-06,Stable,0.9258338297985499
2025-03-07,Stable,0.9526111431862926
2025-03-10,Stable,0.9642474626220565
2025-03-11,Stable,0.971027390230822
2025-03-12,Stable,0.969702416130822
2025-03-13,Stable,0.9600193665354972
2025-03-17,Stable,0.9372523146216054
2025-03-18,Stable,0.9266394814635605
2025-03-19,Stable,0.9310383273971848
2025-03-20,Stable,0.9194665851479565
2025-03-21,Stable,0.8960610325098844
2025-03-24,Stable,0.8739255341149129
2025-03-25,Stable,0.8231733511663528
2025-03-26,Stable,0.7706733973974984
2025-03-27,Stable,0.6977820514990257
2025-03-28,Stable,0.5552644682814326
2025-04-01,Transitional,0.6748007541200509
2025-04-02,Transitional,0.7708404063962806
2025-04-03,Transitional,0.9441807875685928
2025-04-04,Transitional,0.9976311919258241
2025-04-07,Transitional,0.9974611928654781
2025-04-08,Transitional,0.9929278323407419
2025-04-09,Transitional,0.9902866435753039
2025-04-11,Transitional,0.9778045757390498
2025-04-15,Transitional,0.9151197006531963
2025-04-16,Transitional,0.7256238065703011
2025-04-17,Transitional,0.6398227317519599
2025-04-21,Transitional,0.580069967374812
2025-04-22,Transitional,0.551085718066396
2025-04-23,Transitional,0.5704144101147067
2025-04-24,Transitional,0.5943629161167964
2025-04-25,Transitional,0.6466607837891034
2025-04-28,Transitional,0.5738233373184165
2025-04-29,Stable,0.5954081830460302
2025-04-30,Stable,0.7497947697380346
2025-05-02,Stable,0.822094890858393
2025-05-05,Stable,0.8661019360626907
2025-05-06,Stable,0.8831967813082234
2025-05-07,Stable,0.9051090830092152
2025-05-08,Stable,0.9080476140746202
2025-05-09,Stable,0.9458339922234635
2025-05-12,Stable,0.9637468875124288
2025-05-13,Stable,0.9693611695086457
2025-05-14,Stable,0.9774360533813254
2025-05-15,Stable,0.9801417981655052
2025-05-16,Stable,0.9807426193621432
2025-05-19,Stable,0.9764159849600073
2025-05-20,Stable,0.9654913017796689
2025-05-21,Stable,0.9674875766936796
2025-05-22,Stable,0.9725738785198649
2025-05-23,Stable,0.9808005340953363
2025-05-26,Stable,0.9856965120781171
2025-05-27,Stable,0.9871906863449857
2025-05-28,Stable,0.9859625578976035
2025-05-29,Stable,0.9856098202907408
2025-05-30,Stable,0.9860446810346754
2025-06-02,Stable,0.9881517017708767
2025-06-03,Stable,0.9888582415976208
2025-06-04,Stable,0.9883416734033673
2025-06-05,Stable,0.985586922410546
2025-06-06,Stable,0.9883449316837367
2025-06-09,Stable,0.9888413869130759
2025-06-10,Stable,0.9889988964663025
2025-06-11,Stable,0.9882983237358823
2025-06-12,Stable,0.9861100052494707
2025-06-13,Stable,0.9808716552180077
2025-06-16,Stable,0.9706139125777743
2025-06-17,Stable,0.9482857795065135
2025-06-18,Stable,0.9673052838975271
2025-06-19,Stable,0.9754962783225625
2025-06-20,Stable,0.9824448321620207
2025-06-23,Stable,0.9875095983299133
2025-06-24,Stable,0.9897442510214249
2025-06-25,Stable,0.9904184522775712
2025-06-26,Stable,0.9911566412460862
2025-06-27,Stable,0.9912000525703734
2025-06-30,Stable,0.9913842704221371
2025-07-01,Stable,0.9915871941245327
2025-07-02,Stable,0.9913374595369924
2025-07-03,Stable,0.9905316429976427
2025-07-04,Stable,0.988998468394061
2025-07-07,Stable,0.9883087863990211
2025-07-08,Stable,0.9857143431743225
2025-07-09,Stable,0.9874507220552072
2025-07-10,Stable,0.9865749035222029
2025-07-11,Stable,0.9865624633071074
2025-07-14,Stable,0.9854572723937784
2025-07-15,Stable,0.9841836996868504
2025-07-16,Stable,0.9861825690650512
2025-07-17,Stable,0.9865505574375534
2025-07-18,Stable,0.9842570414807039
2025-07-21,Stable,0.9800077846533894
2025-07-22,Stable,0.9709981342763009
2025-07-23,Stable,0.9665049028692274
2025-07-24,Stable,0.9524199718779347
2025-07-25,Stable,0.9224217926114824
2025-07-28,Stable,0.8618136272033978
2025-07-29,Stable,0.7370103967058829
2025-07-30,Stable,0.6038305772293956
2025-07-31,Stable,0.680627306122919
2025-08-01,Stable,0.9137478401724206
2025-08-04,Stable,0.7774220206012094
2025-08-05,Stable,0.7156938493154171
2025-08-06,Stable,0.6816196970253804
2025-08-07,Stable,0.5099853648115772
2025-08-08,Stable,0.6106425511378758
2025-08-11,Stable,0.7385293950012644
2025-08-12,Stable,0.8167766592171796
2025-08-13,Stable,0.8539841061662042
2025-08-14,Stable,0.9224787080239379
2025-08-18,Stable,0.9541871856969171
2025-08-19,Stable,0.9681240044150321
2025-08-20,Stable,0.9740904541344936
2025-08-21,Stable,0.9757115923602278
2025-08-22,Stable,0.9761575032872007
2025-08-25,Stable,0.970120579052259
2025-08-26,Stable,0.954617859168129
2025-08-28,Stable,0.9670608825836494
2025-08-29,Stable,0.9791730595864868
2025-09-01,Stable,0.9844142900228073
2025-09-02,Stable,0.9860576910851246
2025-09-03,Stable,0.9857467080024066
2025-09-04,Stable,0.9884900352149386
2025-09-05,Stable,0.9898229839745878
2025-09-08,Stable,0.989729526733172
2025-09-09,Stable,0.9892091426436393
2025-09-10,Stable,0.9900112937371044
2025-09-11,Stable,0.9895782301997811
2025-09-12,Stable,0.9881057583365649
2025-09-15,Stable,0.9851461805105994
2025-09-16,Stable,0.9830496668520498
2025-09-17,Stable,0.9762902154373699
2025-09-18,Stable,0.9615473561524299
2025-09-19,Stable,0.9563428192713981
2025-09-22,Stable,0.9388091362000813
2025-09-23,Stable,0.94001080258631
2025-09-24,Stable,0.9279288428127483
2025-09-25,Stable,0.902491581513159
2025-09-26,Stable,0.8727018338522912
2025-09-29,Stable,0.9273820823221535
2025-09-30,Stable,0.953161985609008
2025-10-01,Stable,0.9632226145802282
2025-10-03,Stable,0.9769758676297895
2025-10-06,Stable,0.9826205237962314
2025-10-07,Stable,0.9834579740630465
2025-10-08,Stable,0.9806204522952136
2025-10-09,Stable,0.9793865873379843
2025-10-10,Stable,0.9792899235166762
2025-10-13,Stable,0.984208981866839
2025-10-14,Stable,0.9852965493080564
2025-10-15,Stable,0.9886291849277062
2025-10-16,Stable,0.989802100796431
2025-10-17,Stable,0.9894881818016361
2025-10-20,Stable,0.9892588858008085
2025-10-21,Stable,0.9901890983574517
2025-10-23,Stable,0.9900190785237132
2025-10-24,Stable,0.9890189738657573
2025-10-27,Stable,0.9892605063449074
2025-10-28,Stable,0.9885631220046345
2025-10-29,Stable,0.9868762481599929
2025-10-30,Stable,0.9852437742745683
2025-10-31,Stable,0.9840404385135272
2025-11-03,Stable,0.9825026418636984
2025-11-04,Stable,0.9849711490108112
2025-11-06,Stable,0.9866605073154884
2025-11-07,Stable,0.9873091624995488
2025-11-10,Stable,0.9870920871972949
2025-11-11,Stable,0.9884056443781332
2025-11-12,Stable,0.9877966153752549
2025-11-13,Stable,0.9894853489368355
2025-11-14,Stable,0.9899167532393752
2025-11-17,Stable,0.9900854319129121
2025-11-18,Stable,0.988905364327442
2025-11-19,Stable,0.9900937712769438
2025-11-20,Stable,0.9899709289570219
2025-11-21,Stable,0.9890879854790197
2025-11-24,Stable,0.9887952095311481
2025-11-25,Stable,0.9884111410195399
2025-11-26,Stable,0.9863549343646016
2025-11-27,Stable,0.9888214421416553
2025-11-28,Stable,0.9893968764383769
2025-12-01,Stable,0.9894805090188922
2025-12-02,Stable,0.9903874646271044
2025-12-03,Stable,0.9901235123095586
2025-12-04,Stable,0.9886202256584941
2025-12-05,Stable,0.9849135975186664
2025-12-08,Stable,0.9771633962813485
2025-12-09,Stable,0.9823057964577533
2025-12-10,Stable,0.9860489946368136
2025-12-11,Stable,0.9864673857090064
2025-12-12,Stable,0.9886291169247668
2025-12-15,Stable,0.9886994185947875
2025-12-16,Stable,0.9886402199380663
2025-12-17,Stable,0.9897978082986288
2025-12-18,Stable,0.9894704023759894
2025-12-19,Stable,0.988437092001416
2025-12-22,Stable,0.9884715491977784
2025-12-23,Stable,0.988890312885895
2025-12-24,Stable,0.9883028904291896
2025-12-26,Stable,0.9883947414657418
2025-12-29,Stable,0.9877628447302027
2025-12-30,Stable,0.9872321405362873
2025-12-31,Stable,0.9846480765053554
2026-01-02,Stable,0.981388293040994
2026-01-05,Stable,0.9725583324552327
2026-01-06,Stable,0.9546108764588377
2026-01-07,Stable,0.9531457972879488
2026-01-08,Stable,0.9418612498485932
2026-01-09,Stable,0.9477684837948779
2026-01-12,Stable,0.953305471859806
2026-01-13,Stable,0.9497593126485964
2026-01-14,Stable,0.9368234668388221
2026-01-16,Stable,0.9055197783222675
2026-01-19,Stable,0.8887388034747169
2026-01-20,Stable,0.8472789554810723
2026-01-21,Stable,0.8687912105327111
2026-01-22,Stable,0.8737977583578738
2026-01-23,Stable,0.8931269336621832
2026-01-27,Stable,0.9097019708729223
2026-01-28,Stable,0.905027447241921
2026-01-29,Stable,0.8789877522861859
2026-01-30,Stable,0.8418521163641651
2026-02-02,Stable,0.7663305964244803
2026-02-03,Stable,0.6556113824968196
2026-02-04,Stable,0.7972151809866393
2026-02-05,Stable,0.8700635452864554
2026-02-06,Stable,0.9007839029179878
2026-02-09,Stable,0.9195730932614045
2026-02-10,Stable,0.9482008770323084
2026-02-11,Stable,0.9621291101105847
2026-02-12,Stable,0.9724063043891382
2026-02-13,Stable,0.9753332199877043
2026-02-16,Stable,0.9803958388579019
2026-02-17,Stable,0.9849120019051427
2026-02-18,Stable,0.9860540497228875
2026-02-19,Stable,0.9839816631142183
2026-02-20,Stable,0.9809753727909967
2026-02-23,Stable,0.9721192105318692
2026-02-24,Stable,0.9545156437985384
2026-02-25,Stable,0.9163706356800849
2026-02-26,Stable,0.9085577561200039
2026-02-27,Stable,0.8936478455805846
2026-03-02,Stable,0.9044228734436237
2026-03-04,Stable,0.893338051775756
2026-03-05,Stable,0.8937055470874725
2026-03-06,Stable,0.9019231381398803
2026-03-09,Stable,0.8892491992056671
2026-03-10,Stable,0.8491450420850113
2026-03-11,Stable,0.8114761853917286
2026-03-12,Stable,0.7221697738693605
2026-03-13,Stable,0.5456809724670935
2026-03-16,Stable,0.5046269230959644
2026-03-17,Stable,0.5269340362846369
2026-03-18,Stable,0.6265735534224538
2026-03-19,Stable,0.8528391724229164
2026-03-20,Stable,0.8697488353269075
2026-03-23,Stable,0.8595161466527785
2026-03-24,Stable,0.7320132509261372
2026-03-25,Stable,0.6668352378012815
2026-03-27,Stable,0.5165201640248642
2026-03-30,Stable,0.5622166801124368
2026-04-01,Stable,0.6949324848746451
2026-04-02,Stable,0.8088821309349282
2026-04-06,Stable,0.9017801337645222
2026-04-07,Stable,0.9452492213183542
2026-04-08,Stable,0.9647600802149
2026-04-09,Stable,0.9735581473586444
2026-04-10,Stable,0.9766377714904982
2026-04-13,Stable,0.9729711026325134
2026-04-15,Stable,0.962691490422364
2026-04-16,Stable,0.9625128011695547
2026-04-17,Stable,0.9510453170035833
2026-04-20,Stable,0.9215560841971794
2026-04-21,Stable,0.8603963910440507
2026-04-22,Stable,0.7329413356434862
2026-04-23,Stable,0.536557838987379
2026-04-24,Stable,0.5875419732459043
2026-04-27,Stable,0.5785653901467052
2026-04-28,Stable,0.67276569285898
2026-04-29,Stable,0.791979237489733
2026-04-30,Stable,0.846506193664673
2026-05-04,Stable,0.8636367838599017
2026-05-05,Stable,0.8640263560996904
2026-05-06,Stable,0.8367116359698262
2026-05-07,Stable,0.8828331998289437
2026-05-08,Stable,0.8972425903430942
2026-05-11,Stable,0.8895340371623355
2026-05-12,Stable,0.8541441634277724
2026-05-13,Stable,0.8392553366404805
2026-05-14,Stable,0.7869289475482586
2026-05-15,Stable,0.8895561785481283
2026-05-18,Stable,0.9383947962300792
2026-05-19,Stable,0.9625016919995116
2026-05-20,Stable,0.9731126264613783
2026-05-21,Stable,0.9758222214642183
2026-05-22,Stable,0.971520918954895
2026-05-25,Stable,0.9787899158930112
2026-05-26,Stable,0.9803073919516605
2026-05-27,Stable,0.976719102176515
2026-05-29,Stable,0.9655956296543265
2026-06-01,Stable,0.9736477033372255
2026-06-02,Stable,0.9782032075780714
2026-06-03,Stable,0.9852286573301655
2026-06-04,Stable,0.9883998395551629
2026-06-05,Stable,0.9896200437799844
2026-06-08,Stable,0.9893607238251458
2026-06-09,Stable,0.9893903096699336
2026-06-10,Stable,0.988920815107649
2026-06-11,Stable,0.9895073178989746
2026-06-12,Stable,0.9897227490864436
2026-06-15,Stable,0.9885281533371902
2026-06-16,Stable,0.9894170245624316
2026-06-17,Stable,0.9896585265717553
2026-06-18,Stable,0.988569769243929
2026-06-19,Stable,0.9864169081042538
2026-06-22,Stable,0.9834563042053677
2026-06-23,Stable,0.9851457534930904
2026-06-24,Stable,0.9874435106583435
2026-06-25,Stable,0.9871066367120581
2026-06-29,Stable,0.984809988731771
2026-06-30,Stable,0.9844738114359732
2026-07-01,Stable,0.9805900549668679
2026-07-02,Stable,0.9753909036649883
2026-07-03,Stable,0.9630738042529616
2026-07-06,Stable,0.9675339112672985
2026-07-07,Stable,0.963592793959544
2026-07-08,Stable,0.9576534151166034
2026-07-09,Stable,0.9545577714863779
2026-07-10,Stable,0.9452173601751426
