date,regime_label,regime_probability
2014-10-07,Stable,1.0
2014-10-08,Stable,0.9952097614583395
2014-10-09,Stable,0.9860123936255085
2014-10-10,Stable,0.9840628135273165
2014-10-13,Stable,0.9886047732591658
2014-10-14,Stable,0.9890722043355048
2014-10-16,Stable,0.9857919574419236
2014-10-17,Stable,0.9896088058446237
2014-10-20,Stable,0.9899775150530626
2014-10-21,Stable,0.993020677332553
2014-10-22,Stable,0.9940546871633557
2014-10-27,Stable,0.9946865607420075
2014-10-28,Stable,0.9934822101789403
2014-10-29,Stable,0.9900713903560617
2014-10-30,Stable,0.9849950343213669
2014-10-31,Stable,0.978321409199406
2014-11-03,Stable,0.9896983785348241
2014-11-05,Stable,0.9945937403108941
2014-11-07,Stable,0.9966627512773879
2014-11-10,Stable,0.9976402900987963
2014-11-11,Stable,0.998028674453385
2014-11-12,Stable,0.9981114259053282
2014-11-13,Stable,0.9980986078797025
2014-11-14,Stable,0.9981006524944479
2014-11-17,Stable,0.9980308589799234
2014-11-18,Stable,0.9979763495871009
2014-11-19,Stable,0.997634740723267
2014-11-20,Stable,0.9975241320943761
2014-11-21,Stable,0.9967696484514675
2014-11-24,Stable,0.9970443464112985
2014-11-25,Stable,0.9970696804307758
2014-11-26,Stable,0.997429938883753
2014-11-27,Stable,0.9971211332652543
2014-11-28,Stable,0.995915796043476
2014-12-01,Stable,0.9952515391590508
2014-12-02,Stable,0.9938813646022839
2014-12-03,Stable,0.9909312257371062
2014-12-04,Stable,0.9832588835667919
2014-12-05,Stable,0.9664330824673307
2014-12-08,Stable,0.9327607329432642
2014-12-09,Stable,0.9113181789582981
2014-12-10,Stable,0.8980340318626728
2014-12-11,Stable,0.8588284230221184
2014-12-12,Stable,0.8085030558191207
2014-12-15,Stable,0.7515151635603783
2014-12-16,Stable,0.6178585777047532
2014-12-17,Stable,0.620000681027811
2014-12-18,Stable,0.5955911048059206
2014-12-19,Stable,0.5951087687897327
2014-12-22,Stable,0.5813249108181573
2014-12-23,Stable,0.5682193144630213
2014-12-24,Stable,0.5395473542656827
2014-12-30,Stable,0.5165943075594845
2014-12-31,Stable,0.5356506983748074
2015-01-02,Stable,0.6619609142647837
2015-01-05,Stable,0.7493290758148321
2015-01-06,Transitional,0.9498104652204851
2015-01-07,Transitional,0.8176035410145435
2015-01-08,Transitional,0.7578095996315155
2015-01-09,Transitional,0.6795477903744334
2015-01-12,Transitional,0.6421845650120052
2015-01-13,Transitional,0.6356171673032898
2015-01-14,Transitional,0.6474673815254102
2015-01-15,Transitional,0.692133457336429
2015-01-16,Stable,0.5219265772950141
2015-01-19,Stable,0.6114628228392376
2015-01-20,Stable,0.64982242795848
2015-01-21,Stable,0.811770798485284
2015-01-22,Stable,0.8836965553785775
2015-01-23,Stable,0.9150905342752483
2015-01-27,Stable,0.9369334394883357
2015-01-28,Stable,0.9536457478921542
2015-01-29,Stable,0.9576165100496447
2015-01-30,Stable,0.9526566971439335
2015-02-02,Stable,0.9734434193842234
2015-02-03,Stable,0.9823067214990417
2015-02-04,Stable,0.9861352898591484
2015-02-05,Stable,0.9865863029685877
2015-02-06,Stable,0.9825395525167362
2015-02-09,Stable,0.9738316047039564
2015-02-10,Stable,0.9846524218987158
2015-02-11,Stable,0.9891533824405178
2015-02-12,Stable,0.9908566602397427
2015-02-13,Stable,0.9925730656311526
2015-02-16,Stable,0.9949266524808253
2015-02-18,Stable,0.9952304912552548
2015-02-19,Stable,0.9947544435689974
2015-02-20,Stable,0.9927368318956382
2015-02-23,Stable,0.9912053677803232
2015-02-24,Stable,0.9908274645539993
2015-02-25,Stable,0.9867702006177308
2015-02-26,Stable,0.9759935972070675
2015-02-27,Stable,0.9652421297086847
2015-03-02,Stable,0.9679352118609811
2015-03-03,Stable,0.9668680130579762
2015-03-04,Stable,0.9577395781774216
2015-03-05,Stable,0.9439740709330211
2015-03-09,Stable,0.908589428713365
2015-03-10,Stable,0.9351778060285469
2015-03-11,Stable,0.9478279171614192
2015-03-12,Stable,0.9490313344469269
2015-03-13,Stable,0.947093841564822
2015-03-16,Stable,0.9625362293620249
2015-03-17,Stable,0.9673943869993011
2015-03-18,Stable,0.9716606156803332
2015-03-19,Stable,0.9702307746967407
2015-03-20,Stable,0.9639431654284937
2015-03-23,Stable,0.9543502115285282
2015-03-24,Stable,0.9302049422269909
2015-03-25,Stable,0.8734329946950258
2015-03-26,Stable,0.7466732886953614
2015-03-27,Stable,0.7886737108691715
2015-03-30,Stable,0.7997592713888227
2015-03-31,Stable,0.881234981604796
2015-04-01,Stable,0.9153557924863068
2015-04-06,Stable,0.9450732166076238
2015-04-07,Stable,0.9642809865695076
2015-04-08,Stable,0.9705876149176869
2015-04-09,Stable,0.971478105029226
2015-04-10,Stable,0.9668019648467485
2015-04-13,Stable,0.9509273870535411
2015-04-15,Stable,0.9177972615420205
2015-04-16,Stable,0.877241378772613
2015-04-17,Stable,0.7999517605204913
2015-04-20,Stable,0.6951622835245469
2015-04-21,Stable,0.7019040052375529
2015-04-22,Stable,0.6988059269361134
2015-04-23,Stable,0.6786304006599941
2015-04-24,Stable,0.6344960117781817
2015-04-27,Stable,0.5967643022693394
2015-04-28,Stable,0.5554822385597493
2015-04-29,Stable,0.518406683458155
2015-04-30,Stable,0.6423691271048305
2015-05-04,Transitional,0.8113307233558414
2015-05-05,Transitional,0.8648581146839979
2015-05-06,Transitional,0.9899525912865861
2015-05-07,Transitional,0.9857233842624642
2015-05-08,Transitional,0.9889408235685945
2015-05-11,Transitional,0.983445190495826
2015-05-12,Transitional,0.9747080656266346
2015-05-13,Transitional,0.7354313303359934
2015-05-14,Stable,0.5926677459925637
2015-05-15,Stable,0.7390952766674487
2015-05-18,Stable,0.8051401162210599
2015-05-19,Stable,0.8894478100313498
2015-05-20,Stable,0.9261011184237152
2015-05-21,Stable,0.9451526224430263
2015-05-22,Stable,0.9501108094885093
2015-05-25,Stable,0.9462026463263064
2015-05-26,Stable,0.9474616015382442
2015-05-27,Stable,0.9401704352429451
2015-05-28,Stable,0.9158971118614003
2015-05-29,Stable,0.8601237358382684
2015-06-01,Stable,0.8032197048450611
2015-06-02,Stable,0.6668255702939667
2015-06-03,Stable,0.7215034158220199
2015-06-04,Stable,0.8176637610957098
2015-06-05,Stable,0.8576642368333525
2015-06-08,Stable,0.8710649857803238
2015-06-09,Stable,0.8828961560048235
2015-06-10,Stable,0.8780670169573841
2015-06-11,Stable,0.8808908846748343
2015-06-12,Stable,0.9413922557745003
2015-06-15,Stable,0.9670478639495049
2015-06-16,Stable,0.9799940574608398
2015-06-17,Stable,0.9848656821510281
2015-06-18,Stable,0.9856635349565998
2015-06-19,Stable,0.9870476903782223
2015-06-22,Stable,0.9863060134018022
2015-06-23,Stable,0.9926484530170644
2015-06-24,Stable,0.9952194785460416
2015-06-25,Stable,0.9962550339161966
2015-06-26,Stable,0.9967250333120582
2015-06-29,Stable,0.996592438074231
2015-06-30,Stable,0.99676600192985
2015-07-01,Stable,0.9963363271141166
2015-07-02,Stable,0.9964272419931147
2015-07-03,Stable,0.9956968277722333
2015-07-06,Stable,0.9938888241702303
2015-07-07,Stable,0.9895726958863028
2015-07-08,Stable,0.9795580946352176
2015-07-09,Stable,0.9874617290374598
2015-07-10,Stable,0.9912672932353608
2015-07-13,Stable,0.9917836243401813
2015-07-14,Stable,0.9935675263591748
2015-07-15,Stable,0.9930248380132641
2015-07-16,Stable,0.9928575387996992
2015-07-17,Stable,0.992562144644902
2015-07-20,Stable,0.9892397914769175
2015-07-21,Stable,0.9808647656029749
2015-07-22,Stable,0.971759733140485
2015-07-23,Stable,0.9637263649356596
2015-07-24,Stable,0.9468234893907373
2015-07-27,Stable,0.9289211724105113
2015-07-28,Stable,0.959019625906119
2015-07-29,Stable,0.9735474168343453
2015-07-30,Stable,0.978663576987148
2015-07-31,Stable,0.9784504569052288
2015-08-03,Stable,0.9856485394491208
2015-08-04,Stable,0.9873259788892711
2015-08-05,Stable,0.9860683029066424
2015-08-06,Stable,0.9808287970071495
2015-08-07,Stable,0.966837244935372
2015-08-10,Stable,0.9356580253363799
2015-08-11,Stable,0.8779912211059231
2015-08-12,Stable,0.8061828953325763
2015-08-13,Stable,0.7645419608107261
2015-08-14,Stable,0.6606050595956467
2015-08-17,Stable,0.6438862351187324
2015-08-18,Stable,0.6099374933574941
2015-08-19,Stable,0.5231598074883944
2015-08-20,Transitional,0.6712249930044093
2015-08-21,Transitional,0.8120702329187947
2015-08-24,Transitional,0.9513997472658196
2015-08-25,Transitional,0.9781142683923565
2015-08-26,Transitional,0.9882072105250019
2015-08-27,Transitional,0.9922500104408274
2015-08-28,Transitional,0.9873364587582947
2015-08-31,Transitional,0.9884209540846816
2015-09-01,Transitional,0.9967931152510368
2015-09-02,Transitional,0.9926512618442876
2015-09-03,Transitional,0.9912101943098682
2015-09-04,Transitional,0.991792149499941
2015-09-07,Transitional,0.9561200195652724
2015-09-08,Transitional,0.9058123864193424
2015-09-09,Transitional,0.7746007018182909
2015-09-10,Stable,0.5100825679074928
2015-09-11,Stable,0.6211140732861198
2015-09-14,Stable,0.674682971984492
2015-09-15,Stable,0.7110636581772293
2015-09-16,Stable,0.7271508379009409
2015-09-18,Stable,0.7351959388778487
2015-09-21,Stable,0.7350172594536275
2015-09-22,Stable,0.7081738335694839
2015-09-23,Stable,0.788771142666196
2015-09-24,Stable,0.8299507921239847
2015-09-28,Stable,0.8417497592317441
2015-09-29,Stable,0.8531470004371966
2015-09-30,Stable,0.8498651776209883
2015-10-01,Stable,0.8594250479181476
2015-10-05,Stable,0.8501547076224386
2015-10-06,Stable,0.9209957276443989
2015-10-07,Stable,0.9556648756497393
2015-10-08,Stable,0.9705648025115144
2015-10-09,Stable,0.9808903614335592
2015-10-12,Stable,0.9879755501790122
2015-10-13,Stable,0.9929725128812076
2015-10-14,Stable,0.9950195893499258
2015-10-15,Stable,0.9955146910332067
2015-10-16,Stable,0.9962964135909667
2015-10-19,Stable,0.997091604996549
2015-10-20,Stable,0.9975504925941742
2015-10-21,Stable,0.9976430284678001
2015-10-23,Stable,0.9972539547489758
2015-10-26,Stable,0.9969539826597639
2015-10-27,Stable,0.9963849344779846
2015-10-28,Stable,0.9952746909519944
2015-10-29,Stable,0.995073938522608
2015-10-30,Stable,0.9955369781246601
2015-11-02,Stable,0.9963574416044828
2015-11-03,Stable,0.996568169224835
2015-11-04,Stable,0.9956069736133779
2015-11-05,Stable,0.9929783638767523
2015-11-06,Stable,0.9921107876889114
2015-11-09,Stable,0.9882178949193922
2015-11-10,Stable,0.98158166024471
2015-11-13,Stable,0.9852069873944983
2015-11-16,Stable,0.9860477364811029
2015-11-17,Stable,0.9835336586818346
2015-11-18,Stable,0.9751959840955711
2015-11-19,Stable,0.9791506015295797
2015-11-20,Stable,0.9897337981520148
2015-11-23,Stable,0.9941170614656917
2015-11-24,Stable,0.995977528269893
2015-11-26,Stable,0.9965095495317441
2015-11-27,Stable,0.9969664887086207
2015-11-30,Stable,0.9973353700127738
2015-12-01,Stable,0.9969686505611951
2015-12-02,Stable,0.9955820183264846
2015-12-03,Stable,0.9925015812258389
2015-12-04,Stable,0.9906707302777539
2015-12-07,Stable,0.9907526652026194
2015-12-08,Stable,0.9886964582045915
2015-12-09,Stable,0.9874431427298045
2015-12-10,Stable,0.9895169387530055
2015-12-11,Stable,0.9907324847764328
2015-12-14,Stable,0.9925646574981764
2015-12-15,Stable,0.9920103351891847
2015-12-16,Stable,0.9898787372374802
2015-12-17,Stable,0.9854049601168601
2015-12-18,Stable,0.9834308792132493
2015-12-21,Stable,0.9851915591685843
2015-12-22,Stable,0.985415216642351
2015-12-23,Stable,0.9834007452171569
2015-12-24,Stable,0.9813143933305796
2015-12-28,Stable,0.972404123203393
2015-12-29,Stable,0.9566850045122067
2015-12-30,Stable,0.9183927234094197
2015-12-31,Stable,0.8462647711152521
2016-01-04,Transitional,0.7050733635180261
2016-01-05,Transitional,0.6966726767645409
2016-01-06,Transitional,0.6575603475830748
2016-01-07,Transitional,0.5935511564169396
2016-01-08,Transitional,0.6585565184775007
2016-01-11,Transitional,0.6810453020032035
2016-01-12,Transitional,0.6820004597332392
2016-01-13,Transitional,0.6661687266956635
2016-01-14,Transitional,0.6254360551965197
2016-01-15,Transitional,0.5331186384587322
2016-01-18,Transitional,0.5201844985221911
2016-01-19,Transitional,0.5651736022426465
2016-01-20,Transitional,0.6100553740150491
2016-01-21,Transitional,0.5990713053098952
2016-01-22,Transitional,0.6113850641948139
2016-01-25,Transitional,0.5578690173975366
2016-01-27,Transitional,0.5444331415282431
2016-01-28,Transitional,0.5611380467077243
2016-01-29,Transitional,0.6191886476516186
2016-02-01,Transitional,0.6373641230242181
2016-02-02,Transitional,0.69559618430103
2016-02-03,Transitional,0.7400130836151002
2016-02-04,Transitional,0.7633025014008373
2016-02-05,Transitional,0.8259079436731772
2016-02-08,Transitional,0.8960230644991463
2016-02-09,Transitional,0.9340981523739493
2016-02-10,Transitional,0.9680140100489001
2016-02-11,Transitional,0.9987630595229516
2016-02-12,Transitional,0.9949584358833417
2016-02-15,Transitional,0.9970383742647195
2016-02-16,Transitional,0.9834743726831368
2016-02-17,Transitional,0.9462238279139253
2016-02-18,Transitional,0.9265741881726814
2016-02-19,Transitional,0.911099755613873
2016-02-22,Transitional,0.9149622137669046
2016-02-23,Transitional,0.9402955219715053
2016-02-24,Transitional,0.9431288926212266
2016-02-25,Transitional,0.9372297411437933
2016-02-26,Transitional,0.9436452629046563
2016-02-29,Transitional,0.9628451703609776
2016-03-01,Transitional,0.9971630650748528
2016-03-02,Transitional,0.9483907143498996
2016-03-03,Transitional,0.718221532226267
2016-03-04,Stable,0.6719555480109431
2016-03-08,Stable,0.8389517781774669
2016-03-09,Stable,0.9099510191392857
2016-03-10,Stable,0.9443447944780543
2016-03-11,Stable,0.9673834938786294
2016-03-14,Stable,0.9768772769407488
2016-03-15,Stable,0.9789923219503213
2016-03-16,Stable,0.9836872755988151
2016-03-17,Stable,0.9840646196835527
2016-03-18,Stable,0.9790673550721125
2016-03-21,Stable,0.9749953424658953
2016-03-22,Stable,0.9755623292802692
2016-03-23,Stable,0.9688088781593677
2016-03-28,Stable,0.9495831497887368
2016-03-29,Stable,0.9483065925980425
2016-03-30,Stable,0.9364135293249966
2016-03-31,Stable,0.9457425287478686
2016-04-01,Stable,0.9433384658661063
2016-04-04,Stable,0.9295845496604773
2016-04-05,Stable,0.8970947060512592
2016-04-06,Stable,0.9271297258390487
2016-04-07,Stable,0.9368719468597506
2016-04-08,Stable,0.9449092521660821
2016-04-11,Stable,0.941435944927235
2016-04-12,Stable,0.9458897214826252
2016-04-13,Stable,0.940647992550907
2016-04-18,Stable,0.9663328008336396
2016-04-20,Stable,0.9811157711477853
2016-04-21,Stable,0.986640192644601
2016-04-22,Stable,0.9871581813465756
2016-04-25,Stable,0.9835009467485235
2016-04-26,Stable,0.9771751557240014
2016-04-27,Stable,0.974534000348221
2016-04-28,Stable,0.9632727036506614
2016-04-29,Stable,0.9772144791669218
2016-05-02,Stable,0.9818299499908907
2016-05-03,Stable,0.9843444648867286
2016-05-04,Stable,0.9868060232428828
2016-05-05,Stable,0.9868101021176965
2016-05-06,Stable,0.9838950978415795
2016-05-09,Stable,0.9746783044336107
2016-05-10,Stable,0.9820253823898587
2016-05-11,Stable,0.9833209785805302
2016-05-12,Stable,0.9831481549071472
2016-05-13,Stable,0.9802864821297466
2016-05-16,Stable,0.9823231673196452
2016-05-17,Stable,0.9807162214023649
2016-05-18,Stable,0.9734190522968845
2016-05-19,Stable,0.9560297807741291
2016-05-20,Stable,0.9467696897844733
2016-05-23,Stable,0.9246928005239583
2016-05-24,Stable,0.8757486820866626
2016-05-25,Stable,0.76286096800512
2016-05-26,Stable,0.7759322626950806
2016-05-27,Stable,0.8630947589751768
2016-05-30,Stable,0.938176323185648
2016-05-31,Stable,0.9708490971791457
2016-06-01,Stable,0.9858180208818799
2016-06-02,Stable,0.9920625544862041
2016-06-03,Stable,0.994962639820894
2016-06-06,Stable,0.9957431458686757
2016-06-07,Stable,0.9953578195418538
2016-06-08,Stable,0.9952728389983831
2016-06-09,Stable,0.9933459870709882
2016-06-10,Stable,0.9933402672006557
2016-06-13,Stable,0.9921547341919073
2016-06-14,Stable,0.9923741134976901
2016-06-15,Stable,0.9896464405089854
2016-06-16,Stable,0.9898409757698087
2016-06-17,Stable,0.9899901055763294
2016-06-20,Stable,0.9867579346301961
2016-06-21,Stable,0.982388980760215
2016-06-22,Stable,0.970913304364486
2016-06-23,Stable,0.9445270709971827
2016-06-24,Stable,0.9052057123167077
2016-06-27,Stable,0.9530398555692587
2016-06-28,Stable,0.9731443866538151
2016-06-29,Stable,0.9819476515760435
2016-06-30,Stable,0.9873520945325085
2016-07-01,Stable,0.9921409340117581
2016-07-04,Stable,0.994245911837608
2016-07-05,Stable,0.9946578382399779
2016-07-07,Stable,0.9940088928137475
2016-07-08,Stable,0.9908156488160381
2016-07-11,Stable,0.983693928300916
2016-07-12,Stable,0.9908288474759451
2016-07-13,Stable,0.9948779931055358
2016-07-14,Stable,0.9964503370956646
2016-07-15,Stable,0.997099050491158
2016-07-18,Stable,0.9974863541352347
2016-07-19,Stable,0.9976810976027829
2016-07-20,Stable,0.9973529389908011
2016-07-21,Stable,0.9966232594381249
2016-07-22,Stable,0.9968055558351785
2016-07-25,Stable,0.9961109783658192
2016-07-26,Stable,0.996857786845319
2016-07-27,Stable,0.9973567479479939
2016-07-28,Stable,0.997141773187403
2016-07-29,Stable,0.9969338123740933
2016-08-01,Stable,0.9969757664084025
2016-08-02,Stable,0.9962792001397193
2016-08-03,Stable,0.9942149523086249
2016-08-04,Stable,0.9946185137942006
2016-08-05,Stable,0.9929427176801571
2016-08-08,Stable,0.9946787175854318
2016-08-09,Stable,0.9946180313239551
2016-08-10,Stable,0.9932203573262125
2016-08-11,Stable,0.9951141283898176
2016-08-12,Stable,0.9952422037190192
2016-08-16,Stable,0.9966983685364569
2016-08-17,Stable,0.9974663442981352
2016-08-18,Stable,0.9977970581618858
2016-08-19,Stable,0.9979231257918402
2016-08-22,Stable,0.997843809554233
2016-08-23,Stable,0.9977755757438458
2016-08-24,Stable,0.9972458088155632
2016-08-25,Stable,0.9959011126658117
2016-08-26,Stable,0.9956401874440617
2016-08-29,Stable,0.9939926628322021
2016-08-30,Stable,0.9900113752692357
2016-08-31,Stable,0.993150832045608
2016-09-01,Stable,0.9938045300020211
2016-09-02,Stable,0.9922291498959208
2016-09-06,Stable,0.987536498300805
2016-09-07,Stable,0.9902785059271664
2016-09-08,Stable,0.9897694625868106
2016-09-09,Stable,0.9857932558197142
2016-09-12,Stable,0.9822137840614588
2016-09-14,Stable,0.9910987838731633
2016-09-15,Stable,0.9947611126658421
2016-09-16,Stable,0.9960120253613273
2016-09-19,Stable,0.9967664996567993
2016-09-20,Stable,0.9964619109575099
2016-09-21,Stable,0.9956518865479397
2016-09-22,Stable,0.9930995571014247
2016-09-23,Stable,0.990627635560507
2016-09-26,Stable,0.9850413632391833
2016-09-27,Stable,0.9863888202895166
2016-09-28,Stable,0.9837821936715747
2016-09-29,Stable,0.9746983136625686
2016-09-30,Stable,0.9827103982939059
2016-10-03,Stable,0.9842843764096716
2016-10-04,Stable,0.9905654861643339
2016-10-05,Stable,0.99272847466305
2016-10-06,Stable,0.9931300540890099
2016-10-07,Stable,0.9919866506532635
2016-10-10,Stable,0.9877229577094445
2016-10-13,Stable,0.9767792312195932
2016-10-14,Stable,0.9804972946434901
2016-10-17,Stable,0.9781447529889514
2016-10-18,Stable,0.9716148207925495
2016-10-19,Stable,0.9852659804749351
2016-10-20,Stable,0.9914430311411533
2016-10-21,Stable,0.9943066974047461
2016-10-24,Stable,0.9950933475871627
2016-10-25,Stable,0.9942802622430492
2016-10-26,Stable,0.9917645749957434
2016-10-27,Stable,0.9906862254443527
2016-10-28,Stable,0.9858758916022338
2016-11-01,Stable,0.9734778792204378
2016-11-02,Stable,0.9463795552174489
2016-11-03,Stable,0.9324253794995226
2016-11-04,Stable,0.9006270125084199
2016-11-07,Stable,0.8453557744011851
2016-11-08,Stable,0.7420504511300768
2016-11-09,Stable,0.5225801625623139
2016-11-10,Stable,0.6260179695938128
2016-11-11,Stable,0.8312789932387264
2016-11-15,Stable,0.7909365975476597
2016-11-16,Stable,0.532070950988727
2016-11-17,Stable,0.670358373280516
2016-11-18,Stable,0.733028354047913
2016-11-21,Stable,0.7581146385258225
2016-11-22,Stable,0.8340482137987816
2016-11-23,Stable,0.8770407405013838
2016-11-24,Stable,0.8926679113992979
2016-11-25,Stable,0.9012823898973006
2016-11-28,Stable,0.9480505972950095
2016-11-29,Stable,0.9673441617529376
2016-11-30,Stable,0.973994546631203
2016-12-01,Stable,0.9791029917766482
2016-12-02,Stable,0.9791430894964653
2016-12-05,Stable,0.985704783689254
2016-12-06,Stable,0.98750630245033
2016-12-07,Stable,0.9849492436811225
2016-12-08,Stable,0.979923317821121
2016-12-09,Stable,0.9878435394034987
2016-12-12,Stable,0.9903381036718959
2016-12-13,Stable,0.9937309426038831
2016-12-14,Stable,0.995770249110309
2016-12-15,Stable,0.9967937141874496
2016-12-16,Stable,0.9972355424225332
2016-12-19,Stable,0.9970018094641264
2016-12-20,Stable,0.9966350671580336
2016-12-21,Stable,0.9954683864933819
2016-12-22,Stable,0.9927756242435575
2016-12-23,Stable,0.9924251711530152
2016-12-26,Stable,0.9890723856140323
2016-12-27,Stable,0.9868635126378954
2016-12-28,Stable,0.9924951243246084
2016-12-29,Stable,0.994498464599749
2016-12-30,Stable,0.9952233041366123
2017-01-02,Stable,0.9968527671867382
2017-01-03,Stable,0.9974924801106528
2017-01-04,Stable,0.9974937480357352
2017-01-05,Stable,0.996890865141139
2017-01-06,Stable,0.9972016981981087
2017-01-09,Stable,0.9974911616481632
2017-01-10,Stable,0.9972634162003304
2017-01-11,Stable,0.997063577036517
2017-01-12,Stable,0.9977100728697063
2017-01-13,Stable,0.9980385484169634
2017-01-16,Stable,0.9981090648126842
2017-01-17,Stable,0.9979504961363047
2017-01-18,Stable,0.9976332603698362
2017-01-19,Stable,0.996717317288692
2017-01-20,Stable,0.9945263233298165
2017-01-23,Stable,0.9947060705607824
2017-01-24,Stable,0.9929886053937815
2017-01-25,Stable,0.9915919719268859
2017-01-27,Stable,0.9926827696595716
2017-01-30,Stable,0.9922151512937699
2017-01-31,Stable,0.9887916092442675
2017-02-01,Stable,0.9843246441185649
2017-02-02,Stable,0.9919369012568453
2017-02-03,Stable,0.9951972453665494
2017-02-06,Stable,0.9963057948894871
2017-02-07,Stable,0.9971987615393358
2017-02-08,Stable,0.9978191897621468
2017-02-09,Stable,0.998139169092372
2017-02-10,Stable,0.9982334961512018
2017-02-13,Stable,0.9981857719509921
2017-02-14,Stable,0.9979473101652547
2017-02-15,Stable,0.9973827593699881
2017-02-16,Stable,0.9975602659060474
2017-02-17,Stable,0.9975834719858463
2017-02-20,Stable,0.9976358367131694
2017-02-21,Stable,0.997966444732698
2017-02-22,Stable,0.9980958040160127
2017-02-23,Stable,0.9981239137930694
2017-02-27,Stable,0.9979160230666052
2017-02-28,Stable,0.997662797632712
2017-03-01,Stable,0.99714725864674
2017-03-02,Stable,0.997272329153897
2017-03-03,Stable,0.99758028366804
2017-03-06,Stable,0.9973369963746826
2017-03-07,Stable,0.9974714045770422
2017-03-08,Stable,0.997134201017026
2017-03-09,Stable,0.9964478607315086
2017-03-10,Stable,0.994373474552934
2017-03-14,Stable,0.9893262376755018
2017-03-15,Stable,0.9938379594233633
2017-03-16,Stable,0.9956326125159773
2017-03-17,Stable,0.9966772510146181
2017-03-20,Stable,0.9966351966693767
2017-03-21,Stable,0.9963334609712097
2017-03-22,Stable,0.9948250857699961
2017-03-23,Stable,0.9962733637585511
2017-03-24,Stable,0.997008270146239
2017-03-27,Stable,0.9969290320718344
2017-03-28,Stable,0.9973653711575363
2017-03-29,Stable,0.997707769279902
2017-03-30,Stable,0.9977833079327594
2017-03-31,Stable,0.9976078937935384
2017-04-03,Stable,0.9969316603586387
2017-04-05,Stable,0.9974460468770501
2017-04-06,Stable,0.9973189326604742
2017-04-07,Stable,0.9966033808265284
2017-04-10,Stable,0.9968048114240443
2017-04-11,Stable,0.9968193023252123
2017-04-12,Stable,0.9969186852540547
2017-04-13,Stable,0.9970223379278375
2017-04-17,Stable,0.9976171737385184
2017-04-18,Stable,0.9978023238041731
2017-04-19,Stable,0.9979646001216291
2017-04-20,Stable,0.9977863659317154
2017-04-21,Stable,0.9972242131892055
2017-04-24,Stable,0.9960223644087044
2017-04-25,Stable,0.9958908523899768
2017-04-26,Stable,0.9967070279538404
2017-04-27,Stable,0.9972521301679834
2017-04-28,Stable,0.9975294328112655
2017-05-02,Stable,0.9977478365448424
2017-05-03,Stable,0.9975002080136856
2017-05-04,Stable,0.9966746409568622
2017-05-05,Stable,0.9960563198415604
2017-05-08,Stable,0.9970783312562491
2017-05-09,Stable,0.9972268224912891
2017-05-10,Stable,0.9965833321072822
2017-05-11,Stable,0.9974490083894562
2017-05-12,Stable,0.9976361962575688
2017-05-15,Stable,0.9975059781184004
2017-05-16,Stable,0.9970404356397987
2017-05-17,Stable,0.9972652485042792
2017-05-18,Stable,0.9967707908296213
2017-05-19,Stable,0.9972005366919348
2017-05-22,Stable,0.9968136322809635
2017-05-23,Stable,0.9955156024518647
2017-05-24,Stable,0.994516623482307
2017-05-25,Stable,0.9915273890010748
2017-05-26,Stable,0.9939868935993506
2017-05-29,Stable,0.9964759602886385
2017-05-30,Stable,0.9975675431117543
2017-05-31,Stable,0.998007763530552
2017-06-01,Stable,0.9981700470521904
2017-06-02,Stable,0.9981643981173057
2017-06-05,Stable,0.9982061550513411
2017-06-06,Stable,0.9980714258777377
2017-06-07,Stable,0.9981874936944211
2017-06-08,Stable,0.9981702522817917
2017-06-09,Stable,0.9981314685584627
2017-06-12,Stable,0.9978675470110389
2017-06-13,Stable,0.9981396210654452
2017-06-14,Stable,0.998196772886593
2017-06-15,Stable,0.9980810886224664
2017-06-16,Stable,0.9979897989128521
2017-06-19,Stable,0.9976264918071618
2017-06-20,Stable,0.9979983797849593
2017-06-21,Stable,0.9980911909992012
2017-06-22,Stable,0.997973400076548
2017-06-23,Stable,0.9975216005559956
2017-06-27,Stable,0.9973156256711713
2017-06-28,Stable,0.9975745055521977
2017-06-29,Stable,0.9978676743265272
2017-06-30,Stable,0.9977527615170935
2017-07-03,Stable,0.997170870352798
2017-07-04,Stable,0.997791960519494
2017-07-05,Stable,0.9979831628494624
2017-07-06,Stable,0.997843171244269
2017-07-07,Stable,0.9974865711232147
2017-07-10,Stable,0.9964752437998968
2017-07-11,Stable,0.9974154557953127
2017-07-12,Stable,0.9976299605932322
2017-07-13,Stable,0.9973012829635148
2017-07-14,Stable,0.9972778586089464
2017-07-17,Stable,0.9965299652386126
2017-07-18,Stable,0.9944403723030446
2017-07-19,Stable,0.9958203732626612
2017-07-20,Stable,0.9970684506581611
2017-07-21,Stable,0.9975453414418542
2017-07-24,Stable,0.9976217345360429
2017-07-25,Stable,0.9979697017302118
2017-07-26,Stable,0.9980279705617556
2017-07-27,Stable,0.9981177654627684
2017-07-28,Stable,0.9979894184736153
2017-07-31,Stable,0.9977790981809351
2017-08-01,Stable,0.9978007403666064
2017-08-02,Stable,0.9973842200392165
2017-08-03,Stable,0.9966562884452128
2017-08-04,Stable,0.9968467542181196
2017-08-07,Stable,0.996104722352844
2017-08-08,Stable,0.994031173701248
2017-08-09,Stable,0.9927610429632023
2017-08-10,Stable,0.9912470848659173
2017-08-11,Stable,0.9905458942016151
2017-08-14,Stable,0.9922408835848694
2017-08-16,Stable,0.9928656587287916
2017-08-17,Stable,0.9943581201753837
2017-08-18,Stable,0.9936788510437162
2017-08-21,Stable,0.9941689521727628
2017-08-22,Stable,0.9957951196079922
2017-08-23,Stable,0.9958256602616464
2017-08-24,Stable,0.9963396877162546
2017-08-28,Stable,0.9955760503772687
2017-08-29,Stable,0.9935637291496421
2017-08-30,Stable,0.9951687527667163
2017-08-31,Stable,0.9966890431209566
2017-09-01,Stable,0.997111260263353
2017-09-04,Stable,0.9971336631163435
2017-09-05,Stable,0.9976175074010162
2017-09-06,Stable,0.9976723513705873
2017-09-07,Stable,0.9979791593744188
2017-09-08,Stable,0.9979710041843824
2017-09-11,Stable,0.997620182798646
2017-09-12,Stable,0.9973647525764056
2017-09-13,Stable,0.997926976981227
2017-09-14,Stable,0.998104326674652
2017-09-15,Stable,0.9980449610474533
2017-09-18,Stable,0.9976908304431963
2017-09-19,Stable,0.997135605173079
2017-09-20,Stable,0.9957088469040272
2017-09-21,Stable,0.9922926409154212
2017-09-22,Stable,0.9845122843780935
2017-09-25,Stable,0.9854359707191066
2017-09-26,Stable,0.9877264839634952
2017-09-27,Stable,0.9858920615047823
2017-09-28,Stable,0.9924717969927177
2017-09-29,Stable,0.995405367350368
2017-10-03,Stable,0.9963672429605029
2017-10-04,Stable,0.9970774688070426
2017-10-05,Stable,0.9974559495982833
2017-10-06,Stable,0.9974871568173567
2017-10-09,Stable,0.9978095592446119
2017-10-10,Stable,0.9976844739579169
2017-10-11,Stable,0.9970710485582648
2017-10-12,Stable,0.9959104276530383
2017-10-13,Stable,0.9964258838132758
2017-10-16,Stable,0.997097778622376
2017-10-17,Stable,0.9976210102497174
2017-10-18,Stable,0.9976477758196287
2017-10-19,Stable,0.9971985367833859
2017-10-23,Stable,0.997237304463972
2017-10-24,Stable,0.9966619103842789
2017-10-25,Stable,0.9949989880086175
2017-10-26,Stable,0.996769052532029
2017-10-27,Stable,0.9974877159668836
2017-10-30,Stable,0.9975548458280648
2017-10-31,Stable,0.9971488859751843
2017-11-01,Stable,0.9960285631853031
2017-11-02,Stable,0.9970465860210552
2017-11-03,Stable,0.9972191436326431
2017-11-06,Stable,0.9967369566468935
2017-11-07,Stable,0.9950822593256409
2017-11-08,Stable,0.9962981991561415
2017-11-09,Stable,0.9971105643752626
2017-11-10,Stable,0.9970415976667993
2017-11-13,Stable,0.9960641572154053
2017-11-14,Stable,0.9964675690863836
2017-11-15,Stable,0.9960980828196981
2017-11-16,Stable,0.9956746929764032
2017-11-17,Stable,0.9966792787253592
2017-11-20,Stable,0.9976322376414928
2017-11-21,Stable,0.9979858693984153
2017-11-22,Stable,0.9981561256776826
2017-11-23,Stable,0.9981635198948257
2017-11-24,Stable,0.99796351124408
2017-11-27,Stable,0.9974754297964903
2017-11-28,Stable,0.996259841036285
2017-11-29,Stable,0.9940504270219112
2017-11-30,Stable,0.9887716245379147
2017-12-01,Stable,0.9905205253513512
2017-12-04,Stable,0.9940907419359318
2017-12-05,Stable,0.9950507575310363
2017-12-06,Stable,0.9944736412530474
2017-12-07,Stable,0.9937509282607652
2017-12-08,Stable,0.994428877203526
2017-12-11,Stable,0.9954540288189562
2017-12-12,Stable,0.9956956000514866
2017-12-13,Stable,0.9963666706649746
2017-12-14,Stable,0.9969596372664506
2017-12-15,Stable,0.9972619503367389
2017-12-18,Stable,0.9975963115097306
2017-12-19,Stable,0.9976016709613122
2017-12-20,Stable,0.9979355251181881
2017-12-21,Stable,0.9980786204238675
2017-12-22,Stable,0.9980150717433747
2017-12-26,Stable,0.9981022580473439
2017-12-27,Stable,0.997966063343891
2017-12-28,Stable,0.9978414351912691
2017-12-29,Stable,0.9974852681237234
2018-01-01,Stable,0.997165723462527
2018-01-02,Stable,0.9978024085116615
2018-01-03,Stable,0.9979936775914581
2018-01-04,Stable,0.9979164225156744
2018-01-05,Stable,0.9978866363004784
2018-01-08,Stable,0.9979302428679679
2018-01-09,Stable,0.9981562829988725
2018-01-10,Stable,0.9982281764442219
2018-01-11,Stable,0.9981755174677882
2018-01-12,Stable,0.9979467803195197
2018-01-15,Stable,0.9974047773225688
2018-01-16,Stable,0.997182640093758
2018-01-17,Stable,0.9963700648750505
2018-01-18,Stable,0.9962148086497442
2018-01-19,Stable,0.9952333499746305
2018-01-22,Stable,0.9937040318928018
2018-01-23,Stable,0.9916453501254493
2018-01-24,Stable,0.9897124436995206
2018-01-25,Stable,0.9831505908045222
2018-01-29,Stable,0.9690561973713899
2018-01-30,Stable,0.9424056416097398
2018-01-31,Stable,0.9027121544609749
2018-02-01,Stable,0.8139790357534119
2018-02-02,Stable,0.6153838608940796
2018-02-05,Stable,0.646967052399773
2018-02-06,Stable,0.6717046522633701
2018-02-07,Stable,0.7801481112223669
2018-02-08,Stable,0.8311312605676837
2018-02-09,Stable,0.8676150090923918
2018-02-12,Stable,0.9211159611550872
2018-02-14,Stable,0.9559798482603836
2018-02-15,Stable,0.9737735523008236
2018-02-16,Stable,0.9810283000203496
2018-02-19,Stable,0.9877965023912103
2018-02-20,Stable,0.9929579548137919
2018-02-21,Stable,0.9951053671796601
2018-02-22,Stable,0.9956504026966014
2018-02-23,Stable,0.9946898003225643
2018-02-26,Stable,0.9943769924733173
2018-02-27,Stable,0.9942811645755828
2018-02-28,Stable,0.9925291556325907
2018-03-01,Stable,0.9890690158736475
2018-03-05,Stable,0.9819355114574086
2018-03-06,Stable,0.9750707212693055
2018-03-07,Stable,0.9757538871947943
2018-03-08,Stable,0.9764164993425436
2018-03-09,Stable,0.9759329894552565
2018-03-12,Stable,0.968379321996179
2018-03-13,Stable,0.9793783124463621
2018-03-14,Stable,0.9829612318447049
2018-03-15,Stable,0.9811817457623903
2018-03-16,Stable,0.9751006311806533
2018-03-19,Stable,0.9821257034958591
2018-03-20,Stable,0.9877826541913485
2018-03-21,Stable,0.9887249420372564
2018-03-22,Stable,0.9861746828945891
2018-03-23,Stable,0.979611975887666
2018-03-26,Stable,0.9795642830818876
2018-03-27,Stable,0.9860675936644803
2018-03-28,Stable,0.9874796904197133
2018-04-02,Stable,0.9874298010244463
2018-04-03,Stable,0.9863390530397981
2018-04-04,Stable,0.9804156675529608
2018-04-05,Stable,0.9776324149385138
2018-04-06,Stable,0.9892117030350188
2018-04-09,Stable,0.994064565295653
2018-04-10,Stable,0.9964668511246243
2018-04-11,Stable,0.9974995058247593
2018-04-12,Stable,0.9978572064436607
2018-04-13,Stable,0.9981277259742661
2018-04-16,Stable,0.9982270254123592
2018-04-17,Stable,0.998281476921185
2018-04-18,Stable,0.9982708768638049
2018-04-19,Stable,0.9983048896331684
2018-04-20,Stable,0.9983033662853014
2018-04-23,Stable,0.998233686660638
2018-04-24,Stable,0.9980041393812933
2018-04-25,Stable,0.9977925982286121
2018-04-26,Stable,0.9975756124686488
2018-04-27,Stable,0.9974412493009498
2018-04-30,Stable,0.997690050029767
2018-05-02,Stable,0.9979080396986743
2018-05-03,Stable,0.9977508406487614
2018-05-04,Stable,0.9973351031959916
2018-05-07,Stable,0.9972405975434454
2018-05-08,Stable,0.9978122538065105
2018-05-09,Stable,0.9979395683026747
2018-05-10,Stable,0.9977952472032543
2018-05-11,Stable,0.9974178757102904
2018-05-14,Stable,0.9977034382743359
2018-05-15,Stable,0.9974786373765455
2018-05-16,Stable,0.9966180747413983
2018-05-17,Stable,0.9954150254413127
2018-05-18,Stable,0.9945070150277041
2018-05-21,Stable,0.9948797606739826
2018-05-22,Stable,0.9954247523407798
2018-05-23,Stable,0.9942527393239013
2018-05-24,Stable,0.9945343952635042
2018-05-25,Stable,0.9952749080146518
2018-05-28,Stable,0.9957352522316922
2018-05-29,Stable,0.9957928507722223
2018-05-30,Stable,0.9959944704004685
2018-05-31,Stable,0.9948982605439995
2018-06-01,Stable,0.9961047875886354
2018-06-04,Stable,0.9963208518472291
2018-06-05,Stable,0.9968056667817788
2018-06-06,Stable,0.9967443359434411
2018-06-07,Stable,0.9970059411060506
2018-06-08,Stable,0.9977298027284466
2018-06-11,Stable,0.9979888186662602
2018-06-12,Stable,0.9979193099865777
2018-06-13,Stable,0.9980432915329008
2018-06-14,Stable,0.997878734427417
2018-06-15,Stable,0.9978828243848182
2018-06-18,Stable,0.9974871044514237
2018-06-19,Stable,0.9966519036486631
2018-06-20,Stable,0.9967320259554948
2018-06-21,Stable,0.9969353957669546
2018-06-22,Stable,0.9966871695484292
2018-06-25,Stable,0.9964988278401092
2018-06-26,Stable,0.9966503626854903
2018-06-27,Stable,0.9956745106127632
2018-06-28,Stable,0.9955914406878299
2018-06-29,Stable,0.9951334341028949
2018-07-02,Stable,0.9963345647453863
2018-07-03,Stable,0.9971259554143584
2018-07-04,Stable,0.9971831796914311
2018-07-05,Stable,0.9975776747258296
2018-07-06,Stable,0.997603201262729
2018-07-09,Stable,0.9970924328779673
2018-07-10,Stable,0.9969630027256421
2018-07-11,Stable,0.9974572663794883
2018-07-12,Stable,0.997284619676127
2018-07-13,Stable,0.9975760949037504
2018-07-16,Stable,0.9973095570460534
2018-07-17,Stable,0.9975705395833044
2018-07-18,Stable,0.9977286335400984
2018-07-19,Stable,0.9980016376927148
2018-07-20,Stable,0.9980132580617465
2018-07-23,Stable,0.997923714893523
2018-07-24,Stable,0.9980758997966048
2018-07-25,Stable,0.9980433659328629
2018-07-26,Stable,0.9977163793251751
2018-07-27,Stable,0.9970035928804333
2018-07-30,Stable,0.9973751126558617
2018-07-31,Stable,0.997308679680912
2018-08-01,Stable,0.9965816562167746
2018-08-02,Stable,0.9949030106190251
2018-08-03,Stable,0.9951949382883565
2018-08-06,Stable,0.996810561267282
2018-08-07,Stable,0.9974814597425773
2018-08-08,Stable,0.9975609086603348
2018-08-09,Stable,0.9976505138081274
2018-08-10,Stable,0.9973660136175274
2018-08-13,Stable,0.9970358570877392
2018-08-14,Stable,0.9971253183362598
2018-08-16,Stable,0.9969217611161905
2018-08-17,Stable,0.9967600882239875
2018-08-20,Stable,0.9967930792943385
2018-08-21,Stable,0.9974954645719837
2018-08-23,Stable,0.9975566479780668
2018-08-24,Stable,0.997008839379057
2018-08-27,Stable,0.9957574952316289
2018-08-28,Stable,0.9965730683957605
2018-08-29,Stable,0.9967588632190937
2018-08-30,Stable,0.9967584050250099
2018-08-31,Stable,0.995776360572411
2018-09-03,Stable,0.9931537533511814
2018-09-04,Stable,0.9916447947920436
2018-09-05,Stable,0.9878498751597641
2018-09-06,Stable,0.9796712459625821
2018-09-07,Stable,0.9632930560020221
2018-09-10,Stable,0.9265364463357921
2018-09-11,Stable,0.9043397770288978
2018-09-12,Stable,0.898937798916167
2018-09-14,Stable,0.8840447389500746
2018-09-17,Stable,0.8625316384694174
2018-09-18,Stable,0.858291390234821
2018-09-19,Stable,0.8481368471873711
2018-09-21,Stable,0.819772715337409
2018-09-24,Stable,0.7780454257890322
2018-09-25,Stable,0.769602479609228
2018-09-26,Stable,0.7517388030630563
2018-09-27,Stable,0.7024104563701575
2018-09-28,Stable,0.6166524739324594
2018-10-01,Stable,0.5699345586243539
2018-10-03,Transitional,0.8731141935571362
2018-10-04,Transitional,0.9898399090652902
2018-10-05,Transitional,0.9950353886718462
2018-10-08,Transitional,0.9813095992433278
2018-10-09,Transitional,0.9796743686150245
2018-10-10,Transitional,0.9862170626851774
2018-10-11,Transitional,0.9925726666851746
2018-10-12,Transitional,0.9784564571259495
2018-10-15,Transitional,0.8593177059963409
2018-10-16,Transitional,0.8087206013697814
2018-10-17,Transitional,0.7808802685800268
2018-10-19,Transitional,0.7486351714370889
2018-10-22,Transitional,0.6848721379687173
2018-10-23,Transitional,0.6542255491605323
2018-10-24,Transitional,0.6338735948230901
2018-10-25,Transitional,0.6386560637600397
2018-10-26,Transitional,0.6436814573091203
2018-10-29,Transitional,0.6488981294373772
2018-10-30,Transitional,0.537811515102224
2018-10-31,Transitional,0.5208561030715346
2018-11-01,Transitional,0.6574143453407926
2018-11-02,Transitional,0.713508697413849
2018-11-05,Stable,0.8625755542415685
2018-11-06,Stable,0.9294432301122136
2018-11-07,Stable,0.9574003995287729
2018-11-09,Stable,0.9725435239631889
2018-11-12,Stable,0.9781502023470496
2018-11-13,Stable,0.9856805579576563
2018-11-14,Stable,0.991902914160416
2018-11-15,Stable,0.9941494653809043
2018-11-16,Stable,0.9942841181434513
2018-11-19,Stable,0.9930324912001817
2018-11-20,Stable,0.9917427905063457
2018-11-21,Stable,0.9913320263623675
2018-11-22,Stable,0.9912404129906497
2018-11-26,Stable,0.9903306408485938
2018-11-27,Stable,0.9904473536561905
2018-11-28,Stable,0.987564073335845
2018-11-29,Stable,0.9807241991250251
2018-11-30,Stable,0.9773647095030604
2018-12-03,Stable,0.9654274300642155
2018-12-04,Stable,0.9357550361320622
2018-12-05,Stable,0.873062437055955
2018-12-06,Stable,0.7790023326611809
2018-12-07,Stable,0.7564803899731992
2018-12-10,Stable,0.7251179467620495
2018-12-11,Stable,0.781244054979337
2018-12-12,Stable,0.8046460327609429
2018-12-13,Stable,0.8991585144765794
2018-12-14,Stable,0.9421662992909092
2018-12-17,Stable,0.9593739674925464
2018-12-18,Stable,0.9700476269794157
2018-12-19,Stable,0.9716822800304773
2018-12-20,Stable,0.9661138995506668
2018-12-21,Stable,0.9493390096597559
2018-12-24,Stable,0.9686588284550874
2018-12-26,Stable,0.9833480600923512
2018-12-27,Stable,0.9902879955414248
2018-12-28,Stable,0.9931556567592404
2018-12-31,Stable,0.9949682557591357
2019-01-02,Stable,0.9948732491906123
2019-01-03,Stable,0.9940963883186271
2019-01-04,Stable,0.9960994766456631
2019-01-07,Stable,0.9970921540306122
2019-01-08,Stable,0.9974802396046089
2019-01-09,Stable,0.9973995050244294
2019-01-10,Stable,0.9974023644787158
2019-01-11,Stable,0.9971142209721884
2019-01-14,Stable,0.996310280928532
2019-01-15,Stable,0.9950301004024936
2019-01-16,Stable,0.9968634056760994
2019-01-17,Stable,0.9975680470056364
2019-01-18,Stable,0.9976624479273055
2019-01-21,Stable,0.9972240984302806
2019-01-22,Stable,0.9964561516555979
2019-01-23,Stable,0.9950522499440883
2019-01-24,Stable,0.9954320826107995
2019-01-25,Stable,0.9941609794283907
2019-01-28,Stable,0.9917341494501029
2019-01-29,Stable,0.9918662699594311
2019-01-30,Stable,0.9892013349144156
2019-01-31,Stable,0.9814289315359538
2019-02-01,Stable,0.989455094072398
2019-02-04,Stable,0.993510820577272
2019-02-05,Stable,0.9948222227656566
2019-02-06,Stable,0.994155357370144
2019-02-07,Stable,0.9942219719809804
2019-02-08,Stable,0.9920437519998255
2019-02-11,Stable,0.9936914695622207
2019-02-12,Stable,0.993947350747343
2019-02-14,Stable,0.9941714587047799
2019-02-15,Stable,0.995036760753711
2019-02-18,Stable,0.9943244365303274
2019-02-19,Stable,0.9949548506820912
2019-02-20,Stable,0.9946234775002329
2019-02-21,Stable,0.9962054843065523
2019-02-22,Stable,0.9966484161170228
2019-02-25,Stable,0.9960641684288221
2019-02-26,Stable,0.9963773511398185
2019-02-27,Stable,0.9971877361032998
2019-02-28,Stable,0.9973817886873668
2019-03-01,Stable,0.9969763012987497
2019-03-05,Stable,0.9961719974196463
2019-03-06,Stable,0.9968140476510284
2019-03-07,Stable,0.9969602944424532
2019-03-08,Stable,0.9962071991459631
2019-03-11,Stable,0.9941460444366622
2019-03-12,Stable,0.9932118830339283
2019-03-13,Stable,0.9955454466818027
2019-03-14,Stable,0.9968018068304524
2019-03-15,Stable,0.9969969709425994
2019-03-18,Stable,0.9973200416335475
2019-03-19,Stable,0.9969161924972013
2019-03-20,Stable,0.9965739377303995
2019-03-22,Stable,0.994996197869404
2019-03-25,Stable,0.9930260526778135
2019-03-26,Stable,0.9927944813167472
2019-03-27,Stable,0.994236931231501
2019-03-28,Stable,0.9939649127277589
2019-04-01,Stable,0.9951276945184013
2019-04-02,Stable,0.9963670826789369
2019-04-03,Stable,0.9967368963555989
2019-04-04,Stable,0.9969480117780121
2019-04-05,Stable,0.9971998143620496
2019-04-08,Stable,0.9969921243000444
2019-04-09,Stable,0.9965959587020149
2019-04-10,Stable,0.9958376742590198
2019-04-11,Stable,0.9968309553914481
2019-04-12,Stable,0.9967867782633638
2019-04-15,Stable,0.995976466623086
2019-04-16,Stable,0.9937541996288793
2019-04-18,Stable,0.9918995319907348
2019-04-22,Stable,0.9874054960827284
2019-04-23,Stable,0.9888203011074974
2019-04-24,Stable,0.9867343847709079
2019-04-25,Stable,0.9878490179509047
2019-04-26,Stable,0.9893985712484059
2019-04-30,Stable,0.9901513403575926
2019-05-02,Stable,0.9874200737442688
2019-05-03,Stable,0.9793661733755932
2019-05-06,Stable,0.9598606127560635
2019-05-07,Stable,0.9400275923399986
2019-05-08,Stable,0.9159102392520809
2019-05-09,Stable,0.9058013755868863
2019-05-10,Stable,0.8849993671876674
2019-05-13,Stable,0.8352176615951924
2019-05-14,Stable,0.7862771176922121
2019-05-15,Stable,0.6878943134080909
2019-05-16,Stable,0.5144012658292165
2019-05-17,Transitional,0.7881280278088217
2019-05-20,Transitional,0.9904094057027157
2019-05-21,Stable,0.7491349595463579
2019-05-22,Stable,0.5191500280667621
2019-05-23,Stable,0.5818377535265067
2019-05-24,Stable,0.6531977028559586
2019-05-27,Stable,0.809648695019271
2019-05-28,Stable,0.8908046301501743
2019-05-29,Stable,0.9243826229991495
2019-05-30,Stable,0.9444544738695939
2019-05-31,Stable,0.9561742200512285
2019-06-03,Stable,0.9583103353387129
2019-06-04,Stable,0.9674734887070443
2019-06-06,Stable,0.970197354016158
2019-06-07,Stable,0.985242286504328
2019-06-10,Stable,0.991515622053095
2019-06-11,Stable,0.9941365589063266
2019-06-12,Stable,0.9947450554888497
2019-06-13,Stable,0.9946177279338829
2019-06-14,Stable,0.9924110408842899
2019-06-17,Stable,0.9901803150175749
2019-06-18,Stable,0.9931425173885406
2019-06-19,Stable,0.9933795089282068
2019-06-20,Stable,0.9910249611373687
2019-06-21,Stable,0.9915278729660492
2019-06-24,Stable,0.9946404072124665
2019-06-25,Stable,0.9957167303700939
2019-06-26,Stable,0.996786092282103
2019-06-27,Stable,0.9970372428713686
2019-06-28,Stable,0.996412984500354
2019-07-01,Stable,0.9955615864283485
2019-07-02,Stable,0.9944129700484852
2019-07-03,Stable,0.9909816965455454
2019-07-04,Stable,0.9824579731750619
2019-07-05,Stable,0.9623731726258815
2019-07-08,Stable,0.9440172796591264
2019-07-09,Stable,0.9723034545957692
2019-07-10,Stable,0.9840771424979389
2019-07-11,Stable,0.9902700174796333
2019-07-12,Stable,0.993768698539144
2019-07-15,Stable,0.9949678932760555
2019-07-16,Stable,0.9946138332514511
2019-07-17,Stable,0.993112258080818
2019-07-18,Stable,0.9884625371473225
2019-07-19,Stable,0.983799313616749
2019-07-22,Stable,0.9887020207574228
2019-07-23,Stable,0.993437142785169
2019-07-24,Stable,0.9952344393672212
2019-07-25,Stable,0.9958800064201767
2019-07-26,Stable,0.9950941392516607
2019-07-29,Stable,0.9922107990505988
2019-07-30,Stable,0.9875007872613908
2019-07-31,Stable,0.9821475169310746
2019-08-01,Stable,0.9680920114771588
2019-08-02,Stable,0.9624489121016094
2019-08-05,Stable,0.9445115366958575
2019-08-06,Stable,0.9330755859528382
2019-08-07,Stable,0.9105220056185581
2019-08-08,Stable,0.8795052920142056
2019-08-09,Stable,0.8786764791559606
2019-08-13,Stable,0.865030426034443
2019-08-14,Stable,0.886760251895745
2019-08-16,Stable,0.9008858589443118
2019-08-19,Stable,0.8983077921112507
2019-08-20,Stable,0.8770800070418593
2019-08-21,Stable,0.8245806565898642
2019-08-22,Stable,0.747081014336386
2019-08-23,Stable,0.7308239831315952
2019-08-26,Stable,0.6880396965702729
2019-08-27,Stable,0.727651509873298
2019-08-28,Stable,0.7373770203550603
2019-08-29,Stable,0.7298863281016572
2019-08-30,Stable,0.7244710067784232
2019-09-03,Stable,0.6999120791614893
2019-09-04,Stable,0.7855557688110911
2019-09-05,Stable,0.8225817240944234
2019-09-06,Stable,0.8336010773077681
2019-09-09,Stable,0.8361581166977663
2019-09-11,Stable,0.8196270935374884
2019-09-12,Stable,0.7714217370289298
2019-09-13,Stable,0.6763607159427025
2019-09-16,Stable,0.5104620517432622
2019-09-17,Transitional,0.7378962581359205
2019-09-18,Transitional,0.7893287115854373
2019-09-19,Transitional,0.913979682912626
2019-09-20,Transitional,0.9773599974040899
2019-09-23,Transitional,0.984513754205118
2019-09-24,Stable,0.7304395383652369
2019-09-25,Stable,0.620426198083617
2019-09-26,Stable,0.5656776757722926
2019-09-27,Stable,0.7115403882724893
2019-09-30,Stable,0.7859473893286001
2019-10-01,Stable,0.8211627477167279
2019-10-03,Stable,0.8536559114071988
2019-10-04,Stable,0.8682282008014056
2019-10-07,Stable,0.8911889517312183
2019-10-09,Stable,0.8979296646076482
2019-10-10,Stable,0.9365643408311536
2019-10-11,Stable,0.9656784555276474
2019-10-14,Stable,0.9811099343866702
2019-10-15,Stable,0.9871191448487806
2019-10-16,Stable,0.9905275967084689
2019-10-17,Stable,0.9903904875991754
2019-10-18,Stable,0.9923189170877
2019-10-22,Stable,0.9925475247601881
2019-10-23,Stable,0.9938262517566424
2019-10-24,Stable,0.9928187589878443
2019-10-25,Stable,0.9888769761065718
2019-10-29,Stable,0.9788134757594313
2019-10-30,Stable,0.9890880497785064
2019-10-31,Stable,0.9943359450530296
2019-11-01,Stable,0.9965557650608388
2019-11-04,Stable,0.9974023001086193
2019-11-05,Stable,0.9976750503547412
2019-11-06,Stable,0.997551491432009
2019-11-07,Stable,0.9973402818954287
2019-11-08,Stable,0.996717330411318
2019-11-11,Stable,0.9974033425926391
2019-11-13,Stable,0.9973850920317429
2019-11-14,Stable,0.9978184671874178
2019-11-15,Stable,0.998058373391098
2019-11-18,Stable,0.998029619705432
2019-11-19,Stable,0.99788030231326
2019-11-20,Stable,0.997640757198314
2019-11-21,Stable,0.9971456206830303
2019-11-22,Stable,0.9959676939510131
2019-11-25,Stable,0.99452504799866
2019-11-26,Stable,0.9963719010291577
2019-11-27,Stable,0.9970480757490789
2019-11-28,Stable,0.9972339783559406
2019-11-29,Stable,0.9966974957573869
2019-12-02,Stable,0.9974955627419227
2019-12-03,Stable,0.9976433494632468
2019-12-04,Stable,0.9976623150123162
2019-12-05,Stable,0.9974163145490614
2019-12-06,Stable,0.996651419184088
2019-12-09,Stable,0.997225918884055
2019-12-10,Stable,0.9969954599910917
2019-12-11,Stable,0.9972449736071186
2019-12-12,Stable,0.9970023684993656
2019-12-13,Stable,0.9960937955014212
2019-12-16,Stable,0.9966472565188778
2019-12-17,Stable,0.9963049331320657
2019-12-18,Stable,0.9972022204126046
2019-12-19,Stable,0.9976823475527363
2019-12-20,Stable,0.9977085743506502
2019-12-23,Stable,0.9972346236662801
2019-12-24,Stable,0.9959939651418858
2019-12-26,Stable,0.9940764051493453
2019-12-27,Stable,0.9923678313116251
2019-12-30,Stable,0.9912674575811556
2019-12-31,Stable,0.9865312775022678
2020-01-02,Stable,0.9806183260173559
2020-01-03,Stable,0.9723053592664584
2020-01-06,Stable,0.9546462791854748
2020-01-07,Stable,0.9717750070249206
2020-01-08,Stable,0.9788248758296337
2020-01-09,Stable,0.9793565306616482
2020-01-10,Stable,0.9892680571704091
2020-01-13,Stable,0.9935431162941458
2020-01-14,Stable,0.9959277286215863
2020-01-15,Stable,0.996686907589756
2020-01-16,Stable,0.996590411038681
2020-01-17,Stable,0.995308084177349
2020-01-20,Stable,0.9918708163552945
2020-01-21,Stable,0.9906844718786488
2020-01-22,Stable,0.9875934456995672
2020-01-23,Stable,0.981520028605708
2020-01-24,Stable,0.9696785917035718
2020-01-27,Stable,0.9450291698798897
2020-01-28,Stable,0.9267165592617137
2020-01-29,Stable,0.8900476355060327
2020-01-30,Stable,0.8148060896513484
2020-01-31,Stable,0.7012137403458993
2020-02-03,Stable,0.5124643943470625
2020-02-04,Stable,0.513205839368111
2020-02-05,Stable,0.6989640933535803
2020-02-06,Stable,0.8358969166835785
2020-02-07,Stable,0.8974419326126647
2020-02-10,Stable,0.9277047705675479
2020-02-11,Stable,0.9411356457696506
2020-02-12,Stable,0.9440434001090998
2020-02-13,Stable,0.9417789844351685
2020-02-14,Stable,0.9277010652439982
2020-02-17,Stable,0.8988804330152957
2020-02-18,Stable,0.8443197765443934
2020-02-19,Stable,0.7351611298549324
2020-02-20,Stable,0.5997469908728571
2020-02-24,Transitional,0.6734741835476198
2020-02-25,Transitional,0.698903586687713
2020-02-26,Transitional,0.7686776263635308
2020-02-27,Transitional,0.8412691932982733
2020-02-28,Transitional,0.9874035354207376
2020-03-02,Transitional,0.9731471640860396
2020-03-03,Transitional,0.9597450685404774
2020-03-04,Transitional,0.9294519772823058
2020-03-05,Transitional,0.8388917973186043
2020-03-06,Transitional,0.5189235101505493
2020-03-09,Volatile,0.93290110657869
2020-03-11,Volatile,0.9473603595918355
2020-03-12,Volatile,0.9999979276784515
2020-03-13,Volatile,0.9999537857167367
2020-03-16,Volatile,0.9999999663486966
2020-03-17,Volatile,0.9997552135145978
2020-03-18,Volatile,0.9999812268267797
2020-03-19,Volatile,0.999613423787496
2020-03-20,Volatile,0.9999929467934173
2020-03-23,Volatile,1.0
2020-03-24,Volatile,0.9997758150150338
2020-03-25,Volatile,0.999999557772851
2020-03-26,Volatile,0.9999457570535046
2020-03-27,Volatile,0.9991356750398013
2020-03-30,Volatile,0.9998713422199144
2020-03-31,Volatile,0.9998402026282023
2020-04-01,Volatile,0.9998569689322854
2020-04-03,Volatile,0.9996402339919176
2020-04-07,Volatile,0.9999982496626074
2020-04-08,Volatile,0.8018741475132711
2020-04-09,Volatile,0.7414210848446775
2020-04-13,Transitional,0.6392585946277682
2020-04-15,Transitional,0.8017128946647194
2020-04-16,Transitional,0.8576879717353386
2020-04-17,Transitional,0.8778357603922252
2020-04-20,Transitional,0.9062790358568954
2020-04-21,Transitional,0.9161639868837326
2020-04-22,Transitional,0.9313653693469103
2020-04-23,Transitional,0.9424209908532325
2020-04-24,Transitional,0.9460922871715483
2020-04-27,Transitional,0.9436115658140272
2020-04-28,Transitional,0.935393825198008
2020-04-29,Transitional,0.9129297410456991
2020-04-30,Transitional,0.8669033005921388
2020-05-04,Transitional,0.8345626827774228
2020-05-05,Transitional,0.9046772664132776
2020-05-06,Transitional,0.9040233808575574
2020-05-07,Transitional,0.8976318606872575
2020-05-08,Transitional,0.8931797288992354
2020-05-11,Transitional,0.9020437068501017
2020-05-12,Transitional,0.9331716057638623
2020-05-13,Transitional,0.989101313263879
2020-05-14,Transitional,0.9985925164026299
2020-05-15,Transitional,0.9961631343763381
2020-05-18,Transitional,0.9984848214472223
2020-05-19,Transitional,0.9924653069055547
2020-05-20,Transitional,0.9927871773248601
2020-05-21,Transitional,0.9806733070386516
2020-05-22,Transitional,0.979816472813093
2020-05-26,Transitional,0.9833332331607404
2020-05-27,Transitional,0.9988358583977246
2020-05-28,Transitional,0.9981077478409525
2020-05-29,Transitional,0.9954122951958221
2020-06-01,Transitional,0.9973916776663488
2020-06-02,Transitional,0.968838144177988
2020-06-03,Transitional,0.9147739572126349
2020-06-04,Transitional,0.8839773003030014
2020-06-05,Transitional,0.8752884034879899
2020-06-08,Transitional,0.8775931262906009
2020-06-09,Transitional,0.904167807886501
2020-06-10,Transitional,0.9224397621431486
2020-06-11,Transitional,0.9570021281903524
2020-06-12,Transitional,0.9463135774692252
2020-06-15,Transitional,0.9471458487222235
2020-06-16,Transitional,0.9269165232545081
2020-06-17,Transitional,0.9112586403048655
2020-06-18,Transitional,0.9131490049128399
2020-06-19,Transitional,0.8588274221119159
2020-06-22,Transitional,0.7604423116211527
2020-06-23,Transitional,0.7171469859889307
2020-06-24,Transitional,0.642004731982147
2020-06-25,Stable,0.5998054984523684
2020-06-26,Stable,0.7038838177892998
2020-06-29,Stable,0.7765703498319138
2020-06-30,Stable,0.818388531317917
2020-07-01,Stable,0.8311709407635628
2020-07-02,Stable,0.8581594589985493
2020-07-03,Stable,0.8875331371453551
2020-07-06,Stable,0.8972656306856932
2020-07-07,Stable,0.9125378992907142
2020-07-08,Stable,0.9141111265553905
2020-07-09,Stable,0.9159067472860426
2020-07-10,Stable,0.9175281350098285
2020-07-13,Stable,0.9076831777941552
2020-07-14,Stable,0.8763457694994096
2020-07-15,Stable,0.8909851853122512
2020-07-16,Stable,0.8881354476623926
2020-07-17,Stable,0.8859530039094459
2020-07-20,Stable,0.8976850143779936
2020-07-21,Stable,0.907120020963412
2020-07-22,Stable,0.9251918879749252
2020-07-23,Stable,0.9282756357637042
2020-07-24,Stable,0.9227686261653465
2020-07-27,Stable,0.8998233247768084
2020-07-28,Stable,0.8559997756849631
2020-07-29,Stable,0.8330618430089963
2020-07-30,Stable,0.8165815408844208
2020-07-31,Stable,0.7958196194563887
2020-08-03,Stable,0.7446374338636214
2020-08-04,Stable,0.7548697433145958
2020-08-05,Stable,0.875520194292622
2020-08-06,Stable,0.9275176707027332
2020-08-07,Stable,0.9657552287988567
2020-08-10,Stable,0.9819063921730307
2020-08-11,Stable,0.9888356475193886
2020-08-12,Stable,0.9920655469510271
2020-08-13,Stable,0.9922962338171941
2020-08-14,Stable,0.9898197999774537
2020-08-17,Stable,0.9911382295777423
2020-08-18,Stable,0.9897743275230337
2020-08-19,Stable,0.9913476038166497
2020-08-20,Stable,0.9897521689629765
2020-08-21,Stable,0.990699595512467
2020-08-24,Stable,0.989255667742681
2020-08-25,Stable,0.9876287039043673
2020-08-26,Stable,0.9808607564315083
2020-08-27,Stable,0.9670001685761245
2020-08-28,Stable,0.9335998700867806
2020-08-31,Stable,0.8849052951388218
2020-09-01,Stable,0.9151424667746944
2020-09-02,Stable,0.9300165113109333
2020-09-03,Stable,0.9321352753791591
2020-09-04,Stable,0.9223958123308147
2020-09-07,Stable,0.9391938011248784
2020-09-08,Stable,0.9417606241678931
2020-09-09,Stable,0.9327486919224212
2020-09-10,Stable,0.9110789608286526
2020-09-11,Stable,0.9122421616939019
2020-09-14,Stable,0.897513742856316
2020-09-15,Stable,0.8594856613278445
2020-09-16,Stable,0.7912136267983226
2020-09-17,Stable,0.6617823856063405
2020-09-18,Stable,0.50536291608745
2020-09-21,Transitional,0.8482828602471163
2020-09-22,Transitional,0.8719211387432533
2020-09-23,Transitional,0.9084908965908524
2020-09-24,Transitional,0.9967811145651465
2020-09-25,Transitional,0.9886311179377192
2020-09-28,Transitional,0.8860025910200441
2020-09-29,Stable,0.6803525253070614
2020-09-30,Stable,0.5942678369042768
2020-10-01,Stable,0.5631141357909388
2020-10-05,Stable,0.5227026352313898
2020-10-06,Stable,0.5666631471612366
2020-10-07,Stable,0.6553490913048574
2020-10-08,Stable,0.7046620093099182
2020-10-09,Stable,0.7289612300429475
2020-10-12,Stable,0.7372191897560791
2020-10-13,Stable,0.7200863827325024
2020-10-14,Stable,0.6641577049740366
2020-10-15,Stable,0.5361317030854799
2020-10-16,Stable,0.7017982871668116
2020-10-19,Stable,0.787628905297962
2020-10-20,Stable,0.8648182097175832
2020-10-21,Stable,0.8966725533782516
2020-10-22,Stable,0.9072605080475927
2020-10-23,Stable,0.9052511927542222
2020-10-26,Stable,0.8863846878238638
2020-10-27,Stable,0.8834969027031069
2020-10-28,Stable,0.8742296200778615
2020-10-29,Stable,0.8880171644931955
2020-10-30,Stable,0.888546604718868
2020-11-02,Stable,0.8744500809234274
2020-11-03,Stable,0.8342480394662951
2020-11-04,Stable,0.8003749183676431
2020-11-05,Stable,0.7463433154347261
2020-11-06,Stable,0.7406906104748295
2020-11-09,Stable,0.7430029684159208
2020-11-10,Stable,0.7789736166043979
2020-11-11,Stable,0.8626879412376318
2020-11-12,Stable,0.9094577487383331
2020-11-13,Stable,0.9353734920830549
2020-11-17,Stable,0.9434078751528264
2020-11-18,Stable,0.95281039358198
2020-11-19,Stable,0.9530073286919161
2020-11-20,Stable,0.9639764871253967
2020-11-23,Stable,0.9676655287293314
2020-11-24,Stable,0.9640118478443289
2020-11-25,Stable,0.9589546573416777
2020-11-26,Stable,0.9720915650788841
2020-11-27,Stable,0.982581948659496
2020-12-01,Stable,0.9865587321591317
2020-12-02,Stable,0.9920939310293733
2020-12-03,Stable,0.9940252073151308
2020-12-04,Stable,0.9936393618849831
2020-12-07,Stable,0.9940727034971546
2020-12-08,Stable,0.9940041453062011
2020-12-09,Stable,0.9919245041505187
2020-12-10,Stable,0.9911253227752774
2020-12-11,Stable,0.987602144406678
2020-12-14,Stable,0.978260766150127
2020-12-15,Stable,0.956679118714886
2020-12-16,Stable,0.9060069570507716
2020-12-17,Stable,0.8287970500774703
2020-12-18,Stable,0.6648650047130321
2020-12-21,Stable,0.7186501220876116
2020-12-22,Stable,0.5036536355801934
2020-12-23,Stable,0.6567074891973009
2020-12-24,Stable,0.7703346854406166
2020-12-28,Stable,0.875023777823601
2020-12-29,Stable,0.9390254969158314
2020-12-30,Stable,0.9705635871573124
2020-12-31,Stable,0.9841341987839229
2021-01-01,Stable,0.9894149493682589
2021-01-04,Stable,0.990476839293776
2021-01-05,Stable,0.9895036586572813
2021-01-06,Stable,0.9854774404139215
2021-01-07,Stable,0.9781651441537798
2021-01-08,Stable,0.9605830789344665
2021-01-11,Stable,0.9525369316890199
2021-01-12,Stable,0.9417064027079942
2021-01-13,Stable,0.9150767820474361
2021-01-14,Stable,0.851152152214336
2021-01-15,Stable,0.7011362259556732
2021-01-18,Stable,0.5761298908419062
2021-01-19,Stable,0.5570862517382493
2021-01-20,Stable,0.6021690124394707
2021-01-21,Stable,0.6835813661152622
2021-01-22,Transitional,0.8560369095906167
2021-01-25,Transitional,0.9220428180022977
2021-01-27,Transitional,0.9808521875030671
2021-01-28,Transitional,0.9861029718778425
2021-01-29,Transitional,0.989805075024383
2021-02-01,Transitional,0.9879000842968968
2021-02-02,Transitional,0.9786789978957424
2021-02-03,Stable,0.6324721851961228
2021-02-04,Stable,0.6069833840449192
2021-02-05,Stable,0.7403683285528191
2021-02-08,Stable,0.7959187929801224
2021-02-09,Stable,0.8544843650910999
2021-02-10,Stable,0.8766332133946477
2021-02-11,Stable,0.8788237156931373
2021-02-12,Stable,0.8644794413640777
2021-02-15,Stable,0.8209900315752795
2021-02-16,Stable,0.7776970601024914
2021-02-17,Stable,0.6734113347279718
2021-02-18,Stable,0.5288941122692651
2021-02-19,Stable,0.6802112057935219
2021-02-22,Transitional,0.9426600777793963
2021-02-23,Transitional,0.9517245429502457
2021-02-24,Transitional,0.9834813233462529
2021-02-25,Transitional,0.9859686983082276
2021-02-26,Transitional,0.9979746160289852
2021-03-01,Transitional,0.9908669551553112
2021-03-02,Transitional,0.9786082579175044
2021-03-03,Transitional,0.9735832451967812
2021-03-04,Transitional,0.8815512679918325
2021-03-05,Transitional,0.7625885838529305
2021-03-08,Transitional,0.6665711969554345
2021-03-09,Transitional,0.6310986271189528
2021-03-10,Transitional,0.5992504269097926
2021-03-12,Transitional,0.5961834335206793
2021-03-15,Transitional,0.5962246929106939
2021-03-16,Transitional,0.6072654868693621
2021-03-17,Transitional,0.6559394337049992
2021-03-18,Transitional,0.6952227680248851
2021-03-19,Transitional,0.722302464348499
2021-03-22,Transitional,0.7438960974853983
2021-03-23,Transitional,0.8070117124771294
2021-03-24,Transitional,0.9401254053460634
2021-03-25,Transitional,0.9684299549257139
2021-03-26,Transitional,0.9783092153892028
2021-03-30,Transitional,0.9909988443138258
2021-03-31,Transitional,0.984598962500937
2021-04-01,Transitional,0.9755534653333986
2021-04-05,Transitional,0.9713878988242656
2021-04-06,Transitional,0.9396458777114066
2021-04-07,Transitional,0.9314265043369198
2021-04-08,Transitional,0.9316850940532012
2021-04-09,Transitional,0.9509206304618033
2021-04-12,Transitional,0.9977367681289444
2021-04-13,Transitional,0.9077527032286576
2021-04-15,Transitional,0.7875040329260273
2021-04-16,Transitional,0.7321891692222657
2021-04-19,Transitional,0.7167926861096354
2021-04-20,Transitional,0.5850670653805149
2021-04-22,Transitional,0.515058154763334
2021-04-23,Transitional,0.5221618011377668
2021-04-26,Transitional,0.5319746611197971
2021-04-27,Transitional,0.5348926173214269
2021-04-28,Transitional,0.535489682713568
2021-04-29,Transitional,0.5650465392942341
2021-04-30,Transitional,0.5630592546459953
2021-05-03,Stable,0.7023624650818648
2021-05-04,Stable,0.7618081751572512
2021-05-05,Stable,0.8178359102384702
2021-05-06,Stable,0.8532133461607219
2021-05-10,Stable,0.8663751835477759
2021-05-11,Stable,0.878450670654948
2021-05-12,Stable,0.8823490262124501
2021-05-14,Stable,0.8865608757850366
2021-05-17,Stable,0.873128708050755
2021-05-18,Stable,0.8863727426091896
2021-05-19,Stable,0.9029225503267463
2021-05-20,Stable,0.9090398583959208
2021-05-21,Stable,0.9084794807304928
2021-05-24,Stable,0.9575909710567148
2021-05-25,Stable,0.9786354584114852
2021-05-26,Stable,0.9873788062544111
2021-05-27,Stable,0.9927151375636082
2021-05-28,Stable,0.9945620671361157
2021-05-31,Stable,0.9952024425393418
2021-06-01,Stable,0.9968300518473616
2021-06-02,Stable,0.9973600257563864
2021-06-03,Stable,0.9973462852924398
2021-06-04,Stable,0.99767987701373
2021-06-07,Stable,0.9977915860615941
2021-06-08,Stable,0.9977281770090906
2021-06-09,Stable,0.9972586737449733
2021-06-10,Stable,0.9974567538598357
2021-06-11,Stable,0.9978898816583442
2021-06-14,Stable,0.9980514442273963
2021-06-15,Stable,0.9979329242250498
2021-06-16,Stable,0.9976927746612646
2021-06-17,Stable,0.9978583747571491
2021-06-18,Stable,0.9980699198862626
2021-06-21,Stable,0.9980161425415272
2021-06-22,Stable,0.9979220797857848
2021-06-23,Stable,0.9974587957572311
2021-06-24,Stable,0.9973726093056938
2021-06-25,Stable,0.9976867224497935
2021-06-28,Stable,0.9977459725428439
2021-06-29,Stable,0.997832161614669
2021-06-30,Stable,0.9979784124784747
2021-07-01,Stable,0.9979104923512839
2021-07-02,Stable,0.9978652581048775
2021-07-05,Stable,0.9975213522733031
2021-07-06,Stable,0.9976415787940829
2021-07-07,Stable,0.9972529264450719
2021-07-08,Stable,0.99622561962228
2021-07-09,Stable,0.9970225415703509
2021-07-12,Stable,0.9974368156673825
2021-07-13,Stable,0.9972132884327564
2021-07-14,Stable,0.9973553323124454
2021-07-15,Stable,0.9968323979761259
2021-07-16,Stable,0.9956567187191303
2021-07-19,Stable,0.992596503912964
2021-07-20,Stable,0.992883850846433
2021-07-22,Stable,0.9930117607372844
2021-07-23,Stable,0.9957068223665986
2021-07-26,Stable,0.9966560916396494
2021-07-27,Stable,0.9967986141843097
2021-07-28,Stable,0.997004757949328
2021-07-29,Stable,0.9966451548803001
2021-07-30,Stable,0.995381693505024
2021-08-02,Stable,0.9922134160064966
2021-08-03,Stable,0.9869348080014461
2021-08-04,Stable,0.990705436654354
2021-08-05,Stable,0.994803312851577
2021-08-06,Stable,0.9964233339248709
2021-08-09,Stable,0.9974370492892258
2021-08-10,Stable,0.9977718451677425
2021-08-11,Stable,0.9977141894018511
2021-08-12,Stable,0.9971978136622784
2021-08-13,Stable,0.9964742963477482
2021-08-16,Stable,0.9974115292226666
2021-08-17,Stable,0.9976888016326936
2021-08-18,Stable,0.9976361372075687
2021-08-20,Stable,0.9974118377575273
2021-08-23,Stable,0.9975587478007513
2021-08-24,Stable,0.9973499690519937
2021-08-25,Stable,0.9974496078524187
2021-08-26,Stable,0.9969154660628821
2021-08-27,Stable,0.9953232905229299
2021-08-30,Stable,0.9916487727047464
2021-08-31,Stable,0.9920728072091303
2021-09-01,Stable,0.9945058140836844
2021-09-02,Stable,0.9955117182802259
2021-09-03,Stable,0.9969475906651858
2021-09-06,Stable,0.9977358693463574
2021-09-07,Stable,0.9980839156977933
2021-09-08,Stable,0.9982008832633896
2021-09-09,Stable,0.998186521907231
2021-09-13,Stable,0.997979850455437
2021-09-14,Stable,0.9976685294866281
2021-09-15,Stable,0.9967827975069318
2021-09-16,Stable,0.9963156866127979
2021-09-17,Stable,0.9957122695275603
2021-09-20,Stable,0.9937360398451394
2021-09-21,Stable,0.9931927429965451
2021-09-22,Stable,0.9925741129941995
2021-09-23,Stable,0.9891229856792461
2021-09-24,Stable,0.9937688790352931
2021-09-27,Stable,0.995513067646561
2021-09-28,Stable,0.9955351781384093
2021-09-29,Stable,0.9959680230997366
2021-09-30,Stable,0.9958460123007039
2021-10-01,Stable,0.9953246979387204
2021-10-04,Stable,0.9947894569420559
2021-10-05,Stable,0.9946580850717596
2021-10-06,Stable,0.9940732212757601
2021-10-07,Stable,0.995267208442009
2021-10-08,Stable,0.9964594818340612
2021-10-11,Stable,0.9972602594569216
2021-10-12,Stable,0.9972647201054553
2021-10-13,Stable,0.9965366740275561
2021-10-14,Stable,0.995883888594151
2021-10-18,Stable,0.9960050333485022
2021-10-19,Stable,0.9960565104826585
2021-10-20,Stable,0.9947663023895753
2021-10-21,Stable,0.9940115935548632
2021-10-22,Stable,0.9925633666766875
2021-10-25,Stable,0.9881094324043783
2021-10-26,Stable,0.977130953786532
2021-10-27,Stable,0.9562950074948702
2021-10-28,Stable,0.9135104038193507
2021-10-29,Stable,0.92292858643268
2021-11-01,Stable,0.939021774961
2021-11-02,Stable,0.966435571008965
2021-11-03,Stable,0.9781822214088557
2021-11-04,Stable,0.9835871138604462
2021-11-08,Stable,0.9843228952833334
2021-11-09,Stable,0.9829549535865606
2021-11-10,Stable,0.9759780266210273
2021-11-11,Stable,0.9583538616529117
2021-11-12,Stable,0.9332800829261865
2021-11-15,Stable,0.9138520219583443
2021-11-16,Stable,0.8639504762956419
2021-11-17,Stable,0.7851706670739431
2021-11-18,Stable,0.6433972321396894
2021-11-22,Transitional,0.5880154219923396
2021-11-23,Transitional,0.6057913294932238
2021-11-24,Transitional,0.6646289740042035
2021-11-25,Transitional,0.7727448237048634
2021-11-26,Transitional,0.959207717199742
2021-11-29,Transitional,0.9112774114651854
2021-11-30,Transitional,0.8953248120713799
2021-12-01,Transitional,0.8972970167174882
2021-12-02,Transitional,0.904734542592706
2021-12-03,Transitional,0.9090529078332955
2021-12-06,Transitional,0.9045440479163019
2021-12-07,Transitional,0.8645965243277856
2021-12-08,Transitional,0.7861266573881561
2021-12-09,Stable,0.5494161258774829
2021-12-10,Stable,0.5515488720598567
2021-12-13,Stable,0.5902442485092566
2021-12-14,Stable,0.6192929957665724
2021-12-15,Stable,0.6210915574676655
2021-12-16,Stable,0.6048045062221433
2021-12-17,Stable,0.5477042049457902
2021-12-20,Stable,0.538846926298219
2021-12-21,Stable,0.6988420736475958
2021-12-22,Stable,0.8045148631806508
2021-12-23,Stable,0.8946958741628543
2021-12-24,Stable,0.9433012968116554
2021-12-27,Stable,0.9666456966009568
2021-12-28,Stable,0.9772600665556069
2021-12-29,Stable,0.983819155957814
2021-12-30,Stable,0.9849344931147861
2021-12-31,Stable,0.9810199916643801
2022-01-03,Stable,0.9738124507191303
2022-01-04,Stable,0.9770673137597553
2022-01-05,Stable,0.9815472977917177
2022-01-06,Stable,0.9818633854231739
2022-01-07,Stable,0.9849079411647224
2022-01-10,Stable,0.983020310250864
2022-01-11,Stable,0.9819713506620997
2022-01-12,Stable,0.9751167691520942
2022-01-13,Stable,0.9647153199861573
2022-01-14,Stable,0.9379884845811587
2022-01-17,Stable,0.8750440990642149
2022-01-18,Stable,0.727406958283924
2022-01-19,Stable,0.5574414138668481
2022-01-20,Stable,0.5920177763930567
2022-01-21,Stable,0.7296215575742528
2022-01-24,Transitional,0.9334212472058852
2022-01-25,Transitional,0.9104829827903596
2022-01-27,Transitional,0.9050958134553138
2022-01-28,Transitional,0.9015632205572707
2022-01-31,Transitional,0.9176793510303531
2022-02-01,Transitional,0.9271686418310269
2022-02-02,Transitional,0.9301058742284171
2022-02-03,Transitional,0.9355899430145329
2022-02-04,Transitional,0.9344207139851075
2022-02-07,Transitional,0.9496000025317022
2022-02-08,Transitional,0.9412439111340203
2022-02-09,Transitional,0.9484573883972817
2022-02-10,Transitional,0.9594455895851196
2022-02-11,Transitional,0.9839171027444147
2022-02-14,Transitional,0.9986232434319602
2022-02-15,Transitional,0.9980933801723333
2022-02-16,Transitional,0.8594772823687182
2022-02-17,Transitional,0.7975742431286573
2022-02-18,Transitional,0.7757745283188651
2022-02-21,Transitional,0.7803187492315754
2022-02-22,Transitional,0.8116780512029723
2022-02-23,Transitional,0.865808413650502
2022-02-24,Transitional,0.9919501713127771
2022-02-25,Transitional,0.9949693237733114
2022-02-28,Transitional,0.992254210771509
2022-03-02,Transitional,0.9934108667894122
2022-03-03,Transitional,0.9927215951829131
2022-03-04,Transitional,0.9966148262176424
2022-03-07,Transitional,0.9991468143318317
2022-03-08,Transitional,0.9972427288317747
2022-03-09,Transitional,0.9979224082316952
2022-03-10,Transitional,0.9907409188112098
2022-03-11,Transitional,0.9801713335033228
2022-03-14,Transitional,0.9809627809053143
2022-03-15,Transitional,0.9750147413831584
2022-03-16,Transitional,0.9655533899055312
2022-03-17,Transitional,0.9234014489817207
2022-03-21,Transitional,0.7700643585071287
2022-03-22,Transitional,0.6214145451050358
2022-03-23,Transitional,0.5304214528302215
2022-03-24,Transitional,0.6136365350475516
2022-03-25,Transitional,0.6454983451759138
2022-03-28,Transitional,0.652271445998457
2022-03-29,Transitional,0.6329243044643363
2022-03-30,Transitional,0.582316074322627
2022-03-31,Transitional,0.5392397194143592
2022-04-01,Transitional,0.5654658073957095
2022-04-04,Transitional,0.6690066045565923
2022-04-05,Transitional,0.6520358817641508
2022-04-06,Transitional,0.6489267643406393
2022-04-07,Transitional,0.6495656550540279
2022-04-08,Transitional,0.6527677560898034
2022-04-11,Transitional,0.6782796415196063
2022-04-12,Transitional,0.7168024204812403
2022-04-13,Transitional,0.7833651520820398
2022-04-18,Transitional,0.9195275291630955
2022-04-19,Transitional,0.9288419006450327
2022-04-20,Transitional,0.9328122758592421
2022-04-21,Transitional,0.9436779262119009
2022-04-22,Transitional,0.9464320534491694
2022-04-25,Transitional,0.9451502966918631
2022-04-26,Transitional,0.9440449470698935
2022-04-27,Transitional,0.9404802714320389
2022-04-28,Transitional,0.9406053610597365
2022-04-29,Transitional,0.9419650613025786
2022-05-02,Transitional,0.950175392632319
2022-05-04,Transitional,0.97939429034092
2022-05-05,Transitional,0.964194303300763
2022-05-06,Transitional,0.9638774658033442
2022-05-09,Transitional,0.9498439013148735
2022-05-10,Transitional,0.9456705352578346
2022-05-11,Transitional,0.9564622427092916
2022-05-12,Transitional,0.9829951433824324
2022-05-13,Transitional,0.976385177374287
2022-05-16,Transitional,0.9801025049125979
2022-05-17,Transitional,0.997246386488405
2022-05-18,Transitional,0.9952963533662054
2022-05-19,Transitional,0.9990151149765675
2022-05-20,Transitional,0.9966758073328289
2022-05-23,Transitional,0.7351452365808598
2022-05-24,Transitional,0.623141724846226
2022-05-25,Transitional,0.5684047196220163
2022-05-26,Transitional,0.5424553423949573
2022-05-27,Transitional,0.5307581745378084
2022-05-30,Transitional,0.52112857121462
2022-05-31,Transitional,0.568607194607872
2022-06-01,Transitional,0.6223810539625309
2022-06-02,Transitional,0.6416279360545939
2022-06-03,Transitional,0.6434942688514929
2022-06-06,Transitional,0.6163299010942944
2022-06-07,Transitional,0.5426146869708907
2022-06-08,Transitional,0.528603301780028
2022-06-09,Transitional,0.6753624471918058
2022-06-10,Transitional,0.9261945363506003
2022-06-13,Transitional,0.9679116211045086
2022-06-14,Transitional,0.8898700172380665
2022-06-15,Transitional,0.8564312334389221
2022-06-16,Transitional,0.8482285164922042
2022-06-17,Transitional,0.7000390925585319
2022-06-20,Transitional,0.633926731309247
2022-06-21,Transitional,0.6099039748914712
2022-06-22,Transitional,0.5049982475638833
2022-06-23,Stable,0.6938911825300135
2022-06-24,Stable,0.8205940227748851
2022-06-27,Stable,0.9042380330870653
2022-06-28,Stable,0.9562154070771715
2022-06-29,Stable,0.9783573537039717
2022-06-30,Stable,0.9888462301999434
2022-07-01,Stable,0.9930998708254872
2022-07-04,Stable,0.9946410433252977
2022-07-05,Stable,0.9950945003544021
2022-07-06,Stable,0.9939886133761524
2022-07-07,Stable,0.9949181168374157
2022-07-08,Stable,0.9956479851917479
2022-07-11,Stable,0.9954910739870722
2022-07-12,Stable,0.9938260536895012
2022-07-13,Stable,0.9939681740950248
2022-07-14,Stable,0.9942489501189216
2022-07-15,Stable,0.992608829504544
2022-07-18,Stable,0.9891616893921167
2022-07-19,Stable,0.9906726902732983
2022-07-20,Stable,0.989348933034052
2022-07-21,Stable,0.9898236897296183
2022-07-22,Stable,0.987433256089407
2022-07-25,Stable,0.9822329701517223
2022-07-26,Stable,0.9728315428270418
2022-07-27,Stable,0.9633290235583994
2022-07-28,Stable,0.9511086699171432
2022-07-29,Stable,0.9624386398232968
2022-08-01,Stable,0.9775240883291476
2022-08-02,Stable,0.9891119966164711
2022-08-03,Stable,0.9939760525465638
2022-08-04,Stable,0.996086280494219
2022-08-05,Stable,0.9967536693679473
2022-08-08,Stable,0.9963649106602824
2022-08-10,Stable,0.9962065124092636
2022-08-11,Stable,0.994731743295789
2022-08-12,Stable,0.9933925030332552
2022-08-16,Stable,0.9890874609235348
2022-08-17,Stable,0.9810335880254724
2022-08-18,Stable,0.9666161104843907
2022-08-19,Stable,0.9320482440614092
2022-08-22,Stable,0.9040323188004635
2022-08-23,Stable,0.9000686135417766
2022-08-24,Stable,0.8793872883608539
2022-08-25,Stable,0.8244288310713084
2022-08-26,Stable,0.7252662419057886
2022-08-29,Stable,0.5088072359409822
2022-08-30,Stable,0.605437187393908
2022-09-01,Stable,0.5298004997968114
2022-09-02,Stable,0.7574535847891561
2022-09-05,Stable,0.8541414402551075
2022-09-06,Stable,0.9095857812683993
2022-09-07,Stable,0.932185941378104
2022-09-08,Stable,0.9397809384150029
2022-09-09,Stable,0.9472404436178377
2022-09-12,Stable,0.9433366218962215
2022-09-13,Stable,0.9282235730219656
2022-09-14,Stable,0.9000406702554491
2022-09-15,Stable,0.8412449584646429
2022-09-16,Stable,0.7516505388542988
2022-09-19,Stable,0.7499964235848428
2022-09-20,Stable,0.7254160862354505
2022-09-21,Stable,0.6885521813476542
2022-09-22,Stable,0.6113183629909674
2022-09-23,Stable,0.5240754781917908
2022-09-26,Stable,0.5458942882454821
2022-09-27,Stable,0.5212738846351017
2022-09-28,Stable,0.5270726346889227
2022-09-29,Stable,0.5387601201431909
2022-09-30,Stable,0.5821803399077167
2022-10-03,Stable,0.5784838128487749
2022-10-04,Stable,0.5690364797525613
2022-10-06,Stable,0.6713053876255677
2022-10-07,Stable,0.7750239802166198
2022-10-10,Stable,0.8174809665837093
2022-10-11,Stable,0.8336228863545011
2022-10-12,Stable,0.8867321495452608
2022-10-13,Stable,0.9194781189691185
2022-10-14,Stable,0.9403758015025953
2022-10-17,Stable,0.9632018395588106
2022-10-18,Stable,0.9779164166740416
2022-10-19,Stable,0.9891351988015359
2022-10-20,Stable,0.993901135366074
2022-10-21,Stable,0.9956649561293994
2022-10-24,Stable,0.9957788164935203
2022-10-25,Stable,0.9963725942069258
2022-10-27,Stable,0.9967334831950996
2022-10-28,Stable,0.9962201588419045
2022-10-31,Stable,0.994450419045615
2022-11-01,Stable,0.9959699985686582
2022-11-02,Stable,0.9968174102271384
2022-11-03,Stable,0.997201195782587
2022-11-04,Stable,0.9968950318738621
2022-11-07,Stable,0.9955615051471991
2022-11-09,Stable,0.9925191063593729
2022-11-10,Stable,0.9860123521102979
2022-11-11,Stable,0.9772078379092594
2022-11-14,Stable,0.9883006518931726
2022-11-15,Stable,0.9935554634320803
2022-11-16,Stable,0.9958994353211911
2022-11-17,Stable,0.9965860655085303
2022-11-18,Stable,0.996776715892945
2022-11-21,Stable,0.9960823502688229
2022-11-22,Stable,0.9967596441841751
2022-11-23,Stable,0.9967305024005599
2022-11-24,Stable,0.9956026151543175
2022-11-25,Stable,0.9971167973481304
2022-11-28,Stable,0.9976745593024898
2022-11-29,Stable,0.9978318844299381
2022-11-30,Stable,0.9976402796733614
2022-12-01,Stable,0.9977012854849817
2022-12-02,Stable,0.9973383654331687
2022-12-05,Stable,0.9977383840801197
2022-12-06,Stable,0.9977010794825097
2022-12-07,Stable,0.9976094407756074
2022-12-08,Stable,0.9974425057940886
2022-12-09,Stable,0.9966424075717125
2022-12-12,Stable,0.9962343193914062
2022-12-13,Stable,0.9945074451640394
2022-12-14,Stable,0.9915278889006671
2022-12-15,Stable,0.9840594781833252
2022-12-16,Stable,0.9856540362790243
2022-12-19,Stable,0.986654369186609
2022-12-20,Stable,0.9856504287672526
2022-12-21,Stable,0.9797387324876646
2022-12-22,Stable,0.9765663078665169
2022-12-23,Stable,0.9674034317200716
2022-12-26,Stable,0.9760987159165824
2022-12-27,Stable,0.9871701591745596
2022-12-28,Stable,0.992915140584976
2022-12-29,Stable,0.9951149625793194
2022-12-30,Stable,0.9956026611679678
2023-01-02,Stable,0.9956003371335708
2023-01-03,Stable,0.9946134188922884
2023-01-04,Stable,0.9912911316606459
2023-01-05,Stable,0.9906967195231542
2023-01-06,Stable,0.9883426775466004
2023-01-09,Stable,0.9856165225669177
2023-01-10,Stable,0.9881918714683722
2023-01-11,Stable,0.993597187487154
2023-01-12,Stable,0.9957382701090004
2023-01-13,Stable,0.9965554996073291
2023-01-16,Stable,0.9966923806189546
2023-01-17,Stable,0.9961589970891171
2023-01-18,Stable,0.9964559183795052
2023-01-19,Stable,0.9964428724962858
2023-01-20,Stable,0.9957051575438665
2023-01-23,Stable,0.9941007258769211
2023-01-24,Stable,0.9905821760190077
2023-01-25,Stable,0.9817782453746245
2023-01-27,Stable,0.980164507259995
2023-01-30,Stable,0.9896749455768387
2023-01-31,Stable,0.9936161549406025
2023-02-01,Stable,0.9947027811681949
2023-02-02,Stable,0.9938735434958603
2023-02-03,Stable,0.9907584814341038
2023-02-06,Stable,0.9937315213750304
2023-02-07,Stable,0.9957257659771158
2023-02-08,Stable,0.9967245306018482
2023-02-09,Stable,0.9974145950484022
2023-02-10,Stable,0.9974488796595761
2023-02-13,Stable,0.997050001486991
2023-02-14,Stable,0.9964677480625892
2023-02-15,Stable,0.9970677277529009
2023-02-16,Stable,0.9970218357532086
2023-02-17,Stable,0.9960347427702826
2023-02-20,Stable,0.9947698915092926
2023-02-21,Stable,0.9927436620099347
2023-02-22,Stable,0.9872016921166215
2023-02-23,Stable,0.9921280128037845
2023-02-24,Stable,0.993974273527929
2023-02-27,Stable,0.9939155968844988
2023-02-28,Stable,0.9920966829093333
2023-03-01,Stable,0.988944836086813
2023-03-02,Stable,0.9835733888789715
2023-03-03,Stable,0.9781849920385809
2023-03-06,Stable,0.9810353403709411
2023-03-08,Stable,0.9804064456588745
2023-03-09,Stable,0.9732265018206833
2023-03-10,Stable,0.9662805959768983
2023-03-13,Stable,0.9641453708862822
2023-03-14,Stable,0.9784111323605369
2023-03-15,Stable,0.9870184243397625
2023-03-16,Stable,0.9925717366110745
2023-03-17,Stable,0.9944979958129843
2023-03-20,Stable,0.995239831228921
2023-03-21,Stable,0.9959930982444435
2023-03-22,Stable,0.9967408056427863
2023-03-23,Stable,0.9964737333689943
2023-03-24,Stable,0.9960752019486193
2023-03-27,Stable,0.9962346595409532
2023-03-28,Stable,0.9950920641239193
2023-03-29,Stable,0.9918548166397174
2023-03-31,Stable,0.9857487212087731
2023-04-03,Stable,0.9916813386732397
2023-04-05,Stable,0.9936752316285082
2023-04-06,Stable,0.9962539343492015
2023-04-10,Stable,0.9973054332707924
2023-04-11,Stable,0.9975728817208175
2023-04-12,Stable,0.9976952849036742
2023-04-13,Stable,0.997511983289395
2023-04-17,Stable,0.9966712726657474
2023-04-18,Stable,0.997387900061858
2023-04-19,Stable,0.9978052063783991
2023-04-20,Stable,0.9980872521387061
2023-04-21,Stable,0.9981062168182232
2023-04-24,Stable,0.9978850705828542
2023-04-25,Stable,0.998045967008548
2023-04-26,Stable,0.9979193212698899
2023-04-27,Stable,0.9974901297701988
2023-04-28,Stable,0.9969925558140773
2023-05-02,Stable,0.9967933687701832
2023-05-03,Stable,0.995781998133596
2023-05-04,Stable,0.9934663877478049
2023-05-05,Stable,0.991146577136879
2023-05-08,Stable,0.9924719295989155
2023-05-09,Stable,0.9957836484294164
2023-05-10,Stable,0.9971625634387894
2023-05-11,Stable,0.9977151453248956
2023-05-12,Stable,0.9978109579701321
2023-05-15,Stable,0.9974845347591692
2023-05-16,Stable,0.9969365592056845
2023-05-17,Stable,0.9970548708382784
2023-05-18,Stable,0.9976225821856216
2023-05-19,Stable,0.997851583633995
2023-05-22,Stable,0.9980174588986045
2023-05-23,Stable,0.9980566146281524
2023-05-24,Stable,0.9978242653548871
2023-05-25,Stable,0.9976080404580514
2023-05-26,Stable,0.996799006134693
2023-05-29,Stable,0.997345683542235
2023-05-30,Stable,0.9976900490933365
2023-05-31,Stable,0.9975341201576149
2023-06-01,Stable,0.9978337189672086
2023-06-02,Stable,0.9980984650664296
2023-06-05,Stable,0.9981268297498741
2023-06-06,Stable,0.998106690370473
2023-06-07,Stable,0.9978559913512383
2023-06-08,Stable,0.9976902840539182
2023-06-09,Stable,0.9977934796349043
2023-06-12,Stable,0.9979407901588137
2023-06-13,Stable,0.997736235022962
2023-06-14,Stable,0.9978298756846666
2023-06-15,Stable,0.9974917794385844
2023-06-16,Stable,0.9974044337473033
2023-06-19,Stable,0.9976997447776415
2023-06-20,Stable,0.9979541175330509
2023-06-21,Stable,0.9979118751647413
2023-06-22,Stable,0.9975919627802089
2023-06-23,Stable,0.9974400087247212
2023-06-26,Stable,0.9972891201306595
2023-06-27,Stable,0.996379967806403
2023-06-28,Stable,0.9952978735014923
2023-06-30,Stable,0.9940405109179388
2023-07-03,Stable,0.9956132230231144
2023-07-04,Stable,0.9968944162863199
2023-07-05,Stable,0.9974169602078056
2023-07-06,Stable,0.9973046550037544
2023-07-07,Stable,0.9969062237244726
2023-07-10,Stable,0.9976347515986864
2023-07-11,Stable,0.9977848336396359
2023-07-12,Stable,0.9977240280150962
2023-07-13,Stable,0.9976421047013839
2023-07-14,Stable,0.9970552871866653
2023-07-17,Stable,0.9967927577819334
2023-07-18,Stable,0.9969122051165027
2023-07-19,Stable,0.9961725958469503
2023-07-20,Stable,0.99434944040426
2023-07-21,Stable,0.991512908220229
2023-07-24,Stable,0.9945329724034162
2023-07-25,Stable,0.9962932094555615
2023-07-26,Stable,0.9967173715051908
2023-07-27,Stable,0.9966096104911997
2023-07-28,Stable,0.9970676851374355
2023-07-31,Stable,0.9968244546440121
2023-08-01,Stable,0.9961481438937564
2023-08-02,Stable,0.994078812175003
2023-08-03,Stable,0.9944970511091202
2023-08-04,Stable,0.9959605298300093
2023-08-07,Stable,0.9971810076114626
2023-08-08,Stable,0.9976832315638382
2023-08-09,Stable,0.9978196988397966
2023-08-10,Stable,0.9975559478506514
2023-08-11,Stable,0.9974981983521103
2023-08-14,Stable,0.9978983478985183
2023-08-16,Stable,0.9979065366510923
2023-08-17,Stable,0.9975582562232738
2023-08-18,Stable,0.997813478007855
2023-08-21,Stable,0.9980276357979964
2023-08-22,Stable,0.9981640527043901
2023-08-23,Stable,0.998112945852073
2023-08-24,Stable,0.9979361205369482
2023-08-25,Stable,0.9977262192376721
2023-08-28,Stable,0.998079277255446
2023-08-29,Stable,0.9981718036256114
2023-08-30,Stable,0.9980642113116521
2023-08-31,Stable,0.9976885075141035
2023-09-01,Stable,0.9973814326871274
2023-09-04,Stable,0.9978592240562401
2023-09-05,Stable,0.9980854895449854
2023-09-06,Stable,0.9980889970451777
2023-09-07,Stable,0.9978378907788448
2023-09-08,Stable,0.9977236428351562
2023-09-11,Stable,0.9975108201226573
2023-09-12,Stable,0.997892322876224
2023-09-13,Stable,0.9978816207818694
2023-09-14,Stable,0.997641420060519
2023-09-15,Stable,0.9968184473746269
2023-09-18,Stable,0.9952597556746743
2023-09-20,Stable,0.9923383305649315
2023-09-21,Stable,0.9935447261327375
2023-09-22,Stable,0.9958685278366265
2023-09-25,Stable,0.9970909698121336
2023-09-26,Stable,0.997394809119634
2023-09-27,Stable,0.997121949287472
2023-09-28,Stable,0.9960173850885088
2023-09-29,Stable,0.9967673129138984
2023-10-03,Stable,0.9968947700273839
2023-10-04,Stable,0.9969979327525089
2023-10-05,Stable,0.996982443491773
2023-10-06,Stable,0.9968031028158725
2023-10-09,Stable,0.9961835859588272
2023-10-10,Stable,0.9963664008251282
2023-10-11,Stable,0.9970752647356851
2023-10-12,Stable,0.9975586371586448
2023-10-13,Stable,0.9975319832149208
2023-10-16,Stable,0.9970950930143772
2023-10-17,Stable,0.9959337340448425
2023-10-18,Stable,0.9933183860195073
2023-10-19,Stable,0.9915749774336454
2023-10-20,Stable,0.9873044114499427
2023-10-23,Stable,0.9781770948942107
2023-10-25,Stable,0.9764799952737532
2023-10-26,Stable,0.9741621528995483
2023-10-27,Stable,0.9826479236455775
2023-10-30,Stable,0.9901379793490694
2023-10-31,Stable,0.9936258861170619
2023-11-01,Stable,0.9952245204783586
2023-11-02,Stable,0.9959908932565279
2023-11-03,Stable,0.9967352490543038
2023-11-06,Stable,0.996744345815593
2023-11-07,Stable,0.9976425914350043
2023-11-08,Stable,0.9979861093118914
2023-11-09,Stable,0.9980015281451593
2023-11-10,Stable,0.9979365324992228
2023-11-13,Stable,0.9975016571045722
2023-11-15,Stable,0.9963708764747827
2023-11-16,Stable,0.9972498985497037
2023-11-17,Stable,0.9976716675909358
2023-11-20,Stable,0.9979179763166778
2023-11-21,Stable,0.998016736668636
2023-11-22,Stable,0.9980457567503304
2023-11-23,Stable,0.9977880453708663
2023-11-24,Stable,0.9970720114498479
2023-11-28,Stable,0.9954173010246032
2023-11-29,Stable,0.9916875831328619
2023-11-30,Stable,0.9892706243111455
2023-12-01,Stable,0.9818301416953098
2023-12-04,Stable,0.9690138357490111
2023-12-05,Stable,0.983300652676112
2023-12-06,Stable,0.9908301612740378
2023-12-07,Stable,0.9944586790958223
2023-12-08,Stable,0.9958783220191125
2023-12-11,Stable,0.9961271897312317
2023-12-12,Stable,0.9949852348672331
2023-12-13,Stable,0.993318315110246
2023-12-14,Stable,0.9884476867601653
2023-12-15,Stable,0.9876625483951562
2023-12-18,Stable,0.9914681149561646
2023-12-19,Stable,0.9923237288232152
2023-12-20,Stable,0.9902626667531221
2023-12-21,Stable,0.9941847829540763
2023-12-22,Stable,0.9960501265504842
2023-12-26,Stable,0.9965752237339816
2023-12-27,Stable,0.9960978614989442
2023-12-28,Stable,0.996686343149291
2023-12-29,Stable,0.9966903900818737
2024-01-02,Stable,0.9959203216374912
2024-01-03,Stable,0.9947149382274648
2024-01-04,Stable,0.994081793944976
2024-01-05,Stable,0.9924835936103986
2024-01-08,Stable,0.9875061697801131
2024-01-09,Stable,0.9839274877120363
2024-01-10,Stable,0.9731674018721435
2024-01-11,Stable,0.9485338214555042
2024-01-12,Stable,0.8903074226073205
2024-01-15,Stable,0.8321481894585623
2024-01-16,Stable,0.7602190727780486
2024-01-17,Stable,0.6048118409896668
2024-01-18,Stable,0.6307659476634263
2024-01-19,Stable,0.6336667338879569
2024-01-23,Stable,0.6165992440693351
2024-01-24,Stable,0.6723245383315753
2024-01-25,Stable,0.7114248826535445
2024-01-29,Stable,0.7270219849387133
2024-01-30,Stable,0.7985063385287516
2024-01-31,Stable,0.8866973105395345
2024-02-01,Stable,0.9436705729001156
2024-02-02,Stable,0.9687613419883032
2024-02-05,Stable,0.9815330706158525
2024-02-06,Stable,0.9884793169088996
2024-02-07,Stable,0.9919099118070804
2024-02-08,Stable,0.9921846844241247
2024-02-09,Stable,0.9948128882727433
2024-02-12,Stable,0.9953553768747819
2024-02-13,Stable,0.9965011728666608
2024-02-14,Stable,0.9974054275131479
2024-02-15,Stable,0.997774421861705
2024-02-16,Stable,0.9977878236546588
2024-02-19,Stable,0.9977790526583701
2024-02-20,Stable,0.9975091474753242
2024-02-21,Stable,0.9969669997305065
2024-02-22,Stable,0.9968230459325362
2024-02-23,Stable,0.9968293967626362
2024-02-26,Stable,0.9958330519435626
2024-02-27,Stable,0.9943399542065655
2024-02-28,Stable,0.9906581937988949
2024-02-29,Stable,0.9901943724329982
2024-03-01,Stable,0.9859931035928212
2024-03-04,Stable,0.9924822507911438
2024-03-05,Stable,0.995009272696924
2024-03-06,Stable,0.9959305140324205
2024-03-07,Stable,0.9960443927959957
2024-03-11,Stable,0.9947152083419969
2024-03-12,Stable,0.9945181902878868
2024-03-13,Stable,0.9921722461227442
2024-03-14,Stable,0.9945440783623523
2024-03-15,Stable,0.9951862963290755
2024-03-18,Stable,0.9958261858003892
2024-03-19,Stable,0.9949465429325366
2024-03-20,Stable,0.9965037193126856
2024-03-21,Stable,0.9967935273343647
2024-03-22,Stable,0.9972557112195093
2024-03-26,Stable,0.9970055933755164
2024-03-27,Stable,0.9968243011972372
2024-03-28,Stable,0.9967534485415488
2024-04-01,Stable,0.9974558867560499
2024-04-02,Stable,0.9978701911967207
2024-04-03,Stable,0.9980182533904782
2024-04-04,Stable,0.9979014440383012
2024-04-05,Stable,0.9977337475938471
2024-04-08,Stable,0.9970642641518386
2024-04-09,Stable,0.9963623596592492
2024-04-10,Stable,0.9943379888510333
2024-04-12,Stable,0.9901096343556749
2024-04-15,Stable,0.9888569294860691
2024-04-16,Stable,0.9915601107476786
2024-04-18,Stable,0.9933341986365656
2024-04-19,Stable,0.9946247545117236
2024-04-22,Stable,0.9957733195380968
2024-04-23,Stable,0.9967892543655871
2024-04-24,Stable,0.9967408295534346
2024-04-25,Stable,0.9955993146384617
2024-04-26,Stable,0.9937613436675538
2024-04-29,Stable,0.9928274040368156
2024-04-30,Stable,0.9949562840924956
2024-05-02,Stable,0.995506399351947
2024-05-03,Stable,0.9943966957232686
2024-05-06,Stable,0.9954890016966063
2024-05-07,Stable,0.994915671184722
2024-05-08,Stable,0.9937692838181502
2024-05-09,Stable,0.9899428497782263
2024-05-10,Stable,0.9942740208602227
2024-05-13,Stable,0.9960838117731405
2024-05-14,Stable,0.9964057160795852
2024-05-15,Stable,0.9958716620725062
2024-05-16,Stable,0.993942323028866
2024-05-17,Stable,0.9922781111683391
2024-05-21,Stable,0.9873577357868949
2024-05-22,Stable,0.9751743140645794
2024-05-23,Stable,0.9478597731518489
2024-05-24,Stable,0.9400233093848211
2024-05-27,Stable,0.9150418890859088
2024-05-28,Stable,0.8543468776546008
2024-05-29,Stable,0.7261962003909977
2024-05-30,Stable,0.5768409064748905
2024-05-31,Stable,0.5931070065768307
2024-06-03,Transitional,0.920495705386455
2024-06-04,Transitional,0.8684229045197746
2024-06-05,Transitional,0.9093874917725775
2024-06-06,Transitional,0.8970509146866118
2024-06-07,Transitional,0.8626633562380945
2024-06-10,Stable,0.6018855728771084
2024-06-11,Stable,0.8260994740225179
2024-06-12,Stable,0.9236665231363536
2024-06-13,Stable,0.9656470690444567
2024-06-14,Stable,0.9839258696883475
2024-06-18,Stable,0.9917843494795013
2024-06-19,Stable,0.995394485438403
2024-06-20,Stable,0.9968220899014092
2024-06-21,Stable,0.9971707867164894
2024-06-24,Stable,0.9972323598277979
2024-06-25,Stable,0.9964981570328767
2024-06-26,Stable,0.9965873244121721
2024-06-27,Stable,0.996969359980334
2024-06-28,Stable,0.9974919369907345
2024-07-01,Stable,0.997703582677121
2024-07-02,Stable,0.9979276951327883
2024-07-03,Stable,0.9978311967965101
2024-07-04,Stable,0.9981292930966161
2024-07-05,Stable,0.9981930684578258
2024-07-08,Stable,0.9981317042076211
2024-07-09,Stable,0.9978852123890468
2024-07-10,Stable,0.9975994552408546
2024-07-11,Stable,0.9977332029396707
2024-07-12,Stable,0.9974150536856407
2024-07-15,Stable,0.9976064566718997
2024-07-16,Stable,0.9972392122444812
2024-07-18,Stable,0.9960178574794066
2024-07-19,Stable,0.9947577036419507
2024-07-22,Stable,0.995163378474244
2024-07-23,Stable,0.9939177966126748
2024-07-24,Stable,0.9900690943610766
2024-07-25,Stable,0.9822047249255198
2024-07-26,Stable,0.9641147621015865
2024-07-29,Stable,0.9608758811908635
2024-07-30,Stable,0.946161632670406
2024-07-31,Stable,0.9086370728687436
2024-08-01,Stable,0.8234792793414888
2024-08-02,Stable,0.623899213450985
2024-08-05,Stable,0.5509264581147091
2024-08-06,Stable,0.6511563877305875
2024-08-07,Stable,0.7420359006075756
2024-08-08,Stable,0.8223980670270312
2024-08-09,Stable,0.8779301577659714
2024-08-12,Stable,0.9226565674278508
2024-08-13,Stable,0.9403441761664859
2024-08-14,Stable,0.9556824625415781
2024-08-16,Stable,0.9588366087142692
2024-08-19,Stable,0.9808934726952516
2024-08-20,Stable,0.9903290007950882
2024-08-21,Stable,0.9948756330094314
2024-08-22,Stable,0.996766221190692
2024-08-23,Stable,0.9974684854492956
2024-08-26,Stable,0.997506081928694
2024-08-27,Stable,0.9980021056984512
2024-08-28,Stable,0.998181697525189
2024-08-29,Stable,0.9981663462032148
2024-08-30,Stable,0.9981863598967938
2024-09-02,Stable,0.9980897206327936
2024-09-03,Stable,0.9977720172491384
2024-09-04,Stable,0.9969762882416265
2024-09-05,Stable,0.9954618919972031
2024-09-06,Stable,0.9921171367035687
2024-09-09,Stable,0.9936126998359214
2024-09-10,Stable,0.9931881002313601
2024-09-11,Stable,0.9905224015278072
2024-09-12,Stable,0.9854738511281934
2024-09-13,Stable,0.9922872518606056
2024-09-16,Stable,0.9950993429923618
2024-09-17,Stable,0.9958285202323126
2024-09-18,Stable,0.9950337605898728
2024-09-19,Stable,0.9923940443883217
2024-09-20,Stable,0.9858940786359148
2024-09-23,Stable,0.9885626342054865
2024-09-24,Stable,0.9878051733167856
2024-09-25,Stable,0.9823866198218303
2024-09-26,Stable,0.968579553099405
2024-09-27,Stable,0.9456991017503096
2024-09-30,Stable,0.8973762311082774
2024-10-01,Stable,0.8838520924793598
2024-10-03,Stable,0.8437034017475841
2024-10-04,Stable,0.8870929859403031
2024-10-07,Stable,0.9306907626532249
2024-10-08,Stable,0.9635549697808199
2024-10-09,Stable,0.9822889061625183
2024-10-10,Stable,0.9908065482163696
2024-10-11,Stable,0.9942213954886059
2024-10-14,Stable,0.9956380476132017
2024-10-15,Stable,0.9966907097192829
2024-10-16,Stable,0.9968598546830901
2024-10-17,Stable,0.9967158448814645
2024-10-18,Stable,0.9969469034779399
2024-10-21,Stable,0.996299307340347
2024-10-22,Stable,0.9943255072482866
2024-10-23,Stable,0.9959433450843516
2024-10-24,Stable,0.996263540892894
2024-10-25,Stable,0.9953066852489153
2024-10-28,Stable,0.9955389572821034
2024-10-29,Stable,0.995601979694215
2024-10-30,Stable,0.9944523292493761
2024-10-31,Stable,0.9925786089754243
2024-11-01,Stable,0.990474101848512
2024-11-04,Stable,0.9846227134398472
2024-11-05,Stable,0.9838125039281242
2024-11-06,Stable,0.9815682872658544
2024-11-07,Stable,0.9806923028929198
2024-11-08,Stable,0.9826796933640837
2024-11-11,Stable,0.9792713545517148
2024-11-12,Stable,0.9677428285634211
2024-11-13,Stable,0.9591958458462261
2024-11-14,Stable,0.9589896689953702
2024-11-18,Stable,0.9489531588822908
2024-11-19,Stable,0.9244923707738284
2024-11-21,Stable,0.8667348697128778
2024-11-22,Stable,0.7654940688995971
2024-11-25,Stable,0.8203636844580584
2024-11-26,Stable,0.8822714473836194
2024-11-27,Stable,0.9076647014547866
2024-11-28,Stable,0.9140309731703415
2024-11-29,Stable,0.9469292411998517
2024-12-02,Stable,0.9713048582696318
2024-12-03,Stable,0.9831978423801675
2024-12-04,Stable,0.9902287993958976
2024-12-05,Stable,0.9925824268231132
2024-12-06,Stable,0.9954658618235138
2024-12-09,Stable,0.9964748608783864
2024-12-10,Stable,0.9966161927692658
2024-12-11,Stable,0.9956349530157121
2024-12-12,Stable,0.9927762491304847
2024-12-13,Stable,0.9868381272653681
2024-12-16,Stable,0.9809325546345377
2024-12-17,Stable,0.9693434060826386
2024-12-18,Stable,0.9672131461837017
2024-12-19,Stable,0.960979250488682
2024-12-20,Stable,0.9615605434608412
2024-12-23,Stable,0.9789473950011408
2024-12-24,Stable,0.9881060268450984
2024-12-26,Stable,0.9915614618028245
2024-12-27,Stable,0.9917054862146933
2024-12-30,Stable,0.9887841687404042
2024-12-31,Stable,0.9837663872978656
2025-01-01,Stable,0.9711427161477174
2025-01-02,Stable,0.9439441893097212
2025-01-03,Stable,0.9445752563730355
2025-01-06,Stable,0.9449792675823276
2025-01-07,Stable,0.9708219779526683
2025-01-08,Stable,0.9816346209872278
2025-01-09,Stable,0.9850590793578936
2025-01-10,Stable,0.9870093077351556
2025-01-13,Stable,0.9854387703246872
2025-01-14,Stable,0.991683412370546
2025-01-15,Stable,0.9939108937494157
2025-01-16,Stable,0.9938749310399013
2025-01-17,Stable,0.991826633598187
2025-01-20,Stable,0.988328338155447
2025-01-21,Stable,0.9809212721066262
2025-01-22,Stable,0.9875815353030224
2025-01-23,Stable,0.9914209325841151
2025-01-24,Stable,0.9918018533791231
2025-01-27,Stable,0.9903857836574758
2025-01-28,Stable,0.9921662025161924
2025-01-29,Stable,0.9926139287557246
2025-01-30,Stable,0.9925906891544356
2025-01-31,Stable,0.9897993079081555
2025-02-03,Stable,0.9869118133767031
2025-02-04,Stable,0.9801426422894679
2025-02-05,Stable,0.9879346714980584
2025-02-06,Stable,0.9916527569106506
2025-02-07,Stable,0.9925988738103513
2025-02-10,Stable,0.9912771956094849
2025-02-11,Stable,0.989670204916216
2025-02-12,Stable,0.994407998924114
2025-02-13,Stable,0.9965294700841388
2025-02-14,Stable,0.9973450836736772
2025-02-17,Stable,0.9977443129821778
2025-02-18,Stable,0.9976538677858638
2025-02-19,Stable,0.9970533668612965
2025-02-20,Stable,0.995495075656697
2025-02-21,Stable,0.9923479415145988
2025-02-24,Stable,0.987637325424533
2025-02-25,Stable,0.9870413259197007
2025-02-27,Stable,0.981587988622539
2025-02-28,Stable,0.96712586591291
2025-03-03,Stable,0.9826035383056781
2025-03-04,Stable,0.9891534802986495
2025-03-05,Stable,0.991216598941129
2025-03-06,Stable,0.9938217357958623
2025-03-07,Stable,0.9959491501803172
2025-03-10,Stable,0.9965029157887618
2025-03-11,Stable,0.9963317318726246
2025-03-12,Stable,0.9948651345785872
2025-03-13,Stable,0.9911264883720873
2025-03-17,Stable,0.9832218860880769
2025-03-18,Stable,0.9663507074570612
2025-03-19,Stable,0.9612136388775114
2025-03-20,Stable,0.9436057368218391
2025-03-21,Stable,0.9278046891508173
2025-03-24,Stable,0.8976514997643121
2025-03-25,Stable,0.8801608500309935
2025-03-26,Stable,0.831692355080582
2025-03-27,Stable,0.7790224608901617
2025-03-28,Stable,0.6599526326953982
2025-04-01,Transitional,0.5981286987444877
2025-04-02,Transitional,0.64174857893609
2025-04-03,Transitional,0.7223642014447159
2025-04-04,Transitional,0.8837045394429905
2025-04-07,Transitional,0.9960803585946422
2025-04-08,Transitional,0.9878306056363052
2025-04-09,Transitional,0.9753834071962588
2025-04-11,Transitional,0.9727207676386779
2025-04-15,Transitional,0.9560059121537614
2025-04-16,Transitional,0.8288067672417663
2025-04-17,Transitional,0.7740690523098583
2025-04-21,Stable,0.5015822604168932
2025-04-22,Stable,0.7355680884986439
2025-04-23,Stable,0.8360976053203132
2025-04-24,Stable,0.8886124250165242
2025-04-25,Stable,0.9135482593350399
2025-04-28,Stable,0.9302879698427258
2025-04-29,Stable,0.951953975336184
2025-04-30,Stable,0.9586037086930052
2025-05-02,Stable,0.9555889660651387
2025-05-05,Stable,0.941077501223805
2025-05-06,Stable,0.9054646354907788
2025-05-07,Stable,0.8254672530381783
2025-05-08,Stable,0.637456173103475
2025-05-09,Transitional,0.7017637027681521
2025-05-12,Transitional,0.9937292026682598
2025-05-13,Transitional,0.891901569924313
2025-05-14,Stable,0.5963184001053816
2025-05-15,Stable,0.5295856263872118
2025-05-16,Stable,0.7350811615427558
2025-05-19,Stable,0.8295321640289992
2025-05-20,Stable,0.8739765971279441
2025-05-21,Stable,0.9253739608916031
2025-05-22,Stable,0.9491445044443078
2025-05-23,Stable,0.96742615737922
2025-05-26,Stable,0.9810898708390426
2025-05-27,Stable,0.987505768791366
2025-05-28,Stable,0.9930253680943028
2025-05-29,Stable,0.9956710335791008
2025-05-30,Stable,0.996761640496491
2025-06-02,Stable,0.9970598087544735
2025-06-03,Stable,0.9965678078102922
2025-06-04,Stable,0.9972057634323026
2025-06-05,Stable,0.9971606168185675
2025-06-06,Stable,0.996830697944364
2025-06-09,Stable,0.9973863315636098
2025-06-10,Stable,0.9973482693294555
2025-06-11,Stable,0.9966378529898937
2025-06-12,Stable,0.9946481806965218
2025-06-13,Stable,0.9949815490479271
2025-06-16,Stable,0.9957020058054254
2025-06-17,Stable,0.9966156950883657
2025-06-18,Stable,0.9967617614918377
2025-06-19,Stable,0.9960576362516905
2025-06-20,Stable,0.9939061199927086
2025-06-23,Stable,0.994853474187179
2025-06-24,Stable,0.9956983162713847
2025-06-25,Stable,0.9949885842120392
2025-06-26,Stable,0.9944089046429169
2025-06-27,Stable,0.9962565319138612
2025-06-30,Stable,0.9968823378642369
2025-07-01,Stable,0.997644667094328
2025-07-02,Stable,0.9978314400542319
2025-07-03,Stable,0.9980559014852383
2025-07-04,Stable,0.998206122980166
2025-07-07,Stable,0.99821829655728
2025-07-08,Stable,0.9980788295779257
2025-07-09,Stable,0.9977834705275341
2025-07-10,Stable,0.9972426235777554
2025-07-11,Stable,0.9965947934201553
2025-07-14,Stable,0.9973252362226964
2025-07-15,Stable,0.9977101943032205
2025-07-16,Stable,0.997785791933552
2025-07-17,Stable,0.9973980744222603
2025-07-18,Stable,0.997104695145325
2025-07-21,Stable,0.9973196659595129
2025-07-22,Stable,0.9973124655696808
2025-07-23,Stable,0.9965757366961845
2025-07-24,Stable,0.9955675175743199
2025-07-25,Stable,0.9948058536560427
2025-07-28,Stable,0.9955025846770224
2025-07-29,Stable,0.9966701521133281
2025-07-30,Stable,0.9972838771657203
2025-07-31,Stable,0.9971401522550983
2025-08-01,Stable,0.9967328121084313
2025-08-04,Stable,0.9971986563316766
2025-08-05,Stable,0.9973260732635064
2025-08-06,Stable,0.9973262592259066
2025-08-07,Stable,0.9968282543118757
2025-08-08,Stable,0.9952022573132798
2025-08-11,Stable,0.9955561881006483
2025-08-12,Stable,0.9965934439725708
2025-08-13,Stable,0.9973566697658515
2025-08-14,Stable,0.9975815583806082
2025-08-18,Stable,0.997217457726639
2025-08-19,Stable,0.997517138667742
2025-08-20,Stable,0.997516324925877
2025-08-21,Stable,0.9969457586873713
2025-08-22,Stable,0.9953186887522996
2025-08-25,Stable,0.9949766635521906
2025-08-26,Stable,0.9929798059850303
2025-08-28,Stable,0.9936817403860231
2025-08-29,Stable,0.9956875068808314
2025-09-01,Stable,0.9966068633657946
2025-09-02,Stable,0.9974008551062753
2025-09-03,Stable,0.9977986119875717
2025-09-04,Stable,0.9981441118956031
2025-09-05,Stable,0.9982790779378641
2025-09-08,Stable,0.9983144467305348
2025-09-09,Stable,0.9982516688004454
2025-09-10,Stable,0.9982283581098585
2025-09-11,Stable,0.9982427983213484
2025-09-12,Stable,0.9981124736548912
2025-09-15,Stable,0.9979960428006482
2025-09-16,Stable,0.9976915774523885
2025-09-17,Stable,0.9978393680236082
2025-09-18,Stable,0.99775217404992
2025-09-19,Stable,0.9973823613736529
2025-09-22,Stable,0.9971395911546918
2025-09-23,Stable,0.9972503318550582
2025-09-24,Stable,0.9966461223659749
2025-09-25,Stable,0.9958561570692586
2025-09-26,Stable,0.9955247849533438
2025-09-29,Stable,0.9968822985514945
2025-09-30,Stable,0.997266070104627
2025-10-01,Stable,0.997003495502463
2025-10-03,Stable,0.9975570504188191
2025-10-06,Stable,0.9975781796573278
2025-10-07,Stable,0.9979719662786251
2025-10-08,Stable,0.9980314525221544
2025-10-09,Stable,0.9979818585586592
2025-10-10,Stable,0.997952507776501
2025-10-13,Stable,0.9977843638808993
2025-10-14,Stable,0.9973809060119413
2025-10-15,Stable,0.9968062176402
2025-10-16,Stable,0.9962281727648923
2025-10-17,Stable,0.9970671925505223
2025-10-20,Stable,0.9976246168716487
2025-10-21,Stable,0.9979854607432644
2025-10-23,Stable,0.9980131035460692
2025-10-24,Stable,0.9977345665311902
2025-10-27,Stable,0.9975893005742192
2025-10-28,Stable,0.997692984630974
2025-10-29,Stable,0.9974679925446236
2025-10-30,Stable,0.9968651823877167
2025-10-31,Stable,0.9970573440390428
2025-11-03,Stable,0.9975221757866272
2025-11-04,Stable,0.997364685238898
2025-11-06,Stable,0.9978325537409418
2025-11-07,Stable,0.9980428537837659
2025-11-10,Stable,0.998065503161552
2025-11-11,Stable,0.9979988665199425
2025-11-12,Stable,0.9978246946335874
2025-11-13,Stable,0.9981080390729561
2025-11-14,Stable,0.9981582843343534
2025-11-17,Stable,0.9979972943070041
2025-11-18,Stable,0.9978137160285758
2025-11-19,Stable,0.9976246245458823
2025-11-20,Stable,0.9975193861746434
2025-11-21,Stable,0.9972498690597176
2025-11-24,Stable,0.9970571407430799
2025-11-25,Stable,0.996626945704649
2025-11-26,Stable,0.9956915929446812
2025-11-27,Stable,0.9971810594570725
2025-11-28,Stable,0.9977419295165825
2025-12-01,Stable,0.9978341774523117
2025-12-02,Stable,0.9975696637668456
2025-12-03,Stable,0.997897456160245
2025-12-04,Stable,0.9978781515527707
2025-12-05,Stable,0.9974704214521656
2025-12-08,Stable,0.9968533231301993
2025-12-09,Stable,0.9970907103590542
2025-12-10,Stable,0.9974796996121318
2025-12-11,Stable,0.997677132064875
2025-12-12,Stable,0.9977570665312914
2025-12-15,Stable,0.9978138046501989
2025-12-16,Stable,0.9974898865321791
2025-12-17,Stable,0.997862803336314
2025-12-18,Stable,0.997958643429308
2025-12-19,Stable,0.9977927521711026
2025-12-22,Stable,0.9976200648166832
2025-12-23,Stable,0.9979447894210347
2025-12-24,Stable,0.99796145320308
2025-12-26,Stable,0.9977614040529005
2025-12-29,Stable,0.9977675591229355
2025-12-30,Stable,0.9979253370160726
2025-12-31,Stable,0.9977489891893334
2026-01-01,Stable,0.9978155382157455
2026-01-02,Stable,0.9974833707263046
2026-01-05,Stable,0.99734867623063
2026-01-06,Stable,0.9970820954803568
2026-01-07,Stable,0.996736057410608
2026-01-08,Stable,0.9953980338640611
2026-01-09,Stable,0.9958386256996261
2026-01-12,Stable,0.9969168678527265
2026-01-13,Stable,0.9971790847984002
2026-01-14,Stable,0.9970493571031823
2026-01-16,Stable,0.9964401927575719
2026-01-19,Stable,0.9945160606182409
2026-01-20,Stable,0.9909746673047465
2026-01-21,Stable,0.992975801876668
2026-01-22,Stable,0.9930282780593157
2026-01-23,Stable,0.991004354338013
2026-01-27,Stable,0.9906576867405632
2026-01-28,Stable,0.9870817429608096
2026-01-29,Stable,0.9793091291684293
2026-01-30,Stable,0.9604475653747625
2026-02-02,Stable,0.9223015194252752
2026-02-03,Stable,0.8682747711959419
2026-02-04,Stable,0.9343632316011079
2026-02-05,Stable,0.962112673944869
2026-02-06,Stable,0.9791094999138613
2026-02-09,Stable,0.9860111406011958
2026-02-10,Stable,0.9887304774456623
2026-02-11,Stable,0.9875058936926926
2026-02-12,Stable,0.9814283018912173
2026-02-13,Stable,0.9723470554293858
2026-02-16,Stable,0.9709019053957287
2026-02-17,Stable,0.965384094270045
2026-02-18,Stable,0.9478462363523619
2026-02-19,Stable,0.9065601875014486
2026-02-20,Stable,0.8956887577751573
2026-02-23,Stable,0.862985031179104
2026-02-24,Stable,0.7947635261347473
2026-02-25,Stable,0.7567977185380752
2026-02-26,Stable,0.6604759099944326
2026-02-27,Transitional,0.5653643170950597
2026-03-02,Transitional,0.7363072418001382
2026-03-04,Transitional,0.8394745896756708
2026-03-05,Transitional,0.8884569948337409
2026-03-06,Transitional,0.9446410205332587
2026-03-09,Transitional,0.9736764020109693
2026-03-10,Transitional,0.9780102930457713
2026-03-11,Transitional,0.9908817789116512
2026-03-12,Transitional,0.9924911609401649
2026-03-13,Transitional,0.9955984388285828
2026-03-16,Transitional,0.9904477286278269
2026-03-17,Transitional,0.986834690940773
2026-03-18,Transitional,0.9897033476375365
2026-03-19,Transitional,0.9988736853555703
2026-03-20,Transitional,0.9966590803316925
2026-03-23,Transitional,0.9990485787494882
2026-03-24,Transitional,0.9988334507020467
2026-03-25,Transitional,0.998644291891482
2026-03-27,Transitional,0.999165815196028
2026-03-30,Transitional,0.9989585135383288
2026-04-01,Transitional,0.9936114988874352
2026-04-02,Transitional,0.9825115778103141
2026-04-06,Transitional,0.9823587451045742
2026-04-07,Transitional,0.9859685256458314
2026-04-08,Transitional,0.9981181515192739
2026-04-09,Transitional,0.9109738096414486
2026-04-10,Transitional,0.7896853760581767
2026-04-13,Transitional,0.6697768556790561
2026-04-15,Transitional,0.5669895068102342
2026-04-16,Stable,0.6713598819797659
2026-04-17,Stable,0.7769356585033563
2026-04-20,Stable,0.8311473466871849
2026-04-21,Stable,0.8500783122536791
2026-04-22,Stable,0.8611232090758847
2026-04-23,Stable,0.872005699654277
2026-04-24,Stable,0.888232395444602
2026-04-27,Stable,0.9227645113010905
2026-04-28,Stable,0.9437901457103932
2026-04-29,Stable,0.9543752885798148
2026-04-30,Stable,0.9587821071937038
2026-05-04,Stable,0.9605501980736175
2026-05-05,Stable,0.9539685922921045
2026-05-06,Stable,0.9358831285135397
2026-05-07,Stable,0.9206577639798601
2026-05-08,Stable,0.881542913489634
2026-05-11,Stable,0.8202841439902475
2026-05-12,Stable,0.8169592653046971
2026-05-13,Stable,0.9043651033851497
2026-05-14,Stable,0.9410238095460869
2026-05-15,Stable,0.9721293081569449
2026-05-18,Stable,0.986360291378967
2026-05-19,Stable,0.9922445994319192
2026-05-20,Stable,0.9945723758018279
2026-05-21,Stable,0.9947284432640711
2026-05-22,Stable,0.9931324734991879
2026-05-25,Stable,0.9885280917155431
2026-05-26,Stable,0.9891547063509535
2026-05-27,Stable,0.9886478029022074
2026-05-29,Stable,0.9842521435934
2026-06-01,Stable,0.9892994377251931
2026-06-02,Stable,0.993125507353332
2026-06-03,Stable,0.9946689508348115
2026-06-04,Stable,0.9950854580334495
2026-06-05,Stable,0.9936476352555319
2026-06-08,Stable,0.989580968146321
2026-06-09,Stable,0.987457668094693
2026-06-10,Stable,0.9813895971560996
2026-06-11,Stable,0.9656854343735825
2026-06-12,Stable,0.9307963621636618
2026-06-15,Stable,0.9556790531902241
2026-06-16,Stable,0.9746352822949305
2026-06-17,Stable,0.9852747941365699
2026-06-18,Stable,0.9897380358908453
2026-06-19,Stable,0.9904103138885936
2026-06-22,Stable,0.9913629323079771
2026-06-23,Stable,0.9894429760443083
2026-06-24,Stable,0.9916866263610968
2026-06-25,Stable,0.9946949389313279
2026-06-29,Stable,0.9954368966911218
2026-06-30,Stable,0.9956375377723564
2026-07-01,Stable,0.9948371933114708
2026-07-02,Stable,0.992811660220165
2026-07-03,Stable,0.9896059388307274
2026-07-06,Stable,0.9814752473814389
2026-07-07,Stable,0.9665719695209671
2026-07-08,Stable,0.932387640085816
2026-07-09,Stable,0.9618514384751885
2026-07-10,Stable,0.97397103964431
2026-07-13,Stable,0.9854911067483936
2026-07-14,Stable,0.9897501335880395
2026-07-15,Stable,0.9933437057754549
2026-07-16,Stable,0.9941053643407038
2026-07-17,Stable,0.9926337358560329
2026-07-20,Stable,0.9939720475415708
2026-07-21,Stable,0.99470440414361
2026-07-22,Stable,0.9940396100930129
2026-07-23,Stable,0.9951052064965183
2026-07-24,Stable,0.9954722971484351
2026-07-27,Stable,0.9951386824139693
2026-07-28,Stable,0.9959394367690524
2026-07-29,Stable,0.9953875893444519
2026-07-30,Stable,0.9968962956939013
2026-07-31,Stable,0.9975047686792868
2026-08-03,Stable,0.9975008165687492
2026-08-04,Stable,0.9977759274490458
2026-08-05,Stable,0.9979084878368834
2026-08-06,Stable,0.9976808220570139
2026-08-07,Stable,0.9972706076502574
2026-08-10,Stable,0.997303501664398
2026-08-11,Stable,0.9965721560379709
2026-08-12,Stable,0.9956986572992643
2026-08-13,Stable,0.9934573371845806
2026-08-14,Stable,0.9877790791973022
