date,regime_label,regime_probability
2014-10-07,Transitional,1.0
2014-10-08,Transitional,0.9938073048722251
2014-10-09,Transitional,0.6613845907128073
2014-10-10,Transitional,0.6636973733011765
2014-10-13,Transitional,0.5058217721377102
2014-10-14,Transitional,0.5132950518316026
2014-10-16,Transitional,0.7314211844338222
2014-10-17,Transitional,0.9842227311247483
2014-10-20,Stable,0.6231550271012534
2014-10-21,Stable,0.8566500634999934
2014-10-22,Stable,0.9178741664744798
2014-10-27,Stable,0.9301088053780405
2014-10-28,Stable,0.9074661495860032
2014-10-29,Stable,0.7933596538629416
2014-10-30,Stable,0.7125562499754995
2014-10-31,Stable,0.7447184327060147
2014-11-03,Stable,0.9002961725959255
2014-11-05,Stable,0.942797991454741
2014-11-07,Stable,0.9615555172914415
2014-11-10,Stable,0.9669469821725994
2014-11-11,Stable,0.966666456394569
2014-11-12,Stable,0.9649315124166726
2014-11-13,Stable,0.9561633863775738
2014-11-14,Stable,0.9643309331731441
2014-11-17,Stable,0.9633508524528328
2014-11-18,Stable,0.9522446877588013
2014-11-19,Stable,0.9520301414246707
2014-11-20,Stable,0.9228209616076383
2014-11-21,Stable,0.9168847051550459
2014-11-24,Stable,0.8784702651640116
2014-11-25,Stable,0.9391674416607443
2014-11-26,Stable,0.9538842705711241
2014-11-27,Stable,0.9462262099196418
2014-11-28,Stable,0.9530553425702489
2014-12-01,Stable,0.9337274265004176
2014-12-02,Stable,0.8793811023171723
2014-12-03,Stable,0.8736686717811085
2014-12-04,Stable,0.7510066967708516
2014-12-05,Transitional,0.6240630626104551
2014-12-08,Transitional,0.8609139167570946
2014-12-09,Stable,0.6745994336536769
2014-12-10,Stable,0.8351731718431722
2014-12-11,Stable,0.8513310211321281
2014-12-12,Stable,0.8563727529816189
2014-12-15,Stable,0.7656764278667751
2014-12-16,Stable,0.8227820758339659
2014-12-17,Stable,0.8969800858125642
2014-12-18,Stable,0.890683788031498
2014-12-19,Stable,0.8692513603616852
2014-12-22,Stable,0.9198937640706004
2014-12-23,Stable,0.9054036265596056
2014-12-24,Stable,0.8804833146905267
2014-12-26,Stable,0.9239882738085726
2014-12-29,Stable,0.9498946376544088
2014-12-30,Stable,0.9571138014471102
2014-12-31,Stable,0.9476705483113035
2015-01-01,Stable,0.9153709552906858
2015-01-02,Stable,0.7946338205679773
2015-01-05,Stable,0.6390006435893372
2015-01-06,Transitional,0.653680117322353
2015-01-07,Transitional,0.5126333432317691
2015-01-08,Transitional,0.5627515553191517
2015-01-09,Transitional,0.8988098576982091
2015-01-12,Stable,0.573511817761199
2015-01-13,Stable,0.8318580779206716
2015-01-14,Stable,0.9092206310123693
2015-01-15,Stable,0.9497517402065018
2015-01-16,Stable,0.9633869297534847
2015-01-19,Stable,0.9661308163701987
2015-01-20,Stable,0.9634850815637825
2015-01-21,Stable,0.9541682540166362
2015-01-22,Stable,0.9581797730709132
2015-01-23,Stable,0.9447046328862719
2015-01-27,Stable,0.8911227430323094
2015-01-28,Stable,0.9304762738378486
2015-01-29,Stable,0.9573134642888583
2015-01-30,Stable,0.9621774762916805
2015-02-02,Stable,0.9536015079133896
2015-02-03,Stable,0.9572602151041931
2015-02-04,Stable,0.9400683029262982
2015-02-05,Stable,0.8786835127890759
2015-02-06,Stable,0.9297828258289503
2015-02-09,Stable,0.9533658482429316
2015-02-10,Stable,0.9529898171473933
2015-02-11,Stable,0.9555457696988874
2015-02-12,Stable,0.9496470701059372
2015-02-13,Stable,0.9558988889030616
2015-02-16,Stable,0.9589233765514853
2015-02-18,Stable,0.9435649282167616
2015-02-19,Stable,0.9460925644722208
2015-02-20,Stable,0.9325272810465057
2015-02-23,Stable,0.9546872852352655
2015-02-24,Stable,0.9597038382468536
2015-02-25,Stable,0.9487975589344947
2015-02-26,Stable,0.9129359112688173
2015-02-27,Stable,0.9324185295296236
2015-03-02,Stable,0.9256549128315886
2015-03-03,Stable,0.8928663195837241
2015-03-04,Stable,0.8996481122045233
2015-03-05,Stable,0.8954074272491968
2015-03-09,Stable,0.823520057890305
2015-03-10,Stable,0.9224875866763779
2015-03-11,Stable,0.9486766985233913
2015-03-12,Stable,0.954668508269794
2015-03-13,Stable,0.9470623727084332
2015-03-16,Stable,0.9525094070787861
2015-03-17,Stable,0.9584504187311877
2015-03-18,Stable,0.9517780891144767
2015-03-19,Stable,0.9593451984204078
2015-03-20,Stable,0.9494542598507544
2015-03-23,Stable,0.9260656340618362
2015-03-24,Stable,0.9054687413002621
2015-03-25,Stable,0.8227049590207306
2015-03-26,Stable,0.5279754574391123
2015-03-27,Stable,0.8074599645572194
2015-03-30,Stable,0.8877009663993113
2015-03-31,Stable,0.934017190574139
2015-04-01,Stable,0.9317403848411443
2015-04-06,Stable,0.9508843224504725
2015-04-07,Stable,0.9405426508284046
2015-04-08,Stable,0.8834378712033282
2015-04-09,Stable,0.934786608083431
2015-04-10,Stable,0.9442149898964685
2015-04-13,Stable,0.9153158933947302
2015-04-15,Stable,0.8034268881288226
2015-04-16,Stable,0.7303119970046338
2015-04-17,Stable,0.5021239928081108
2015-04-20,Stable,0.525259626574664
2015-04-21,Stable,0.7754771638304441
2015-04-22,Stable,0.8122377618461324
2015-04-23,Stable,0.7371927950045901
2015-04-24,Stable,0.579109292428061
2015-04-27,Stable,0.7857859673305072
2015-04-28,Stable,0.896231635105873
2015-04-29,Stable,0.9224278600539589
2015-04-30,Stable,0.8908484038976212
2015-05-04,Stable,0.8199293382309978
2015-05-05,Stable,0.8150690607781521
2015-05-06,Stable,0.6527027892224994
2015-05-07,Stable,0.7217994476238696
2015-05-08,Stable,0.8381643442889639
2015-05-11,Stable,0.8229232088647833
2015-05-12,Stable,0.7941086172922126
2015-05-13,Stable,0.9066592816827512
2015-05-14,Stable,0.9348394180053184
2015-05-15,Stable,0.9458350267017057
2015-05-18,Stable,0.9396487500277566
2015-05-19,Stable,0.9289130094488662
2015-05-20,Stable,0.8905805813192409
2015-05-21,Stable,0.9355585767177599
2015-05-22,Stable,0.935688192144678
2015-05-25,Stable,0.9264467104823076
2015-05-26,Stable,0.9137607650791242
2015-05-27,Stable,0.8358685535490457
2015-05-28,Stable,0.9072352114194904
2015-05-29,Stable,0.9217823285933266
2015-06-01,Stable,0.9296643924499677
2015-06-02,Stable,0.8976887557324409
2015-06-03,Stable,0.9454649840132783
2015-06-04,Stable,0.9535099918317474
2015-06-05,Stable,0.9356193436340551
2015-06-08,Stable,0.907872226617744
2015-06-09,Stable,0.8120234641457078
2015-06-10,Stable,0.6034262786524001
2015-06-11,Stable,0.6585111743659618
2015-06-12,Stable,0.7462805136017495
2015-06-15,Stable,0.9009513782220345
2015-06-16,Stable,0.9485844056982012
2015-06-17,Stable,0.9607301897998538
2015-06-18,Stable,0.9575558302594755
2015-06-19,Stable,0.9473463000658772
2015-06-22,Stable,0.9008645779370617
2015-06-23,Stable,0.920779414330397
2015-06-24,Stable,0.9206964305017726
2015-06-25,Stable,0.8521002004848778
2015-06-26,Stable,0.7930907680641449
2015-06-29,Stable,0.7029389308724068
2015-06-30,Stable,0.8186802463922408
2015-07-01,Stable,0.8548645724078375
2015-07-02,Stable,0.9328495536179899
2015-07-03,Stable,0.9561448766137699
2015-07-06,Stable,0.9563545483051429
2015-07-07,Stable,0.9338308598121532
2015-07-08,Stable,0.8817702786431584
2015-07-09,Stable,0.8213270109510414
2015-07-10,Stable,0.8816153025914509
2015-07-13,Stable,0.8513353222618552
2015-07-14,Stable,0.9228632773061914
2015-07-15,Stable,0.9324775949143852
2015-07-16,Stable,0.931661771403168
2015-07-17,Stable,0.879976928560715
2015-07-20,Stable,0.7257722753420607
2015-07-21,Transitional,0.8109702766221705
2015-07-22,Stable,0.7053146657922987
2015-07-23,Stable,0.8488538152218177
2015-07-24,Stable,0.9002786314081037
2015-07-27,Stable,0.918763442944403
2015-07-28,Stable,0.9272777409320521
2015-07-29,Stable,0.8980230473786861
2015-07-30,Stable,0.8995529032541614
2015-07-31,Stable,0.8529704517083888
2015-08-03,Stable,0.8830643701504142
2015-08-04,Stable,0.9102470241130364
2015-08-05,Stable,0.8811604789191044
2015-08-06,Stable,0.9379793479005819
2015-08-07,Stable,0.9458058521753334
2015-08-10,Stable,0.9208050535294697
2015-08-11,Stable,0.8242097533381824
2015-08-12,Stable,0.6566131169368681
2015-08-13,Stable,0.8495075384467178
2015-08-14,Stable,0.9032611204364647
2015-08-17,Stable,0.9036733148837052
2015-08-18,Stable,0.834850673391208
2015-08-19,Stable,0.738839269880401
2015-08-20,Stable,0.5794506093478481
2015-08-21,Stable,0.6145696816585462
2015-08-24,Transitional,0.9983262850033052
2015-08-25,Stable,0.5650556395403066
2015-08-26,Stable,0.7686707028714483
2015-08-27,Stable,0.8416813374259136
2015-08-28,Stable,0.8463167039087196
2015-08-31,Stable,0.9098089124066537
2015-09-01,Stable,0.896282360124936
2015-09-02,Stable,0.8891386994004381
2015-09-03,Stable,0.8581570451572083
2015-09-04,Stable,0.7067966741648475
2015-09-07,Stable,0.8522518876174537
2015-09-08,Stable,0.9192752605324512
2015-09-09,Stable,0.9329017944714783
2015-09-10,Stable,0.9403337516661477
2015-09-11,Stable,0.9588796638270173
2015-09-14,Stable,0.9604401732934026
2015-09-15,Stable,0.9653310988495533
2015-09-16,Stable,0.9613424788973289
2015-09-18,Stable,0.9536183969693005
2015-09-21,Stable,0.960302486251931
2015-09-22,Stable,0.9510539302337538
2015-09-23,Stable,0.9131244710376778
2015-09-24,Stable,0.7829155247623688
2015-09-28,Stable,0.8663873911305174
2015-09-29,Stable,0.9089799996297123
2015-09-30,Stable,0.8762452518944258
2015-10-01,Stable,0.859116319964075
2015-10-05,Stable,0.8777514899930584
2015-10-06,Stable,0.8687865876527516
2015-10-07,Stable,0.824869124074162
2015-10-08,Stable,0.8977882879008682
2015-10-09,Stable,0.8846922585240505
2015-10-12,Stable,0.8538504862935115
2015-10-13,Stable,0.8851952907297337
2015-10-14,Stable,0.8904524523686537
2015-10-15,Stable,0.9440302324965704
2015-10-16,Stable,0.9594898211126129
2015-10-19,Stable,0.957459322512688
2015-10-20,Stable,0.9590412442558244
2015-10-21,Stable,0.9672298796549791
2015-10-23,Stable,0.9695219517601301
2015-10-26,Stable,0.9697458763049529
2015-10-27,Stable,0.9686273280519202
2015-10-28,Stable,0.9637861538238036
2015-10-29,Stable,0.9548180337391401
2015-10-30,Stable,0.9590290064986841
2015-11-02,Stable,0.9619585682813905
2015-11-03,Stable,0.9584624357055065
2015-11-04,Stable,0.9481146111640661
2015-11-05,Stable,0.9255571186983893
2015-11-06,Stable,0.9343302213418494
2015-11-09,Stable,0.9086197120371619
2015-11-10,Stable,0.8333489018006811
2015-11-13,Stable,0.8750636772468015
2015-11-16,Stable,0.8936962942928749
2015-11-17,Stable,0.8866389685026462
2015-11-18,Stable,0.775887534263738
2015-11-19,Stable,0.7986275805526881
2015-11-20,Stable,0.9059311871374286
2015-11-23,Stable,0.9488410233403051
2015-11-24,Stable,0.9569819132354387
2015-11-26,Stable,0.9636551764550813
2015-11-27,Stable,0.9608934061326551
2015-11-30,Stable,0.9595090641167995
2015-12-01,Stable,0.9590606581795391
2015-12-02,Stable,0.9456740307232184
2015-12-03,Stable,0.9488951528883838
2015-12-04,Stable,0.9439114063546217
2015-12-07,Stable,0.9612554547275862
2015-12-08,Stable,0.9642940103644665
2015-12-09,Stable,0.9593125786323304
2015-12-10,Stable,0.9502177469350687
2015-12-11,Stable,0.9625536476466524
2015-12-14,Stable,0.9632990081675982
2015-12-15,Stable,0.9593557243739005
2015-12-16,Stable,0.9468519746169719
2015-12-17,Stable,0.9218581165773766
2015-12-18,Stable,0.8987649168144528
2015-12-21,Stable,0.921493544098203
2015-12-22,Stable,0.9204477363744101
2015-12-23,Stable,0.9432592059454689
2015-12-24,Stable,0.9587903019953055
2015-12-28,Stable,0.9570058221030731
2015-12-29,Stable,0.9548798817653922
2015-12-30,Stable,0.9308781124371128
2015-12-31,Stable,0.9435267326943625
2016-01-01,Stable,0.9464413703542472
2016-01-04,Stable,0.9230504838315057
2016-01-05,Stable,0.9461224939537372
2016-01-06,Stable,0.9407740306959154
2016-01-07,Stable,0.8906259038584494
2016-01-08,Stable,0.8927808840587885
2016-01-11,Stable,0.880002172238241
2016-01-12,Stable,0.936673091763835
2016-01-13,Stable,0.9505581676420451
2016-01-14,Stable,0.9409665043173349
2016-01-15,Stable,0.9616441590723536
2016-01-18,Stable,0.9669669293276806
2016-01-19,Stable,0.9673691421426922
2016-01-20,Stable,0.9652571206151395
2016-01-21,Stable,0.96748068109233
2016-01-22,Stable,0.9647911164447791
2016-01-25,Stable,0.9653685286613568
2016-01-27,Stable,0.9571989866347534
2016-01-28,Stable,0.9264085377201325
2016-01-29,Stable,0.8296021814785765
2016-02-01,Stable,0.9072699010765733
2016-02-02,Stable,0.918794274864747
2016-02-03,Stable,0.8895787167805973
2016-02-04,Stable,0.8547373827884598
2016-02-05,Stable,0.7242348765735314
2016-02-08,Transitional,0.7588217735739825
2016-02-09,Transitional,0.9830337171580975
2016-02-10,Transitional,0.7574444625429733
2016-02-11,Transitional,0.8204873919384759
2016-02-12,Stable,0.6323089767505123
2016-02-15,Stable,0.728286005650012
2016-02-16,Stable,0.8457313110861848
2016-02-17,Stable,0.8757191321184723
2016-02-18,Stable,0.8374537541535281
2016-02-19,Stable,0.9111282741289277
2016-02-22,Stable,0.9229286015737532
2016-02-23,Stable,0.8898431880838172
2016-02-24,Stable,0.8581164034497197
2016-02-25,Stable,0.8406698431615393
2016-02-26,Stable,0.7224985473016294
2016-02-29,Transitional,0.6831695576359428
2016-03-01,Transitional,0.9753667308381633
2016-03-02,Transitional,0.8614542968315764
2016-03-03,Stable,0.5344137097076458
2016-03-04,Stable,0.8022722626166852
2016-03-08,Stable,0.9046131038613188
2016-03-09,Stable,0.944630550613667
2016-03-10,Stable,0.9454163685473225
2016-03-11,Stable,0.9584596814496789
2016-03-14,Stable,0.9522780672841173
2016-03-15,Stable,0.9184511195274705
2016-03-16,Stable,0.9219023948436618
2016-03-17,Stable,0.8814923203300689
2016-03-18,Stable,0.8062188737757271
2016-03-21,Stable,0.9206985648343622
2016-03-22,Stable,0.9549141160683163
2016-03-23,Stable,0.9629324557264662
2016-03-28,Stable,0.9587126536782068
2016-03-29,Stable,0.9527133470814861
2016-03-30,Stable,0.9347516706796953
2016-03-31,Stable,0.9386699837349377
2016-04-01,Stable,0.9054105061641834
2016-04-04,Stable,0.8668870488834516
2016-04-05,Stable,0.9014103977434311
2016-04-06,Stable,0.9260902750131683
2016-04-07,Stable,0.9089065977198124
2016-04-08,Stable,0.9010346667390126
2016-04-11,Stable,0.8181348697095104
2016-04-12,Stable,0.897440573539392
2016-04-13,Stable,0.8864949054311434
2016-04-18,Stable,0.7762855173286349
2016-04-20,Stable,0.8566690812956458
2016-04-21,Stable,0.8332255143574817
2016-04-22,Stable,0.9203156530486294
2016-04-25,Stable,0.9496993503182586
2016-04-26,Stable,0.9472177935441126
2016-04-27,Stable,0.9423081525466412
2016-04-28,Stable,0.8970036469038136
2016-04-29,Stable,0.9135704030611601
2016-05-02,Stable,0.9080121604750581
2016-05-03,Stable,0.8639894928775287
2016-05-04,Stable,0.9366562080522123
2016-05-05,Stable,0.9550037714600762
2016-05-06,Stable,0.9500167624221327
2016-05-09,Stable,0.9515536504060786
2016-05-10,Stable,0.9594627948767687
2016-05-11,Stable,0.9535282459908305
2016-05-12,Stable,0.9485075907382869
2016-05-13,Stable,0.9591747134653841
2016-05-16,Stable,0.9646647569808438
2016-05-17,Stable,0.9674863371619711
2016-05-18,Stable,0.9671018212770495
2016-05-19,Stable,0.961273953966706
2016-05-20,Stable,0.9442215887420203
2016-05-23,Stable,0.9058736380785353
2016-05-24,Stable,0.8411933556755636
2016-05-25,Stable,0.5938881087382705
2016-05-26,Stable,0.7936743746049055
2016-05-27,Stable,0.8851756155218261
2016-05-30,Stable,0.9010198028166803
2016-05-31,Stable,0.899664945957619
2016-06-01,Stable,0.9372757590886128
2016-06-02,Stable,0.9577494989087233
2016-06-03,Stable,0.964855385656078
2016-06-06,Stable,0.9623860924572589
2016-06-07,Stable,0.9654375895907398
2016-06-08,Stable,0.9598314449910333
2016-06-09,Stable,0.9373443602883975
2016-06-10,Stable,0.9570206602541058
2016-06-13,Stable,0.962469363792734
2016-06-14,Stable,0.9623587008976517
2016-06-15,Stable,0.9522668367736089
2016-06-16,Stable,0.9530902823267966
2016-06-17,Stable,0.9357445907060856
2016-06-20,Stable,0.8693316126974486
2016-06-21,Stable,0.9188299916085416
2016-06-22,Stable,0.9049074223817671
2016-06-23,Stable,0.800256090608336
2016-06-24,Stable,0.569349131986127
2016-06-27,Stable,0.5199298058759542
2016-06-28,Stable,0.6984319218807536
2016-06-29,Stable,0.792766279610211
2016-06-30,Stable,0.907967467860694
2016-07-01,Stable,0.9435006494874492
2016-07-04,Stable,0.9432545825479898
2016-07-05,Stable,0.9276007022925471
2016-07-07,Stable,0.8629047227129573
2016-07-08,Stable,0.9295269408330367
2016-07-11,Stable,0.9362647605254079
2016-07-12,Stable,0.9308967170586742
2016-07-13,Stable,0.8675660991341673
2016-07-14,Stable,0.6770637324502068
2016-07-15,Transitional,0.9735446888038687
2016-07-18,Stable,0.6907518003776207
2016-07-19,Stable,0.8865738770585339
2016-07-20,Stable,0.9451607028392833
2016-07-21,Stable,0.9616235503826577
2016-07-22,Stable,0.9631124607522168
2016-07-25,Stable,0.9547284861661068
2016-07-26,Stable,0.9645993894564892
2016-07-27,Stable,0.9642953314333176
2016-07-28,Stable,0.959193207259538
2016-07-29,Stable,0.9349315303045981
2016-08-01,Stable,0.8567977434136858
2016-08-02,Stable,0.9354330216839803
2016-08-03,Stable,0.9595584433117332
2016-08-04,Stable,0.965214915599958
2016-08-05,Stable,0.9678550979971959
2016-08-08,Stable,0.967059876049354
2016-08-09,Stable,0.9679798554936387
2016-08-10,Stable,0.9644265016126199
2016-08-11,Stable,0.9537935228263333
2016-08-12,Stable,0.9201404646526569
2016-08-16,Stable,0.8251439718555569
2016-08-17,Stable,0.8145303409741266
2016-08-18,Stable,0.9056440532583864
2016-08-19,Stable,0.916466422073927
2016-08-22,Stable,0.8812563665926583
2016-08-23,Stable,0.8676766604967491
2016-08-24,Stable,0.9098765086822601
2016-08-25,Stable,0.8774307915532843
2016-08-26,Stable,0.8417069046214989
2016-08-29,Stable,0.8305861031597034
2016-08-30,Stable,0.8352894528322646
2016-08-31,Stable,0.9263123300738367
2016-09-01,Stable,0.953508142529358
2016-09-02,Stable,0.9558838993561003
2016-09-06,Stable,0.9360243978049304
2016-09-07,Stable,0.8597486758994167
2016-09-08,Stable,0.6356712230725033
2016-09-09,Stable,0.8552015566547463
2016-09-12,Stable,0.9194503775451198
2016-09-14,Stable,0.9427048275198825
2016-09-15,Stable,0.956635662399526
2016-09-16,Stable,0.9510364701056184
2016-09-19,Stable,0.9602218896220391
2016-09-20,Stable,0.9644745610102653
2016-09-21,Stable,0.966590226480895
2016-09-22,Stable,0.9632101294079144
2016-09-23,Stable,0.9658461623303501
2016-09-26,Stable,0.9612748377475312
2016-09-27,Stable,0.9613818767832443
2016-09-28,Stable,0.9597435135669139
2016-09-29,Stable,0.9493168662425874
2016-09-30,Stable,0.9626175620280222
2016-10-03,Stable,0.9650116157889718
2016-10-04,Stable,0.9581634155824532
2016-10-05,Stable,0.9547980206274467
2016-10-06,Stable,0.9482712800007415
2016-10-07,Stable,0.9542165454531687
2016-10-10,Stable,0.9553467197250729
2016-10-13,Stable,0.9589616001948799
2016-10-14,Stable,0.9498223556472595
2016-10-17,Stable,0.9100218645117093
2016-10-18,Stable,0.8218903164412297
2016-10-19,Stable,0.917606564958287
2016-10-20,Stable,0.9378223869381579
2016-10-21,Stable,0.9238442037029762
2016-10-24,Stable,0.8952427472056073
2016-10-25,Stable,0.9241082197121977
2016-10-26,Stable,0.9231627291215886
2016-10-27,Stable,0.9302745845625339
2016-10-28,Stable,0.9511991146712329
2016-11-01,Stable,0.9437552996277698
2016-11-02,Stable,0.9196483832787822
2016-11-03,Stable,0.924912369116871
2016-11-04,Stable,0.8998077351821879
2016-11-07,Stable,0.8619750951444706
2016-11-08,Stable,0.6911864714210053
2016-11-09,Transitional,0.8867897173933239
2016-11-10,Transitional,0.6093463166475475
2016-11-11,Transitional,0.6284704647214916
2016-11-15,Stable,0.6723880677194427
2016-11-16,Stable,0.7222359765549867
2016-11-17,Stable,0.7894586845112094
2016-11-18,Stable,0.9059602344555358
2016-11-21,Stable,0.9334550861218025
2016-11-22,Stable,0.9164706648608141
2016-11-23,Stable,0.8387077839699909
2016-11-24,Stable,0.5715037298690471
2016-11-25,Transitional,0.9965855980526306
2016-11-28,Stable,0.6699334567559975
2016-11-29,Stable,0.8656130303192316
2016-11-30,Stable,0.9311951894987572
2016-12-01,Stable,0.940323066261704
2016-12-02,Stable,0.9183270546764792
2016-12-05,Stable,0.9350351909775432
2016-12-06,Stable,0.9520756513231484
2016-12-07,Stable,0.9416520509778462
2016-12-08,Stable,0.9122087887204621
2016-12-09,Stable,0.9451890366248151
2016-12-12,Stable,0.9537134508017191
2016-12-13,Stable,0.9496324549357548
2016-12-14,Stable,0.9578480503043191
2016-12-15,Stable,0.9621704800998262
2016-12-16,Stable,0.9662160079323996
2016-12-19,Stable,0.9638983957767816
2016-12-20,Stable,0.9504031647009444
2016-12-21,Stable,0.9426692740306472
2016-12-22,Stable,0.94617962335313
2016-12-23,Stable,0.9407705803132866
2016-12-26,Stable,0.943979820566679
2016-12-27,Stable,0.9252063136681132
2016-12-28,Stable,0.9508256666621766
2016-12-29,Stable,0.9478648632471179
2016-12-30,Stable,0.944179380281987
2017-01-02,Stable,0.9472904141691785
2017-01-03,Stable,0.9240021785954998
2017-01-04,Stable,0.8285417338747966
2017-01-05,Stable,0.6926452354062594
2017-01-06,Stable,0.6112970044343952
2017-01-09,Stable,0.7475636785587364
2017-01-10,Stable,0.8849679542943966
2017-01-11,Stable,0.9076399001241473
2017-01-12,Stable,0.8529853018240271
2017-01-13,Stable,0.873290238429547
2017-01-16,Stable,0.9204548136046304
2017-01-17,Stable,0.9543684657497693
2017-01-18,Stable,0.9638928728981809
2017-01-19,Stable,0.9630765812997438
2017-01-20,Stable,0.9511132174302087
2017-01-23,Stable,0.9536707906119323
2017-01-24,Stable,0.957208078027287
2017-01-25,Stable,0.9429453473036881
2017-01-27,Stable,0.8963718973505358
2017-01-30,Stable,0.7293646654734853
2017-01-31,Transitional,0.8295915437946247
2017-02-01,Stable,0.50103576526011
2017-02-02,Stable,0.6350127542512063
2017-02-03,Stable,0.8315678695882252
2017-02-06,Stable,0.9215964789754467
2017-02-07,Stable,0.9384007572964542
2017-02-08,Stable,0.919069657553883
2017-02-09,Stable,0.822039737696209
2017-02-10,Stable,0.7599563846273113
2017-02-13,Stable,0.8908842101104504
2017-02-14,Stable,0.9293429814662191
2017-02-15,Stable,0.9128669803598036
2017-02-16,Stable,0.8354044511162029
2017-02-17,Stable,0.8749347999219907
2017-02-20,Stable,0.8849458668598795
2017-02-21,Stable,0.9063172353068841
2017-02-22,Stable,0.8481428552709427
2017-02-23,Stable,0.8635838351420234
2017-02-27,Stable,0.937893565511437
2017-02-28,Stable,0.9581080616920575
2017-03-01,Stable,0.962941732876981
2017-03-02,Stable,0.9670807965614023
2017-03-03,Stable,0.9659564444909625
2017-03-06,Stable,0.9672909635552345
2017-03-07,Stable,0.9675322027742237
2017-03-08,Stable,0.9625969405477829
2017-03-09,Stable,0.9620474118797993
2017-03-10,Stable,0.9496263727061645
2017-03-14,Stable,0.9032100020191622
2017-03-15,Stable,0.8479787903915099
2017-03-16,Stable,0.8963454074989956
2017-03-17,Stable,0.9297919176173891
2017-03-20,Stable,0.930246799114257
2017-03-21,Stable,0.9577604704818806
2017-03-22,Stable,0.9637429623957273
2017-03-23,Stable,0.9590335128512559
2017-03-24,Stable,0.9481959401021505
2017-03-27,Stable,0.9388150194199874
2017-03-28,Stable,0.9594694124369182
2017-03-29,Stable,0.9636299350329846
2017-03-30,Stable,0.9654067459790691
2017-03-31,Stable,0.9598370820227714
2017-04-03,Stable,0.9418076641104168
2017-04-05,Stable,0.9468523506808002
2017-04-06,Stable,0.9536972322194338
2017-04-07,Stable,0.9360206705149318
2017-04-10,Stable,0.8854298624667475
2017-04-11,Stable,0.8859174191424835
2017-04-12,Stable,0.802149325031913
2017-04-13,Stable,0.5785905629215659
2017-04-17,Stable,0.8275581120590634
2017-04-18,Stable,0.9230400937658342
2017-04-19,Stable,0.948856016514111
2017-04-20,Stable,0.9521619165673072
2017-04-21,Stable,0.9614321609916395
2017-04-24,Stable,0.9626746090539741
2017-04-25,Stable,0.957948343174627
2017-04-26,Stable,0.9348467894819501
2017-04-27,Stable,0.9538536168059659
2017-04-28,Stable,0.9531487344969998
2017-05-02,Stable,0.95411765964747
2017-05-03,Stable,0.9431765327570195
2017-05-04,Stable,0.9583649533703572
2017-05-05,Stable,0.9590243425697098
2017-05-08,Stable,0.944938537537591
2017-05-09,Stable,0.9551685667924565
2017-05-10,Stable,0.9577809662832331
2017-05-11,Stable,0.9606614343813962
2017-05-12,Stable,0.950522863083682
2017-05-15,Stable,0.9562619275450367
2017-05-16,Stable,0.9456578604520833
2017-05-17,Stable,0.955630219219359
2017-05-18,Stable,0.9473090853678238
2017-05-19,Stable,0.9479127084461676
2017-05-22,Stable,0.9576444402755762
2017-05-23,Stable,0.9532026135349854
2017-05-24,Stable,0.9208444462268139
2017-05-25,Stable,0.8066344119409758
2017-05-26,Stable,0.8881412830695846
2017-05-29,Stable,0.872684606952834
2017-05-30,Stable,0.9355801058543042
2017-05-31,Stable,0.9492974411905946
2017-06-01,Stable,0.9522222499390398
2017-06-02,Stable,0.9279437165853217
2017-06-05,Stable,0.8383875820602573
2017-06-06,Stable,0.5533608914636279
2017-06-07,Stable,0.5494842927419392
2017-06-08,Stable,0.6893244467180545
2017-06-09,Stable,0.8281289715475275
2017-06-12,Stable,0.9088061311762176
2017-06-13,Stable,0.9098571147407076
2017-06-14,Stable,0.9449283424985496
2017-06-15,Stable,0.9431796633220277
2017-06-16,Stable,0.9468160511189485
2017-06-19,Stable,0.9598223924113122
2017-06-20,Stable,0.9555179132620366
2017-06-21,Stable,0.95743109222886
2017-06-22,Stable,0.9630288061351532
2017-06-23,Stable,0.9606753819910958
2017-06-27,Stable,0.9483095316630105
2017-06-28,Stable,0.9598018764103922
2017-06-29,Stable,0.966814776307094
2017-06-30,Stable,0.9684687141306649
2017-07-03,Stable,0.9678700594486744
2017-07-04,Stable,0.9647723600225858
2017-07-05,Stable,0.9523086660145978
2017-07-06,Stable,0.9284615697554537
2017-07-07,Stable,0.839514181533167
2017-07-10,Stable,0.6049940775753596
2017-07-11,Stable,0.8431614971913248
2017-07-12,Stable,0.924542024066993
2017-07-13,Stable,0.9446181813132513
2017-07-14,Stable,0.9312546432809136
2017-07-17,Stable,0.9355845927423738
2017-07-18,Stable,0.9466331753526559
2017-07-19,Stable,0.9291954481471311
2017-07-20,Stable,0.8869035620611283
2017-07-21,Stable,0.8046543733027753
2017-07-24,Stable,0.8911691158584054
2017-07-25,Stable,0.9367599636431405
2017-07-26,Stable,0.9360662982607949
2017-07-27,Stable,0.892462837522847
2017-07-28,Stable,0.9357408112766048
2017-07-31,Stable,0.9560863074372925
2017-08-01,Stable,0.9617273902512338
2017-08-02,Stable,0.9577668462562737
2017-08-03,Stable,0.9607426707481778
2017-08-04,Stable,0.9592033352497685
2017-08-07,Stable,0.9559866172334902
2017-08-08,Stable,0.9609897646247944
2017-08-09,Stable,0.9663405344668083
2017-08-10,Stable,0.9657427126137569
2017-08-11,Stable,0.9622728668819835
2017-08-14,Stable,0.9471685725450416
2017-08-16,Stable,0.9170241874191267
2017-08-17,Stable,0.8292459794517566
2017-08-18,Stable,0.7027397070038645
2017-08-21,Stable,0.8219425921894067
2017-08-22,Stable,0.9260092699241921
2017-08-23,Stable,0.9555319930979116
2017-08-24,Stable,0.9623316995011459
2017-08-28,Stable,0.9565758069736653
2017-08-29,Stable,0.9539720204355607
2017-08-30,Stable,0.9635101884710343
2017-08-31,Stable,0.9631430997820047
2017-09-01,Stable,0.9620639043073417
2017-09-04,Stable,0.9580862098684993
2017-09-05,Stable,0.9614836081175382
2017-09-06,Stable,0.9586131112787469
2017-09-07,Stable,0.966148699738178
2017-09-08,Stable,0.9691198697586347
2017-09-11,Stable,0.9698804328661087
2017-09-12,Stable,0.9691671861735836
2017-09-13,Stable,0.9692189291838751
2017-09-14,Stable,0.9666335021287152
2017-09-15,Stable,0.9583124311152175
2017-09-18,Stable,0.9653454061542771
2017-09-19,Stable,0.9690766009786473
2017-09-20,Stable,0.9698773477894052
2017-09-21,Stable,0.9696485314474509
2017-09-22,Stable,0.9675735995488581
2017-09-25,Stable,0.9635773322487146
2017-09-26,Stable,0.967401648776012
2017-09-27,Stable,0.968845052885726
2017-09-28,Stable,0.96764572003457
2017-09-29,Stable,0.9648413083876363
2017-10-03,Stable,0.9641150592983736
2017-10-04,Stable,0.9665291175659346
2017-10-05,Stable,0.9628118636979777
2017-10-06,Stable,0.9482765540987361
2017-10-09,Stable,0.9629553543113815
2017-10-10,Stable,0.9654803353553838
2017-10-11,Stable,0.9639307088017643
2017-10-12,Stable,0.9599228250908417
2017-10-13,Stable,0.9661086266159697
2017-10-16,Stable,0.9681328702240128
2017-10-17,Stable,0.9680801236750206
2017-10-18,Stable,0.966234490602168
2017-10-19,Stable,0.9630210607586134
2017-10-23,Stable,0.9501086713934935
2017-10-24,Stable,0.9437726993995899
2017-10-25,Stable,0.9606956885156442
2017-10-26,Stable,0.9645526318941919
2017-10-27,Stable,0.9677879974145823
2017-10-30,Stable,0.9691971575089704
2017-10-31,Stable,0.9688947422650308
2017-11-01,Stable,0.9676676446465814
2017-11-02,Stable,0.9643626777098877
2017-11-03,Stable,0.9514630556447576
2017-11-06,Stable,0.9073617611086121
2017-11-07,Stable,0.8066579999458044
2017-11-08,Stable,0.9135334653324285
2017-11-09,Stable,0.9527091669059764
2017-11-10,Stable,0.962308141687751
2017-11-13,Stable,0.9627203973488866
2017-11-14,Stable,0.9500181754058867
2017-11-15,Stable,0.9287158470739101
2017-11-16,Stable,0.8589268807245272
2017-11-17,Stable,0.8659545946676774
2017-11-20,Stable,0.9331384803747305
2017-11-21,Stable,0.9581142891536442
2017-11-22,Stable,0.9626524657521214
2017-11-23,Stable,0.954655329705552
2017-11-24,Stable,0.9606632375976134
2017-11-27,Stable,0.9651354028129691
2017-11-28,Stable,0.9603651521022448
2017-11-29,Stable,0.9488902361624825
2017-11-30,Stable,0.9118668314642173
2017-12-01,Stable,0.8777001338912716
2017-12-04,Stable,0.9112776860125122
2017-12-05,Stable,0.945138306478224
2017-12-06,Stable,0.9583028398497794
2017-12-07,Stable,0.9575473793458724
2017-12-08,Stable,0.9584930688291404
2017-12-11,Stable,0.9399277038603053
2017-12-12,Stable,0.9569839788153706
2017-12-13,Stable,0.965670374932156
2017-12-14,Stable,0.9689079173543701
2017-12-15,Stable,0.9694068308032865
2017-12-18,Stable,0.9674872230695555
2017-12-19,Stable,0.9607415308683469
2017-12-20,Stable,0.9622831551223504
2017-12-21,Stable,0.9596875115372764
2017-12-22,Stable,0.9516898699375033
2017-12-26,Stable,0.9639403313329589
2017-12-27,Stable,0.964943605735801
2017-12-28,Stable,0.9565625985169589
2017-12-29,Stable,0.9265301385031725
2018-01-01,Stable,0.9417426615523313
2018-01-02,Stable,0.9609205576229736
2018-01-03,Stable,0.9659107714477291
2018-01-04,Stable,0.9649672783480799
2018-01-05,Stable,0.9544642536031245
2018-01-08,Stable,0.9205053991552068
2018-01-09,Stable,0.8946950230418501
2018-01-10,Stable,0.7606060996364421
2018-01-11,Stable,0.8467562298722985
2018-01-12,Stable,0.8120886952611611
2018-01-15,Stable,0.5916982389436669
2018-01-16,Transitional,0.9095359031073403
2018-01-17,Stable,0.6307651715586432
2018-01-18,Stable,0.8225112294633671
2018-01-19,Stable,0.8473719098401596
2018-01-22,Stable,0.7565567679485452
2018-01-23,Stable,0.8227810855012756
2018-01-24,Stable,0.8418568019057882
2018-01-25,Stable,0.8878566809850342
2018-01-29,Stable,0.9161155270260102
2018-01-30,Stable,0.9190793813764908
2018-01-31,Stable,0.9277671852451411
2018-02-01,Stable,0.9374639204160788
2018-02-02,Stable,0.9043253660976932
2018-02-05,Stable,0.7689286956484135
2018-02-06,Stable,0.6526089149281967
2018-02-07,Stable,0.6851194693202103
2018-02-08,Stable,0.8338470323518363
2018-02-09,Stable,0.908435257571121
2018-02-12,Stable,0.9443479139745041
2018-02-14,Stable,0.961521461714345
2018-02-15,Stable,0.9640435715450698
2018-02-16,Stable,0.9572752302524983
2018-02-19,Stable,0.931049344908783
2018-02-20,Stable,0.8986212559022552
2018-02-21,Stable,0.7632221063658381
2018-02-22,Stable,0.8833968412598864
2018-02-23,Stable,0.9059205573274132
2018-02-26,Stable,0.9136072489909429
2018-02-27,Stable,0.9519694169335969
2018-02-28,Stable,0.9611054494418063
2018-03-01,Stable,0.9615174543150276
2018-03-05,Stable,0.9541299507512141
2018-03-06,Stable,0.9374819778401421
2018-03-07,Stable,0.9573610508238876
2018-03-08,Stable,0.9605870126541858
2018-03-09,Stable,0.9477071310942724
2018-03-12,Stable,0.90688829502075
2018-03-13,Stable,0.8881764417672643
2018-03-14,Stable,0.9321845157864983
2018-03-15,Stable,0.9284265164025486
2018-03-16,Stable,0.8696770354181322
2018-03-19,Stable,0.6945167693206531
2018-03-20,Stable,0.8006834563373266
2018-03-21,Stable,0.9095343389286262
2018-03-22,Stable,0.9299392269040633
2018-03-23,Stable,0.9538262580718428
2018-03-26,Stable,0.9561194695261398
2018-03-27,Stable,0.9594150597844413
2018-03-28,Stable,0.9504153167686245
2018-04-02,Stable,0.9095841984715832
2018-04-03,Stable,0.9214409906729346
2018-04-04,Stable,0.9088939832512982
2018-04-05,Stable,0.891961410536715
2018-04-06,Stable,0.9173923974607067
2018-04-09,Stable,0.9063281718165516
2018-04-10,Stable,0.841176158615052
2018-04-11,Stable,0.5954568944633967
2018-04-12,Stable,0.7555481940880586
2018-04-13,Stable,0.6994461745411068
2018-04-16,Stable,0.849005007451862
2018-04-17,Stable,0.8764576890155537
2018-04-18,Stable,0.8105021953722744
2018-04-19,Stable,0.5503805565877177
2018-04-20,Transitional,0.998033747201309
2018-04-23,Stable,0.6472661009193879
2018-04-24,Stable,0.599862963609318
2018-04-25,Stable,0.6231301671449426
2018-04-26,Stable,0.6977193186352554
2018-04-27,Stable,0.6399533277751241
2018-04-30,Stable,0.6496751501141718
2018-05-02,Stable,0.5995318080273693
2018-05-03,Stable,0.6119612464994781
2018-05-04,Stable,0.860478053291868
2018-05-07,Stable,0.9347461766279386
2018-05-08,Stable,0.9563614717072372
2018-05-09,Stable,0.963413623951362
2018-05-10,Stable,0.9672000251917638
2018-05-11,Stable,0.9682670845527946
2018-05-14,Stable,0.9683122157311294
2018-05-15,Stable,0.9685489430031974
2018-05-16,Stable,0.9695711980996904
2018-05-17,Stable,0.9685684910140024
2018-05-18,Stable,0.9661658628965758
2018-05-21,Stable,0.963625423517006
2018-05-22,Stable,0.9494751269659684
2018-05-23,Stable,0.899902766077313
2018-05-24,Stable,0.7369636095335482
2018-05-25,Stable,0.8276320427141736
2018-05-28,Stable,0.7804342750208703
2018-05-29,Stable,0.9081899487281625
2018-05-30,Stable,0.947070804903939
2018-05-31,Stable,0.9503209751328661
2018-06-01,Stable,0.9471351119616966
2018-06-04,Stable,0.9473565686178473
2018-06-05,Stable,0.9138740683041974
2018-06-06,Stable,0.9337181530098084
2018-06-07,Stable,0.9376783317821897
2018-06-08,Stable,0.9529465754910108
2018-06-11,Stable,0.9546279118546422
2018-06-12,Stable,0.9313954719570061
2018-06-13,Stable,0.8631643045857115
2018-06-14,Stable,0.7686906536119078
2018-06-15,Stable,0.7155203410587018
2018-06-18,Stable,0.8469096859462718
2018-06-19,Stable,0.8844540891113966
2018-06-20,Stable,0.9417288766838414
2018-06-21,Stable,0.959675320330862
2018-06-22,Stable,0.9657978051671784
2018-06-25,Stable,0.9637858762353293
2018-06-26,Stable,0.9628101537672122
2018-06-27,Stable,0.958362690104161
2018-06-28,Stable,0.9429246515358057
2018-06-29,Stable,0.9505608059557589
2018-07-02,Stable,0.9542556304336856
2018-07-03,Stable,0.9444617713656425
2018-07-04,Stable,0.943826926946983
2018-07-05,Stable,0.9347704962134549
2018-07-06,Stable,0.9513950996654389
2018-07-09,Stable,0.9417207323364455
2018-07-10,Stable,0.9059164024114689
2018-07-11,Stable,0.8122548556153478
2018-07-12,Stable,0.922107831657531
2018-07-13,Stable,0.9550899971615151
2018-07-16,Stable,0.9623544494622032
2018-07-17,Stable,0.9654428593546932
2018-07-18,Stable,0.9600389413028493
2018-07-19,Stable,0.9366944147252578
2018-07-20,Stable,0.9246275020376041
2018-07-23,Stable,0.955104166656502
2018-07-24,Stable,0.9622820176332187
2018-07-25,Stable,0.9580275114999767
2018-07-26,Stable,0.9554880929917491
2018-07-27,Stable,0.9606503048687922
2018-07-30,Stable,0.9525306462522821
2018-07-31,Stable,0.9441072646487556
2018-08-01,Stable,0.9535121407515244
2018-08-02,Stable,0.950219471931331
2018-08-03,Stable,0.9596485675360449
2018-08-06,Stable,0.96551853487552
2018-08-07,Stable,0.9688790147369564
2018-08-08,Stable,0.9689782226370544
2018-08-09,Stable,0.9666154452628429
2018-08-10,Stable,0.9577919858646624
2018-08-13,Stable,0.9359283096959355
2018-08-14,Stable,0.9500076975505501
2018-08-16,Stable,0.9613919970106953
2018-08-17,Stable,0.9586062295733476
2018-08-20,Stable,0.9456500775811866
2018-08-21,Stable,0.941024054959452
2018-08-23,Stable,0.9298106169755384
2018-08-24,Stable,0.9350529971464483
2018-08-27,Stable,0.90454614872743
2018-08-28,Stable,0.9440100345618629
2018-08-29,Stable,0.9493292400037046
2018-08-30,Stable,0.9336970069689478
2018-08-31,Stable,0.8603434314454408
2018-09-03,Stable,0.8791706840050432
2018-09-04,Stable,0.8248029633417242
2018-09-05,Stable,0.9270134530789275
2018-09-06,Stable,0.9572268276181588
2018-09-07,Stable,0.9659677575173826
2018-09-10,Stable,0.9667203953249922
2018-09-11,Stable,0.960993224404061
2018-09-12,Stable,0.9662468743337973
2018-09-14,Stable,0.9672590719035279
2018-09-17,Stable,0.9623448350913999
2018-09-18,Stable,0.9450103786659577
2018-09-19,Stable,0.9089433209932015
2018-09-21,Stable,0.7747783996281232
2018-09-24,Stable,0.6661613830073267
2018-09-25,Stable,0.7438637354790338
2018-09-26,Stable,0.6413167976806924
2018-09-27,Stable,0.6813510736154063
2018-09-28,Stable,0.5193861813326973
2018-10-01,Transitional,0.7993468573603276
2018-10-03,Transitional,0.8828622932930005
2018-10-04,Transitional,0.9507703589678207
2018-10-05,Transitional,0.6813587625428524
2018-10-08,Transitional,0.6518498466275113
2018-10-09,Transitional,0.5423456829107599
2018-10-10,Transitional,0.6968974224105076
2018-10-11,Transitional,0.9078910326199595
2018-10-12,Transitional,0.6013815114113414
2018-10-15,Transitional,0.5028466374071142
2018-10-16,Transitional,0.6175097821338127
2018-10-17,Transitional,0.5282519474141136
2018-10-19,Transitional,0.9279310797391732
2018-10-22,Transitional,0.7731323512620024
2018-10-23,Transitional,0.8752956402017057
2018-10-24,Transitional,0.514024028127867
2018-10-25,Transitional,0.513211778343412
2018-10-26,Transitional,0.7501907327647431
2018-10-29,Transitional,0.8831075637116679
2018-10-30,Transitional,0.8895032955152291
2018-10-31,Transitional,0.9975092408147063
2018-11-01,Transitional,0.8656475629957516
2018-11-02,Transitional,0.5355654157831047
2018-11-05,Stable,0.797340463528629
2018-11-06,Stable,0.8981428144597458
2018-11-07,Stable,0.9280414629159303
2018-11-09,Stable,0.9236736059668038
2018-11-12,Stable,0.912820584626646
2018-11-13,Stable,0.8456620630064015
2018-11-14,Stable,0.5972676220317426
2018-11-15,Stable,0.7799259575076541
2018-11-16,Stable,0.7758959008834516
2018-11-19,Stable,0.6411343300635498
2018-11-20,Transitional,0.7581400691456112
2018-11-21,Transitional,0.8773104381033632
2018-11-22,Transitional,0.5326528691157624
2018-11-26,Transitional,0.5027245364194204
2018-11-27,Transitional,0.5700967025376177
2018-11-28,Transitional,0.7433290981418101
2018-11-29,Stable,0.5695826412599205
2018-11-30,Stable,0.7426505498593008
2018-12-03,Stable,0.820062809003797
2018-12-04,Stable,0.7831125793607845
2018-12-05,Stable,0.8132646030756105
2018-12-06,Stable,0.6889607443405675
2018-12-07,Stable,0.817738387325337
2018-12-10,Stable,0.8007576096414851
2018-12-11,Stable,0.8782145295797036
2018-12-12,Stable,0.9186399846587
2018-12-13,Stable,0.9480631261215248
2018-12-14,Stable,0.9603834492796071
2018-12-17,Stable,0.9562382412469892
2018-12-18,Stable,0.9287211341283187
2018-12-19,Stable,0.9045005733828301
2018-12-20,Stable,0.8660036435591039
2018-12-21,Stable,0.7033463502441792
2018-12-24,Stable,0.8771026612617551
2018-12-26,Stable,0.9181741812153986
2018-12-27,Stable,0.9219214462744175
2018-12-28,Stable,0.955546067021308
2018-12-31,Stable,0.964497817625501
2019-01-01,Stable,0.9664282039453937
2019-01-02,Stable,0.9611165968184148
2019-01-03,Stable,0.9402373423754169
2019-01-04,Stable,0.9225831268524544
2019-01-07,Stable,0.9406002891434065
2019-01-08,Stable,0.9598267295101539
2019-01-09,Stable,0.9620687238559796
2019-01-10,Stable,0.951842917423884
2019-01-11,Stable,0.9110499709512413
2019-01-14,Stable,0.7741393251983022
2019-01-15,Stable,0.5967676800713309
2019-01-16,Stable,0.7928488371100327
2019-01-17,Stable,0.907683068592651
2019-01-18,Stable,0.9462543496977822
2019-01-21,Stable,0.9608083682014635
2019-01-22,Stable,0.9660287360991429
2019-01-23,Stable,0.9639469560604942
2019-01-24,Stable,0.9650756228839036
2019-01-25,Stable,0.9657050621630234
2019-01-28,Stable,0.9631410853042431
2019-01-29,Stable,0.9564585022902583
2019-01-30,Stable,0.9460505126454009
2019-01-31,Stable,0.8962683728959625
2019-02-01,Stable,0.9014688152033963
2019-02-04,Stable,0.9380440792192138
2019-02-05,Stable,0.9290352551173691
2019-02-06,Stable,0.8612735471190948
2019-02-07,Stable,0.9351078473565775
2019-02-08,Stable,0.9526286034279078
2019-02-11,Stable,0.9546084311211859
2019-02-12,Stable,0.9393510850628594
2019-02-14,Stable,0.9408346021227412
2019-02-15,Stable,0.9172616515962575
2019-02-18,Stable,0.8236340986762417
2019-02-19,Stable,0.6581205431584468
2019-02-20,Stable,0.7277765966232705
2019-02-21,Stable,0.8697435094800856
2019-02-22,Stable,0.8882130692811215
2019-02-25,Stable,0.8299904741303944
2019-02-26,Stable,0.9198814290613999
2019-02-27,Stable,0.9367574002145683
2019-02-28,Stable,0.9288836696226658
2019-03-01,Stable,0.9393120128239653
2019-03-05,Stable,0.9278871423495387
2019-03-06,Stable,0.9457641905956375
2019-03-07,Stable,0.9341063420438717
2019-03-08,Stable,0.9328968554212339
2019-03-11,Stable,0.9573135816466801
2019-03-12,Stable,0.9622155182999695
2019-03-13,Stable,0.9540145952515647
2019-03-14,Stable,0.9251776413724292
2019-03-15,Stable,0.851333189027375
2019-03-18,Stable,0.8836271650487089
2019-03-19,Stable,0.9289005593385631
2019-03-20,Stable,0.9503512617281948
2019-03-22,Stable,0.9567722632917667
2019-03-25,Stable,0.9490370575813574
2019-03-26,Stable,0.9529808777314611
2019-03-27,Stable,0.9412446306342486
2019-03-28,Stable,0.8855600780592433
2019-04-01,Stable,0.8592092548894531
2019-04-02,Stable,0.9123477604354907
2019-04-03,Stable,0.9325332080951702
2019-04-04,Stable,0.9046465813343286
2019-04-05,Stable,0.92663247586962
2019-04-08,Stable,0.9496033951156603
2019-04-09,Stable,0.9561272501766198
2019-04-10,Stable,0.9511178672261857
2019-04-11,Stable,0.9511524132413953
2019-04-12,Stable,0.9576585209933164
2019-04-15,Stable,0.9446301281248056
2019-04-16,Stable,0.9616378226747808
2019-04-18,Stable,0.9666900531718047
2019-04-22,Stable,0.9655654930998209
2019-04-23,Stable,0.9608053697240275
2019-04-24,Stable,0.9393900940444353
2019-04-25,Stable,0.9431874276023516
2019-04-26,Stable,0.9088959394139476
2019-04-30,Stable,0.8342665826348488
2019-05-02,Stable,0.7091965310951873
2019-05-03,Stable,0.7160528862857332
2019-05-06,Stable,0.8940595844008195
2019-05-07,Stable,0.9449727561777373
2019-05-08,Stable,0.9550707580278011
2019-05-09,Stable,0.9552825821885907
2019-05-10,Stable,0.9371895073877121
2019-05-13,Stable,0.9502748096983201
2019-05-14,Stable,0.9331987866005375
2019-05-15,Stable,0.9539369926012333
2019-05-16,Stable,0.9489352260307489
2019-05-17,Stable,0.9508427767927731
2019-05-20,Stable,0.944159412139102
2019-05-21,Stable,0.9231046461390515
2019-05-22,Stable,0.9423894513671125
2019-05-23,Stable,0.9484735252048379
2019-05-24,Stable,0.9610952188865053
2019-05-27,Stable,0.9587057279438289
2019-05-28,Stable,0.9382901664269548
2019-05-29,Stable,0.9492428849069778
2019-05-30,Stable,0.9440027197857963
2019-05-31,Stable,0.9275397572485552
2019-06-03,Stable,0.9009215341534792
2019-06-04,Stable,0.872513773261978
2019-06-06,Stable,0.9233701478325503
2019-06-07,Stable,0.9359799567962016
2019-06-10,Stable,0.9153603496825132
2019-06-11,Stable,0.9501650846153344
2019-06-12,Stable,0.9612640058271119
2019-06-13,Stable,0.959416016652361
2019-06-14,Stable,0.9647740087117046
2019-06-17,Stable,0.9665565118089017
2019-06-18,Stable,0.9659693246277262
2019-06-19,Stable,0.9670322272013482
2019-06-20,Stable,0.9663951398473752
2019-06-21,Stable,0.9589243644253688
2019-06-24,Stable,0.9660876878728547
2019-06-25,Stable,0.9658682911512386
2019-06-26,Stable,0.9576472965489404
2019-06-27,Stable,0.9565027671682729
2019-06-28,Stable,0.960435771488941
2019-07-01,Stable,0.9564984806223491
2019-07-02,Stable,0.931840656293319
2019-07-03,Stable,0.8958777828221407
2019-07-04,Stable,0.8329862133944573
2019-07-05,Stable,0.5746291442075327
2019-07-08,Stable,0.7564357327308969
2019-07-09,Stable,0.8674687255754412
2019-07-10,Stable,0.9116109847091447
2019-07-11,Stable,0.9082371429185925
2019-07-12,Stable,0.8248408540727064
2019-07-15,Stable,0.5177652042829916
2019-07-16,Stable,0.8013735975777356
2019-07-17,Stable,0.8948612522169259
2019-07-18,Stable,0.9094262917271171
2019-07-19,Stable,0.9388905537842694
2019-07-22,Stable,0.9584755565967178
2019-07-23,Stable,0.9629801909800743
2019-07-24,Stable,0.9565964698196314
2019-07-25,Stable,0.9584409319697238
2019-07-26,Stable,0.9529507145725272
2019-07-29,Stable,0.958938532178508
2019-07-30,Stable,0.9492147673094932
2019-07-31,Stable,0.9217378075498734
2019-08-01,Stable,0.8499490341208042
2019-08-02,Stable,0.9251831405595897
2019-08-05,Stable,0.9470034625161704
2019-08-06,Stable,0.9479030768917072
2019-08-07,Stable,0.9150202304856676
2019-08-08,Stable,0.8025892206690171
2019-08-09,Stable,0.7799403199305615
2019-08-13,Stable,0.5748278179132007
2019-08-14,Stable,0.8422071550472103
2019-08-16,Stable,0.9157935421386754
2019-08-19,Stable,0.9461687397148263
2019-08-20,Stable,0.9429029312064768
2019-08-21,Stable,0.958972298193178
2019-08-22,Stable,0.9584608971532578
2019-08-23,Stable,0.9412444512492325
2019-08-26,Stable,0.9417029140027767
2019-08-27,Stable,0.9072215297203731
2019-08-28,Stable,0.9210161910428629
2019-08-29,Stable,0.9535410002622178
2019-08-30,Stable,0.9586395566669048
2019-09-03,Stable,0.9660765062977106
2019-09-04,Stable,0.9682128625288223
2019-09-05,Stable,0.9676050707935395
2019-09-06,Stable,0.9620060778206924
2019-09-09,Stable,0.9417545714260582
2019-09-11,Stable,0.9122067595388393
2019-09-12,Stable,0.935029770538896
2019-09-13,Stable,0.9468319978797913
2019-09-16,Stable,0.9551717406759425
2019-09-17,Stable,0.939739596728781
2019-09-18,Stable,0.9163818149134135
2019-09-19,Stable,0.8228561706674665
2019-09-20,Stable,0.6956484292517291
2019-09-23,Transitional,0.7758131642091874
2019-09-24,Transitional,0.5633833868793379
2019-09-25,Stable,0.7822865574681224
2019-09-26,Stable,0.871347931521933
2019-09-27,Stable,0.867988800436999
2019-09-30,Stable,0.7739048749605638
2019-10-01,Stable,0.8143353470753951
2019-10-03,Stable,0.9203619952117873
2019-10-04,Stable,0.9496729181196603
2019-10-07,Stable,0.9516762768582466
2019-10-09,Stable,0.9486455800199286
2019-10-10,Stable,0.9494334478021831
2019-10-11,Stable,0.9233298280029
2019-10-14,Stable,0.9467814025338949
2019-10-15,Stable,0.9424278906214502
2019-10-16,Stable,0.9123381754342532
2019-10-17,Stable,0.842575495110871
2019-10-18,Stable,0.6142704930983037
2019-10-22,Transitional,0.9975514225921601
2019-10-23,Stable,0.5647708197058057
2019-10-24,Stable,0.792747904139298
2019-10-25,Stable,0.8378538033477011
2019-10-29,Stable,0.7898763941729027
2019-10-30,Stable,0.8476645541758683
2019-10-31,Stable,0.9063382982931046
2019-11-01,Stable,0.9405693831921988
2019-11-04,Stable,0.9532330777274454
2019-11-05,Stable,0.960793137175761
2019-11-06,Stable,0.9618487110313969
2019-11-07,Stable,0.9487824169845832
2019-11-08,Stable,0.9047904269956071
2019-11-11,Stable,0.9419588235346438
2019-11-13,Stable,0.9536058412716285
2019-11-14,Stable,0.9526824433737419
2019-11-15,Stable,0.9600515745283481
2019-11-18,Stable,0.9660634747251095
2019-11-19,Stable,0.9657621327541493
2019-11-20,Stable,0.9571015797124504
2019-11-21,Stable,0.925386481319387
2019-11-22,Stable,0.8222086630901593
2019-11-25,Stable,0.8989216179126801
2019-11-26,Stable,0.9093019523387033
2019-11-27,Stable,0.9417315638061639
2019-11-28,Stable,0.9489516791104277
2019-11-29,Stable,0.940026390362981
2019-12-02,Stable,0.9307255861428003
2019-12-03,Stable,0.9297584166697177
2019-12-04,Stable,0.8794681753581259
2019-12-05,Stable,0.9005184118597155
2019-12-06,Stable,0.9243842548536927
2019-12-09,Stable,0.9089265723703205
2019-12-10,Stable,0.8732602422386744
2019-12-11,Stable,0.8820572362479977
2019-12-12,Stable,0.879663955605368
2019-12-13,Stable,0.8648517057670777
2019-12-16,Stable,0.8814903573790512
2019-12-17,Stable,0.8524229485818797
2019-12-18,Stable,0.9306869285299837
2019-12-19,Stable,0.9539846443012334
2019-12-20,Stable,0.9650969997576244
2019-12-23,Stable,0.9671175696584807
2019-12-24,Stable,0.9630420421782712
2019-12-26,Stable,0.9638315835784415
2019-12-27,Stable,0.9658664354422999
2019-12-30,Stable,0.9656211875798812
2019-12-31,Stable,0.9574673705988672
2020-01-01,Stable,0.9620899865771322
2020-01-02,Stable,0.9581287686576527
2020-01-03,Stable,0.9349902515371257
2020-01-06,Stable,0.9570238984507546
2020-01-07,Stable,0.9659615940338794
2020-01-08,Stable,0.9667918014525366
2020-01-09,Stable,0.9639486858020727
2020-01-10,Stable,0.952857206243929
2020-01-13,Stable,0.9125916011954188
2020-01-14,Stable,0.94348788746843
2020-01-15,Stable,0.9616672979017823
2020-01-16,Stable,0.9662157806354801
2020-01-17,Stable,0.9637574061225737
2020-01-20,Stable,0.9522322753267893
2020-01-21,Stable,0.9596129324181993
2020-01-22,Stable,0.9532283752208097
2020-01-23,Stable,0.9569091609701558
2020-01-24,Stable,0.9649995788445674
2020-01-27,Stable,0.9639949148125848
2020-01-28,Stable,0.9656609676914497
2020-01-29,Stable,0.9595134227109613
2020-01-30,Stable,0.936575858046203
2020-01-31,Stable,0.9192532590082206
2020-02-03,Stable,0.9217210870632738
2020-02-04,Stable,0.8824223119321706
2020-02-05,Stable,0.937317878203073
2020-02-06,Stable,0.9548216032703151
2020-02-07,Stable,0.9621386519905972
2020-02-10,Stable,0.9665824700006638
2020-02-11,Stable,0.9682744380242769
2020-02-12,Stable,0.9657134309960462
2020-02-13,Stable,0.9621923258164402
2020-02-14,Stable,0.9668343299848786
2020-02-17,Stable,0.967886971374241
2020-02-18,Stable,0.9641118933112217
2020-02-19,Stable,0.960093837917437
2020-02-20,Stable,0.9372930195637135
2020-02-24,Stable,0.8983247343581808
2020-02-25,Stable,0.8605822814754605
2020-02-26,Stable,0.6699872738622842
2020-02-27,Stable,0.43152648127103177
2020-02-28,Volatile,0.5064188431144858
2020-03-02,Volatile,0.49300308482003463
2020-03-03,Volatile,0.4973755311378844
2020-03-04,Volatile,0.5032969352364134
2020-03-05,Volatile,0.5350756781569764
2020-03-06,Volatile,0.702390052931144
2020-03-09,Volatile,0.9902983137771931
2020-03-11,Volatile,0.9902672149455125
2020-03-12,Volatile,0.9999709871851904
2020-03-13,Volatile,0.9999299993032608
2020-03-16,Volatile,0.9999999905030563
2020-03-17,Volatile,0.9999990607452537
2020-03-18,Volatile,0.9999991489534279
2020-03-19,Volatile,0.9999999081028406
2020-03-20,Volatile,1.0
2020-03-23,Volatile,1.0
2020-03-24,Volatile,1.0
2020-03-25,Volatile,0.999997490712723
2020-03-26,Volatile,0.9999625654840344
2020-03-27,Volatile,0.999839103903796
2020-03-30,Volatile,0.9999201643515171
2020-03-31,Volatile,0.9999707507543784
2020-04-01,Volatile,0.9999712730602256
2020-04-03,Volatile,0.999967806732259
2020-04-07,Volatile,0.99996827585828
2020-04-08,Volatile,0.9101930125148017
2020-04-09,Volatile,0.8849117484770358
2020-04-13,Volatile,0.8568866012559126
2020-04-15,Volatile,0.8470907534435637
2020-04-16,Volatile,0.8458068429059217
2020-04-17,Volatile,0.8438416683180361
2020-04-20,Volatile,0.8437552222005599
2020-04-21,Volatile,0.8449048761192075
2020-04-22,Volatile,0.8433425017700136
2020-04-23,Volatile,0.8435898220881305
2020-04-24,Volatile,0.8423232251344228
2020-04-27,Volatile,0.8384094139290929
2020-04-28,Volatile,0.8276902441305479
2020-04-29,Volatile,0.827235099009096
2020-04-30,Volatile,0.8273786484069208
2020-05-04,Volatile,0.827352305832253
2020-05-05,Stable,0.7258893429912263
2020-05-06,Stable,0.9060934913550743
2020-05-07,Stable,0.9268073264284605
2020-05-08,Stable,0.9176359170170489
2020-05-11,Stable,0.8667182209604161
2020-05-12,Stable,0.8252003684124601
2020-05-13,Stable,0.6451881343959278
2020-05-14,Transitional,0.912867885140929
2020-05-15,Stable,0.6064364326685928
2020-05-18,Stable,0.8058800340848323
2020-05-19,Stable,0.8736169422141399
2020-05-20,Stable,0.889109185416756
2020-05-21,Stable,0.8219221277552664
2020-05-22,Stable,0.6470409493493346
2020-05-26,Stable,0.6099541899310305
2020-05-27,Stable,0.7062638806001555
2020-05-28,Stable,0.6902267756518482
2020-05-29,Stable,0.792934321499639
2020-06-01,Stable,0.7376959046017592
2020-06-02,Stable,0.8578932926239465
2020-06-03,Stable,0.8855108721430472
2020-06-04,Stable,0.8347031560239395
2020-06-05,Stable,0.8818837589254245
2020-06-08,Stable,0.8297907505283695
2020-06-09,Stable,0.8690078605704699
2020-06-10,Stable,0.8907723216221929
2020-06-11,Stable,0.8457713370954217
2020-06-12,Stable,0.8616207982551349
2020-06-15,Stable,0.9375056888573593
2020-06-16,Stable,0.959130617034941
2020-06-17,Stable,0.9651522967738383
2020-06-18,Stable,0.9623128701313689
2020-06-19,Stable,0.9528663009137648
2020-06-22,Stable,0.9244597869933456
2020-06-23,Stable,0.8294800927115946
2020-06-24,Stable,0.7441176316115082
2020-06-25,Stable,0.5242064499395459
2020-06-26,Transitional,0.9857712032822993
2020-06-29,Stable,0.6578662700420029
2020-06-30,Stable,0.6333465718176733
2020-07-01,Stable,0.6512192701343363
2020-07-02,Stable,0.571460332447242
2020-07-03,Stable,0.6160872558427529
2020-07-06,Stable,0.6501578832515322
2020-07-07,Stable,0.5752532666431261
2020-07-08,Stable,0.6398335599458325
2020-07-09,Stable,0.8018841762440553
2020-07-10,Stable,0.7940542350257452
2020-07-13,Stable,0.6038219161350634
2020-07-14,Stable,0.5978057654199377
2020-07-15,Transitional,0.9981457912796462
2020-07-16,Transitional,0.9628159077099646
2020-07-17,Transitional,0.7049162806907086
2020-07-20,Transitional,0.7081284366553358
2020-07-21,Stable,0.6901984769233388
2020-07-22,Stable,0.7748007263819903
2020-07-23,Stable,0.817878255036963
2020-07-24,Stable,0.7195456282417108
2020-07-27,Stable,0.5735506451384704
2020-07-28,Stable,0.5363851415749489
2020-07-29,Stable,0.7829547573292018
2020-07-30,Stable,0.9016567288016155
2020-07-31,Stable,0.9428064202659923
2020-08-03,Stable,0.9464544237891483
2020-08-04,Stable,0.9379462456898138
2020-08-05,Stable,0.933118180530679
2020-08-06,Stable,0.8773967135274258
2020-08-07,Stable,0.909474588735428
2020-08-10,Stable,0.93942132453421
2020-08-11,Stable,0.9548235977021233
2020-08-12,Stable,0.9651886220788048
2020-08-13,Stable,0.9662761170766906
2020-08-14,Stable,0.9605848789528312
2020-08-17,Stable,0.9521788421759015
2020-08-18,Stable,0.9638237059105135
2020-08-19,Stable,0.9650824540685556
2020-08-20,Stable,0.9642424037353552
2020-08-21,Stable,0.9656958698949556
2020-08-24,Stable,0.9662733475174035
2020-08-25,Stable,0.9656820868177027
2020-08-26,Stable,0.9603395191012309
2020-08-27,Stable,0.9635776296899747
2020-08-28,Stable,0.9574599358638093
2020-08-31,Stable,0.9293389553907213
2020-09-01,Stable,0.9184884589868205
2020-09-02,Stable,0.8709352500745212
2020-09-03,Stable,0.846970736956856
2020-09-04,Stable,0.8448664956068274
2020-09-07,Stable,0.902641025719887
2020-09-08,Stable,0.8918262068762752
2020-09-09,Stable,0.8708116515564708
2020-09-10,Stable,0.7838632902050616
2020-09-11,Stable,0.5067906584755333
2020-09-14,Transitional,0.9963549948495313
2020-09-15,Stable,0.6436740313135217
2020-09-16,Stable,0.854514483377126
2020-09-17,Stable,0.9302864566795224
2020-09-18,Stable,0.9454141122454929
2020-09-21,Stable,0.9241144822195798
2020-09-22,Stable,0.8557615079807457
2020-09-23,Stable,0.6537672169015094
2020-09-24,Transitional,0.9976334916640835
2020-09-25,Transitional,0.9849371138135731
2020-09-28,Stable,0.5797519575994882
2020-09-29,Stable,0.7699231149147308
2020-09-30,Stable,0.7684447866360155
2020-10-01,Stable,0.6015625298497224
2020-10-05,Transitional,0.9018208777910166
2020-10-06,Transitional,0.5857387645606555
2020-10-07,Transitional,0.583554911832516
2020-10-08,Transitional,0.871891874603204
2020-10-09,Transitional,0.5414668050332708
2020-10-12,Transitional,0.5069140739156957
2020-10-13,Transitional,0.5128652266996352
2020-10-14,Transitional,0.5779407154241413
2020-10-15,Transitional,0.7655661097827539
2020-10-16,Stable,0.7128044434223108
2020-10-19,Stable,0.8435794229426233
2020-10-20,Stable,0.8780701000147545
2020-10-21,Stable,0.9269022610964657
2020-10-22,Stable,0.9379481995202756
2020-10-23,Stable,0.9417949931799606
2020-10-26,Stable,0.9133881187116957
2020-10-27,Stable,0.9116985686055641
2020-10-28,Stable,0.9278133649114086
2020-10-29,Stable,0.9538555119001821
2020-10-30,Stable,0.955854461696023
2020-11-02,Stable,0.935040371152827
2020-11-03,Stable,0.9149297000037379
2020-11-04,Stable,0.8123647888630138
2020-11-05,Stable,0.7871789100650692
2020-11-06,Stable,0.7278222739209764
2020-11-09,Stable,0.5699104833529333
2020-11-10,Transitional,0.9840817140538993
2020-11-11,Stable,0.5736220171106066
2020-11-12,Stable,0.8015778607629018
2020-11-13,Stable,0.9081380019611511
2020-11-17,Stable,0.9289988370659995
2020-11-18,Stable,0.8954285832828899
2020-11-19,Stable,0.8204995875829427
2020-11-20,Stable,0.6683588097042631
2020-11-23,Stable,0.5652713901379431
2020-11-24,Stable,0.7196314963111364
2020-11-25,Stable,0.7574856565018414
2020-11-26,Stable,0.8748828706634876
2020-11-27,Stable,0.9011142860932031
2020-12-01,Stable,0.8626109826522202
2020-12-02,Stable,0.9286516390488655
2020-12-03,Stable,0.9509400709223516
2020-12-04,Stable,0.9609743307380928
2020-12-07,Stable,0.9619534264075553
2020-12-08,Stable,0.9592500757571931
2020-12-09,Stable,0.9594291310235711
2020-12-10,Stable,0.9648525179017707
2020-12-11,Stable,0.9643522560444797
2020-12-14,Stable,0.9636157151779354
2020-12-15,Stable,0.9542465728509206
2020-12-16,Stable,0.9202367670763509
2020-12-17,Stable,0.8459051973543855
2020-12-18,Stable,0.5790752425652256
2020-12-21,Transitional,0.7311775972017278
2020-12-22,Transitional,0.9609906930285538
2020-12-23,Transitional,0.7978021208236271
2020-12-24,Stable,0.6890213457816001
2020-12-28,Stable,0.8729349711988339
2020-12-29,Stable,0.9205197947182135
2020-12-30,Stable,0.9249807156072799
2020-12-31,Stable,0.8681865778142913
2021-01-01,Stable,0.6744068333274768
2021-01-04,Transitional,0.8388134035597931
2021-01-05,Transitional,0.89814752428974
2021-01-06,Transitional,0.7831016083422898
2021-01-07,Transitional,0.7655282244858155
2021-01-08,Transitional,0.993640533187476
2021-01-11,Transitional,0.9760981173735039
2021-01-12,Stable,0.6123510467232101
2021-01-13,Stable,0.7700742747518904
2021-01-14,Stable,0.7439952361574157
2021-01-15,Stable,0.5016667038421324
2021-01-18,Stable,0.5591158009193978
2021-01-19,Stable,0.6925062167013327
2021-01-20,Stable,0.6291699279477484
2021-01-21,Stable,0.7737935517344031
2021-01-22,Stable,0.7839208767938369
2021-01-25,Stable,0.6131513984040408
2021-01-27,Stable,0.5525060395621706
2021-01-28,Transitional,0.7660904168370252
2021-01-29,Transitional,0.8391940527812519
2021-02-01,Stable,0.5631635349421088
2021-02-02,Stable,0.5102112189160953
2021-02-03,Stable,0.7572312606368162
2021-02-04,Stable,0.841247284163076
2021-02-05,Stable,0.8151126329167502
2021-02-08,Stable,0.7231429346562142
2021-02-09,Stable,0.8820080930988502
2021-02-10,Stable,0.9391935758164464
2021-02-11,Stable,0.9528474596581886
2021-02-12,Stable,0.9520508019512189
2021-02-15,Stable,0.9227182881106605
2021-02-16,Stable,0.8309005004824379
2021-02-17,Stable,0.7938295366180165
2021-02-18,Stable,0.7571165909693085
2021-02-19,Stable,0.6733395872414097
2021-02-22,Stable,0.6754438875058325
2021-02-23,Stable,0.7075436620509613
2021-02-24,Stable,0.7897099471401517
2021-02-25,Stable,0.7128579040124001
2021-02-26,Transitional,0.6420545012576596
2021-03-01,Transitional,0.6486219748281755
2021-03-02,Transitional,0.8633433686618689
2021-03-03,Transitional,0.6190004052024116
2021-03-04,Stable,0.6784424600496611
2021-03-05,Stable,0.7462123970475294
2021-03-08,Stable,0.8753773028649517
2021-03-09,Stable,0.8945854092968534
2021-03-10,Stable,0.8710335989557635
2021-03-12,Stable,0.9103168879737698
2021-03-15,Stable,0.8946733359395371
2021-03-16,Stable,0.7947982524632103
2021-03-17,Stable,0.6329665139850038
2021-03-18,Transitional,0.8226021949231336
2021-03-19,Transitional,0.5125584749355995
2021-03-22,Transitional,0.5694814457013303
2021-03-23,Transitional,0.6876432488529386
2021-03-24,Transitional,0.59614044022853
2021-03-25,Transitional,0.5954387069612636
2021-03-26,Transitional,0.5342322352899807
2021-03-30,Transitional,0.7279941088832227
2021-03-31,Stable,0.6046771835054885
2021-04-01,Stable,0.7627123375934703
2021-04-05,Stable,0.7465993697900858
2021-04-06,Stable,0.855565148082725
2021-04-07,Stable,0.8386166996083243
2021-04-08,Stable,0.7701991640966164
2021-04-09,Stable,0.6173290266987657
2021-04-12,Transitional,0.8487082481853535
2021-04-13,Transitional,0.9529636118459173
2021-04-15,Stable,0.6168174669538736
2021-04-16,Stable,0.7910883852850669
2021-04-19,Stable,0.8859137881548621
2021-04-20,Stable,0.890141587203575
2021-04-22,Stable,0.9396696044995797
2021-04-23,Stable,0.9470396036367024
2021-04-26,Stable,0.9621051987516277
2021-04-27,Stable,0.9643773907097696
2021-04-28,Stable,0.9640135088832967
2021-04-29,Stable,0.9619673252555149
2021-04-30,Stable,0.953722048673642
2021-05-03,Stable,0.9571056451548582
2021-05-04,Stable,0.939255454913816
2021-05-05,Stable,0.9110164478870875
2021-05-06,Stable,0.8771287295856927
2021-05-07,Stable,0.9408466300733487
2021-05-10,Stable,0.9562931714174594
2021-05-11,Stable,0.9497103412368322
2021-05-12,Stable,0.9372886042418218
2021-05-14,Stable,0.9365548569447882
2021-05-17,Stable,0.9546324023839388
2021-05-18,Stable,0.9538188690622553
2021-05-19,Stable,0.9640249483729937
2021-05-20,Stable,0.9631397876388681
2021-05-21,Stable,0.9578350041092807
2021-05-24,Stable,0.955367569253655
2021-05-25,Stable,0.9285230537799557
2021-05-26,Stable,0.883364495534549
2021-05-27,Stable,0.9207107267225696
2021-05-28,Stable,0.9547005219874684
2021-05-31,Stable,0.9649189461602453
2021-06-01,Stable,0.9659905904423687
2021-06-02,Stable,0.9590914197449529
2021-06-03,Stable,0.9650298574493062
2021-06-04,Stable,0.9618284153885984
2021-06-07,Stable,0.9439375444020206
2021-06-08,Stable,0.9381578913961497
2021-06-09,Stable,0.9503028968231484
2021-06-10,Stable,0.9400140193679503
2021-06-11,Stable,0.9232105796141183
2021-06-14,Stable,0.9555394573685769
2021-06-15,Stable,0.9653961904972875
2021-06-16,Stable,0.9669283703326678
2021-06-17,Stable,0.9629885898930881
2021-06-18,Stable,0.9559680870270421
2021-06-21,Stable,0.9465507926525153
2021-06-22,Stable,0.9064173579665452
2021-06-23,Stable,0.7810506370284589
2021-06-24,Stable,0.5316856822522904
2021-06-25,Stable,0.8241926533177906
2021-06-28,Stable,0.9172084487653037
2021-06-29,Stable,0.9504808522034371
2021-06-30,Stable,0.9587629340772442
2021-07-01,Stable,0.9607763060849522
2021-07-02,Stable,0.965579839485615
2021-07-05,Stable,0.9620516360086516
2021-07-06,Stable,0.9478392495295489
2021-07-07,Stable,0.9611493175257823
2021-07-08,Stable,0.9607716201440996
2021-07-09,Stable,0.9442795631441688
2021-07-12,Stable,0.8933481469058919
2021-07-13,Stable,0.7461143984587555
2021-07-14,Stable,0.7226098130269202
2021-07-15,Stable,0.607955970639383
2021-07-16,Stable,0.7875411960525077
2021-07-19,Stable,0.8948657745399017
2021-07-20,Stable,0.9217368121243456
2021-07-22,Stable,0.8863910585788354
2021-07-23,Stable,0.9439032812208887
2021-07-26,Stable,0.9616195237454731
2021-07-27,Stable,0.9643671148431157
2021-07-28,Stable,0.9593501286334711
2021-07-29,Stable,0.9359958833045764
2021-07-30,Stable,0.9516285624557003
2021-08-02,Stable,0.94205105656666
2021-08-03,Stable,0.938848220603618
2021-08-04,Stable,0.9514055312637023
2021-08-05,Stable,0.9579820845970243
2021-08-06,Stable,0.9639595990941402
2021-08-09,Stable,0.9605554129631733
2021-08-10,Stable,0.9458302786117861
2021-08-11,Stable,0.9235197873109711
2021-08-12,Stable,0.831550986033737
2021-08-13,Stable,0.8294352334601238
2021-08-16,Stable,0.8127892888164943
2021-08-17,Stable,0.6404508203600651
2021-08-18,Stable,0.8555958688175207
2021-08-20,Stable,0.9061795747289442
2021-08-23,Stable,0.8871534514741811
2021-08-24,Stable,0.9408576592750322
2021-08-25,Stable,0.9539799047973565
2021-08-26,Stable,0.9598608213042233
2021-08-27,Stable,0.9507024705046815
2021-08-30,Stable,0.9342441248249579
2021-08-31,Stable,0.8900862586294781
2021-09-01,Stable,0.8548240952670755
2021-09-02,Stable,0.8467208370857154
2021-09-03,Stable,0.8957660977716817
2021-09-06,Stable,0.8742398168386405
2021-09-07,Stable,0.883293992521454
2021-09-08,Stable,0.924697673268986
2021-09-09,Stable,0.9470241863220495
2021-09-13,Stable,0.9381971104904889
2021-09-14,Stable,0.9213078902553583
2021-09-15,Stable,0.8720269169595338
2021-09-16,Stable,0.9168385094993817
2021-09-17,Stable,0.9222997529635191
2021-09-20,Stable,0.8910219063493892
2021-09-21,Stable,0.8001240686661569
2021-09-22,Stable,0.8287722312271995
2021-09-23,Stable,0.7759227683855061
2021-09-24,Stable,0.6233159290230132
2021-09-27,Transitional,0.8487394215492873
2021-09-28,Transitional,0.7316187960737469
2021-09-29,Stable,0.7271799565163205
2021-09-30,Stable,0.8481040256392197
2021-10-01,Stable,0.8824157705932817
2021-10-04,Stable,0.8623376260286009
2021-10-05,Stable,0.7820026198151377
2021-10-06,Stable,0.6196860447102597
2021-10-07,Transitional,0.5973945665783866
2021-10-08,Transitional,0.798788091677997
2021-10-11,Transitional,0.9633870787873087
2021-10-12,Stable,0.5570390216200448
2021-10-13,Stable,0.586888574621603
2021-10-14,Stable,0.6026567981361148
2021-10-18,Stable,0.5257734891752687
2021-10-19,Stable,0.5921570461717153
2021-10-20,Stable,0.5461057218346393
2021-10-21,Stable,0.7130415182597225
2021-10-22,Stable,0.5141191437931468
2021-10-25,Stable,0.7109983765807678
2021-10-26,Stable,0.8173799985432578
2021-10-27,Stable,0.7849593801822943
2021-10-28,Stable,0.6416052553421216
2021-10-29,Stable,0.5741238238522073
2021-11-01,Stable,0.5037949841708147
2021-11-02,Stable,0.8186227818407119
2021-11-03,Stable,0.9205707002399377
2021-11-04,Stable,0.9448371977794212
2021-11-08,Stable,0.9379698849142335
2021-11-09,Stable,0.9561950497814208
2021-11-10,Stable,0.9518315642873192
2021-11-11,Stable,0.9239910227642559
2021-11-12,Stable,0.8382486677400854
2021-11-15,Stable,0.9207723827888571
2021-11-16,Stable,0.9353645677241126
2021-11-17,Stable,0.9100462964212374
2021-11-18,Stable,0.7936240833514494
2021-11-22,Stable,0.8080862245784706
2021-11-23,Stable,0.8673866189371077
2021-11-24,Stable,0.8152133041316127
2021-11-25,Stable,0.8214945013378856
2021-11-26,Stable,0.7433154378659145
2021-11-29,Stable,0.853256150146339
2021-11-30,Stable,0.8670891312905868
2021-12-01,Stable,0.7775824906256393
2021-12-02,Stable,0.5770441463969416
2021-12-03,Stable,0.5281643707628212
2021-12-06,Stable,0.7141095813560098
2021-12-07,Stable,0.5627335646251653
2021-12-08,Stable,0.657575900756923
2021-12-09,Stable,0.8762047064902169
2021-12-10,Stable,0.9398696974821079
2021-12-13,Stable,0.9547878740011728
2021-12-14,Stable,0.9475082227594172
2021-12-15,Stable,0.9036453978711567
2021-12-16,Stable,0.8512050170588875
2021-12-17,Stable,0.7563415080986443
2021-12-20,Stable,0.6074438170748431
2021-12-21,Stable,0.6533723679292994
2021-12-22,Stable,0.8262186876642049
2021-12-23,Stable,0.8967507594454184
2021-12-24,Stable,0.9291462537602165
2021-12-27,Stable,0.9477331786456576
2021-12-28,Stable,0.9499299015049061
2021-12-29,Stable,0.9578989084957462
2021-12-30,Stable,0.9502637794295237
2021-12-31,Stable,0.951343148029729
2022-01-03,Stable,0.9226551698023469
2022-01-04,Stable,0.8863354351517315
2022-01-05,Stable,0.7551177576513145
2022-01-06,Stable,0.8027916124897925
2022-01-07,Stable,0.9170239638777937
2022-01-10,Stable,0.9493314951743668
2022-01-11,Stable,0.9493948517628481
2022-01-12,Stable,0.959466147416991
2022-01-13,Stable,0.9522012202132261
2022-01-14,Stable,0.9153120017624009
2022-01-17,Stable,0.8058361504680114
2022-01-18,Transitional,0.5691722037631012
2022-01-19,Transitional,0.7810220992416633
2022-01-20,Transitional,0.8206664141842458
2022-01-21,Transitional,0.8854804873393237
2022-01-24,Transitional,0.9917283321704042
2022-01-25,Transitional,0.8747493919425975
2022-01-27,Transitional,0.9934773825759864
2022-01-28,Transitional,0.8632110450280389
2022-01-31,Transitional,0.9112445404952635
2022-02-01,Transitional,0.6580040509817047
2022-02-02,Transitional,0.508448619480564
2022-02-03,Transitional,0.5244099027058352
2022-02-04,Stable,0.766720325996094
2022-02-07,Stable,0.7944042673784011
2022-02-08,Stable,0.8265149922554685
2022-02-09,Stable,0.7277745141375509
2022-02-10,Stable,0.5614309224532641
2022-02-11,Transitional,0.8699573047440657
2022-02-14,Transitional,0.8338081371020433
2022-02-15,Transitional,0.8784949991749883
2022-02-16,Stable,0.6856660589590065
2022-02-17,Stable,0.8591710616112906
2022-02-18,Stable,0.9104630260442788
2022-02-21,Stable,0.9035859971900454
2022-02-22,Stable,0.8083614538614285
2022-02-23,Stable,0.6343221063778967
2022-02-24,Transitional,0.9982192390673796
2022-02-25,Transitional,0.9376588626466844
2022-02-28,Stable,0.5721057063104761
2022-03-02,Stable,0.8051542516983352
2022-03-03,Stable,0.8599855955255751
2022-03-04,Stable,0.8880270454425637
2022-03-07,Stable,0.8202239138327015
2022-03-08,Stable,0.5488028027339867
2022-03-09,Stable,0.7466710697734535
2022-03-10,Stable,0.8250389259764019
2022-03-11,Stable,0.7655481273780846
2022-03-14,Stable,0.5271997941761766
2022-03-15,Stable,0.7216128733836257
2022-03-16,Stable,0.5046366222501333
2022-03-17,Stable,0.7746741881132714
2022-03-21,Stable,0.8298770757965501
2022-03-22,Stable,0.8042286530274143
2022-03-23,Stable,0.9048136932518859
2022-03-24,Stable,0.9157508483642656
2022-03-25,Stable,0.9302210935237475
2022-03-28,Stable,0.9545337837989143
2022-03-29,Stable,0.9622230442558994
2022-03-30,Stable,0.9586948727409045
2022-03-31,Stable,0.9630510214818748
2022-04-01,Stable,0.9652435420753418
2022-04-04,Stable,0.958326454941295
2022-04-05,Stable,0.9321741067389794
2022-04-06,Stable,0.8412248632683216
2022-04-07,Stable,0.8422996795079183
2022-04-08,Stable,0.8511584699277482
2022-04-11,Stable,0.7304906303490517
2022-04-12,Stable,0.6180819145051827
2022-04-13,Stable,0.513544021704956
2022-04-18,Transitional,0.9984055295839555
2022-04-19,Transitional,0.9749716878743975
2022-04-20,Stable,0.5485098773814929
2022-04-21,Stable,0.6307503120902747
2022-04-22,Stable,0.7236069077660594
2022-04-25,Stable,0.6622201610468247
2022-04-26,Stable,0.851597865041838
2022-04-27,Stable,0.8887970103023218
2022-04-28,Stable,0.8826494707400927
2022-04-29,Stable,0.8344798027824618
2022-05-02,Stable,0.7208056218298389
2022-05-04,Stable,0.6512110279723023
2022-05-05,Stable,0.514268438143337
2022-05-06,Stable,0.5445476781563835
2022-05-09,Stable,0.760861311116584
2022-05-10,Stable,0.8207962829086709
2022-05-11,Stable,0.8319161946513018
2022-05-12,Stable,0.8450606529869217
2022-05-13,Stable,0.8189761221958948
2022-05-16,Stable,0.6508317394530052
2022-05-17,Transitional,0.7851043501698508
2022-05-18,Transitional,0.7545790876074454
2022-05-19,Transitional,0.9946986819028208
2022-05-20,Transitional,0.8176287456473519
2022-05-23,Transitional,0.749323121948656
2022-05-24,Transitional,0.8837909419984117
2022-05-25,Transitional,0.9887686388559984
2022-05-26,Transitional,0.9088858454668954
2022-05-27,Transitional,0.9680850380029213
2022-05-30,Transitional,0.9906522925545996
2022-05-31,Stable,0.5004427608436209
2022-06-01,Stable,0.6044989179934603
2022-06-02,Stable,0.6915018224778547
2022-06-03,Stable,0.851965876041615
2022-06-06,Stable,0.8741246593454728
2022-06-07,Stable,0.7984892625967576
2022-06-08,Stable,0.7921494947383554
2022-06-09,Stable,0.6140415041478564
2022-06-10,Transitional,0.8385333939090747
2022-06-13,Transitional,0.9967242176418631
2022-06-14,Transitional,0.5996300619872934
2022-06-15,Transitional,0.5650160614129897
2022-06-16,Transitional,0.7842122950309931
2022-06-17,Transitional,0.7096400752724408
2022-06-20,Transitional,0.6853394197894144
2022-06-21,Transitional,0.8988193138257722
2022-06-22,Stable,0.6545694904213655
2022-06-23,Stable,0.5629717178503788
2022-06-24,Stable,0.6151173399076111
2022-06-27,Stable,0.6418195837317772
2022-06-28,Stable,0.8192134664532263
2022-06-29,Stable,0.8473089579745607
2022-06-30,Stable,0.892384360262731
2022-07-01,Stable,0.9302547814158427
2022-07-04,Stable,0.9395778438647667
2022-07-05,Stable,0.9320175202796714
2022-07-06,Stable,0.9061944221001503
2022-07-07,Stable,0.8663853466174176
2022-07-08,Stable,0.7176003738849243
2022-07-11,Transitional,0.8115716996970345
2022-07-12,Transitional,0.525373823601978
2022-07-13,Transitional,0.6153574152279724
2022-07-14,Transitional,0.5440172956074357
2022-07-15,Transitional,0.5004878523345453
2022-07-18,Transitional,0.8809473996686413
2022-07-19,Transitional,0.7055143127483309
2022-07-20,Transitional,0.8159690081398098
2022-07-21,Transitional,0.5670234919385482
2022-07-22,Transitional,0.6532186167583768
2022-07-25,Transitional,0.5665709413313266
2022-07-26,Transitional,0.8924833603395856
2022-07-27,Transitional,0.8463761611604913
2022-07-28,Transitional,0.8742714944396991
2022-07-29,Stable,0.5364380149396245
2022-08-01,Stable,0.791761217414484
2022-08-02,Stable,0.874787516787364
2022-08-03,Stable,0.8885917198066701
2022-08-04,Stable,0.912478520630063
2022-08-05,Stable,0.9419143741048689
2022-08-08,Stable,0.9450875267180098
2022-08-10,Stable,0.9110048127961345
2022-08-11,Stable,0.8577238642507651
2022-08-12,Stable,0.8913517745110663
2022-08-16,Stable,0.9325808209468955
2022-08-17,Stable,0.9213568926493102
2022-08-18,Stable,0.9122021574940293
2022-08-19,Stable,0.876669485949626
2022-08-22,Stable,0.7083572187344918
2022-08-23,Stable,0.6949774879593469
2022-08-24,Stable,0.797010465979636
2022-08-25,Stable,0.7550228993553509
2022-08-26,Stable,0.6024715088019185
2022-08-29,Transitional,0.9863252926323879
2022-08-30,Transitional,0.9427172034638326
2022-09-01,Transitional,0.7187439636969293
2022-09-02,Stable,0.7432981365832103
2022-09-05,Stable,0.890280406269537
2022-09-06,Stable,0.9244641202786362
2022-09-07,Stable,0.9089500539013902
2022-09-08,Stable,0.8102675497709217
2022-09-09,Stable,0.5795026894640771
2022-09-12,Stable,0.5701540098517003
2022-09-13,Stable,0.5108238439498485
2022-09-14,Transitional,0.9809934113587846
2022-09-15,Transitional,0.9371693809802989
2022-09-16,Transitional,0.9904821044197725
2022-09-19,Stable,0.6579780145405199
2022-09-20,Stable,0.8506596947823278
2022-09-21,Stable,0.9196371102758554
2022-09-22,Stable,0.949507051358172
2022-09-23,Stable,0.9519674411736715
2022-09-26,Stable,0.9566071657903081
2022-09-27,Stable,0.9497371798476041
2022-09-28,Stable,0.9486478299928515
2022-09-29,Stable,0.9147956117823564
2022-09-30,Stable,0.8683814462267958
2022-10-03,Stable,0.7025364020209842
2022-10-04,Stable,0.6426927062276068
2022-10-06,Stable,0.5722664741147989
2022-10-07,Stable,0.7454644785450852
2022-10-10,Stable,0.7737897517151063
2022-10-11,Stable,0.7142348325400527
2022-10-12,Stable,0.8539947958231953
2022-10-13,Stable,0.8945964770719731
2022-10-14,Stable,0.885875587253885
2022-10-17,Stable,0.9346622768129598
2022-10-18,Stable,0.9330895593865908
2022-10-19,Stable,0.9305540382937677
2022-10-20,Stable,0.928345315079949
2022-10-21,Stable,0.9522570898973798
2022-10-24,Stable,0.9563959202705593
2022-10-25,Stable,0.9549098748205178
2022-10-27,Stable,0.943963882283505
2022-10-28,Stable,0.9125208199062242
2022-10-31,Stable,0.8634338249182423
2022-11-01,Stable,0.8290697237561478
2022-11-02,Stable,0.9028190808670638
2022-11-03,Stable,0.9095756310556585
2022-11-04,Stable,0.9380203504697711
2022-11-07,Stable,0.931575167968049
2022-11-09,Stable,0.868052415479576
2022-11-10,Stable,0.6702265540434229
2022-11-11,Transitional,0.9322081219812922
2022-11-14,Stable,0.6439713372584235
2022-11-15,Stable,0.8667959620420935
2022-11-16,Stable,0.9269627677295544
2022-11-17,Stable,0.9281373614608197
2022-11-18,Stable,0.9280682992006029
2022-11-21,Stable,0.8692726855630888
2022-11-22,Stable,0.8867816888987382
2022-11-23,Stable,0.8441160774442988
2022-11-24,Stable,0.6402327086765791
2022-11-25,Stable,0.8603636384174241
2022-11-28,Stable,0.9281236456873805
2022-11-29,Stable,0.9359161887074148
2022-11-30,Stable,0.894817600375082
2022-12-01,Stable,0.7355821696928904
2022-12-02,Stable,0.8659990262006609
2022-12-05,Stable,0.8776843799839742
2022-12-06,Stable,0.8111572771005428
2022-12-07,Stable,0.7863995931462588
2022-12-08,Stable,0.664885983245046
2022-12-09,Transitional,0.8042566952150934
2022-12-12,Stable,0.6141981788620573
2022-12-13,Stable,0.7154350555224256
2022-12-14,Stable,0.7148262846732464
2022-12-15,Stable,0.6174868335278687
2022-12-16,Stable,0.7621935692780616
2022-12-19,Stable,0.89572449610628
2022-12-20,Stable,0.9433594936415011
2022-12-21,Stable,0.9494907914677513
2022-12-22,Stable,0.933538167223994
2022-12-23,Stable,0.859889702163767
2022-12-26,Stable,0.9294972012131295
2022-12-27,Stable,0.947891807187066
2022-12-28,Stable,0.9622281175630952
2022-12-29,Stable,0.9658012824743133
2022-12-30,Stable,0.9641058125835965
2023-01-02,Stable,0.9557794291120228
2023-01-03,Stable,0.927399674821199
2023-01-04,Stable,0.8617607875386466
2023-01-05,Stable,0.752484233104457
2023-01-06,Stable,0.5899634237641221
2023-01-09,Stable,0.7069695395214592
2023-01-10,Stable,0.7010638469541524
2023-01-11,Stable,0.8851536206188519
2023-01-12,Stable,0.9377119636117283
2023-01-13,Stable,0.9470459644324656
2023-01-16,Stable,0.9428081064831743
2023-01-17,Stable,0.953763865815231
2023-01-18,Stable,0.9615952813116264
2023-01-19,Stable,0.9589817779878241
2023-01-20,Stable,0.9372978301102127
2023-01-23,Stable,0.8729410317936265
2023-01-24,Stable,0.9182359100037851
2023-01-25,Stable,0.9222673124484607
2023-01-27,Stable,0.9207256326748869
2023-01-30,Stable,0.9150843454249874
2023-01-31,Stable,0.9003889361821891
2023-02-01,Stable,0.90375915317508
2023-02-02,Stable,0.8712558534037211
2023-02-03,Stable,0.9352558463263126
2023-02-06,Stable,0.9453149078023295
2023-02-07,Stable,0.9435352218003631
2023-02-08,Stable,0.9110650199339567
2023-02-09,Stable,0.9263078740461886
2023-02-10,Stable,0.9047008362389205
2023-02-13,Stable,0.807746806287991
2023-02-14,Stable,0.869683234726818
2023-02-15,Stable,0.8775967290945581
2023-02-16,Stable,0.857605658572552
2023-02-17,Stable,0.8861208250911166
2023-02-20,Stable,0.929744915338488
2023-02-21,Stable,0.9283711183459633
2023-02-22,Stable,0.9237241198090035
2023-02-23,Stable,0.9375181675284318
2023-02-24,Stable,0.9058910082011535
2023-02-27,Stable,0.7867267035197497
2023-02-28,Stable,0.8511678470919359
2023-03-01,Stable,0.8585106351819811
2023-03-02,Stable,0.8836497635013866
2023-03-03,Stable,0.9323175361820943
2023-03-06,Stable,0.9303112205902723
2023-03-08,Stable,0.9425623793835687
2023-03-09,Stable,0.9263929784097406
2023-03-10,Stable,0.9276441394931098
2023-03-13,Stable,0.9040229960297679
2023-03-14,Stable,0.865678882723673
2023-03-15,Stable,0.9251676734261388
2023-03-16,Stable,0.9279976843159198
2023-03-17,Stable,0.909189395017783
2023-03-20,Stable,0.8865677983206413
2023-03-21,Stable,0.9191228542992967
2023-03-22,Stable,0.9504532185989378
2023-03-23,Stable,0.9509908387820345
2023-03-24,Stable,0.9575422046874567
2023-03-27,Stable,0.9482914688814
2023-03-28,Stable,0.9030318940845705
2023-03-29,Stable,0.8285230694202198
2023-03-31,Stable,0.6777636495411549
2023-04-03,Stable,0.8479993049924507
2023-04-05,Stable,0.8761002513896098
2023-04-06,Stable,0.8853293953807437
2023-04-10,Stable,0.8446303996373947
2023-04-11,Stable,0.7213977081074738
2023-04-12,Stable,0.5565013150375351
2023-04-13,Transitional,0.8584129113476993
2023-04-17,Transitional,0.998499981658116
2023-04-18,Stable,0.5036024976941806
2023-04-19,Stable,0.6134487945481918
2023-04-20,Stable,0.8555158595421877
2023-04-21,Stable,0.9256083892348256
2023-04-24,Stable,0.9500676482113435
2023-04-25,Stable,0.9612330351224814
2023-04-26,Stable,0.9588323901085901
2023-04-27,Stable,0.9389655132328991
2023-04-28,Stable,0.9233696747379151
2023-05-02,Stable,0.9268324347292415
2023-05-03,Stable,0.933905582330887
2023-05-04,Stable,0.9543715266853434
2023-05-05,Stable,0.9571813351536144
2023-05-08,Stable,0.9596345373496216
2023-05-09,Stable,0.9619489081387719
2023-05-10,Stable,0.9673800737472804
2023-05-11,Stable,0.9688536593456875
2023-05-12,Stable,0.9671149992990438
2023-05-15,Stable,0.9642745839888325
2023-05-16,Stable,0.9572095998870586
2023-05-17,Stable,0.9279479215169928
2023-05-18,Stable,0.9026306395427683
2023-05-19,Stable,0.7845445865076646
2023-05-22,Stable,0.652110836446396
2023-05-23,Stable,0.8618105316353634
2023-05-24,Stable,0.93345551744066
2023-05-25,Stable,0.9475024231092155
2023-05-26,Stable,0.9277127586824429
2023-05-29,Stable,0.9542137372802112
2023-05-30,Stable,0.9652156945709486
2023-05-31,Stable,0.9672820380013444
2023-06-01,Stable,0.9634717201200261
2023-06-02,Stable,0.952366598488074
2023-06-05,Stable,0.9236522242003958
2023-06-06,Stable,0.8304980071714709
2023-06-07,Stable,0.8955076279714577
2023-06-08,Stable,0.9008516530285291
2023-06-09,Stable,0.915138688771426
2023-06-12,Stable,0.9104934431931068
2023-06-13,Stable,0.9504119286330517
2023-06-14,Stable,0.9618986648247592
2023-06-15,Stable,0.9616842806787148
2023-06-16,Stable,0.964113808856492
2023-06-19,Stable,0.9651918077522015
2023-06-20,Stable,0.9614124335544854
2023-06-21,Stable,0.96246789193247
2023-06-22,Stable,0.9524402030964066
2023-06-23,Stable,0.9470139964251486
2023-06-26,Stable,0.954053862296847
2023-06-27,Stable,0.9356978412817671
2023-06-28,Stable,0.8876590704252519
2023-06-30,Stable,0.7084835581197348
2023-07-03,Stable,0.8702591733446726
2023-07-04,Stable,0.9187508823741299
2023-07-05,Stable,0.9493724466302937
2023-07-06,Stable,0.9513031158222183
2023-07-07,Stable,0.9259351132784852
2023-07-10,Stable,0.886326967372445
2023-07-11,Stable,0.8672562178036017
2023-07-12,Stable,0.7294355937519362
2023-07-13,Transitional,0.6320747653399941
2023-07-14,Transitional,0.9948547688917512
2023-07-17,Stable,0.5737451302294256
2023-07-18,Stable,0.713978887512128
2023-07-19,Stable,0.7342823543597804
2023-07-20,Stable,0.5504836987187423
2023-07-21,Transitional,0.9861446669601025
2023-07-24,Stable,0.6795958703449148
2023-07-25,Stable,0.8770871651552156
2023-07-26,Stable,0.9378717430664434
2023-07-27,Stable,0.9481293253284888
2023-07-28,Stable,0.9291466094872856
2023-07-31,Stable,0.9035393240907234
2023-08-01,Stable,0.9160803143657075
2023-08-02,Stable,0.9320862043784489
2023-08-03,Stable,0.9401011872576261
2023-08-04,Stable,0.9107136042266301
2023-08-07,Stable,0.9326275485824259
2023-08-08,Stable,0.9589790106499926
2023-08-09,Stable,0.965682417687947
2023-08-10,Stable,0.967087358812308
2023-08-11,Stable,0.9666695162255351
2023-08-14,Stable,0.9618646286277766
2023-08-16,Stable,0.9573797786423202
2023-08-17,Stable,0.9429002722898125
2023-08-18,Stable,0.9034279787993562
2023-08-21,Stable,0.9311807109741891
2023-08-22,Stable,0.9578763368248346
2023-08-23,Stable,0.9651360243941737
2023-08-24,Stable,0.9631160220105661
2023-08-25,Stable,0.9598261348395869
2023-08-28,Stable,0.9623103912043143
2023-08-29,Stable,0.9640399678240699
2023-08-30,Stable,0.9565652580619332
2023-08-31,Stable,0.9475818076083238
2023-09-01,Stable,0.9021355884601925
2023-09-04,Stable,0.8347395618663694
2023-09-05,Stable,0.9232408221093561
2023-09-06,Stable,0.9549382298261463
2023-09-07,Stable,0.9637535867723219
2023-09-08,Stable,0.9655351064353311
2023-09-11,Stable,0.9602179182032495
2023-09-12,Stable,0.9540783442869956
2023-09-13,Stable,0.9621416166844655
2023-09-14,Stable,0.9621946416249545
2023-09-15,Stable,0.9549115892505915
2023-09-18,Stable,0.9556667249647564
2023-09-20,Stable,0.9601177948443957
2023-09-21,Stable,0.9653327371133122
2023-09-22,Stable,0.9629572579564619
2023-09-25,Stable,0.948398858046567
2023-09-26,Stable,0.937608485910421
2023-09-27,Stable,0.9006937517985291
2023-09-28,Stable,0.7626991361354418
2023-09-29,Stable,0.9032255975151281
2023-10-03,Stable,0.9474051925518177
2023-10-04,Stable,0.9589679609710913
2023-10-05,Stable,0.9538775057836056
2023-10-06,Stable,0.9596174155392726
2023-10-09,Stable,0.9624481030669338
2023-10-10,Stable,0.9535301185878653
2023-10-11,Stable,0.9418065712505369
2023-10-12,Stable,0.8858290300640823
2023-10-13,Stable,0.9349939016276555
2023-10-16,Stable,0.957891824166461
2023-10-17,Stable,0.9632706367254347
2023-10-18,Stable,0.9566155345450752
2023-10-19,Stable,0.9491560611034195
2023-10-20,Stable,0.9124082724297681
2023-10-23,Stable,0.7891468453344815
2023-10-25,Stable,0.856806365963299
2023-10-26,Stable,0.8947297141506314
2023-10-27,Stable,0.9199963018516771
2023-10-30,Stable,0.9538878861419849
2023-10-31,Stable,0.9604412420521335
2023-11-01,Stable,0.9542590773258098
2023-11-02,Stable,0.9575330976801802
2023-11-03,Stable,0.9614642562838256
2023-11-06,Stable,0.9635410687245967
2023-11-07,Stable,0.9657583650290469
2023-11-08,Stable,0.959839996103661
2023-11-09,Stable,0.9399406608959329
2023-11-10,Stable,0.9025926185509706
2023-11-13,Stable,0.7697100108916091
2023-11-15,Transitional,0.687967957796447
2023-11-16,Transitional,0.7059811030252114
2023-11-17,Stable,0.7555679373158825
2023-11-20,Stable,0.8968090588194417
2023-11-21,Stable,0.943272626695659
2023-11-22,Stable,0.9513785577526712
2023-11-23,Stable,0.9503544445459525
2023-11-24,Stable,0.9418045772152493
2023-11-28,Stable,0.9496447663471714
2023-11-29,Stable,0.9266301360133667
2023-11-30,Stable,0.9564706114401818
2023-12-01,Stable,0.9640707673461578
2023-12-04,Stable,0.9608188415584663
2023-12-05,Stable,0.9417071726091735
2023-12-06,Stable,0.9011762184114923
2023-12-07,Stable,0.9303736041657799
2023-12-08,Stable,0.9099191643790974
2023-12-11,Stable,0.9034851852968431
2023-12-12,Stable,0.8133377845943436
2023-12-13,Stable,0.512700946714766
2023-12-14,Transitional,0.988108517307417
2023-12-15,Transitional,0.9979953844426821
2023-12-18,Stable,0.5331479533676567
2023-12-19,Stable,0.6606107213185051
2023-12-20,Stable,0.670100183052338
2023-12-21,Stable,0.7721810301714137
2023-12-22,Stable,0.7048930981753433
2023-12-26,Stable,0.8774195595844122
2023-12-27,Stable,0.9316465673424407
2023-12-28,Stable,0.9491465701516144
2023-12-29,Stable,0.9375098699972231
2024-01-01,Stable,0.8959371033791653
2024-01-02,Stable,0.7541436613366974
2024-01-03,Stable,0.541791361248273
2024-01-04,Stable,0.803331933172121
2024-01-05,Stable,0.8559660456220809
2024-01-08,Stable,0.8912480759865672
2024-01-09,Stable,0.908285287020971
2024-01-10,Stable,0.854916974620937
2024-01-11,Stable,0.654259059890748
2024-01-12,Transitional,0.9982614011004186
2024-01-15,Transitional,0.7191806620078314
2024-01-16,Stable,0.5968531219045413
2024-01-17,Stable,0.8210559684260829
2024-01-18,Stable,0.8825426332623824
2024-01-19,Stable,0.8788237202650505
2024-01-23,Stable,0.8191596692111627
2024-01-24,Stable,0.8095509057564862
2024-01-25,Stable,0.8229389778151491
2024-01-29,Stable,0.9182552340023046
2024-01-30,Stable,0.9357718639035426
2024-01-31,Stable,0.9192413579205122
2024-02-01,Stable,0.8541116461753677
2024-02-02,Stable,0.6288917987752936
2024-02-05,Stable,0.607482045016121
2024-02-06,Stable,0.661912767805994
2024-02-07,Stable,0.6487218670066827
2024-02-08,Stable,0.8691915062945377
2024-02-09,Stable,0.9303086109373709
2024-02-12,Stable,0.9460631321166256
2024-02-13,Stable,0.9500843167435907
2024-02-14,Stable,0.933164844379335
2024-02-15,Stable,0.9433905936310228
2024-02-16,Stable,0.9274769449906826
2024-02-19,Stable,0.928772690457038
2024-02-20,Stable,0.8810931756697802
2024-02-21,Stable,0.7869704127731234
2024-02-22,Stable,0.7801383651772501
2024-02-23,Stable,0.8922259886443848
2024-02-26,Stable,0.9079196202902619
2024-02-27,Stable,0.9436868151131733
2024-02-28,Stable,0.9585615209653745
2024-02-29,Stable,0.9623791951079729
2024-03-01,Stable,0.9536793873672097
2024-03-04,Stable,0.9373470133331204
2024-03-05,Stable,0.8928430622504686
2024-03-06,Stable,0.9371775499234677
2024-03-07,Stable,0.9558012403540821
2024-03-11,Stable,0.9526002248845677
2024-03-12,Stable,0.928776812504166
2024-03-13,Stable,0.8584682867343563
2024-03-14,Stable,0.6952260372218891
2024-03-15,Stable,0.6643193705927156
2024-03-18,Stable,0.5905808191967062
2024-03-19,Stable,0.8087086975352507
2024-03-20,Stable,0.5905472234643195
2024-03-21,Stable,0.6604141337040722
2024-03-22,Stable,0.5553910792560379
2024-03-26,Stable,0.813370914799401
2024-03-27,Stable,0.908208915015942
2024-03-28,Stable,0.948167686362859
2024-04-01,Stable,0.958466494386058
2024-04-02,Stable,0.9541697394810739
2024-04-03,Stable,0.9543381518547138
2024-04-04,Stable,0.9481861978545602
2024-04-05,Stable,0.95574450957946
2024-04-08,Stable,0.956620177149057
2024-04-09,Stable,0.9528354242428619
2024-04-10,Stable,0.9207613908879878
2024-04-12,Stable,0.8276878679149748
2024-04-15,Stable,0.6154108116530274
2024-04-16,Stable,0.5498810640021236
2024-04-18,Stable,0.8059643629522966
2024-04-19,Stable,0.9136362918133201
2024-04-22,Stable,0.9486154713593673
2024-04-23,Stable,0.9576910354911332
2024-04-24,Stable,0.9548002981176226
2024-04-25,Stable,0.9642312965809665
2024-04-26,Stable,0.9652844383110291
2024-04-29,Stable,0.9596379105064085
2024-04-30,Stable,0.941288068227465
2024-05-02,Stable,0.9555169662347751
2024-05-03,Stable,0.9467656998143618
2024-05-06,Stable,0.9499588222866849
2024-05-07,Stable,0.9562776494177546
2024-05-08,Stable,0.9608946665903207
2024-05-09,Stable,0.960903011326879
2024-05-10,Stable,0.9552895410407571
2024-05-13,Stable,0.9631746456109287
2024-05-14,Stable,0.9633104288088308
2024-05-15,Stable,0.9513145759832808
2024-05-16,Stable,0.9074616763916739
2024-05-17,Stable,0.9330820621744285
2024-05-21,Stable,0.9543984310541432
2024-05-22,Stable,0.9509882068808454
2024-05-23,Stable,0.9353773850616991
2024-05-24,Stable,0.9444890928929262
2024-05-27,Stable,0.9432110505173585
2024-05-28,Stable,0.9103323462118634
2024-05-29,Stable,0.7983358721701762
2024-05-30,Stable,0.5967303617545737
2024-05-31,Stable,0.683477377418933
2024-06-03,Stable,0.736300635954639
2024-06-04,Stable,0.6031224975615839
2024-06-05,Transitional,0.8335177705633351
2024-06-06,Transitional,0.9726926841947966
2024-06-07,Transitional,0.9851381450324266
2024-06-10,Transitional,0.6907990463674182
2024-06-11,Stable,0.7665824635818854
2024-06-12,Stable,0.8980655753246459
2024-06-13,Stable,0.9245694602993773
2024-06-14,Stable,0.939367182921197
2024-06-18,Stable,0.9574471852686947
2024-06-19,Stable,0.9652773573398464
2024-06-20,Stable,0.9667958500397826
2024-06-21,Stable,0.9618198047438477
2024-06-24,Stable,0.9610504815172304
2024-06-25,Stable,0.9474178474938603
2024-06-26,Stable,0.9233629480346667
2024-06-27,Stable,0.8262188705786168
2024-06-28,Stable,0.8751394993167825
2024-07-01,Stable,0.8186321183849739
2024-07-02,Stable,0.8907880710571318
2024-07-03,Stable,0.9399623097646668
2024-07-04,Stable,0.9433574240541898
2024-07-05,Stable,0.9581649466803787
2024-07-08,Stable,0.953768328244863
2024-07-09,Stable,0.9222565729588577
2024-07-10,Stable,0.8171558856278472
2024-07-11,Stable,0.6423098077717713
2024-07-12,Transitional,0.9939159628712438
2024-07-15,Stable,0.5706625950380945
2024-07-16,Stable,0.7197234522374427
2024-07-18,Stable,0.6878676909405878
2024-07-19,Stable,0.8789176954075663
2024-07-22,Stable,0.9346033460535192
2024-07-23,Stable,0.9486752988377251
2024-07-24,Stable,0.9472110670660902
2024-07-25,Stable,0.9102333257202952
2024-07-26,Stable,0.7803079108089471
2024-07-29,Stable,0.8931102643171537
2024-07-30,Stable,0.9176689339473653
2024-07-31,Stable,0.8771362898790044
2024-08-01,Stable,0.7013479647342996
2024-08-02,Transitional,0.8538133403418489
2024-08-05,Transitional,0.9616813549145401
2024-08-06,Stable,0.5396424281444709
2024-08-07,Stable,0.5287772832441252
2024-08-08,Stable,0.5335509295430114
2024-08-09,Stable,0.6879931323908849
2024-08-12,Stable,0.8231509753862796
2024-08-13,Stable,0.8071820412721395
2024-08-14,Stable,0.6132627822285684
2024-08-16,Stable,0.6140506413762372
2024-08-19,Stable,0.7463480974936347
2024-08-20,Stable,0.8852887935639522
2024-08-21,Stable,0.940288760695127
2024-08-22,Stable,0.9489631160812296
2024-08-23,Stable,0.9285722833365707
2024-08-26,Stable,0.9178546295479469
2024-08-27,Stable,0.9371856857501415
2024-08-28,Stable,0.9101202716431458
2024-08-29,Stable,0.9494689210544733
2024-08-30,Stable,0.9614163144026883
2024-09-02,Stable,0.9640255780190629
2024-09-03,Stable,0.9606430372407555
2024-09-04,Stable,0.9473050031181561
2024-09-05,Stable,0.9506725535332939
2024-09-06,Stable,0.9303605510701047
2024-09-09,Stable,0.9176243082517554
2024-09-10,Stable,0.8765307857413871
2024-09-11,Stable,0.9113706467300935
2024-09-12,Stable,0.8880560115825316
2024-09-13,Stable,0.9173591492824914
2024-09-16,Stable,0.892417039541477
2024-09-17,Stable,0.7607278266923323
2024-09-18,Transitional,0.7019471182766132
2024-09-19,Stable,0.7498104338359447
2024-09-20,Stable,0.8919862617682796
2024-09-23,Stable,0.9375256668604586
2024-09-24,Stable,0.9535057912502718
2024-09-25,Stable,0.9556504558485163
2024-09-26,Stable,0.9610194363624622
2024-09-27,Stable,0.9572703762960195
2024-09-30,Stable,0.9350838463458367
2024-10-01,Stable,0.9117274434957361
2024-10-03,Stable,0.8833226218500732
2024-10-04,Stable,0.9408474897751308
2024-10-07,Stable,0.9549001381284169
2024-10-08,Stable,0.9594147593175427
2024-10-09,Stable,0.9522748180871655
2024-10-10,Stable,0.9264000746989142
2024-10-11,Stable,0.9412084392002725
2024-10-14,Stable,0.9271541686817036
2024-10-15,Stable,0.9316478718686172
2024-10-16,Stable,0.892568609435287
2024-10-17,Stable,0.8654636640927679
2024-10-18,Stable,0.8103560815092685
2024-10-21,Stable,0.8013033022827762
2024-10-22,Stable,0.7956759961621713
2024-10-23,Stable,0.6917342895063053
2024-10-24,Stable,0.8769921198899344
2024-10-25,Stable,0.927605527377294
2024-10-28,Stable,0.9255078245117646
2024-10-29,Stable,0.8660971462859114
2024-10-30,Stable,0.6755965052936409
2024-10-31,Transitional,0.7499055203677415
2024-11-01,Stable,0.6437234992073118
2024-11-04,Stable,0.7146843501990214
2024-11-05,Stable,0.5842802215977156
2024-11-06,Transitional,0.9671698990596277
2024-11-07,Stable,0.6025213307287086
2024-11-08,Stable,0.8150077568615245
2024-11-11,Stable,0.8742421212927909
2024-11-12,Stable,0.9223863285479016
2024-11-13,Stable,0.907126902995015
2024-11-14,Stable,0.8364844290723964
2024-11-18,Stable,0.5658393312062721
2024-11-19,Stable,0.6602615587522191
2024-11-21,Stable,0.587042075800869
2024-11-22,Transitional,0.8044023683830921
2024-11-25,Stable,0.6318953639879227
2024-11-26,Stable,0.7528783370476009
2024-11-27,Stable,0.7722004741432854
2024-11-28,Stable,0.613574124236998
2024-11-29,Stable,0.8475410951899149
2024-12-02,Stable,0.9115007633906159
2024-12-03,Stable,0.9394029097104775
2024-12-04,Stable,0.9310440073182463
2024-12-05,Stable,0.8721677297894992
2024-12-06,Stable,0.9387030855307544
2024-12-09,Stable,0.958144441750618
2024-12-10,Stable,0.9587102521083084
2024-12-11,Stable,0.9635440622632617
2024-12-12,Stable,0.9590896658272166
2024-12-13,Stable,0.9565833484837795
2024-12-16,Stable,0.9457764105378008
2024-12-17,Stable,0.9331823453282057
2024-12-18,Stable,0.8879647617326172
2024-12-19,Stable,0.7165150569495714
2024-12-20,Stable,0.5101304432493603
2024-12-23,Stable,0.8246344711958206
2024-12-24,Stable,0.9208952648726811
2024-12-26,Stable,0.9522471587965495
2024-12-27,Stable,0.9550760780145242
2024-12-30,Stable,0.9336601294671909
2024-12-31,Stable,0.8675974108251585
2025-01-01,Stable,0.8542274956900311
2025-01-02,Stable,0.7010939174747869
2025-01-03,Stable,0.77847187382833
2025-01-06,Stable,0.8774244125217749
2025-01-07,Stable,0.8700479620333992
2025-01-08,Stable,0.7937138862082417
2025-01-09,Stable,0.5180085308014122
2025-01-10,Transitional,0.9460972525376028
2025-01-13,Transitional,0.7968251116500391
2025-01-14,Transitional,0.7471154826035505
2025-01-15,Transitional,0.5045981401436851
2025-01-16,Transitional,0.5147298676550268
2025-01-17,Transitional,0.7251317694200959
2025-01-20,Transitional,0.5251996708738721
2025-01-21,Transitional,0.5010271888202127
2025-01-22,Transitional,0.632280464737484
2025-01-23,Transitional,0.6325079059416818
2025-01-24,Transitional,0.6347498506958246
2025-01-27,Transitional,0.9597106663900548
2025-01-28,Transitional,0.7162395288418002
2025-01-29,Transitional,0.7350345293137238
2025-01-30,Stable,0.6252460072869365
2025-01-31,Stable,0.8392032568865331
2025-02-03,Stable,0.896671812621504
2025-02-04,Stable,0.9179330622608607
2025-02-05,Stable,0.9537228698568601
2025-02-06,Stable,0.9616017013930092
2025-02-07,Stable,0.9568616080761055
2025-02-10,Stable,0.9346611904406358
2025-02-11,Stable,0.8996998746224629
2025-02-12,Stable,0.9322390392669464
2025-02-13,Stable,0.935528390066867
2025-02-14,Stable,0.9531565141218659
2025-02-17,Stable,0.9447090153636658
2025-02-18,Stable,0.9205684579403542
2025-02-19,Stable,0.8715869864471029
2025-02-20,Stable,0.8491319817669399
2025-02-21,Stable,0.6834957726697238
2025-02-24,Transitional,0.7230284353155477
2025-02-25,Transitional,0.5751092906658148
2025-02-27,Transitional,0.6245265406417241
2025-02-28,Transitional,0.9942765286247319
2025-03-03,Stable,0.5041895649547952
2025-03-04,Stable,0.6382474908259701
2025-03-05,Stable,0.6436708020475491
2025-03-06,Stable,0.8363400693734386
2025-03-07,Stable,0.8655334594067992
2025-03-10,Stable,0.8478172212960213
2025-03-11,Stable,0.7153875470835673
2025-03-12,Stable,0.6591083801665224
2025-03-13,Stable,0.738472923523785
2025-03-17,Stable,0.8707721938264937
2025-03-18,Stable,0.8802719613882509
2025-03-19,Stable,0.8937586250560645
2025-03-20,Stable,0.9074332801192037
2025-03-21,Stable,0.9257411701803478
2025-03-24,Stable,0.8845505729227902
2025-03-25,Stable,0.8587930246181608
2025-03-26,Stable,0.8236534427198369
2025-03-27,Stable,0.7341483702493424
2025-03-28,Transitional,0.6073311115729474
2025-04-01,Transitional,0.8399106346694748
2025-04-02,Transitional,0.8013853227423734
2025-04-03,Transitional,0.9978283763014019
2025-04-04,Transitional,0.9974201920638176
2025-04-07,Transitional,0.9685629142504896
2025-04-08,Transitional,0.8325446260295382
2025-04-09,Transitional,0.7460733453202139
2025-04-11,Stable,0.6168773596886259
2025-04-15,Stable,0.7012685604305364
2025-04-16,Stable,0.7998435266006549
2025-04-17,Stable,0.7404491970375471
2025-04-21,Transitional,0.5739523668905532
2025-04-22,Transitional,0.6302293798797582
2025-04-23,Transitional,0.9920627350063117
2025-04-24,Stable,0.6544540054648714
2025-04-25,Stable,0.8543455766455261
2025-04-28,Stable,0.9232944230060586
2025-04-29,Stable,0.9313787031549009
2025-04-30,Stable,0.95575402895187
2025-05-02,Stable,0.9649302541074516
2025-05-05,Stable,0.9656875516787705
2025-05-06,Stable,0.9593662883215273
2025-05-07,Stable,0.9428188113200778
2025-05-08,Stable,0.8801358843066245
2025-05-09,Stable,0.6669492010059176
2025-05-12,Transitional,0.9917061543602915
2025-05-13,Transitional,0.905398964868503
2025-05-14,Stable,0.49845912759585087
2025-05-15,Stable,0.7276718234136402
2025-05-16,Stable,0.8341014378923104
2025-05-19,Stable,0.8658018149702681
2025-05-20,Stable,0.92146179554313
2025-05-21,Stable,0.9323144962738601
2025-05-22,Stable,0.9108777773107252
2025-05-23,Stable,0.931530890000084
2025-05-26,Stable,0.9395033251866743
2025-05-27,Stable,0.9481590912607958
2025-05-28,Stable,0.9581694993914605
2025-05-29,Stable,0.9502045868958844
2025-05-30,Stable,0.9331693245116855
2025-06-02,Stable,0.9461689394365214
2025-06-03,Stable,0.954126434200776
2025-06-04,Stable,0.963175628703189
2025-06-05,Stable,0.9623338487425441
2025-06-06,Stable,0.9535737582169781
2025-06-09,Stable,0.9252590877184463
2025-06-10,Stable,0.8808998260631123
2025-06-11,Stable,0.902030756393813
2025-06-12,Stable,0.9263041242121302
2025-06-13,Stable,0.9400436032023828
2025-06-16,Stable,0.9107954676045684
2025-06-17,Stable,0.9358634488461881
2025-06-18,Stable,0.9341464808876963
2025-06-19,Stable,0.9281420980534469
2025-06-20,Stable,0.9246997137239603
2025-06-23,Stable,0.8927999383594446
2025-06-24,Stable,0.9279091649653464
2025-06-25,Stable,0.9065360092676451
2025-06-26,Stable,0.949399306414628
2025-06-27,Stable,0.9601153972381208
2025-06-30,Stable,0.9663441169934626
2025-07-01,Stable,0.9673412671052758
2025-07-02,Stable,0.9687344392390235
2025-07-03,Stable,0.9666128353162192
2025-07-04,Stable,0.9584055581003266
2025-07-07,Stable,0.9529169331596543
2025-07-08,Stable,0.9546752666171292
2025-07-09,Stable,0.9335253505382011
2025-07-10,Stable,0.9006174233414554
2025-07-11,Stable,0.8273811827422497
2025-07-14,Stable,0.8833205769456425
2025-07-15,Stable,0.934928770671674
2025-07-16,Stable,0.9398745047860274
2025-07-17,Stable,0.9165710636973264
2025-07-18,Stable,0.9501995403003519
2025-07-21,Stable,0.952340511813953
2025-07-22,Stable,0.9338916812077768
2025-07-23,Stable,0.8777082416863711
2025-07-24,Stable,0.6759396929844328
2025-07-25,Stable,0.7715449306233262
2025-07-28,Stable,0.8879414697548986
2025-07-29,Stable,0.9375813385175887
2025-07-30,Stable,0.9390922402080745
2025-07-31,Stable,0.8972706882590304
2025-08-01,Stable,0.7742575453276112
2025-08-04,Stable,0.8011649686663966
2025-08-05,Stable,0.8575440544408033
2025-08-06,Stable,0.8203567906010657
2025-08-07,Stable,0.8998427308805208
2025-08-08,Stable,0.9272333711375552
2025-08-11,Stable,0.9554728364807548
2025-08-12,Stable,0.9638860533423287
2025-08-13,Stable,0.9643385914204756
2025-08-14,Stable,0.954239790252376
2025-08-18,Stable,0.9215403821837729
2025-08-19,Stable,0.8415871769016356
2025-08-20,Stable,0.5659229671035909
2025-08-21,Stable,0.7558917222158249
2025-08-22,Stable,0.7465758883955405
2025-08-25,Stable,0.6172342618404906
2025-08-26,Stable,0.7643626175080688
2025-08-28,Stable,0.7681068196652098
2025-08-29,Stable,0.8423617528242794
2025-09-01,Stable,0.85573349431978
2025-09-02,Stable,0.9107852366568768
2025-09-03,Stable,0.8912664637192522
2025-09-04,Stable,0.8215577296063574
2025-09-05,Stable,0.6762236376002466
2025-09-08,Stable,0.536845951159968
2025-09-09,Transitional,0.8160928517242371
2025-09-10,Transitional,0.7744087443787612
2025-09-11,Stable,0.7162301574180536
2025-09-12,Stable,0.8842840540497472
2025-09-15,Stable,0.9265482440773742
2025-09-16,Stable,0.9345429880926346
2025-09-17,Stable,0.9253018392496912
2025-09-18,Stable,0.8711441608173148
2025-09-19,Stable,0.7250100173021079
2025-09-22,Stable,0.7213352679761589
2025-09-23,Stable,0.5964366954787947
2025-09-24,Stable,0.6800096253324479
2025-09-25,Stable,0.6158977467822239
2025-09-26,Stable,0.5022594265231441
2025-09-29,Stable,0.8212810393855089
2025-09-30,Stable,0.9122160750511722
2025-10-01,Stable,0.9242459886501471
2025-10-03,Stable,0.9002325740374365
2025-10-06,Stable,0.7749378575790399
2025-10-07,Stable,0.8829816297337073
2025-10-08,Stable,0.8843917355439737
2025-10-09,Stable,0.920333025740825
2025-10-10,Stable,0.9507077532650688
2025-10-13,Stable,0.951336876229335
2025-10-14,Stable,0.958899238990147
2025-10-15,Stable,0.9558228907975274
2025-10-16,Stable,0.9381715617016132
2025-10-17,Stable,0.872506915190528
2025-10-20,Stable,0.9021925743222984
2025-10-21,Stable,0.899709698784228
2025-10-23,Stable,0.8056456590487246
2025-10-24,Stable,0.9160585601553668
2025-10-27,Stable,0.9484692966439681
2025-10-28,Stable,0.9514456425320784
2025-10-29,Stable,0.9585038975576237
2025-10-30,Stable,0.9596463834695669
2025-10-31,Stable,0.9592045327388765
2025-11-03,Stable,0.958296634435216
2025-11-04,Stable,0.9406073337936539
2025-11-06,Stable,0.9476560544099061
2025-11-07,Stable,0.9209668506153942
2025-11-10,Stable,0.8539742866914254
2025-11-11,Stable,0.8353644122225666
2025-11-12,Stable,0.7767528652957641
2025-11-13,Stable,0.8688019476813035
2025-11-14,Stable,0.8693125557507136
2025-11-17,Stable,0.8506987627400133
2025-11-18,Stable,0.6876421803006075
2025-11-19,Stable,0.5959241073493636
2025-11-20,Stable,0.7953881391079378
2025-11-21,Stable,0.9074863899224066
2025-11-24,Stable,0.943315256624441
2025-11-25,Stable,0.9440117262131876
2025-11-26,Stable,0.928693025720138
2025-11-27,Stable,0.9577327476770858
2025-11-28,Stable,0.9656229393798169
2025-12-01,Stable,0.9665950384279105
2025-12-02,Stable,0.964028747354388
2025-12-03,Stable,0.9507341957808877
2025-12-04,Stable,0.9273883432726334
2025-12-05,Stable,0.9415813158963312
2025-12-08,Stable,0.9472378562065411
2025-12-09,Stable,0.9259019563221946
2025-12-10,Stable,0.936768922446589
2025-12-11,Stable,0.9515347075401026
2025-12-12,Stable,0.9614775503362666
2025-12-15,Stable,0.9624738268808253
2025-12-16,Stable,0.9517005389190998
2025-12-17,Stable,0.9532516337379093
2025-12-18,Stable,0.9296605103795855
2025-12-19,Stable,0.9183160878062093
2025-12-22,Stable,0.8321473207221438
2025-12-23,Stable,0.901018014774833
2025-12-24,Stable,0.9317513442989012
2025-12-26,Stable,0.9295282412279614
2025-12-29,Stable,0.9415663305378912
2025-12-30,Stable,0.9486518210805093
2025-12-31,Stable,0.9568290321913504
2026-01-01,Stable,0.9506617548779228
2026-01-02,Stable,0.9353966311158095
2026-01-05,Stable,0.8703904388743943
2026-01-06,Stable,0.8571263453187717
2026-01-07,Stable,0.7274351157882604
2026-01-08,Stable,0.6927757318782408
2026-01-09,Stable,0.8588062748779105
2026-01-12,Stable,0.8852705882674863
2026-01-13,Stable,0.8160392017062581
2026-01-14,Stable,0.5774265902590701
2026-01-16,Transitional,0.8591986492318415
2026-01-19,Stable,0.5186517901127278
2026-01-20,Stable,0.5258466563033679
2026-01-21,Stable,0.822328787299192
2026-01-22,Stable,0.9109022685655779
2026-01-23,Stable,0.9468416964935757
2026-01-27,Stable,0.949845940504527
2026-01-28,Stable,0.9498703023168363
2026-01-29,Stable,0.9232684931989005
2026-01-30,Stable,0.8729377456192703
2026-02-02,Stable,0.7979136823325194
2026-02-03,Stable,0.5111491553349734
2026-02-04,Transitional,0.9956178243625905
2026-02-05,Stable,0.5217972069174577
2026-02-06,Stable,0.6009090104642084
2026-02-09,Stable,0.7275903322379836
2026-02-10,Stable,0.6583380742942533
2026-02-11,Transitional,0.7141606095665881
2026-02-12,Transitional,0.9963838421296343
2026-02-13,Stable,0.5994777214103872
2026-02-16,Stable,0.7309672781253734
2026-02-17,Stable,0.7950056326813043
2026-02-18,Stable,0.7747263601506191
2026-02-19,Stable,0.7356536708847863
2026-02-20,Stable,0.6247192697084849
2026-02-23,Stable,0.6452734524675547
2026-02-24,Transitional,0.998184495596644
2026-02-25,Stable,0.5471813321733308
2026-02-26,Stable,0.8091153752743436
2026-02-27,Stable,0.909611309522331
2026-03-02,Stable,0.9241543129742693
2026-03-04,Stable,0.9545499905836926
2026-03-05,Stable,0.9589148619455946
2026-03-06,Stable,0.9650879270171306
2026-03-09,Stable,0.9620349526253984
2026-03-10,Stable,0.9444712813394719
2026-03-11,Stable,0.9011178167064134
2026-03-12,Stable,0.8846381789020797
2026-03-13,Stable,0.7654528591472782
2026-03-16,Stable,0.7552360077085415
2026-03-17,Stable,0.5396947734032704
2026-03-18,Transitional,0.925414134811053
2026-03-19,Transitional,0.9877972530514008
2026-03-20,Transitional,0.7859537115451833
2026-03-23,Stable,0.6128004768737535
2026-03-24,Stable,0.6867621817797519
2026-03-25,Stable,0.7997826437528553
2026-03-27,Stable,0.7530160796007819
2026-03-30,Stable,0.5097365393300377
2026-04-01,Stable,0.6869918659888969
2026-04-02,Stable,0.7720214409176996
2026-04-06,Stable,0.5670494247432989
2026-04-07,Stable,0.6181916037889825
2026-04-08,Stable,0.6605742610973228
2026-04-09,Stable,0.6915377949176159
2026-04-10,Stable,0.49996135088748783
2026-04-13,Stable,0.5360128615467828
2026-04-15,Stable,0.6886411567935583
2026-04-16,Stable,0.6775922190046688
2026-04-17,Stable,0.8035122561171589
2026-04-20,Stable,0.7704273713161245
2026-04-21,Stable,0.6036130093656807
2026-04-22,Transitional,0.9913773156298659
2026-04-23,Transitional,0.9306486331873791
2026-04-24,Transitional,0.9958583291707972
2026-04-27,Transitional,0.7803221820545895
2026-04-28,Stable,0.6747547871353017
2026-04-29,Stable,0.8457992419347555
2026-04-30,Stable,0.9221184760367774
2026-05-04,Stable,0.9334228555799158
2026-05-05,Stable,0.9514333610101291
2026-05-06,Stable,0.940594586864893
2026-05-07,Stable,0.8954233633393849
2026-05-08,Stable,0.7990248879329712
2026-05-11,Stable,0.6259365864432821
2026-05-12,Transitional,0.9855592332361627
2026-05-13,Transitional,0.845516709840276
2026-05-14,Transitional,0.8570935972213531
2026-05-15,Transitional,0.8158915754182788
2026-05-18,Transitional,0.9245011336558433
2026-05-19,Transitional,0.945080121373909
2026-05-20,Stable,0.6607280093874404
2026-05-21,Stable,0.8576651751686812
2026-05-22,Stable,0.928827408679881
2026-05-25,Stable,0.9494240348273895
2026-05-26,Stable,0.93940761063436
2026-05-27,Stable,0.8813554775338299
2026-05-29,Stable,0.6900435721541851
2026-06-01,Transitional,0.8848193395518348
2026-06-02,Transitional,0.9904005597818042
2026-06-03,Transitional,0.9906728177808589
2026-06-04,Stable,0.5931609334524989
2026-06-05,Stable,0.7568010452098856
2026-06-08,Stable,0.8280515077792509
2026-06-09,Stable,0.8934105795086666
2026-06-10,Stable,0.8884430985440337
2026-06-11,Stable,0.8458454581100172
2026-06-12,Stable,0.8927053577063906
2026-06-15,Stable,0.8512040769875342
2026-06-16,Stable,0.7336169653840421
2026-06-17,Stable,0.6825589429219162
2026-06-18,Stable,0.5612698983592818
2026-06-19,Transitional,0.98340538617405
2026-06-22,Transitional,0.7985645555352718
2026-06-23,Transitional,0.8577017709130869
2026-06-24,Transitional,0.7845782356360832
2026-06-25,Transitional,0.6541838770930348
2026-06-29,Transitional,0.7171584775227752
2026-06-30,Transitional,0.9602464338856082
2026-07-01,Transitional,0.9672211545813607
2026-07-02,Transitional,0.9986889143121327
2026-07-03,Transitional,0.8065644963022714
2026-07-06,Transitional,0.656627746603081
2026-07-07,Transitional,0.7433473699325233
2026-07-08,Transitional,0.6198869662063641
2026-07-09,Transitional,0.5663812081419769
2026-07-10,Transitional,0.7864755633229301
2026-07-13,Transitional,0.959772193530781
2026-07-14,Stable,0.536033696021362
2026-07-15,Stable,0.7792728594408062
2026-07-16,Stable,0.8600264490260983
2026-07-17,Stable,0.8461546899047381
2026-07-20,Stable,0.9086207080429631
2026-07-21,Stable,0.8989944068875209
2026-07-22,Stable,0.8330018395789278
2026-07-23,Stable,0.8250006483819856
2026-07-24,Stable,0.658792416457651
2026-07-27,Transitional,0.812397261905007
2026-07-28,Transitional,0.9787750346594382
2026-07-29,Transitional,0.8957270720967794
2026-07-30,Transitional,0.6926374897506866
2026-07-31,Transitional,0.7789116641817472
2026-08-03,Transitional,0.9085460994055338
2026-08-04,Stable,0.6116313631720741
2026-08-05,Stable,0.8317298940253262
2026-08-06,Stable,0.8784662685008453
2026-08-07,Stable,0.8965889252045987
2026-08-10,Stable,0.9382904344329415
2026-08-11,Stable,0.9350270632507865
2026-08-12,Stable,0.8956569825329207
2026-08-13,Stable,0.9355606967985575
2026-08-14,Stable,0.9307497002208149
