date,regime_label,regime_probability
2014-10-07,Transitional,1.0
2014-10-08,Transitional,0.9862314430918522
2014-10-09,Transitional,0.9756030842697988
2014-10-10,Transitional,0.9492266126287827
2014-10-13,Transitional,0.9066452490582527
2014-10-14,Transitional,0.8744749820770266
2014-10-15,Transitional,0.8592501654927786
2014-10-16,Transitional,0.8542011579219041
2014-10-17,Transitional,0.8494092403323017
2014-10-20,Transitional,0.8121003118366458
2014-10-21,Transitional,0.751878569320633
2014-10-22,Stable,0.5004294804212231
2014-10-27,Stable,0.6557084343257218
2014-10-28,Stable,0.7404663922952632
2014-10-29,Stable,0.8378764280635947
2014-10-30,Stable,0.8897266181798406
2014-10-31,Stable,0.9181003235162063
2014-11-03,Stable,0.9345789542508707
2014-11-05,Stable,0.9461669817268559
2014-11-07,Stable,0.9576657592616862
2014-11-10,Stable,0.9638088729004993
2014-11-11,Stable,0.9680234358015233
2014-11-12,Stable,0.9701493591336461
2014-11-13,Stable,0.9714450109353943
2014-11-14,Stable,0.970901472290735
2014-11-17,Stable,0.9662699515105339
2014-11-18,Stable,0.9599899280716281
2014-11-19,Stable,0.9468872431846166
2014-11-20,Stable,0.9211265567725037
2014-11-21,Stable,0.8720542174541059
2014-11-24,Stable,0.8557557242935934
2014-11-25,Stable,0.8554708093988365
2014-11-26,Stable,0.8648560585168686
2014-11-27,Stable,0.8760927484749459
2014-11-28,Stable,0.8794870616934848
2014-12-01,Stable,0.8858934622083243
2014-12-02,Stable,0.8839508012054077
2014-12-03,Stable,0.8745706521131115
2014-12-04,Stable,0.861806798538391
2014-12-05,Stable,0.8395845723782343
2014-12-08,Stable,0.8016854484991076
2014-12-09,Stable,0.7712597208656302
2014-12-10,Stable,0.7272220402188473
2014-12-11,Stable,0.6454147772730908
2014-12-12,Stable,0.543005383728044
2014-12-15,Stable,0.6271329434566308
2014-12-16,Transitional,0.9335969182743218
2014-12-17,Transitional,0.9522428003563127
2014-12-18,Transitional,0.9558039157828069
2014-12-19,Transitional,0.9574033179078125
2014-12-22,Transitional,0.9233450546017145
2014-12-23,Transitional,0.8987550642767616
2014-12-24,Transitional,0.865772240402914
2014-12-26,Transitional,0.8502635046302089
2014-12-29,Transitional,0.8446452331911494
2014-12-30,Transitional,0.8480934806389412
2014-12-31,Transitional,0.8632310495948599
2015-01-01,Transitional,0.8917160072086974
2015-01-02,Transitional,0.9445987816399815
2015-01-05,Transitional,0.9584301630486252
2015-01-06,Transitional,0.9774703392676247
2015-01-07,Transitional,0.9837327986608758
2015-01-08,Transitional,0.9872767161700643
2015-01-09,Transitional,0.9902010268649103
2015-01-12,Transitional,0.9902533380071569
2015-01-13,Transitional,0.9896443194094878
2015-01-14,Transitional,0.9866447251280306
2015-01-15,Transitional,0.9755627550620121
2015-01-16,Transitional,0.9791164869870929
2015-01-19,Transitional,0.978079459258299
2015-01-20,Transitional,0.9747643318200475
2015-01-21,Transitional,0.9702672123110488
2015-01-22,Transitional,0.970011058268343
2015-01-23,Transitional,0.9738945168093283
2015-01-27,Transitional,0.9816152394539005
2015-01-28,Transitional,0.9826278672735833
2015-01-29,Transitional,0.9798698219331518
2015-01-30,Transitional,0.9649324787821165
2015-02-02,Transitional,0.980938183714778
2015-02-03,Transitional,0.9888077670225642
2015-02-04,Transitional,0.9912076729308907
2015-02-05,Transitional,0.991540819131219
2015-02-06,Transitional,0.9913853614884224
2015-02-09,Transitional,0.9889546436688486
2015-02-10,Transitional,0.9858711042484666
2015-02-11,Transitional,0.9764976079507274
2015-02-12,Transitional,0.9690045560607395
2015-02-13,Transitional,0.9636805242274351
2015-02-16,Transitional,0.9606106538440232
2015-02-18,Transitional,0.9568456256881104
2015-02-19,Transitional,0.9560771184283465
2015-02-20,Transitional,0.9576203508105695
2015-02-23,Transitional,0.9546246545765805
2015-02-24,Transitional,0.9559121587240621
2015-02-25,Transitional,0.9601896658219692
2015-02-26,Transitional,0.964366184208004
2015-02-27,Transitional,0.9631422367364627
2015-03-02,Transitional,0.965486348971844
2015-03-03,Transitional,0.9791771577333984
2015-03-04,Transitional,0.9821011401673047
2015-03-05,Transitional,0.983004757989413
2015-03-09,Transitional,0.9810453574114832
2015-03-10,Transitional,0.9651386666164654
2015-03-11,Transitional,0.9558193779038285
2015-03-12,Transitional,0.9518037502646304
2015-03-13,Transitional,0.9483940788957042
2015-03-16,Transitional,0.935734113378683
2015-03-17,Transitional,0.931251075198967
2015-03-18,Transitional,0.9318342588980748
2015-03-19,Transitional,0.9393508022891779
2015-03-20,Transitional,0.9464166600116236
2015-03-23,Transitional,0.9257452361581023
2015-03-24,Transitional,0.9028954364009525
2015-03-25,Transitional,0.8894210228951455
2015-03-26,Transitional,0.8755759343370841
2015-03-27,Transitional,0.8082503738905472
2015-03-30,Transitional,0.7012064054816686
2015-03-31,Transitional,0.6164950073426829
2015-04-01,Transitional,0.553913213736671
2015-04-06,Transitional,0.5797848664061637
2015-04-07,Transitional,0.6620626595466734
2015-04-08,Transitional,0.7293735925693157
2015-04-09,Transitional,0.7709684126116506
2015-04-10,Transitional,0.8173947705694331
2015-04-13,Transitional,0.8456905006361748
2015-04-15,Transitional,0.859982266748744
2015-04-16,Transitional,0.8656981009915498
2015-04-17,Transitional,0.8655559280048707
2015-04-20,Transitional,0.8593236408960905
2015-04-21,Transitional,0.8417866383800957
2015-04-22,Transitional,0.8051204325369091
2015-04-23,Transitional,0.7367124520730651
2015-04-24,Transitional,0.5882234222378638
2015-04-27,Transitional,0.3884656302302493
2015-04-28,Transitional,0.7846401045090095
2015-04-29,Transitional,0.6907913895428865
2015-04-30,Transitional,0.8415610399260741
2015-05-04,Transitional,0.8867505320303307
2015-05-05,Transitional,0.8983142464432066
2015-05-06,Transitional,0.8801102032337835
2015-05-07,Transitional,0.8920503575678329
2015-05-08,Transitional,0.8823219009696981
2015-05-11,Transitional,0.8945421768576934
2015-05-12,Transitional,0.8821969231974431
2015-05-13,Transitional,0.8793677854609628
2015-05-14,Stable,0.7302477955466592
2015-05-15,Stable,0.6186438847441867
2015-05-18,Stable,0.5426277077224565
2015-05-19,Stable,0.5125323685794113
2015-05-20,Stable,0.5421441312154754
2015-05-21,Stable,0.5597667862031355
2015-05-22,Stable,0.581818876439022
2015-05-25,Stable,0.5876663271861183
2015-05-26,Stable,0.5815523646226596
2015-05-27,Stable,0.5649819475449764
2015-05-28,Stable,0.5375309332213599
2015-05-29,Stable,0.5147317281978184
2015-06-01,Stable,0.6024429245350109
2015-06-02,Stable,0.7598470864593508
2015-06-03,Stable,0.7586294701415484
2015-06-04,Stable,0.6979168772308798
2015-06-05,Stable,0.6641638143505885
2015-06-08,Stable,0.6004046104065035
2015-06-09,Stable,0.5661710089364705
2015-06-10,Stable,0.5385970437369346
2015-06-11,Stable,0.5035326928697491
2015-06-12,Stable,0.5250026890190995
2015-06-15,Stable,0.620215168505025
2015-06-16,Stable,0.6852544630879703
2015-06-17,Stable,0.7261056904251907
2015-06-18,Stable,0.7458564233403047
2015-06-19,Stable,0.7531678864795159
2015-06-22,Stable,0.7485424595158671
2015-06-23,Stable,0.8306161294041469
2015-06-24,Stable,0.8769837427050559
2015-06-25,Stable,0.9146102021293117
2015-06-26,Stable,0.9407695721452791
2015-06-29,Stable,0.9596723008650172
2015-06-30,Stable,0.9693560578459985
2015-07-01,Stable,0.9765216523787731
2015-07-02,Stable,0.9827035658373451
2015-07-03,Stable,0.9853037995324705
2015-07-06,Stable,0.9855802992690851
2015-07-07,Stable,0.9833870810929534
2015-07-08,Stable,0.9794223376768623
2015-07-09,Stable,0.9773419207608144
2015-07-10,Stable,0.9719708780863205
2015-07-13,Stable,0.9644213820597647
2015-07-14,Stable,0.9528320219509676
2015-07-15,Stable,0.9361011905874657
2015-07-16,Stable,0.9044606929846641
2015-07-17,Stable,0.8516784822911964
2015-07-20,Stable,0.7518788306495697
2015-07-21,Stable,0.5808359602654057
2015-07-22,Stable,0.5952460421575535
2015-07-23,Stable,0.7643235017706336
2015-07-24,Transitional,0.9593167955326788
2015-07-27,Transitional,0.9741895904433643
2015-07-28,Transitional,0.9837338891832922
2015-07-29,Transitional,0.9865861684802254
2015-07-30,Transitional,0.9858629064901108
2015-07-31,Transitional,0.9786066512702163
2015-08-03,Transitional,0.979239267230163
2015-08-04,Transitional,0.9681203486174353
2015-08-05,Transitional,0.9608764993016913
2015-08-06,Transitional,0.9569706214126436
2015-08-07,Transitional,0.958590028328185
2015-08-10,Transitional,0.9660736970803112
2015-08-11,Transitional,0.98119133106641
2015-08-12,Transitional,0.984483943232647
2015-08-13,Transitional,0.9842012813366618
2015-08-14,Transitional,0.9789624776168095
2015-08-17,Transitional,0.9654899813589511
2015-08-18,Transitional,0.9520520519620403
2015-08-19,Transitional,0.9249859958199766
2015-08-20,Transitional,0.8500953770814595
2015-08-21,Transitional,0.6662229208122451
2015-08-24,Volatile,0.9554065370087859
2015-08-25,Volatile,0.8160860693072611
2015-08-26,Transitional,0.6758532083992962
2015-08-27,Transitional,0.8710015189807997
2015-08-28,Transitional,0.9450724622394652
2015-08-31,Transitional,0.9701028912992511
2015-09-01,Transitional,0.9803172974105401
2015-09-02,Transitional,0.9841358934304393
2015-09-03,Transitional,0.9830833848761816
2015-09-04,Transitional,0.9719384843329953
2015-09-07,Transitional,0.9620051390723868
2015-09-08,Transitional,0.9536012818441665
2015-09-09,Transitional,0.9631734985155903
2015-09-10,Transitional,0.9596152322776889
2015-09-11,Transitional,0.9554293431082502
2015-09-14,Transitional,0.9551339489022189
2015-09-15,Transitional,0.9548083262462141
2015-09-16,Transitional,0.9549548321980945
2015-09-18,Transitional,0.9561170190596915
2015-09-21,Transitional,0.9571202955895297
2015-09-22,Transitional,0.962073846531708
2015-09-23,Transitional,0.953185237369736
2015-09-24,Transitional,0.9481539934309755
2015-09-28,Transitional,0.9402611589149896
2015-09-29,Transitional,0.9389829114895372
2015-09-30,Transitional,0.9430608401892197
2015-10-01,Transitional,0.9500765247295432
2015-10-05,Transitional,0.9424287262366656
2015-10-06,Transitional,0.884195115466759
2015-10-07,Transitional,0.8445151069897475
2015-10-08,Transitional,0.8226875778195172
2015-10-09,Transitional,0.795790325907931
2015-10-12,Transitional,0.7062059916055047
2015-10-13,Transitional,0.6570403662451186
2015-10-14,Transitional,0.6331480330049426
2015-10-15,Transitional,0.60659129979091
2015-10-16,Transitional,0.5893820027719984
2015-10-19,Transitional,0.5817050197564969
2015-10-20,Transitional,0.5836103158299265
2015-10-21,Transitional,0.5990401400589164
2015-10-23,Transitional,0.6197627143277205
2015-10-26,Transitional,0.6496772992280765
2015-10-27,Transitional,0.7060263308010051
2015-10-28,Transitional,0.796442064826491
2015-10-29,Transitional,0.7365230191113923
2015-10-30,Transitional,0.7025635655058349
2015-11-02,Transitional,0.6510025910540583
2015-11-03,Transitional,0.6195236485218366
2015-11-04,Transitional,0.6061661474497521
2015-11-05,Transitional,0.571443633266278
2015-11-06,Transitional,0.5438539492864201
2015-11-09,Transitional,0.5246324817022284
2015-11-10,Transitional,0.5054046663804008
2015-11-13,Transitional,0.5012509570538362
2015-11-16,Transitional,0.5091692897438208
2015-11-17,Transitional,0.508398095599368
2015-11-18,Transitional,0.5203247660359552
2015-11-19,Transitional,0.49818810930212565
2015-11-20,Transitional,0.5477823607722134
2015-11-23,Transitional,0.5743215515563667
2015-11-24,Transitional,0.583755410940614
2015-11-26,Transitional,0.5858230388663596
2015-11-27,Transitional,0.5738084990137285
2015-11-30,Transitional,0.5766292666604643
2015-12-01,Transitional,0.5740964742231941
2015-12-02,Transitional,0.5563306655370607
2015-12-03,Transitional,0.5344633438725395
2015-12-04,Transitional,0.5187329624904843
2015-12-07,Transitional,0.5069569703721823
2015-12-08,Transitional,0.5197042564287545
2015-12-09,Transitional,0.5701463263559426
2015-12-10,Transitional,0.6501380105469897
2015-12-11,Transitional,0.7969233071249536
2015-12-14,Transitional,0.7991238125506802
2015-12-15,Transitional,0.8071808817217989
2015-12-16,Transitional,0.8196643015817789
2015-12-17,Transitional,0.8225279667185869
2015-12-18,Transitional,0.8352420821715454
2015-12-21,Transitional,0.8509788703550408
2015-12-22,Transitional,0.8380593428038202
2015-12-23,Transitional,0.8343793722668488
2015-12-24,Transitional,0.8380174236678204
2015-12-28,Transitional,0.8415314910264657
2015-12-29,Transitional,0.83599261067219
2015-12-30,Transitional,0.8402772537533971
2015-12-31,Transitional,0.8516011037128454
2016-01-01,Transitional,0.8766797821542829
2016-01-04,Transitional,0.9225749234755992
2016-01-05,Transitional,0.9314204672542779
2016-01-06,Transitional,0.9481415604088228
2016-01-07,Transitional,0.9517864003215518
2016-01-08,Transitional,0.9562707417860996
2016-01-11,Transitional,0.9655373905458986
2016-01-12,Transitional,0.9687270237422874
2016-01-13,Transitional,0.9731629474771596
2016-01-14,Transitional,0.9787188801446881
2016-01-15,Transitional,0.9764526847315533
2016-01-18,Transitional,0.9866621519561932
2016-01-19,Transitional,0.9885632256772465
2016-01-20,Transitional,0.9897655238714553
2016-01-21,Transitional,0.9889998866245716
2016-01-22,Transitional,0.9879053627117991
2016-01-25,Transitional,0.9863079383413854
2016-01-27,Transitional,0.9843590175760804
2016-01-28,Transitional,0.9807596527348295
2016-01-29,Transitional,0.9680565429050324
2016-02-01,Transitional,0.9260835796944827
2016-02-02,Transitional,0.950928060567033
2016-02-03,Transitional,0.970135106658802
2016-02-04,Transitional,0.9818718312706134
2016-02-05,Transitional,0.9837170586853915
2016-02-08,Transitional,0.982754247156929
2016-02-09,Transitional,0.9803954953084233
2016-02-10,Transitional,0.9737858736155708
2016-02-11,Transitional,0.9473743156479992
2016-02-12,Transitional,0.9269068964723735
2016-02-15,Transitional,0.8918979791608159
2016-02-16,Transitional,0.9200497637485655
2016-02-17,Transitional,0.9464214746901768
2016-02-18,Transitional,0.9637444864086118
2016-02-19,Transitional,0.9750857814432732
2016-02-22,Transitional,0.9746009468290756
2016-02-23,Transitional,0.9579738163920216
2016-02-24,Transitional,0.9370562858299062
2016-02-25,Transitional,0.8951408803828378
2016-02-26,Transitional,0.7955416364031691
2016-02-29,Transitional,0.5109541220732198
2016-03-01,Volatile,0.9847548788340575
2016-03-02,Volatile,0.9779914497869331
2016-03-03,Transitional,0.6287389674162478
2016-03-04,Transitional,0.8093182749192528
2016-03-08,Transitional,0.8696947749475719
2016-03-09,Transitional,0.8901856093978423
2016-03-10,Transitional,0.9030188837017472
2016-03-11,Transitional,0.9209179682714853
2016-03-14,Transitional,0.9464584319109686
2016-03-15,Transitional,0.9451011237060112
2016-03-16,Transitional,0.945881936490138
2016-03-17,Transitional,0.942596912076093
2016-03-18,Transitional,0.9441445784393159
2016-03-21,Transitional,0.9493189404979697
2016-03-22,Transitional,0.9518450195319599
2016-03-23,Transitional,0.9549123393978743
2016-03-28,Transitional,0.9496435356066845
2016-03-29,Transitional,0.9306505843119507
2016-03-30,Transitional,0.8577606655637542
2016-03-31,Transitional,0.9374972168541874
2016-04-01,Transitional,0.9585123400165683
2016-04-04,Transitional,0.9605398102767041
2016-04-05,Transitional,0.9429211872230389
2016-04-06,Transitional,0.9710559793227449
2016-04-07,Transitional,0.9778082688539512
2016-04-08,Transitional,0.9777997720794371
2016-04-11,Transitional,0.973601529900806
2016-04-12,Transitional,0.9582635740593723
2016-04-13,Transitional,0.9149607043136545
2016-04-18,Transitional,0.9296263282497174
2016-04-20,Transitional,0.9172798899890752
2016-04-21,Transitional,0.8532270221920178
2016-04-22,Transitional,0.9447563764935818
2016-04-25,Transitional,0.9709355535411096
2016-04-26,Transitional,0.9798517047870894
2016-04-27,Transitional,0.9834816345220478
2016-04-28,Transitional,0.9876676416749427
2016-04-29,Transitional,0.9870136930082548
2016-05-02,Transitional,0.9789539781100061
2016-05-03,Transitional,0.9852240193207152
2016-05-04,Transitional,0.9881330294909734
2016-05-05,Transitional,0.9903626810263851
2016-05-06,Transitional,0.9902029680635749
2016-05-09,Transitional,0.9892493841256742
2016-05-10,Transitional,0.9887095002225643
2016-05-11,Transitional,0.9881410678617604
2016-05-12,Transitional,0.986278218628496
2016-05-13,Transitional,0.9845372387437783
2016-05-16,Transitional,0.9760805313567968
2016-05-17,Transitional,0.9690105866479717
2016-05-18,Transitional,0.9661722501827652
2016-05-19,Transitional,0.9683167407872443
2016-05-20,Transitional,0.9750890384331318
2016-05-23,Transitional,0.9759118446159508
2016-05-24,Transitional,0.9765358056767893
2016-05-25,Transitional,0.9688138184352505
2016-05-26,Transitional,0.9714082114624952
2016-05-27,Transitional,0.9555987038483534
2016-05-30,Transitional,0.9445272230133321
2016-05-31,Transitional,0.9400009893183612
2016-06-01,Transitional,0.9417497209510198
2016-06-02,Transitional,0.9412559895879256
2016-06-03,Transitional,0.9465731770743235
2016-06-06,Transitional,0.9565529537352051
2016-06-07,Transitional,0.9727061786629557
2016-06-08,Transitional,0.9733023750382054
2016-06-09,Transitional,0.9704475031248201
2016-06-10,Transitional,0.9670005050367935
2016-06-13,Transitional,0.9638221334274774
2016-06-14,Transitional,0.920760080658061
2016-06-15,Transitional,0.897037043814921
2016-06-16,Transitional,0.8807043544413471
2016-06-17,Transitional,0.8628285450816197
2016-06-20,Transitional,0.8568090734275786
2016-06-21,Transitional,0.8608015482135272
2016-06-22,Transitional,0.8762966153272413
2016-06-23,Transitional,0.9077378778284702
2016-06-24,Transitional,0.9586573149596528
2016-06-27,Transitional,0.9559126263867567
2016-06-28,Transitional,0.9542203698144227
2016-06-29,Transitional,0.9567333406499536
2016-06-30,Transitional,0.9609559888052127
2016-07-01,Transitional,0.966029609059591
2016-07-04,Transitional,0.9763178135515727
2016-07-05,Transitional,0.9777620879311971
2016-07-07,Transitional,0.9783603196659663
2016-07-08,Transitional,0.9794284068983645
2016-07-11,Transitional,0.9731769584519971
2016-07-12,Transitional,0.963383741775578
2016-07-13,Transitional,0.9805189351909523
2016-07-14,Transitional,0.9839472210717176
2016-07-15,Transitional,0.9847016054535788
2016-07-18,Transitional,0.9839024216174543
2016-07-19,Transitional,0.9839128964721836
2016-07-20,Transitional,0.9837970483977466
2016-07-21,Transitional,0.9854506294934033
2016-07-22,Transitional,0.9857698252130048
2016-07-25,Transitional,0.9869206487749167
2016-07-26,Transitional,0.9853701019557296
2016-07-27,Transitional,0.9790401966604747
2016-07-28,Transitional,0.9770202851846633
2016-07-29,Transitional,0.9588513154068445
2016-08-01,Transitional,0.9399193821909647
2016-08-02,Transitional,0.9086528951501497
2016-08-03,Transitional,0.8486022749342155
2016-08-04,Transitional,0.7906684413986909
2016-08-05,Transitional,0.753170666872282
2016-08-08,Transitional,0.6792758468755024
2016-08-09,Transitional,0.6396445918311819
2016-08-10,Transitional,0.6207311186809138
2016-08-11,Transitional,0.5593057834750543
2016-08-12,Transitional,0.5087252591166267
2016-08-16,Transitional,0.528880385335657
2016-08-17,Transitional,0.5538130633632621
2016-08-18,Transitional,0.5628824887536706
2016-08-19,Transitional,0.5848952821308049
2016-08-22,Transitional,0.5912050122236351
2016-08-23,Transitional,0.5869788368049881
2016-08-24,Transitional,0.5730469149186493
2016-08-25,Transitional,0.5451600561394556
2016-08-26,Transitional,0.502761357827423
2016-08-29,Transitional,0.5845060425566273
2016-08-30,Transitional,0.6366240267016093
2016-08-31,Transitional,0.6628523743912742
2016-09-01,Transitional,0.7093160773803869
2016-09-02,Transitional,0.7747421241381591
2016-09-06,Transitional,0.8930905610083929
2016-09-07,Transitional,0.89257225775623
2016-09-08,Transitional,0.8789699011033153
2016-09-09,Transitional,0.8709329289666456
2016-09-12,Transitional,0.8682318469570166
2016-09-14,Transitional,0.8558530108342698
2016-09-15,Transitional,0.849405009671357
2016-09-16,Transitional,0.8523363737318056
2016-09-19,Transitional,0.8590602478905782
2016-09-20,Transitional,0.8678483401000177
2016-09-21,Transitional,0.8898517695170484
2016-09-22,Transitional,0.925120996496502
2016-09-23,Transitional,0.9494839665348376
2016-09-26,Transitional,0.9711475945464343
2016-09-27,Transitional,0.9734380789977828
2016-09-28,Transitional,0.9754690404545201
2016-09-29,Transitional,0.9783428232348401
2016-09-30,Transitional,0.9644207689014513
2016-10-03,Transitional,0.9556014464219842
2016-10-04,Transitional,0.9477367573412472
2016-10-05,Transitional,0.944765571885076
2016-10-06,Transitional,0.9430298291648025
2016-10-07,Transitional,0.9360027186942944
2016-10-10,Transitional,0.9148647253107797
2016-10-13,Transitional,0.8293754868852902
2016-10-14,Transitional,0.722536034199945
2016-10-17,Transitional,0.6482942381371222
2016-10-18,Transitional,0.5731953841621401
2016-10-19,Transitional,0.6039864839916209
2016-10-20,Transitional,0.6675234985922448
2016-10-21,Transitional,0.8661726653438864
2016-10-24,Transitional,0.9225528958074103
2016-10-25,Transitional,0.9543216213364174
2016-10-26,Transitional,0.9636309206863393
2016-10-27,Transitional,0.978471116900937
2016-10-28,Transitional,0.9843073679627322
2016-11-01,Transitional,0.9830205215028018
2016-11-02,Transitional,0.9816287895351815
2016-11-03,Transitional,0.9807429018549942
2016-11-04,Transitional,0.9810694449756875
2016-11-07,Transitional,0.9805883852413045
2016-11-08,Transitional,0.9771710721327489
2016-11-09,Transitional,0.9644162085054196
2016-11-10,Transitional,0.9175254656150436
2016-11-11,Transitional,0.8907936314347278
2016-11-15,Transitional,0.9231913806793571
2016-11-16,Transitional,0.8980928618780843
2016-11-17,Transitional,0.8618496180902271
2016-11-18,Transitional,0.8409467794722986
2016-11-21,Transitional,0.825123754998161
2016-11-22,Transitional,0.8126643654929359
2016-11-23,Transitional,0.8108638298000655
2016-11-24,Transitional,0.8174214380450414
2016-11-25,Transitional,0.814288609547485
2016-11-28,Transitional,0.8205800512107039
2016-11-29,Transitional,0.820066617488744
2016-11-30,Transitional,0.8223423482867643
2016-12-01,Transitional,0.736663299173809
2016-12-02,Stable,0.49821789848719966
2016-12-05,Stable,0.6273992349247991
2016-12-06,Stable,0.6989176418362082
2016-12-07,Stable,0.7353362830832695
2016-12-08,Stable,0.7585917253491713
2016-12-09,Stable,0.780605451948022
2016-12-12,Stable,0.8213565082965856
2016-12-13,Stable,0.8585504141082679
2016-12-14,Stable,0.8771816094391361
2016-12-15,Stable,0.896455695015505
2016-12-16,Stable,0.9045858236406911
2016-12-19,Stable,0.9188827528514728
2016-12-20,Stable,0.9249855438360758
2016-12-21,Stable,0.9432323481102733
2016-12-22,Stable,0.9529190853839024
2016-12-23,Stable,0.95637976170826
2016-12-26,Stable,0.9555392453792645
2016-12-27,Stable,0.9556261805452347
2016-12-28,Stable,0.9616607542299416
2016-12-29,Stable,0.9641164790475187
2016-12-30,Stable,0.9624307416609308
2017-01-02,Stable,0.9619058122995757
2017-01-03,Stable,0.961289635137015
2017-01-04,Stable,0.9577688148198684
2017-01-05,Stable,0.9538497632685407
2017-01-06,Stable,0.9589512366875942
2017-01-09,Stable,0.9591631122433532
2017-01-10,Stable,0.9545162204928216
2017-01-11,Stable,0.9439585687377455
2017-01-12,Stable,0.9353504005326349
2017-01-13,Stable,0.9247863513549491
2017-01-16,Stable,0.9028056649485793
2017-01-17,Stable,0.8618353501860014
2017-01-18,Stable,0.78764993123416
2017-01-19,Stable,0.6475300558564266
2017-01-20,Transitional,0.5998262007031792
2017-01-23,Transitional,0.7051004288615575
2017-01-24,Transitional,0.7526826031332093
2017-01-25,Transitional,0.8364380664092993
2017-01-27,Transitional,0.9494629020344639
2017-01-30,Transitional,0.9661541262189243
2017-01-31,Transitional,0.9683764289056142
2017-02-01,Transitional,0.9585089468280088
2017-02-02,Transitional,0.9238181591364935
2017-02-03,Transitional,0.8779443300041101
2017-02-06,Transitional,0.8236928117896286
2017-02-07,Stable,0.5424711326726779
2017-02-08,Stable,0.6367418071344138
2017-02-09,Stable,0.7570920803719388
2017-02-10,Stable,0.8228134055063393
2017-02-13,Stable,0.8767897379518793
2017-02-14,Stable,0.9048119815105818
2017-02-15,Stable,0.9235287034673899
2017-02-16,Stable,0.9415042348524112
2017-02-17,Stable,0.9520893243499198
2017-02-20,Stable,0.9621336784686468
2017-02-21,Stable,0.9663958771953951
2017-02-22,Stable,0.967578473978179
2017-02-23,Stable,0.9649469470694377
2017-02-27,Stable,0.9583578679947911
2017-02-28,Stable,0.9575421303186994
2017-03-01,Stable,0.9541214316556382
2017-03-02,Stable,0.9471750752247734
2017-03-03,Stable,0.9320824327796198
2017-03-06,Stable,0.9106716630543268
2017-03-07,Stable,0.8696295773753921
2017-03-08,Stable,0.7939055586736103
2017-03-09,Stable,0.6639542943318881
2017-03-10,Stable,0.5371150523326796
2017-03-14,Transitional,0.7709127575732301
2017-03-15,Transitional,0.9063971121666051
2017-03-16,Transitional,0.9437330819262764
2017-03-17,Transitional,0.9555308239595878
2017-03-20,Transitional,0.9604324383356643
2017-03-21,Transitional,0.9605855704157379
2017-03-22,Transitional,0.9611656029651627
2017-03-23,Transitional,0.9532230244188399
2017-03-24,Transitional,0.9487767363358873
2017-03-27,Transitional,0.9277647836307886
2017-03-28,Transitional,0.9158546319193951
2017-03-29,Transitional,0.9070595252188342
2017-03-30,Transitional,0.8963991432086023
2017-03-31,Transitional,0.8926208237978874
2017-04-03,Transitional,0.8846254092979264
2017-04-05,Transitional,0.7951861562297691
2017-04-06,Transitional,0.7397465134265165
2017-04-07,Transitional,0.6870962932574125
2017-04-10,Transitional,0.643253831752333
2017-04-11,Transitional,0.6223348866754255
2017-04-12,Transitional,0.5858527610067096
2017-04-13,Transitional,0.5611450496036319
2017-04-17,Transitional,0.5511804848072679
2017-04-18,Transitional,0.5548704113649257
2017-04-19,Transitional,0.573454575246055
2017-04-20,Transitional,0.601698177562856
2017-04-21,Transitional,0.5943241765292647
2017-04-24,Transitional,0.5888256309894067
2017-04-25,Transitional,0.5956729324717136
2017-04-26,Transitional,0.6054935482335294
2017-04-27,Transitional,0.6135258383652583
2017-04-28,Transitional,0.6192741326281227
2017-05-02,Transitional,0.5995193383108625
2017-05-03,Transitional,0.48815114367315954
2017-05-04,Volatile,0.9621171406029373
2017-05-05,Stable,0.5319916070545426
2017-05-08,Stable,0.6553073960741647
2017-05-09,Stable,0.7277498559886441
2017-05-10,Stable,0.7639570587476406
2017-05-11,Stable,0.7822862451836896
2017-05-12,Stable,0.7879386607145641
2017-05-15,Stable,0.7906295979163638
2017-05-16,Stable,0.7959439901134635
2017-05-17,Stable,0.7904402871402395
2017-05-18,Stable,0.7986622531208123
2017-05-19,Stable,0.7979817670126113
2017-05-22,Stable,0.7866330606161892
2017-05-23,Stable,0.7689598549781493
2017-05-24,Stable,0.7350586250014699
2017-05-25,Stable,0.6667887881925686
2017-05-26,Stable,0.6839802160696996
2017-05-29,Stable,0.6933718566521625
2017-05-30,Stable,0.7188135956670674
2017-05-31,Stable,0.7596189524629521
2017-06-01,Stable,0.7982785981075111
2017-06-02,Stable,0.8616218574974488
2017-06-05,Stable,0.8993801217509513
2017-06-06,Stable,0.9195836138951236
2017-06-07,Stable,0.9291967005651184
2017-06-08,Stable,0.9419214402168962
2017-06-09,Stable,0.954500533700292
2017-06-12,Stable,0.9605993065422724
2017-06-13,Stable,0.9741481083173229
2017-06-14,Stable,0.9812535256496394
2017-06-15,Stable,0.987317301738451
2017-06-16,Stable,0.9911304596975996
2017-06-19,Stable,0.9927871583126677
2017-06-20,Stable,0.9944024444686261
2017-06-21,Stable,0.9957343154702534
2017-06-22,Stable,0.9963389479120046
2017-06-23,Stable,0.9964541674484277
2017-06-27,Stable,0.9961886017231512
2017-06-28,Stable,0.9966783502792324
2017-06-29,Stable,0.9968920757607725
2017-06-30,Stable,0.9970505927519676
2017-07-03,Stable,0.9974953318316533
2017-07-04,Stable,0.9974935649116263
2017-07-05,Stable,0.9970842750231115
2017-07-06,Stable,0.9968592910567604
2017-07-07,Stable,0.9960041481385149
2017-07-10,Stable,0.9959541088220325
2017-07-11,Stable,0.9952552730822353
2017-07-12,Stable,0.9939027826026191
2017-07-13,Stable,0.9917771608688268
2017-07-14,Stable,0.9916156858352194
2017-07-17,Stable,0.9897022403180932
2017-07-18,Stable,0.9892599171299418
2017-07-19,Stable,0.9866882041446253
2017-07-20,Stable,0.9817523993324524
2017-07-21,Stable,0.973056988327057
2017-07-24,Stable,0.956985038540695
2017-07-25,Stable,0.9268781960780352
2017-07-26,Stable,0.8706832240707166
2017-07-27,Stable,0.8328008360349584
2017-07-28,Stable,0.7786944569275362
2017-07-31,Stable,0.807380381592983
2017-08-01,Stable,0.8575329297891976
2017-08-02,Stable,0.8825561976770907
2017-08-03,Stable,0.8943264646915122
2017-08-04,Stable,0.9195320508501218
2017-08-07,Stable,0.9317279317632178
2017-08-08,Stable,0.9411038293865557
2017-08-09,Stable,0.9524144022383744
2017-08-10,Stable,0.9673600425125105
2017-08-11,Stable,0.976223325130802
2017-08-14,Stable,0.9812074164039711
2017-08-16,Stable,0.987512632702579
2017-08-17,Stable,0.9920385148476593
2017-08-18,Stable,0.9948315515880478
2017-08-21,Stable,0.9962009603097043
2017-08-22,Stable,0.9967054796253495
2017-08-23,Stable,0.9965435618877406
2017-08-24,Stable,0.9972632061459739
2017-08-28,Stable,0.9975262769740669
2017-08-29,Stable,0.9979324223768683
2017-08-30,Stable,0.9981783775036455
2017-08-31,Stable,0.9982023435374684
2017-09-01,Stable,0.9983636536809014
2017-09-04,Stable,0.9983524849879624
2017-09-05,Stable,0.9982879024236332
2017-09-06,Stable,0.9980237380637391
2017-09-07,Stable,0.9978544146341723
2017-09-08,Stable,0.997911370224985
2017-09-11,Stable,0.9976985851513258
2017-09-12,Stable,0.9972346021336774
2017-09-13,Stable,0.9961871017954098
2017-09-14,Stable,0.9941554053142383
2017-09-15,Stable,0.9906192936630405
2017-09-18,Stable,0.9852085112945032
2017-09-19,Stable,0.9752967821681867
2017-09-20,Stable,0.9575987549499356
2017-09-21,Stable,0.9395308755647848
2017-09-22,Stable,0.9297577211833669
2017-09-25,Stable,0.9397374211293639
2017-09-26,Stable,0.9442740311181951
2017-09-27,Stable,0.9460771394596887
2017-09-28,Stable,0.9587367654054624
2017-09-29,Stable,0.9644560761520543
2017-10-03,Stable,0.9654842753113368
2017-10-04,Stable,0.9629253930953992
2017-10-05,Stable,0.95743594150737
2017-10-06,Stable,0.9536801305417332
2017-10-09,Stable,0.9434732099478133
2017-10-10,Stable,0.9227658196969212
2017-10-11,Stable,0.8894949613241806
2017-10-12,Stable,0.838709256774634
2017-10-13,Stable,0.7420080020481538
2017-10-16,Stable,0.6245830487172894
2017-10-17,Stable,0.5227043671691376
2017-10-18,Transitional,0.7822470504732335
2017-10-19,Transitional,0.7696164641627907
2017-10-23,Transitional,0.7004551335311019
2017-10-24,Transitional,0.5150083034077815
2017-10-25,Volatile,0.999999784768102
2017-10-26,Transitional,0.5602597181604723
2017-10-27,Transitional,0.7867219415417387
2017-10-30,Transitional,0.8519752590882668
2017-10-31,Transitional,0.8712193203836378
2017-11-01,Transitional,0.8739524826958435
2017-11-02,Stable,0.7534538581842259
2017-11-03,Stable,0.6647236611423375
2017-11-06,Stable,0.6158442447806105
2017-11-07,Stable,0.5918848155118431
2017-11-08,Stable,0.573618689759071
2017-11-09,Stable,0.5275794989643664
2017-11-10,Stable,0.5259742730044693
2017-11-13,Stable,0.6423725999300597
2017-11-14,Stable,0.7471881574759297
2017-11-15,Stable,0.8022768624083321
2017-11-16,Stable,0.8312885075802063
2017-11-17,Stable,0.8502923467144495
2017-11-20,Stable,0.8771542517350808
2017-11-21,Stable,0.9257968714393658
2017-11-22,Stable,0.9521185757038476
2017-11-23,Stable,0.9663959499815089
2017-11-24,Stable,0.9733535890444366
2017-11-27,Stable,0.9770982853067144
2017-11-28,Stable,0.9773924530540633
2017-11-29,Stable,0.9773355203861103
2017-11-30,Stable,0.9741538399209354
2017-12-01,Stable,0.9785168926953555
2017-12-04,Stable,0.9805373332820606
2017-12-05,Stable,0.979828366658537
2017-12-06,Stable,0.9758665446452424
2017-12-07,Stable,0.9756426347379887
2017-12-08,Stable,0.9794967751192751
2017-12-11,Stable,0.9841376761277091
2017-12-12,Stable,0.9856861885626076
2017-12-13,Stable,0.9872487603187065
2017-12-14,Stable,0.9900072407045377
2017-12-15,Stable,0.9908534524978009
2017-12-18,Stable,0.9901921870882836
2017-12-19,Stable,0.9915302562187017
2017-12-20,Stable,0.9935380210951804
2017-12-21,Stable,0.9944044884385873
2017-12-22,Stable,0.9941465312946529
2017-12-26,Stable,0.9927007128104703
2017-12-27,Stable,0.9896048386819855
2017-12-28,Stable,0.988456279002346
2017-12-29,Stable,0.9856820013939591
2018-01-01,Stable,0.9800513112369963
2018-01-02,Stable,0.9735572892095743
2018-01-03,Stable,0.9607443860867083
2018-01-04,Stable,0.9497579094782295
2018-01-05,Stable,0.9280400545219891
2018-01-08,Stable,0.8912264985672842
2018-01-09,Stable,0.8232375046890047
2018-01-10,Stable,0.7058766034554566
2018-01-11,Stable,0.5050393380644543
2018-01-12,Transitional,0.8283499205983642
2018-01-15,Transitional,0.9396829855519134
2018-01-16,Transitional,0.9586928946410824
2018-01-17,Transitional,0.9704287766981995
2018-01-18,Transitional,0.9754253305960942
2018-01-19,Transitional,0.9800564582954272
2018-01-22,Transitional,0.9829812745980804
2018-01-23,Transitional,0.9861322430142752
2018-01-24,Transitional,0.9871178662040253
2018-01-25,Transitional,0.9849839807211743
2018-01-29,Transitional,0.9802106048194023
2018-01-30,Transitional,0.9774701001655577
2018-01-31,Transitional,0.9762916981310594
2018-02-01,Transitional,0.9784423845184097
2018-02-02,Transitional,0.978198782162611
2018-02-05,Transitional,0.9665530837042898
2018-02-06,Transitional,0.9526834074353434
2018-02-07,Transitional,0.9470987952784081
2018-02-08,Transitional,0.9477065483551116
2018-02-09,Transitional,0.9547765208803747
2018-02-12,Transitional,0.9572219270555307
2018-02-14,Transitional,0.9646098670855687
2018-02-15,Transitional,0.965159045515093
2018-02-16,Transitional,0.9571466167449796
2018-02-19,Transitional,0.9339234097750441
2018-02-20,Transitional,0.9219344730080701
2018-02-21,Transitional,0.9166738814864938
2018-02-22,Transitional,0.9188615870182618
2018-02-23,Transitional,0.9294770927385385
2018-02-26,Transitional,0.9444616173525842
2018-02-27,Transitional,0.9645539539366941
2018-02-28,Transitional,0.9835584886119313
2018-03-01,Transitional,0.9881394429135254
2018-03-05,Transitional,0.9897909991576828
2018-03-06,Transitional,0.9895065495619408
2018-03-07,Transitional,0.9874367778785768
2018-03-08,Transitional,0.984856043598395
2018-03-09,Transitional,0.9852476490629449
2018-03-12,Transitional,0.9814324059896087
2018-03-13,Transitional,0.9693914654717433
2018-03-14,Transitional,0.9606358523846027
2018-03-15,Transitional,0.9576041172339528
2018-03-16,Transitional,0.955370413537362
2018-03-19,Transitional,0.9560546748609534
2018-03-20,Transitional,0.9593703360739482
2018-03-21,Transitional,0.9669503117975702
2018-03-22,Transitional,0.9783820814678995
2018-03-23,Transitional,0.9829130196658267
2018-03-26,Transitional,0.980970178706158
2018-03-27,Transitional,0.9747283705334882
2018-03-28,Transitional,0.9523060584609181
2018-04-02,Transitional,0.8924125393494752
2018-04-03,Transitional,0.9299799657397707
2018-04-04,Transitional,0.9592105866956998
2018-04-05,Transitional,0.9628079375513409
2018-04-06,Transitional,0.9466631948255868
2018-04-09,Transitional,0.9331885480210844
2018-04-10,Transitional,0.9251271615498792
2018-04-11,Transitional,0.8925248581752143
2018-04-12,Transitional,0.8592477851458689
2018-04-13,Transitional,0.8412173634501723
2018-04-16,Transitional,0.835200377960242
2018-04-17,Transitional,0.8393570919603588
2018-04-18,Transitional,0.8473594958311517
2018-04-19,Transitional,0.8660753513003823
2018-04-20,Transitional,0.9040398018426101
2018-04-23,Transitional,0.9143914593441
2018-04-24,Transitional,0.9297807816557191
2018-04-25,Transitional,0.9454749119266173
2018-04-26,Transitional,0.9563638542262874
2018-04-27,Transitional,0.9761848314422753
2018-04-30,Transitional,0.9798146281273147
2018-05-02,Transitional,0.9796035447382956
2018-05-03,Transitional,0.9731138698294104
2018-05-04,Transitional,0.9563006678197493
2018-05-07,Transitional,0.8982803585861004
2018-05-08,Transitional,0.7872351408151845
2018-05-09,Transitional,0.9065003462806053
2018-05-10,Transitional,0.9375807453603802
2018-05-11,Transitional,0.9468952511663244
2018-05-14,Transitional,0.9520212053325725
2018-05-15,Transitional,0.9600231976137993
2018-05-16,Transitional,0.9722226137841128
2018-05-17,Transitional,0.9681053908885134
2018-05-18,Transitional,0.9638159568696235
2018-05-21,Transitional,0.9197685986583041
2018-05-22,Transitional,0.8889187109369913
2018-05-23,Transitional,0.8740047246241409
2018-05-24,Transitional,0.8687839181326534
2018-05-25,Transitional,0.8612124414594741
2018-05-28,Transitional,0.860371706622249
2018-05-29,Transitional,0.8630228873755741
2018-05-30,Transitional,0.8266424406286063
2018-05-31,Transitional,0.7798432403236382
2018-06-01,Transitional,0.7566028103078865
2018-06-04,Transitional,0.7418446313613807
2018-06-05,Transitional,0.7357518373354383
2018-06-06,Transitional,0.7370098749142577
2018-06-07,Transitional,0.7509237819638295
2018-06-08,Transitional,0.7503681208796916
2018-06-11,Transitional,0.7565862957038492
2018-06-12,Transitional,0.773723802909915
2018-06-13,Transitional,0.8106839875443413
2018-06-14,Transitional,0.8637476338731808
2018-06-15,Transitional,0.8930592140807652
2018-06-18,Transitional,0.9362591410358696
2018-06-19,Transitional,0.9377225088584424
2018-06-20,Transitional,0.9417581990846817
2018-06-21,Transitional,0.952187894809174
2018-06-22,Transitional,0.9634115216040767
2018-06-25,Transitional,0.9802083593860428
2018-06-26,Transitional,0.9810554607265547
2018-06-27,Transitional,0.9792018534348588
2018-06-28,Transitional,0.967670290139311
2018-06-29,Transitional,0.9166264745013767
2018-07-02,Transitional,0.8716262646422263
2018-07-03,Transitional,0.8460564583982003
2018-07-04,Transitional,0.8174038660111165
2018-07-05,Transitional,0.8054928292267882
2018-07-06,Transitional,0.8034460657939527
2018-07-09,Transitional,0.8111882661961832
2018-07-10,Transitional,0.8328890557347955
2018-07-11,Transitional,0.8719016063634959
2018-07-12,Transitional,0.9040068363868599
2018-07-13,Transitional,0.9451158819285079
2018-07-16,Transitional,0.9779991077336432
2018-07-17,Transitional,0.9827758914487054
2018-07-18,Transitional,0.9851852034078741
2018-07-19,Transitional,0.9859619346684464
2018-07-20,Transitional,0.9867595839106914
2018-07-23,Transitional,0.9851091236266447
2018-07-24,Transitional,0.9863607094335086
2018-07-25,Transitional,0.9824420360869878
2018-07-26,Transitional,0.9661350923802264
2018-07-27,Transitional,0.9626852514350346
2018-07-30,Transitional,0.9536727481120426
2018-07-31,Transitional,0.9787809768179584
2018-08-01,Transitional,0.9859155916804424
2018-08-02,Transitional,0.9879469205872202
2018-08-03,Transitional,0.9882257496871443
2018-08-06,Transitional,0.986624411228958
2018-08-07,Transitional,0.9868847442495454
2018-08-08,Transitional,0.9822318900907162
2018-08-09,Transitional,0.9701216780224386
2018-08-10,Transitional,0.9264291084846792
2018-08-13,Transitional,0.8810236180918535
2018-08-14,Transitional,0.84353770497293
2018-08-16,Transitional,0.771039927219759
2018-08-17,Transitional,0.7309476816976441
2018-08-20,Transitional,0.689709766053334
2018-08-21,Transitional,0.6687378706423898
2018-08-23,Transitional,0.6631676709383018
2018-08-24,Transitional,0.6684986115126783
2018-08-27,Transitional,0.6699679091377525
2018-08-28,Transitional,0.6353049716757693
2018-08-29,Transitional,0.6192207568704873
2018-08-30,Transitional,0.6165517378098315
2018-08-31,Transitional,0.6220241839476158
2018-09-03,Transitional,0.6400559718324791
2018-09-04,Transitional,0.6353512441069494
2018-09-05,Transitional,0.6264801507051976
2018-09-06,Transitional,0.6305254203281109
2018-09-07,Transitional,0.6484103788103027
2018-09-10,Transitional,0.6603077992543652
2018-09-11,Transitional,0.6850329677015992
2018-09-12,Transitional,0.6993072844563384
2018-09-14,Transitional,0.7200225503787466
2018-09-17,Transitional,0.7406461634437489
2018-09-18,Transitional,0.7748359302803502
2018-09-19,Transitional,0.7915659130084897
2018-09-21,Transitional,0.8240874783023951
2018-09-24,Transitional,0.8643940356777965
2018-09-25,Transitional,0.8733402599754415
2018-09-26,Transitional,0.8912131796015111
2018-09-27,Transitional,0.9241545309236355
2018-09-28,Transitional,0.9415510662738714
2018-10-01,Transitional,0.9689351938432739
2018-10-03,Transitional,0.9701571903486502
2018-10-04,Transitional,0.9636776514502584
2018-10-05,Transitional,0.9754675040217387
2018-10-08,Transitional,0.9832392623920414
2018-10-09,Transitional,0.9823768656569691
2018-10-10,Transitional,0.9715580191038505
2018-10-11,Transitional,0.9815189327202225
2018-10-12,Transitional,0.9865386624706248
2018-10-15,Transitional,0.9896024389963934
2018-10-16,Transitional,0.9893441551967371
2018-10-17,Transitional,0.9882217213783714
2018-10-19,Transitional,0.984289857125569
2018-10-22,Transitional,0.9740872936176292
2018-10-23,Transitional,0.9588412040155894
2018-10-24,Transitional,0.9311449071782127
2018-10-25,Transitional,0.863921777086547
2018-10-26,Transitional,0.6487694083773394
2018-10-29,Volatile,0.9968591857180951
2018-10-30,Stable,0.3723644503225386
2018-10-31,Stable,0.4027448370755747
2018-11-01,Stable,0.6657241654483287
2018-11-02,Stable,0.7696034345661554
2018-11-05,Stable,0.817503362187473
2018-11-06,Stable,0.8602442316044926
2018-11-07,Stable,0.8873799647407582
2018-11-09,Stable,0.9025931163230048
2018-11-12,Stable,0.9081367272380304
2018-11-13,Stable,0.9123141015395272
2018-11-14,Stable,0.9309937714394779
2018-11-15,Stable,0.9493713378516337
2018-11-16,Stable,0.9607050657171796
2018-11-19,Stable,0.9669928021847382
2018-11-20,Stable,0.9737106800252328
2018-11-21,Stable,0.9797698927329984
2018-11-22,Stable,0.9823009488173068
2018-11-26,Stable,0.9850699023284197
2018-11-27,Stable,0.9870609952578513
2018-11-28,Stable,0.9871642240757245
2018-11-29,Stable,0.9867688738095064
2018-11-30,Stable,0.9848808965733638
2018-12-03,Stable,0.9864898637060953
2018-12-04,Stable,0.9857221079214485
2018-12-05,Stable,0.9828710575297473
2018-12-06,Stable,0.9829950471196661
2018-12-07,Stable,0.982423596393318
2018-12-10,Stable,0.9813648518621032
2018-12-11,Stable,0.9823001739132023
2018-12-12,Stable,0.9823324314340883
2018-12-13,Stable,0.9859335708540086
2018-12-14,Stable,0.9868772224236633
2018-12-17,Stable,0.9859805949175277
2018-12-18,Stable,0.9870887990412327
2018-12-19,Stable,0.9871831057249504
2018-12-20,Stable,0.9866008792416721
2018-12-21,Stable,0.9858814677806744
2018-12-24,Stable,0.9903757755219171
2018-12-26,Stable,0.9926690995523436
2018-12-27,Stable,0.9939632343248469
2018-12-28,Stable,0.9939946459510678
2018-12-31,Stable,0.9944797447672693
2019-01-01,Stable,0.993875512155626
2019-01-02,Stable,0.992768453802796
2019-01-03,Stable,0.9899594254132057
2019-01-04,Stable,0.9846626319388223
2019-01-07,Stable,0.974928353013772
2019-01-08,Stable,0.9575740264299554
2019-01-09,Stable,0.9673503475841965
2019-01-10,Stable,0.9715362144858745
2019-01-11,Stable,0.9729226421674022
2019-01-14,Stable,0.9708231575015339
2019-01-15,Stable,0.9691310335920509
2019-01-16,Stable,0.9630387105299958
2019-01-17,Stable,0.9513460989137985
2019-01-18,Stable,0.9288026537917706
2019-01-21,Stable,0.8924948831200192
2019-01-22,Stable,0.8241471949714642
2019-01-23,Stable,0.7151565853305079
2019-01-24,Stable,0.5225074254332457
2019-01-25,Transitional,0.759907811404447
2019-01-28,Transitional,0.9056699261206558
2019-01-29,Transitional,0.9080876429621267
2019-01-30,Transitional,0.8758833829718741
2019-01-31,Transitional,0.8287736617261872
2019-02-01,Transitional,0.7843665292742755
2019-02-04,Transitional,0.5748527858776563
2019-02-05,Transitional,0.5360779573186628
2019-02-06,Transitional,0.6039646038782139
2019-02-07,Transitional,0.6890944140387496
2019-02-08,Transitional,0.7337890963176893
2019-02-11,Transitional,0.7650779604903231
2019-02-12,Transitional,0.7957252224938144
2019-02-14,Transitional,0.8329088822453325
2019-02-15,Transitional,0.8510471026425864
2019-02-18,Transitional,0.8590053868395372
2019-02-19,Transitional,0.8623497337109137
2019-02-20,Transitional,0.8629066303837762
2019-02-21,Transitional,0.8551030138807975
2019-02-22,Transitional,0.8498605963001626
2019-02-25,Transitional,0.8331828112891514
2019-02-26,Transitional,0.805902259921555
2019-02-27,Transitional,0.794846970267773
2019-02-28,Transitional,0.7736772679684456
2019-03-01,Transitional,0.7460344357636526
2019-03-05,Transitional,0.7059711424989863
2019-03-06,Transitional,0.6961021504051665
2019-03-07,Transitional,0.7027801185989495
2019-03-08,Transitional,0.6975187649755069
2019-03-11,Transitional,0.6773867555896785
2019-03-12,Transitional,0.6519194171771513
2019-03-13,Transitional,0.6793211591261841
2019-03-14,Transitional,0.6937749455264459
2019-03-15,Transitional,0.7013070996773929
2019-03-18,Transitional,0.7146649379189357
2019-03-19,Transitional,0.7168453911060071
2019-03-20,Transitional,0.7063953933470285
2019-03-22,Transitional,0.6948562969304375
2019-03-25,Transitional,0.6666314269529571
2019-03-26,Transitional,0.6568390506240852
2019-03-27,Transitional,0.6761969630194832
2019-03-28,Transitional,0.6810159058191549
2019-04-01,Transitional,0.6905937502978511
2019-04-02,Transitional,0.689612214353053
2019-04-03,Transitional,0.675909272749077
2019-04-04,Transitional,0.6588148203977378
2019-04-05,Transitional,0.6296695195851728
2019-04-08,Transitional,0.5727016547559556
2019-04-09,Transitional,0.5083338930965444
2019-04-10,Transitional,0.5374852223425254
2019-04-11,Transitional,0.5842165996761842
2019-04-12,Transitional,0.6475481750548634
2019-04-15,Transitional,0.7363148962289187
2019-04-16,Transitional,0.8884579568997844
2019-04-18,Transitional,0.9043694002019674
2019-04-22,Transitional,0.9229935849393284
2019-04-23,Transitional,0.9277080745453196
2019-04-24,Transitional,0.938741724336497
2019-04-25,Transitional,0.955554097580898
2019-04-26,Transitional,0.9724201318810386
2019-04-30,Transitional,0.9770387199644636
2019-05-02,Transitional,0.9837311228466915
2019-05-03,Transitional,0.984468838033452
2019-05-06,Transitional,0.9850077471774727
2019-05-07,Transitional,0.9855534644616271
2019-05-08,Transitional,0.9795852885612076
2019-05-09,Transitional,0.9743512138604811
2019-05-10,Transitional,0.9731683308167665
2019-05-13,Transitional,0.9750332966309295
2019-05-14,Transitional,0.9737794195932635
2019-05-15,Transitional,0.974870939533961
2019-05-16,Transitional,0.9772852147784918
2019-05-17,Transitional,0.9775775710924256
2019-05-20,Transitional,0.9683614190685975
2019-05-21,Transitional,0.9775837512004288
2019-05-22,Transitional,0.9765000057428354
2019-05-23,Transitional,0.9651998832493153
2019-05-24,Transitional,0.9304347453134042
2019-05-27,Transitional,0.7659541356184456
2019-05-28,Transitional,0.654967388507777
2019-05-29,Transitional,0.5905758252730332
2019-05-30,Stable,0.6104634029444168
2019-05-31,Stable,0.7315684564658063
2019-06-03,Stable,0.8035389318514018
2019-06-04,Stable,0.8416838607674876
2019-06-06,Stable,0.8672021389017914
2019-06-07,Stable,0.9040408969416834
2019-06-10,Stable,0.9315720241814578
2019-06-11,Stable,0.945589222563014
2019-06-12,Stable,0.9562128412969902
2019-06-13,Stable,0.9624681414388319
2019-06-14,Stable,0.9639554801659826
2019-06-17,Stable,0.9616799053259876
2019-06-18,Stable,0.9565257357242714
2019-06-19,Stable,0.9546803615324359
2019-06-20,Stable,0.947983756334603
2019-06-21,Stable,0.9680012268049005
2019-06-24,Stable,0.9796860606561959
2019-06-25,Stable,0.9858973457091124
2019-06-26,Stable,0.989960313740406
2019-06-27,Stable,0.9930896500004972
2019-06-28,Stable,0.994642726751776
2019-07-01,Stable,0.9958056341199175
2019-07-02,Stable,0.9961443250890929
2019-07-03,Stable,0.9959699896489558
2019-07-04,Stable,0.9949930773105423
2019-07-05,Stable,0.9927455198005064
2019-07-08,Stable,0.9882260738703499
2019-07-09,Stable,0.9898972053834008
2019-07-10,Stable,0.9899070212479837
2019-07-11,Stable,0.9882530687531417
2019-07-12,Stable,0.985935892472156
2019-07-15,Stable,0.9804588700317673
2019-07-16,Stable,0.9737581879886417
2019-07-17,Stable,0.9611707244057384
2019-07-18,Stable,0.9369620216675147
2019-07-19,Stable,0.9127644255915465
2019-07-22,Stable,0.9005491227070497
2019-07-23,Stable,0.8761880852888988
2019-07-24,Stable,0.8286956849570621
2019-07-25,Stable,0.7569402960712427
2019-07-26,Transitional,0.6202196086442751
2019-07-29,Transitional,0.5069268372701456
2019-07-30,Transitional,0.5233217949504362
2019-07-31,Transitional,0.5457911304327446
2019-08-01,Transitional,0.5904453730913903
2019-08-02,Transitional,0.6232378891896134
2019-08-05,Transitional,0.6533467693320517
2019-08-06,Transitional,0.6703259625526377
2019-08-07,Transitional,0.6827864961095638
2019-08-08,Transitional,0.7100856225936069
2019-08-09,Transitional,0.7426828265106462
2019-08-13,Transitional,0.7832204146745692
2019-08-14,Transitional,0.7967456564308376
2019-08-16,Transitional,0.8095093427496753
2019-08-19,Transitional,0.8375548807270937
2019-08-20,Transitional,0.8808034429531524
2019-08-21,Transitional,0.9218035578706346
2019-08-22,Transitional,0.9715069924951246
2019-08-23,Transitional,0.9782526061583229
2019-08-26,Transitional,0.9813767487226817
2019-08-27,Transitional,0.9880021296525018
2019-08-28,Transitional,0.9905496452640966
2019-08-29,Transitional,0.9908236314261736
2019-08-30,Transitional,0.9894106649132618
2019-09-03,Transitional,0.9840237621703491
2019-09-04,Transitional,0.9846459526500269
2019-09-05,Transitional,0.982471578531329
2019-09-06,Transitional,0.9756355862693983
2019-09-09,Transitional,0.9726319403808397
2019-09-11,Transitional,0.972010384510171
2019-09-12,Transitional,0.9723515848021701
2019-09-13,Transitional,0.9661386708747285
2019-09-16,Transitional,0.9512217343863426
2019-09-17,Transitional,0.8980678420414668
2019-09-18,Transitional,0.8020154088389279
2019-09-19,Transitional,0.5269046535273335
2019-09-20,Volatile,0.9827333975005796
2019-09-23,Volatile,0.9680294342303275
2019-09-24,Transitional,0.5815512157095627
2019-09-25,Transitional,0.759778707658124
2019-09-26,Transitional,0.8184513424067701
2019-09-27,Transitional,0.9170034785925582
2019-09-30,Transitional,0.9436840983113853
2019-10-01,Transitional,0.9693970357602723
2019-10-03,Transitional,0.97881999461974
2019-10-04,Transitional,0.9762156913889564
2019-10-07,Transitional,0.9722808423650752
2019-10-09,Transitional,0.9481964754543631
2019-10-10,Transitional,0.9524797434151601
2019-10-11,Transitional,0.8886560858656999
2019-10-14,Transitional,0.8385248703174131
2019-10-15,Transitional,0.8124720839226753
2019-10-16,Transitional,0.7999588020023674
2019-10-17,Transitional,0.7971190405750906
2019-10-18,Transitional,0.7998792989120748
2019-10-22,Transitional,0.8107596756278639
2019-10-23,Transitional,0.7951638440107216
2019-10-24,Transitional,0.7881709406227593
2019-10-25,Transitional,0.7901873887188746
2019-10-27,Transitional,0.7536767134613336
2019-10-29,Transitional,0.7362724200624059
2019-10-30,Transitional,0.7189346149739562
2019-10-31,Transitional,0.7046399778852129
2019-11-01,Transitional,0.6853157766530631
2019-11-04,Transitional,0.680027931923457
2019-11-05,Transitional,0.6731309723511213
2019-11-06,Transitional,0.6765120973194009
2019-11-07,Transitional,0.6588799066471744
2019-11-08,Transitional,0.6527667626580029
2019-11-11,Transitional,0.6328184483961689
2019-11-13,Transitional,0.6147204819301777
2019-11-14,Transitional,0.5686673503631459
2019-11-15,Stable,0.5648193869966875
2019-11-18,Stable,0.638329071663706
2019-11-19,Stable,0.6772556582486439
2019-11-20,Stable,0.7036514432348147
2019-11-21,Stable,0.7137033738906124
2019-11-22,Stable,0.7128663308573114
2019-11-25,Stable,0.6997259158245714
2019-11-26,Stable,0.6679004497650969
2019-11-27,Stable,0.6642034184088421
2019-11-28,Stable,0.6536769611169126
2019-11-29,Stable,0.6697574357804522
2019-12-02,Stable,0.6820767858099368
2019-12-03,Stable,0.6816987985379475
2019-12-04,Stable,0.6669918567244277
2019-12-05,Stable,0.8147955644316166
2019-12-06,Stable,0.8928301513224794
2019-12-09,Stable,0.939899910876448
2019-12-10,Stable,0.9651623142317638
2019-12-11,Stable,0.9788910164760924
2019-12-12,Stable,0.9877784573281929
2019-12-13,Stable,0.9925427956796096
2019-12-16,Stable,0.9950450472762259
2019-12-17,Stable,0.9963170539721021
2019-12-18,Stable,0.9968151424383364
2019-12-19,Stable,0.9966857835851041
2019-12-20,Stable,0.9959415234682905
2019-12-23,Stable,0.9951007683814145
2019-12-24,Stable,0.9939781892032227
2019-12-26,Stable,0.9913540918548677
2019-12-27,Stable,0.9865865350683275
2019-12-30,Stable,0.9846859137690428
2019-12-31,Stable,0.9817774724910147
2020-01-01,Stable,0.97730000320407
2020-01-02,Stable,0.9684531283302407
2020-01-03,Stable,0.9529996722820904
2020-01-06,Stable,0.9245342937475887
2020-01-07,Stable,0.9181446895247264
2020-01-08,Stable,0.9037282993461628
2020-01-09,Stable,0.874208436005368
2020-01-10,Stable,0.9184462175443606
2020-01-13,Stable,0.9512896882307856
2020-01-14,Stable,0.969004559349768
2020-01-15,Stable,0.978268174504648
2020-01-16,Stable,0.983027011523369
2020-01-17,Stable,0.9846497010101818
2020-01-20,Stable,0.9852891271912809
2020-01-21,Stable,0.9837276722413946
2020-01-22,Stable,0.9802431448292453
2020-01-23,Stable,0.9781866493605336
2020-01-24,Stable,0.9738157953964955
2020-01-27,Stable,0.9674776926207631
2020-01-28,Stable,0.955401533699832
2020-01-29,Stable,0.9469219694470455
2020-01-30,Stable,0.9298202998131806
2020-01-31,Stable,0.9043623973591982
2020-02-03,Stable,0.8740940855147944
2020-02-04,Stable,0.8562711414734906
2020-02-05,Stable,0.8664387850301488
2020-02-06,Stable,0.87596229582871
2020-02-07,Stable,0.8767925359147206
2020-02-10,Stable,0.8732508860964215
2020-02-11,Stable,0.8612137516667902
2020-02-12,Stable,0.8417356512128082
2020-02-13,Stable,0.82558974530404
2020-02-14,Stable,0.8110081170066719
2020-02-17,Stable,0.7846740871260494
2020-02-18,Stable,0.7420225584273938
2020-02-19,Stable,0.660245214012309
2020-02-20,Stable,0.5179339310710697
2020-02-24,Transitional,0.7344070763155728
2020-02-25,Transitional,0.7700365041523035
2020-02-26,Transitional,0.8300846726005308
2020-02-27,Transitional,0.8930147327361069
2020-02-28,Transitional,0.9445145704422793
2020-03-02,Transitional,0.9442027036974955
2020-03-03,Transitional,0.9341434190563094
2020-03-04,Transitional,0.9048410416517002
2020-03-05,Transitional,0.8127427643635223
2020-03-06,Transitional,0.499921352178831
2020-03-09,Volatile,0.8371360800090895
2020-03-11,Volatile,0.8749813464448221
2020-03-12,Volatile,0.9994663559763924
2020-03-13,Volatile,0.9988574437470447
2020-03-16,Volatile,0.9999983849697255
2020-03-17,Volatile,0.9999670731458956
2020-03-18,Volatile,0.9883924850881167
2020-03-19,Volatile,0.9876278897228092
2020-03-20,Volatile,0.9833184797531849
2020-03-23,Volatile,1.0
2020-03-24,Volatile,0.9979529977384379
2020-03-25,Volatile,0.999541774812933
2020-03-26,Volatile,0.9941881078979435
2020-03-27,Volatile,0.9907852570386955
2020-03-30,Volatile,0.9995450445871188
2020-03-31,Volatile,0.9916540282401467
2020-04-01,Volatile,0.9928986944455865
2020-04-03,Volatile,0.9998908321233654
2020-04-07,Volatile,0.9999999995270628
2020-04-08,Volatile,0.9905711035866451
2020-04-09,Volatile,0.9987145020881858
2020-04-13,Volatile,0.9759070070481392
2020-04-15,Volatile,0.9627404955051703
2020-04-16,Volatile,0.9865078746405221
2020-04-17,Volatile,0.9999903813103295
2020-04-20,Volatile,0.9963935961473396
2020-04-21,Volatile,0.9997175141359754
2020-04-22,Volatile,0.980867948794214
2020-04-23,Volatile,0.989581395796574
2020-04-24,Volatile,0.9875627145114876
2020-04-27,Volatile,0.9733288978451622
2020-04-28,Volatile,0.9594327471123886
2020-04-29,Volatile,0.9538582815312454
2020-04-30,Volatile,0.9646138270389566
2020-05-04,Volatile,0.9999136140675593
2020-05-05,Volatile,0.7341264736795154
2020-05-06,Volatile,0.6268287769198855
2020-05-07,Volatile,0.5437375393928999
2020-05-08,Volatile,0.5434303028509999
2020-05-11,Volatile,0.6425016724326619
2020-05-12,Volatile,0.6430925324000455
2020-05-13,Volatile,0.740907300679527
2020-05-14,Volatile,0.73596094527581
2020-05-15,Volatile,0.7528526961291424
2020-05-18,Volatile,0.8582634525510766
2020-05-19,Volatile,0.6176910557992394
2020-05-20,Volatile,0.5591767694202218
2020-05-21,Volatile,0.5641697319067928
2020-05-22,Volatile,0.6755476187280994
2020-05-26,Volatile,0.7306729910470254
2020-05-27,Volatile,0.9571155433582413
2020-05-28,Transitional,0.5248393223625528
2020-05-29,Transitional,0.7885602727682086
2020-06-01,Transitional,0.8867784997881533
2020-06-02,Transitional,0.932730728641616
2020-06-03,Transitional,0.9608686504994716
2020-06-04,Transitional,0.9758266172214035
2020-06-05,Transitional,0.9830805395639679
2020-06-08,Transitional,0.9884947222995478
2020-06-09,Transitional,0.988040388967973
2020-06-10,Transitional,0.9887650091947727
2020-06-11,Transitional,0.9845081660474843
2020-06-12,Transitional,0.982621381785499
2020-06-15,Transitional,0.9691041477797188
2020-06-16,Transitional,0.9639016806388556
2020-06-17,Transitional,0.9657074643220681
2020-06-18,Transitional,0.9462208263158806
2020-06-19,Transitional,0.9196499741630303
2020-06-22,Transitional,0.8932510090804184
2020-06-23,Transitional,0.8000530041109484
2020-06-24,Transitional,0.6143814036135146
2020-06-25,Transitional,0.8641820700563381
2020-06-26,Transitional,0.942461282698327
2020-06-29,Transitional,0.967543484763035
2020-06-30,Transitional,0.9765982857560539
2020-07-01,Transitional,0.9798678446874822
2020-07-02,Transitional,0.9846133328095662
2020-07-03,Transitional,0.9855890886347759
2020-07-06,Transitional,0.9864146762040048
2020-07-07,Transitional,0.9862919687737994
2020-07-08,Transitional,0.9903793148614392
2020-07-09,Transitional,0.9914739600430932
2020-07-10,Transitional,0.991702904324116
2020-07-13,Transitional,0.9916502043681097
2020-07-14,Transitional,0.9906748271209327
2020-07-15,Transitional,0.9884268358593397
2020-07-16,Transitional,0.9864711009972975
2020-07-17,Transitional,0.9804402291444855
2020-07-20,Transitional,0.9689915007407508
2020-07-21,Transitional,0.9493570132374703
2020-07-22,Transitional,0.9531977414782742
2020-07-23,Transitional,0.9321185323451914
2020-07-24,Transitional,0.9020694153206581
2020-07-27,Transitional,0.8442402554569914
2020-07-28,Transitional,0.8633208857884497
2020-07-29,Transitional,0.8177737145939998
2020-07-30,Transitional,0.7855699807656731
2020-07-31,Transitional,0.7387757191381825
2020-08-03,Transitional,0.7138671388118927
2020-08-04,Transitional,0.6969139372791064
2020-08-05,Transitional,0.6627945847790695
2020-08-06,Transitional,0.647486603443004
2020-08-07,Transitional,0.6281905121762894
2020-08-10,Transitional,0.6232608827839176
2020-08-11,Transitional,0.6203798990126879
2020-08-12,Transitional,0.6261061024596125
2020-08-13,Transitional,0.6472610892395124
2020-08-14,Transitional,0.6920621339187689
2020-08-17,Transitional,0.7245693015495142
2020-08-18,Transitional,0.7849384194476651
2020-08-19,Transitional,0.8064396284704008
2020-08-20,Transitional,0.8339544571726527
2020-08-21,Transitional,0.8538064583022621
2020-08-24,Transitional,0.886310207657774
2020-08-25,Transitional,0.8994450334714539
2020-08-26,Transitional,0.9129647266379389
2020-08-27,Transitional,0.9347122942059729
2020-08-28,Transitional,0.9637885768788284
2020-08-31,Transitional,0.9723539808849049
2020-09-01,Transitional,0.982106360019884
2020-09-02,Transitional,0.9835535324017138
2020-09-03,Transitional,0.9839132435289715
2020-09-04,Transitional,0.9809457592108531
2020-09-07,Transitional,0.9678277388506149
2020-09-08,Transitional,0.9617633558239229
2020-09-09,Transitional,0.960547094527024
2020-09-10,Transitional,0.955489422360192
2020-09-11,Transitional,0.9552290893441099
2020-09-14,Transitional,0.9606544519940163
2020-09-15,Transitional,0.9638471668265153
2020-09-16,Transitional,0.9650069698217099
2020-09-17,Transitional,0.9683184385149275
2020-09-18,Transitional,0.9673098326310301
2020-09-21,Transitional,0.9543133919621208
2020-09-22,Transitional,0.9650801909570387
2020-09-23,Transitional,0.9589533354207844
2020-09-24,Transitional,0.9238591517448405
2020-09-25,Transitional,0.9207942458853828
2020-09-28,Transitional,0.9325777834728103
2020-09-29,Transitional,0.9674524567393564
2020-09-30,Transitional,0.9786484371919645
2020-10-01,Transitional,0.9769812117018648
2020-10-05,Transitional,0.9854693296011112
2020-10-06,Transitional,0.9874687269332884
2020-10-07,Transitional,0.9880190767683829
2020-10-08,Transitional,0.9883545086912435
2020-10-09,Transitional,0.9870507325582988
2020-10-12,Transitional,0.9891296578014456
2020-10-13,Transitional,0.9870241873808658
2020-10-14,Transitional,0.9791891288834985
2020-10-15,Transitional,0.9676795493270903
2020-10-16,Transitional,0.9655467723288532
2020-10-19,Transitional,0.944849792064563
2020-10-20,Transitional,0.9747993242637931
2020-10-21,Transitional,0.9827684980731267
2020-10-22,Transitional,0.9851794863077916
2020-10-23,Transitional,0.9835865652502248
2020-10-26,Transitional,0.9751328325026261
2020-10-27,Transitional,0.9609775895492234
2020-10-28,Transitional,0.9181195972711791
2020-10-29,Transitional,0.867050441973372
2020-10-30,Transitional,0.7068443643246273
2020-11-02,Transitional,0.7096233320989753
2020-11-03,Transitional,0.7112451766267704
2020-11-04,Transitional,0.6768163008407567
2020-11-05,Transitional,0.8108589371474066
2020-11-06,Transitional,0.84478400689728
2020-11-09,Transitional,0.8351525218098156
2020-11-10,Transitional,0.8602328254551365
2020-11-11,Transitional,0.9445380114865235
2020-11-12,Transitional,0.9691897005545291
2020-11-13,Transitional,0.97758742739461
2020-11-14,Transitional,0.980239356409388
2020-11-17,Transitional,0.9825909008243928
2020-11-18,Transitional,0.9862116176188331
2020-11-19,Transitional,0.9863824696667832
2020-11-20,Transitional,0.9864808035348059
2020-11-23,Transitional,0.9852135256617954
2020-11-24,Transitional,0.9797999788174322
2020-11-25,Transitional,0.9716804448827088
2020-11-26,Transitional,0.9658608046513475
2020-11-27,Transitional,0.9649931548794688
2020-12-01,Transitional,0.9680855874707116
2020-12-02,Transitional,0.9677991932658999
2020-12-03,Transitional,0.9682415927877148
2020-12-04,Transitional,0.9679911984235322
2020-12-07,Transitional,0.945817619810396
2020-12-08,Transitional,0.9199090142537546
2020-12-09,Transitional,0.9060782174835522
2020-12-10,Transitional,0.901131879969394
2020-12-11,Transitional,0.9012775717931867
2020-12-14,Transitional,0.9021217838391931
2020-12-15,Transitional,0.9004174845427105
2020-12-16,Transitional,0.8989145895666905
2020-12-17,Transitional,0.9005552387676906
2020-12-18,Transitional,0.9074287564992075
2020-12-21,Transitional,0.9104212698280939
2020-12-22,Transitional,0.7726163561902232
2020-12-23,Transitional,0.6698985732843813
2020-12-24,Transitional,0.6098412767614464
2020-12-28,Transitional,0.5289875597513658
2020-12-29,Transitional,0.5300961445607613
2020-12-30,Transitional,0.5940876918831343
2020-12-31,Transitional,0.6258570870030319
2021-01-01,Transitional,0.6472537014905309
2021-01-04,Transitional,0.6677230444542638
2021-01-05,Transitional,0.6758575964456686
2021-01-06,Transitional,0.675993435645257
2021-01-07,Transitional,0.6785966749298787
2021-01-08,Transitional,0.67518878933391
2021-01-11,Transitional,0.6573998477991496
2021-01-12,Transitional,0.6196780964178632
2021-01-13,Transitional,0.5504262605421361
2021-01-14,Transitional,0.5212737596463868
2021-01-15,Transitional,0.6459515928423094
2021-01-18,Transitional,0.7328035059979575
2021-01-19,Transitional,0.7952208052447096
2021-01-20,Transitional,0.8206622718660027
2021-01-21,Transitional,0.8599778989322394
2021-01-22,Transitional,0.9260927071715489
2021-01-25,Transitional,0.9197414382050859
2021-01-27,Transitional,0.8831065087155304
2021-01-28,Transitional,0.8087202182139455
2021-01-29,Transitional,0.5852773205365753
2021-02-01,Volatile,0.9999115877285893
2021-02-02,Transitional,0.5647184971324479
2021-02-03,Transitional,0.8344518074148503
2021-02-04,Transitional,0.9194470697272199
2021-02-05,Transitional,0.9504892999735857
2021-02-08,Transitional,0.9627230045826994
2021-02-09,Transitional,0.9664133288373674
2021-02-10,Transitional,0.9689856629560594
2021-02-11,Transitional,0.9740573838277391
2021-02-12,Transitional,0.9818395688747437
2021-02-15,Transitional,0.9802100627362805
2021-02-16,Transitional,0.9877428900272093
2021-02-17,Transitional,0.991029835009044
2021-02-18,Transitional,0.9911058463061347
2021-02-19,Transitional,0.988688964784399
2021-02-22,Transitional,0.9882739812254193
2021-02-23,Transitional,0.9848995114104753
2021-02-24,Transitional,0.9714955093286386
2021-02-25,Transitional,0.9721749363561831
2021-02-26,Transitional,0.9620633955083643
2021-03-01,Transitional,0.9797615100318545
2021-03-02,Transitional,0.9862515272293829
2021-03-03,Transitional,0.9857057737912717
2021-03-04,Transitional,0.9890663358695221
2021-03-05,Transitional,0.9888743998396862
2021-03-08,Transitional,0.9871181618514974
2021-03-09,Transitional,0.9862406625361773
2021-03-10,Transitional,0.9840857578801608
2021-03-12,Transitional,0.9839858461205048
2021-03-15,Transitional,0.9828482614776393
2021-03-16,Transitional,0.9821779704179905
2021-03-17,Transitional,0.9825206731665969
2021-03-18,Transitional,0.9850246531564817
2021-03-19,Transitional,0.9868869059276051
2021-03-22,Transitional,0.9897027667127394
2021-03-23,Transitional,0.9902807302563011
2021-03-24,Transitional,0.9902763271795736
2021-03-25,Transitional,0.9902402169645275
2021-03-26,Transitional,0.990142291445255
2021-03-30,Transitional,0.9905343308829537
2021-03-31,Transitional,0.9910299114036148
2021-04-01,Transitional,0.9898088154756246
2021-04-05,Transitional,0.9867117782338102
2021-04-06,Transitional,0.9891953436899829
2021-04-07,Transitional,0.9878176617542969
2021-04-08,Transitional,0.984645752623509
2021-04-09,Transitional,0.973056970682123
2021-04-12,Transitional,0.9403638411239114
2021-04-13,Transitional,0.9449689354504827
2021-04-15,Transitional,0.9693507461717328
2021-04-16,Transitional,0.9837321651027011
2021-04-19,Transitional,0.9879252722636832
2021-04-20,Transitional,0.9884831351858463
2021-04-22,Transitional,0.9854437899768359
2021-04-23,Transitional,0.9870518950760999
2021-04-26,Transitional,0.9825013705552907
2021-04-27,Transitional,0.9860700713427153
2021-04-28,Transitional,0.9830787571284277
2021-04-29,Transitional,0.9853354287838393
2021-04-30,Transitional,0.9831611863669069
2021-05-03,Transitional,0.9626284554144282
2021-05-04,Transitional,0.949767821270569
2021-05-05,Transitional,0.9419147096122228
2021-05-06,Transitional,0.9329575450971037
2021-05-07,Transitional,0.9301870541506796
2021-05-10,Transitional,0.9344640925438964
2021-05-11,Transitional,0.9446431305277492
2021-05-12,Transitional,0.9632371149812496
2021-05-14,Transitional,0.9673086101410571
2021-05-17,Transitional,0.9701683838538029
2021-05-18,Transitional,0.9624005048591706
2021-05-19,Transitional,0.9502375405656109
2021-05-20,Transitional,0.9366789130989012
2021-05-21,Transitional,0.9186431975960363
2021-05-24,Stable,0.723263567348126
2021-05-25,Stable,0.6048748889229053
2021-05-26,Stable,0.5403916902048018
2021-05-27,Stable,0.5074290604552527
2021-05-28,Stable,0.5034547241809199
2021-05-31,Stable,0.5151758149969488
2021-06-01,Stable,0.6155727886939163
2021-06-02,Stable,0.7677043476031324
2021-06-03,Stable,0.8505483528046046
2021-06-04,Stable,0.8945914257060621
2021-06-07,Stable,0.9301501575779045
2021-06-08,Stable,0.9520467031246548
2021-06-09,Stable,0.9670664270707969
2021-06-10,Stable,0.9780055395310387
2021-06-11,Stable,0.9841419076987818
2021-06-14,Stable,0.9878776755491476
2021-06-15,Stable,0.9891350549309017
2021-06-16,Stable,0.9912164096708124
2021-06-17,Stable,0.9923701351573733
2021-06-18,Stable,0.9934731355742554
2021-06-21,Stable,0.9934752917519241
2021-06-22,Stable,0.9921242321132451
2021-06-23,Stable,0.9888808785790787
2021-06-24,Stable,0.9845721104992339
2021-06-25,Stable,0.9804052385767068
2021-06-28,Stable,0.9819224447724179
2021-06-29,Stable,0.9805163515618653
2021-06-30,Stable,0.9806148318868876
2021-07-01,Stable,0.9815377808505467
2021-07-02,Stable,0.9795489193957592
2021-07-05,Stable,0.9777581792743546
2021-07-06,Stable,0.9747088774416096
2021-07-07,Stable,0.9672783440277117
2021-07-08,Stable,0.9532143387855361
2021-07-09,Stable,0.9452040006089483
2021-07-12,Stable,0.9297912896007529
2021-07-13,Stable,0.9084557221727076
2021-07-14,Stable,0.9113359966599577
2021-07-15,Stable,0.9068085487950246
2021-07-16,Stable,0.8937710427380825
2021-07-19,Stable,0.8757182469128333
2021-07-20,Stable,0.8444397540202458
2021-07-22,Stable,0.8315316771592388
2021-07-23,Stable,0.8288823454116421
2021-07-26,Stable,0.8750674123658828
2021-07-27,Stable,0.8980856854144853
2021-07-28,Stable,0.9084303994038755
2021-07-29,Stable,0.914263740420557
2021-07-30,Stable,0.9138734328773348
2021-08-02,Stable,0.9083971136367193
2021-08-03,Stable,0.8934276583244595
2021-08-04,Stable,0.8731993257338554
2021-08-05,Stable,0.9022874101494954
2021-08-06,Stable,0.9387989537129255
2021-08-09,Stable,0.9611299405106533
2021-08-10,Stable,0.9742572060749257
2021-08-11,Stable,0.9811220094747436
2021-08-12,Stable,0.9864418373762622
2021-08-13,Stable,0.9903206437155871
2021-08-16,Stable,0.9921046034891153
2021-08-17,Stable,0.992427694598219
2021-08-18,Stable,0.9913071319429806
2021-08-20,Stable,0.9926219605190063
2021-08-23,Stable,0.993856442611933
2021-08-24,Stable,0.9938196906320826
2021-08-25,Stable,0.9950258853998936
2021-08-26,Stable,0.9954159149141664
2021-08-27,Stable,0.9957188423380852
2021-08-30,Stable,0.9951021635043459
2021-08-31,Stable,0.9964973466898371
2021-09-01,Stable,0.9973698844409739
2021-09-02,Stable,0.9977097919558533
2021-09-03,Stable,0.9979018518930458
2021-09-06,Stable,0.9977933676082539
2021-09-07,Stable,0.9974806026092516
2021-09-08,Stable,0.9969830250788327
2021-09-09,Stable,0.995992794575339
2021-09-13,Stable,0.9939656799207317
2021-09-14,Stable,0.9939887668022666
2021-09-15,Stable,0.9927260086083934
2021-09-16,Stable,0.9906558766833516
2021-09-17,Stable,0.9901899713702789
2021-09-20,Stable,0.9891600845241136
2021-09-21,Stable,0.988907353086589
2021-09-22,Stable,0.9865423585004007
2021-09-23,Stable,0.9839832144993843
2021-09-24,Stable,0.9839628817664778
2021-09-27,Stable,0.9820803323374282
2021-09-28,Stable,0.9783394225766364
2021-09-29,Stable,0.9773994978852968
2021-09-30,Stable,0.9754761195682613
2021-10-01,Stable,0.9731742528293797
2021-10-04,Stable,0.9703814604436032
2021-10-05,Stable,0.965611554345061
2021-10-06,Stable,0.9556821595748017
2021-10-07,Stable,0.9427279539655107
2021-10-08,Stable,0.9333514376799166
2021-10-11,Stable,0.9133688821462798
2021-10-12,Stable,0.8898195283883215
2021-10-13,Stable,0.8504976022206397
2021-10-14,Stable,0.7745182705930634
2021-10-18,Stable,0.7434421588779095
2021-10-19,Stable,0.7367098393986724
2021-10-20,Stable,0.7130258511674493
2021-10-21,Stable,0.6514868466205578
2021-10-22,Stable,0.5262846105971409
2021-10-25,Volatile,0.9985516743621661
2021-10-26,Volatile,0.5172581191425122
2021-10-27,Volatile,0.6060663210334688
2021-10-28,Volatile,0.6397282543117877
2021-10-29,Stable,0.4838395574338505
2021-11-01,Stable,0.662027429962625
2021-11-02,Stable,0.7461169789989628
2021-11-03,Stable,0.7906402825208928
2021-11-04,Stable,0.8572299737644715
2021-11-08,Stable,0.8952196254125396
2021-11-09,Stable,0.9151357454357769
2021-11-10,Stable,0.9262310423177172
2021-11-11,Stable,0.9316254057178976
2021-11-12,Stable,0.9355992422558765
2021-11-15,Stable,0.9344131234419357
2021-11-16,Stable,0.9274587974099102
2021-11-17,Stable,0.9186071344803735
2021-11-18,Stable,0.9001139383223262
2021-11-22,Stable,0.8636744022016285
2021-11-23,Stable,0.8268960600460828
2021-11-24,Stable,0.7561938688737093
2021-11-25,Stable,0.6540091242132983
2021-11-26,Stable,0.5269730416699258
2021-11-29,Stable,0.5549377887569364
2021-11-30,Stable,0.5659918612876979
2021-12-01,Stable,0.5650578575303279
2021-12-02,Stable,0.5686640517475097
2021-12-03,Stable,0.5621925024756403
2021-12-06,Stable,0.545543629057237
2021-12-07,Stable,0.5166113674216798
2021-12-08,Stable,0.5624556727701441
2021-12-09,Stable,0.6872092568676375
2021-12-10,Stable,0.7517533172081583
2021-12-13,Stable,0.7853840472981024
2021-12-14,Stable,0.8030421837183908
2021-12-15,Stable,0.8094004219602331
2021-12-16,Stable,0.8091795741244402
2021-12-17,Stable,0.8097078407829469
2021-12-20,Stable,0.8150348642103219
2021-12-21,Stable,0.8513687548667632
2021-12-22,Stable,0.8831280623621067
2021-12-23,Stable,0.9182651752569142
2021-12-24,Stable,0.9366395103982748
2021-12-27,Stable,0.9467379172178357
2021-12-28,Stable,0.9538802923141879
2021-12-29,Stable,0.9554282299468584
2021-12-30,Stable,0.9520041951157822
2021-12-31,Stable,0.9420878775505789
2022-01-03,Stable,0.9225388952680695
2022-01-04,Stable,0.9353032160016927
2022-01-05,Stable,0.9428008070630005
2022-01-06,Stable,0.9553532008436341
2022-01-07,Stable,0.9612735108709755
2022-01-10,Stable,0.9642592035271115
2022-01-11,Stable,0.9739002130105574
2022-01-12,Stable,0.9781969300662028
2022-01-13,Stable,0.9833024134746396
2022-01-14,Stable,0.9851276416601803
2022-01-17,Stable,0.9850713617092383
2022-01-18,Stable,0.9824742376834131
2022-01-19,Stable,0.9765197933356723
2022-01-20,Stable,0.973690593224808
2022-01-21,Stable,0.966279102037925
2022-01-24,Stable,0.9539350446922918
2022-01-25,Stable,0.9343403270256968
2022-01-27,Stable,0.8977433844597987
2022-01-28,Stable,0.8436617545867633
2022-01-31,Stable,0.800748620333512
2022-02-01,Stable,0.7339304900144662
2022-02-02,Stable,0.7184457761269402
2022-02-03,Stable,0.6843323261284211
2022-02-04,Stable,0.624863296548159
2022-02-07,Stable,0.5199861426689267
2022-02-08,Stable,0.5178817764835877
2022-02-09,Stable,0.5879783060328782
2022-02-10,Stable,0.6779957538222486
2022-02-11,Transitional,0.8418027996587047
2022-02-14,Transitional,0.9495297716633727
2022-02-15,Transitional,0.9666170775505487
2022-02-16,Transitional,0.9757373125672693
2022-02-17,Transitional,0.9746937616905033
2022-02-18,Transitional,0.9687724849887491
2022-02-21,Transitional,0.966489410987283
2022-02-22,Transitional,0.9667416815325894
2022-02-23,Transitional,0.9660178371434357
2022-02-24,Transitional,0.9494124390665346
2022-02-25,Transitional,0.958082246800882
2022-02-28,Transitional,0.9680173080631816
2022-03-02,Transitional,0.965193795997622
2022-03-03,Transitional,0.9696619591768274
2022-03-04,Transitional,0.9648685781678975
2022-03-07,Transitional,0.9396389891950714
2022-03-08,Transitional,0.8188464726376499
2022-03-09,Stable,0.6769067730924331
2022-03-10,Stable,0.5980325481053932
2022-03-11,Stable,0.5334395735880896
2022-03-14,Stable,0.4990256189164672
2022-03-15,Stable,0.6074575414244943
2022-03-16,Stable,0.6653908061253513
2022-03-17,Stable,0.718355037865286
2022-03-21,Stable,0.7750598040961897
2022-03-22,Stable,0.8250612644566127
2022-03-23,Stable,0.8583263612194528
2022-03-24,Stable,0.8742713190155574
2022-03-25,Stable,0.9036886274318536
2022-03-28,Stable,0.9213898111718691
2022-03-29,Stable,0.9390401097771187
2022-03-30,Stable,0.9483909169876922
2022-03-31,Stable,0.9675777383652329
2022-04-01,Stable,0.9774989888294429
2022-04-04,Stable,0.983325812185912
2022-04-05,Stable,0.9887136050352529
2022-04-06,Stable,0.9919422762802039
2022-04-07,Stable,0.9932534644557651
2022-04-08,Stable,0.993869397681021
2022-04-11,Stable,0.9936708665561783
2022-04-12,Stable,0.9925202425228581
2022-04-13,Stable,0.989884104146728
2022-04-18,Stable,0.9846154876738463
2022-04-19,Stable,0.9757613116154719
2022-04-20,Stable,0.963435000184809
2022-04-21,Stable,0.9513215031345746
2022-04-22,Stable,0.9316202374341742
2022-04-25,Stable,0.9209916996265458
2022-04-26,Stable,0.9002050081869353
2022-04-27,Stable,0.859556793973072
2022-04-28,Stable,0.8448223189724837
2022-04-29,Stable,0.8269138335004512
2022-05-02,Stable,0.7933818443026429
2022-05-04,Stable,0.7306615575648205
2022-05-05,Stable,0.7061271407515995
2022-05-06,Stable,0.6596033143639877
2022-05-09,Stable,0.607066247794278
2022-05-10,Stable,0.5443077763029912
2022-05-11,Stable,0.572283828971316
2022-05-12,Stable,0.7893337529013246
2022-05-13,Stable,0.8541250823863835
2022-05-16,Stable,0.8698755624127882
2022-05-17,Stable,0.8901437712133444
2022-05-18,Stable,0.8622456775468081
2022-05-19,Stable,0.8434691356618076
2022-05-20,Stable,0.7878009154369879
2022-05-23,Stable,0.5968078175217444
2022-05-24,Stable,0.5031462131029053
2022-05-25,Stable,0.5605933622854959
2022-05-26,Stable,0.5925186521802718
2022-05-27,Stable,0.6463687918085996
2022-05-30,Stable,0.6964340783155868
2022-05-31,Stable,0.7317022574148363
2022-06-01,Stable,0.7490063735201519
2022-06-02,Stable,0.7529810476852475
2022-06-03,Stable,0.7463942979421982
2022-06-06,Stable,0.7300626335534719
2022-06-07,Stable,0.6943111965478483
2022-06-08,Stable,0.6614679928532768
2022-06-09,Stable,0.6079782515318993
2022-06-10,Stable,0.504788464421726
2022-06-13,Stable,0.5439964494177479
2022-06-14,Stable,0.6084074409657776
2022-06-15,Stable,0.7074473728554931
2022-06-16,Stable,0.7584179225992765
2022-06-17,Stable,0.8023015889174862
2022-06-20,Stable,0.834636586383247
2022-06-21,Stable,0.849946964913941
2022-06-22,Stable,0.8633138085981136
2022-06-23,Stable,0.8758194577835392
2022-06-24,Stable,0.8924183816456012
2022-06-27,Stable,0.9193581814425918
2022-06-28,Stable,0.9335049588153311
2022-06-29,Stable,0.9431526389887489
2022-06-30,Stable,0.949954680808483
2022-07-01,Stable,0.9517448354097452
2022-07-04,Stable,0.9490637379974826
2022-07-05,Stable,0.953902375905649
2022-07-06,Stable,0.9535147011330269
2022-07-07,Stable,0.9495182734134974
2022-07-08,Stable,0.951916118981855
2022-07-11,Stable,0.9570164010244211
2022-07-12,Stable,0.9647818636636898
2022-07-13,Stable,0.9716315406370403
2022-07-14,Stable,0.9758550345399886
2022-07-15,Stable,0.9764538437440103
2022-07-18,Stable,0.9735827269222884
2022-07-19,Stable,0.9819482298242899
2022-07-20,Stable,0.9878832275897129
2022-07-21,Stable,0.9907172489632368
2022-07-22,Stable,0.9916305262041588
2022-07-25,Stable,0.9941023343288445
2022-07-26,Stable,0.9951020827231809
2022-07-27,Stable,0.9954243394644106
2022-07-28,Stable,0.9949400071048122
2022-07-29,Stable,0.9957896707557445
2022-08-01,Stable,0.9958616110331531
2022-08-02,Stable,0.9952669136071043
2022-08-03,Stable,0.9941363338830509
2022-08-04,Stable,0.9922028700103186
2022-08-05,Stable,0.9887016013059021
2022-08-08,Stable,0.9888814708222502
2022-08-10,Stable,0.9871070100257161
2022-08-11,Stable,0.985371306802664
2022-08-12,Stable,0.9831380925763274
2022-08-16,Stable,0.9822273185968143
2022-08-17,Stable,0.9786078238660387
2022-08-18,Stable,0.9708328937608747
2022-08-19,Stable,0.9554407937152546
2022-08-22,Stable,0.9437186518580519
2022-08-23,Stable,0.9406247567734326
2022-08-24,Stable,0.9360956633103633
2022-08-25,Stable,0.9277403763656173
2022-08-26,Stable,0.9093036135606689
2022-08-29,Stable,0.8730176565843865
2022-08-30,Stable,0.844306219070568
2022-09-01,Stable,0.8791652286668451
2022-09-02,Stable,0.913210689324102
2022-09-05,Stable,0.9306483692203358
2022-09-06,Stable,0.9426940825333529
2022-09-07,Stable,0.9472440579760487
2022-09-08,Stable,0.9483957513170301
2022-09-09,Stable,0.9632107515686998
2022-09-12,Stable,0.9703487390079548
2022-09-13,Stable,0.9734378176800447
2022-09-14,Stable,0.9729179741035417
2022-09-15,Stable,0.9698886495193145
2022-09-16,Stable,0.9619254470409604
2022-09-19,Stable,0.9501898650621806
2022-09-20,Stable,0.9348620729165891
2022-09-21,Stable,0.9250863081940658
2022-09-22,Stable,0.9044079389492443
2022-09-23,Stable,0.8810197588257749
2022-09-26,Stable,0.8765981676043922
2022-09-27,Stable,0.888634385165982
2022-09-28,Stable,0.8957209226291981
2022-09-29,Stable,0.8953630885096926
2022-09-30,Stable,0.8888593308518092
2022-10-03,Stable,0.8900185782844448
2022-10-04,Stable,0.8932952245564256
2022-10-06,Stable,0.9076049493129492
2022-10-07,Stable,0.931338735388428
2022-10-10,Stable,0.9435669911734036
2022-10-11,Stable,0.9483818740806031
2022-10-12,Stable,0.9524684571998129
2022-10-13,Stable,0.9515863914266577
2022-10-14,Stable,0.9535720510489946
2022-10-17,Stable,0.9592932205983674
2022-10-18,Stable,0.9666144429047356
2022-10-19,Stable,0.9724266706645467
2022-10-20,Stable,0.9747252165034209
2022-10-21,Stable,0.9738363575197442
2022-10-24,Stable,0.9769002984236215
2022-10-25,Stable,0.9847490415799381
2022-10-27,Stable,0.9885900084475853
2022-10-28,Stable,0.9899757551462264
2022-10-31,Stable,0.9938912391871857
2022-11-01,Stable,0.9958960660567477
2022-11-02,Stable,0.9968512609207423
2022-11-03,Stable,0.9973215668996274
2022-11-04,Stable,0.997367909941758
2022-11-07,Stable,0.9970555844846858
2022-11-09,Stable,0.9972166449793025
2022-11-10,Stable,0.9973127233126216
2022-11-11,Stable,0.9969080131606262
2022-11-14,Stable,0.9960471157588032
2022-11-15,Stable,0.9957580703361184
2022-11-16,Stable,0.99707842222656
2022-11-17,Stable,0.9977123162615338
2022-11-18,Stable,0.9981347758182961
2022-11-21,Stable,0.9982959841402017
2022-11-22,Stable,0.9982642461003121
2022-11-23,Stable,0.9980387772163822
2022-11-24,Stable,0.9975656683668699
2022-11-25,Stable,0.9974389513185146
2022-11-28,Stable,0.9974567598907792
2022-11-29,Stable,0.9972925436564632
2022-11-30,Stable,0.9971449510673751
2022-12-01,Stable,0.9966380139232367
2022-12-02,Stable,0.9968594654305091
2022-12-05,Stable,0.9972835841315756
2022-12-06,Stable,0.9972233656595293
2022-12-07,Stable,0.9976515218741417
2022-12-08,Stable,0.9976761255463821
2022-12-09,Stable,0.9978601485083287
2022-12-12,Stable,0.9977571352120077
2022-12-13,Stable,0.9972756001162312
2022-12-14,Stable,0.9962355021566437
2022-12-15,Stable,0.9956198645564497
2022-12-16,Stable,0.9958567160146049
2022-12-19,Stable,0.9957747784634233
2022-12-20,Stable,0.9949247488683057
2022-12-21,Stable,0.9928814789682942
2022-12-22,Stable,0.9934879188400682
2022-12-23,Stable,0.9928034175207127
2022-12-26,Stable,0.9926679035317133
2022-12-27,Stable,0.9934808082978364
2022-12-28,Stable,0.9934902755917571
2022-12-29,Stable,0.9922108881880014
2022-12-30,Stable,0.990142090382327
2023-01-02,Stable,0.9908681504659871
2023-01-03,Stable,0.991498261713945
2023-01-04,Stable,0.9905071428482984
2023-01-05,Stable,0.987561917691405
2023-01-06,Stable,0.9895482720485359
2023-01-09,Stable,0.9909900359770074
2023-01-10,Stable,0.9907535726003314
2023-01-11,Stable,0.991201981398306
2023-01-12,Stable,0.9902132275286452
2023-01-13,Stable,0.9878897798863286
2023-01-16,Stable,0.9859183384304059
2023-01-17,Stable,0.982841971996894
2023-01-18,Stable,0.9759457000658139
2023-01-19,Stable,0.96305813901936
2023-01-20,Stable,0.9399383801027359
2023-01-23,Stable,0.8978998588526358
2023-01-24,Stable,0.8178969733474558
2023-01-25,Stable,0.6633649322037689
2023-01-27,Stable,0.5385848360873765
2023-01-30,Stable,0.6800008841969963
2023-01-31,Stable,0.7570723912832673
2023-02-01,Stable,0.8065028850940881
2023-02-02,Stable,0.8715185256859396
2023-02-03,Stable,0.9183941372392275
2023-02-06,Stable,0.945496855384845
2023-02-07,Stable,0.9677363901582305
2023-02-08,Stable,0.9795220540309076
2023-02-09,Stable,0.9864794710676932
2023-02-10,Stable,0.9898580676515943
2023-02-13,Stable,0.9920028785812901
2023-02-14,Stable,0.9926645374654997
2023-02-15,Stable,0.9946050125079151
2023-02-16,Stable,0.995528746380912
2023-02-17,Stable,0.9955495837351244
2023-02-20,Stable,0.9952558186312923
2023-02-21,Stable,0.9953967321949942
2023-02-22,Stable,0.9945670296938852
2023-02-23,Stable,0.9955855876382212
2023-02-24,Stable,0.9956406234937263
2023-02-27,Stable,0.9947547914127781
2023-02-28,Stable,0.9959168741805734
2023-03-01,Stable,0.9962163767073101
2023-03-02,Stable,0.9957438482647781
2023-03-03,Stable,0.9944020458527512
2023-03-06,Stable,0.9942460850606476
2023-03-08,Stable,0.9928665254497338
2023-03-09,Stable,0.9898750758696225
2023-03-10,Stable,0.9895741581021558
2023-03-13,Stable,0.9905725899512352
2023-03-14,Stable,0.9934936581743016
2023-03-15,Stable,0.9947604606063638
2023-03-16,Stable,0.9952280804443886
2023-03-17,Stable,0.9947883773247593
2023-03-20,Stable,0.9949915573928223
2023-03-21,Stable,0.9941137479716856
2023-03-22,Stable,0.9950569580175557
2023-03-23,Stable,0.995503975077539
2023-03-24,Stable,0.99534863485798
2023-03-27,Stable,0.9943659137695081
2023-03-28,Stable,0.9922915538341485
2023-03-29,Stable,0.9885920950161942
2023-03-31,Stable,0.981688094940746
2023-04-03,Stable,0.9878840737662296
2023-04-05,Stable,0.9912945060812831
2023-04-06,Stable,0.9926069076139513
2023-04-10,Stable,0.9938070254314291
2023-04-11,Stable,0.9943474103596425
2023-04-12,Stable,0.9956310371913525
2023-04-13,Stable,0.9964918303317715
2023-04-17,Stable,0.9971873651643373
2023-04-18,Stable,0.9973454415857669
2023-04-19,Stable,0.9972305434572616
2023-04-20,Stable,0.9968539848291265
2023-04-21,Stable,0.9958170472189642
2023-04-24,Stable,0.9947049548115442
2023-04-25,Stable,0.9962395742542239
2023-04-26,Stable,0.9974071475223275
2023-04-27,Stable,0.9980019295055317
2023-04-28,Stable,0.9983200431561072
2023-05-02,Stable,0.9984584256410595
2023-05-03,Stable,0.998536776416064
2023-05-04,Stable,0.9985082837602957
2023-05-05,Stable,0.9983818961412311
2023-05-08,Stable,0.9981989471300979
2023-05-09,Stable,0.9984064710921962
2023-05-10,Stable,0.9985541738076996
2023-05-11,Stable,0.9986027784602536
2023-05-12,Stable,0.9985980648381936
2023-05-15,Stable,0.9985890534326725
2023-05-16,Stable,0.9984978274333607
2023-05-17,Stable,0.998279777195473
2023-05-18,Stable,0.9982060985332265
2023-05-19,Stable,0.9981397717797682
2023-05-22,Stable,0.9981113722538902
2023-05-23,Stable,0.9979573577816448
2023-05-24,Stable,0.9975061233408629
2023-05-25,Stable,0.9978340498869902
2023-05-26,Stable,0.9978180209309732
2023-05-29,Stable,0.9980973981350801
2023-05-30,Stable,0.9981753110196974
2023-05-31,Stable,0.9980227444134435
2023-06-01,Stable,0.9975801704386646
2023-06-02,Stable,0.9979842468606969
2023-06-05,Stable,0.9980798904283902
2023-06-06,Stable,0.9982740931302717
2023-06-07,Stable,0.9984317808746878
2023-06-08,Stable,0.9984827524835586
2023-06-09,Stable,0.99846075495318
2023-06-12,Stable,0.9983054003668534
2023-06-13,Stable,0.9979995552954971
2023-06-14,Stable,0.9976762049594761
2023-06-15,Stable,0.997061186362842
2023-06-16,Stable,0.9973290416535466
2023-06-19,Stable,0.9974254348627376
2023-06-20,Stable,0.9980375548390624
2023-06-21,Stable,0.9983489587996556
2023-06-22,Stable,0.9984932996721125
2023-06-23,Stable,0.9985144614580352
2023-06-26,Stable,0.9984726090283744
2023-06-27,Stable,0.9983525710587509
2023-06-28,Stable,0.9984139260410604
2023-06-30,Stable,0.9983219346797143
2023-07-03,Stable,0.9981175419321676
2023-07-04,Stable,0.9979641937234198
2023-07-05,Stable,0.9974932542621687
2023-07-06,Stable,0.9976294673900976
2023-07-07,Stable,0.9973433703541942
2023-07-10,Stable,0.9978598088111611
2023-07-11,Stable,0.9980238051788799
2023-07-12,Stable,0.9980133744545561
2023-07-13,Stable,0.9977180219414173
2023-07-14,Stable,0.997755275333346
2023-07-17,Stable,0.9974933579259838
2023-07-18,Stable,0.9971797925370949
2023-07-19,Stable,0.9965426234223547
2023-07-20,Stable,0.9951141771910752
2023-07-21,Stable,0.9967165055318624
2023-07-24,Stable,0.9974717610920236
2023-07-25,Stable,0.9979423907167599
2023-07-26,Stable,0.9981067929941873
2023-07-27,Stable,0.9980172594651665
2023-07-28,Stable,0.9979153995760071
2023-07-31,Stable,0.9976376097276125
2023-08-01,Stable,0.9969318420666831
2023-08-02,Stable,0.9956622655795642
2023-08-03,Stable,0.9938706285427958
2023-08-04,Stable,0.9958875259895081
2023-08-07,Stable,0.9969794065912324
2023-08-08,Stable,0.9975369867704863
2023-08-09,Stable,0.9977179144276676
2023-08-10,Stable,0.9975158673080732
2023-08-11,Stable,0.9974409526626541
2023-08-14,Stable,0.9978627641827524
2023-08-16,Stable,0.9981431375116558
2023-08-17,Stable,0.9982574134716831
2023-08-18,Stable,0.9983453423750612
2023-08-21,Stable,0.9982748216032523
2023-08-22,Stable,0.9980778501570791
2023-08-23,Stable,0.9976866457389792
2023-08-24,Stable,0.9981642307942357
2023-08-25,Stable,0.9983828291062888
2023-08-28,Stable,0.9984365110369668
2023-08-29,Stable,0.9983490488653101
2023-08-30,Stable,0.9981520442220397
2023-08-31,Stable,0.9982382605031692
2023-09-01,Stable,0.9981098436557166
2023-09-04,Stable,0.9982043921314351
2023-09-05,Stable,0.9980971520710739
2023-09-06,Stable,0.9977148450879975
2023-09-07,Stable,0.9978007056921502
2023-09-08,Stable,0.9978604653961876
2023-09-11,Stable,0.997678388786198
2023-09-12,Stable,0.9973861931157052
2023-09-13,Stable,0.9974567402829554
2023-09-14,Stable,0.9970787226183547
2023-09-15,Stable,0.9961528633802429
2023-09-18,Stable,0.9943832393617978
2023-09-20,Stable,0.9910294035475228
2023-09-21,Stable,0.9847577954356344
2023-09-22,Stable,0.9894363455908438
2023-09-25,Stable,0.9927841066862415
2023-09-26,Stable,0.9945534179030822
2023-09-27,Stable,0.9957657345796365
2023-09-28,Stable,0.9963981256733347
2023-09-29,Stable,0.996303353970906
2023-10-03,Stable,0.9960444767273654
2023-10-04,Stable,0.9962562126757399
2023-10-05,Stable,0.996711995840545
2023-10-06,Stable,0.9972918648972248
2023-10-09,Stable,0.9974354415632833
2023-10-10,Stable,0.9974903261144799
2023-10-11,Stable,0.9980476009949149
2023-10-12,Stable,0.9983035509908249
2023-10-13,Stable,0.9983648249109407
2023-10-16,Stable,0.9983363072818484
2023-10-17,Stable,0.998129116242156
2023-10-18,Stable,0.9976673003981619
2023-10-19,Stable,0.9975804403749617
2023-10-20,Stable,0.9975932952513631
2023-10-23,Stable,0.9972833739169629
2023-10-25,Stable,0.9965200442124886
2023-10-26,Stable,0.9968123401829342
2023-10-27,Stable,0.9970167602985622
2023-10-30,Stable,0.9967215102457547
2023-10-31,Stable,0.9968392065066153
2023-11-01,Stable,0.9971793535151786
2023-11-02,Stable,0.997012784515919
2023-11-03,Stable,0.9964515151899903
2023-11-06,Stable,0.9966057625448659
2023-11-07,Stable,0.9970128298366767
2023-11-08,Stable,0.9968498300178883
2023-11-09,Stable,0.997372005497714
2023-11-10,Stable,0.9974027977723032
2023-11-13,Stable,0.9969590395596054
2023-11-15,Stable,0.996068522527135
2023-11-16,Stable,0.9945426151110401
2023-11-17,Stable,0.9919381425396275
2023-11-20,Stable,0.9905087309467966
2023-11-21,Stable,0.9868947010187207
2023-11-22,Stable,0.9800108169956023
2023-11-23,Stable,0.9675309805399966
2023-11-24,Stable,0.9438401174187598
2023-11-28,Stable,0.9033141369157055
2023-11-29,Stable,0.8315431779550093
2023-11-30,Stable,0.7525809786893847
2023-12-01,Stable,0.609913723961938
2023-12-04,Stable,0.5253781886367478
2023-12-05,Stable,0.5055283485601406
2023-12-06,Stable,0.6812565963077288
2023-12-07,Stable,0.800918869384257
2023-12-08,Stable,0.8672612436705784
2023-12-11,Stable,0.9154872903166598
2023-12-12,Stable,0.9427694965294419
2023-12-13,Stable,0.9569238298287998
2023-12-14,Stable,0.9636031063037925
2023-12-15,Stable,0.9745942293406493
2023-12-18,Stable,0.9799608750661776
2023-12-19,Stable,0.9868396485769827
2023-12-20,Stable,0.9908798660416349
2023-12-21,Stable,0.9937559119930837
2023-12-22,Stable,0.9951148966960768
2023-12-26,Stable,0.996389402369449
2023-12-27,Stable,0.9968489058100358
2023-12-28,Stable,0.9969562650888963
2023-12-29,Stable,0.9965179021525794
2024-01-01,Stable,0.9960981670264698
2024-01-02,Stable,0.9948132503356322
2024-01-03,Stable,0.995257413986789
2024-01-04,Stable,0.9947092409523156
2024-01-05,Stable,0.9930030268794033
2024-01-08,Stable,0.9898525715612384
2024-01-09,Stable,0.9865191182434682
2024-01-10,Stable,0.9798227813402209
2024-01-11,Stable,0.9721007192622819
2024-01-12,Stable,0.95719911802776
2024-01-15,Stable,0.9378140774839631
2024-01-16,Stable,0.9035660467440703
2024-01-17,Stable,0.8386033794290212
2024-01-18,Stable,0.8274146538811988
2024-01-19,Stable,0.8018149456446932
2024-01-23,Stable,0.7674093513937096
2024-01-24,Stable,0.7722902916343314
2024-01-25,Stable,0.8401381326898665
2024-01-29,Stable,0.8855837333757663
2024-01-30,Stable,0.9109144578619411
2024-01-31,Stable,0.9230107628850172
2024-02-01,Stable,0.930451814119513
2024-02-02,Stable,0.931538176232797
2024-02-05,Stable,0.9263330859297593
2024-02-06,Stable,0.9126303056915093
2024-02-07,Stable,0.8848239030328499
2024-02-08,Stable,0.8336665792190685
2024-02-09,Stable,0.8413335090091163
2024-02-12,Stable,0.8598257268910193
2024-02-13,Stable,0.8782772365104765
2024-02-14,Stable,0.9224135837328952
2024-02-15,Stable,0.9455063931646882
2024-02-16,Stable,0.9589461829077784
2024-02-19,Stable,0.9659201442214811
2024-02-20,Stable,0.9779852661649185
2024-02-21,Stable,0.984366595143209
2024-02-22,Stable,0.9872560810910668
2024-02-23,Stable,0.9889062645855757
2024-02-26,Stable,0.9885729374435978
2024-02-27,Stable,0.986866172219046
2024-02-28,Stable,0.9827539470826862
2024-02-29,Stable,0.9787613075672116
2024-03-01,Stable,0.9702576026822913
2024-03-04,Stable,0.982429240758955
2024-03-05,Stable,0.9888325677352728
2024-03-06,Stable,0.992289081934698
2024-03-07,Stable,0.9943851508283691
2024-03-11,Stable,0.9959093507402803
2024-03-12,Stable,0.9971488906312171
2024-03-13,Stable,0.9977873240274572
2024-03-14,Stable,0.9982222842549132
2024-03-15,Stable,0.9984297150538717
2024-03-18,Stable,0.9985610330875344
2024-03-19,Stable,0.9985941289807372
2024-03-20,Stable,0.9985559832929715
2024-03-21,Stable,0.9984178981488593
2024-03-22,Stable,0.9981781868304599
2024-03-26,Stable,0.997952727422687
2024-03-27,Stable,0.9976779468643591
2024-03-28,Stable,0.9969806727062226
2024-04-01,Stable,0.9960599496772728
2024-04-02,Stable,0.9943408558526102
2024-04-03,Stable,0.9942744627039695
2024-04-04,Stable,0.9931831223889408
2024-04-05,Stable,0.9904485305238063
2024-04-08,Stable,0.9851474068965245
2024-04-09,Stable,0.9751132755182045
2024-04-10,Stable,0.9678817381708694
2024-04-12,Stable,0.9532207039519779
2024-04-15,Stable,0.9271103319014801
2024-04-16,Stable,0.9202912704459068
2024-04-18,Stable,0.9099107995202362
2024-04-19,Stable,0.8955550237494828
2024-04-22,Stable,0.8740109742817397
2024-04-23,Stable,0.8569451892027754
2024-04-24,Stable,0.8221480218976334
2024-04-25,Stable,0.7584357281972472
2024-04-26,Stable,0.6878289634135971
2024-04-29,Stable,0.5489182952927686
2024-04-30,Stable,0.720056264349111
2024-05-02,Stable,0.8217546362913739
2024-05-03,Stable,0.8910611664909461
2024-05-06,Stable,0.9273517156772353
2024-05-07,Stable,0.9465075606215859
2024-05-08,Stable,0.9633322119781751
2024-05-09,Stable,0.9741759254618549
2024-05-10,Stable,0.9805704235808411
2024-05-13,Stable,0.983129042488066
2024-05-14,Stable,0.9841098958654839
2024-05-15,Stable,0.9833402781820753
2024-05-16,Stable,0.9797545925997
2024-05-17,Stable,0.9724724972579105
2024-05-21,Stable,0.9580886414442716
2024-05-22,Stable,0.9366111024979329
2024-05-23,Stable,0.9049257332396793
2024-05-24,Stable,0.8863455599390858
2024-05-27,Stable,0.8500761559579687
2024-05-28,Stable,0.7809362431935241
2024-05-29,Stable,0.6466337770718923
2024-05-30,Stable,0.5801149927984783
2024-05-31,Stable,0.4496379436036434
2024-06-03,Volatile,0.6198629308999092
2024-06-04,Volatile,0.8478615877315543
2024-06-05,Volatile,0.649154067077287
2024-06-06,Stable,0.616949069072031
2024-06-07,Stable,0.7827827040954747
2024-06-10,Stable,0.8685681602410289
2024-06-11,Stable,0.9093689467974301
2024-06-12,Stable,0.9318920467747445
2024-06-13,Stable,0.9426662217476269
2024-06-14,Stable,0.9505915406468759
2024-06-18,Stable,0.9526627011101029
2024-06-19,Stable,0.9549794839572842
2024-06-20,Stable,0.9607662141874473
2024-06-21,Stable,0.963802006203421
2024-06-24,Stable,0.9623915999748839
2024-06-25,Stable,0.9580566007822579
2024-06-26,Stable,0.9615561054714035
2024-06-27,Stable,0.9661910637612547
2024-06-28,Stable,0.9663339289365935
2024-07-01,Stable,0.9688323624797087
2024-07-02,Stable,0.9690337514133499
2024-07-03,Stable,0.972218823164357
2024-07-04,Stable,0.9728075581169081
2024-07-05,Stable,0.9842949273916844
2024-07-08,Stable,0.9902288162561772
2024-07-09,Stable,0.9932042328030757
2024-07-10,Stable,0.9954568645893883
2024-07-11,Stable,0.9967114943733819
2024-07-12,Stable,0.997375048963319
2024-07-15,Stable,0.9977134766252042
2024-07-16,Stable,0.9977286121338508
2024-07-18,Stable,0.9976699572074461
2024-07-19,Stable,0.9975488719437418
2024-07-22,Stable,0.9970104750388459
2024-07-23,Stable,0.9961591158051964
2024-07-24,Stable,0.9956611936159331
2024-07-25,Stable,0.9942673037725002
2024-07-26,Stable,0.9958543077245127
2024-07-29,Stable,0.9967965978359308
2024-07-30,Stable,0.9971488900208724
2024-07-31,Stable,0.9970422078744745
2024-08-01,Stable,0.9964401073464711
2024-08-02,Stable,0.9951937413143911
2024-08-05,Stable,0.9940846075621639
2024-08-06,Stable,0.9957847735712598
2024-08-07,Stable,0.9967013885749512
2024-08-08,Stable,0.9970233076449216
2024-08-09,Stable,0.9971478740276534
2024-08-12,Stable,0.9969003906442373
2024-08-13,Stable,0.9965595687874174
2024-08-14,Stable,0.9956338174684459
2024-08-16,Stable,0.9939820091698263
2024-08-19,Stable,0.9952722984176631
2024-08-20,Stable,0.9963724209305624
2024-08-21,Stable,0.9967039170192176
2024-08-22,Stable,0.9965300558915222
2024-08-23,Stable,0.9968454729349058
2024-08-26,Stable,0.9971440651381086
2024-08-27,Stable,0.9972330408665873
2024-08-28,Stable,0.9974249302444119
2024-08-29,Stable,0.9972022521576738
2024-08-30,Stable,0.9964663017615082
2024-09-02,Stable,0.9951001986550796
2024-09-03,Stable,0.9923437299820381
2024-09-04,Stable,0.9898711418520931
2024-09-05,Stable,0.9863648852107489
2024-09-06,Stable,0.9790771119860673
2024-09-09,Stable,0.9787925627177193
2024-09-10,Stable,0.9833501776467726
2024-09-11,Stable,0.984718799978585
2024-09-12,Stable,0.9835736170826075
2024-09-13,Stable,0.9818798428069144
2024-09-16,Stable,0.9769160534731102
2024-09-17,Stable,0.9690816908607744
2024-09-18,Stable,0.9538675559685499
2024-09-19,Stable,0.9388051832131108
2024-09-20,Stable,0.9084204904220918
2024-09-23,Stable,0.9259304338767961
2024-09-24,Stable,0.9400788430616613
2024-09-25,Stable,0.9461443903556114
2024-09-26,Stable,0.9466013166624064
2024-09-27,Stable,0.9415816371901636
2024-09-30,Stable,0.9395490763868163
2024-10-01,Stable,0.953961795264372
2024-10-03,Stable,0.9603828994876725
2024-10-04,Stable,0.9672987724929472
2024-10-07,Stable,0.9739909347092292
2024-10-08,Stable,0.9769186459835358
2024-10-09,Stable,0.9764851677392058
2024-10-10,Stable,0.9730461072345663
2024-10-11,Stable,0.9647244719900432
2024-10-14,Stable,0.9590697626833778
2024-10-15,Stable,0.9478531230259923
2024-10-16,Stable,0.9409894020594846
2024-10-17,Stable,0.9304566751562788
2024-10-18,Stable,0.9146529645576044
2024-10-21,Stable,0.916742479611607
2024-10-22,Stable,0.912525656839903
2024-10-23,Stable,0.9010635041588602
2024-10-24,Stable,0.8875066743640543
2024-10-25,Stable,0.8587945326784548
2024-10-28,Stable,0.8017719800234367
2024-10-29,Stable,0.7966626105818075
2024-10-30,Stable,0.8304549911190688
2024-10-31,Stable,0.8643890536166161
2024-11-01,Stable,0.9003824135166767
2024-11-04,Stable,0.9185205839395993
2024-11-05,Stable,0.9326086932019679
2024-11-06,Stable,0.9459935490135117
2024-11-07,Stable,0.951904657119353
2024-11-08,Stable,0.9628016983391199
2024-11-11,Stable,0.9756976700968822
2024-11-12,Stable,0.9835232922143788
2024-11-13,Stable,0.9872309952493399
2024-11-14,Stable,0.991266250626677
2024-11-18,Stable,0.9931027753564617
2024-11-19,Stable,0.9935922367792211
2024-11-21,Stable,0.9929613314342064
2024-11-22,Stable,0.99070694768202
2024-11-25,Stable,0.9918298100931559
2024-11-26,Stable,0.9944988651148132
2024-11-27,Stable,0.9957321616980366
2024-11-28,Stable,0.9961475729598464
2024-11-29,Stable,0.9968192283138645
2024-12-02,Stable,0.9974873064951061
2024-12-03,Stable,0.9977209383693868
2024-12-04,Stable,0.997596667170213
2024-12-05,Stable,0.9971857306037735
2024-12-06,Stable,0.997616045268683
2024-12-09,Stable,0.9978778974418938
2024-12-10,Stable,0.9979876388251943
2024-12-11,Stable,0.9979552513455278
2024-12-12,Stable,0.997665851691821
2024-12-13,Stable,0.9969439881954708
2024-12-16,Stable,0.9963982950519895
2024-12-17,Stable,0.9950113173848055
2024-12-18,Stable,0.9933035091640887
2024-12-19,Stable,0.9925745448059576
2024-12-20,Stable,0.9952493762786466
2024-12-23,Stable,0.9965512817983959
2024-12-24,Stable,0.9972857473683454
2024-12-26,Stable,0.9974910774052815
2024-12-27,Stable,0.997253757155123
2024-12-30,Stable,0.996802033796087
2024-12-31,Stable,0.9964964149012429
2025-01-01,Stable,0.9963318007334184
2025-01-02,Stable,0.9953829131210711
2025-01-03,Stable,0.9934415186923186
2025-01-06,Stable,0.9943258072411683
2025-01-07,Stable,0.9940215669000566
2025-01-08,Stable,0.9936278845077805
2025-01-09,Stable,0.9935475392229111
2025-01-10,Stable,0.9921372970676434
2025-01-13,Stable,0.9903121952277644
2025-01-14,Stable,0.9900319763732512
2025-01-15,Stable,0.9885468361772887
2025-01-16,Stable,0.9846547314318687
2025-01-17,Stable,0.97815474485778
2025-01-20,Stable,0.9757543804783304
2025-01-21,Stable,0.9694979925951334
2025-01-22,Stable,0.9814166682410373
2025-01-23,Stable,0.9875231636212887
2025-01-24,Stable,0.9903691570520677
2025-01-27,Stable,0.9914885318840904
2025-01-28,Stable,0.9932827993671913
2025-01-29,Stable,0.9957394776200233
2025-01-30,Stable,0.997051719937438
2025-01-31,Stable,0.997719446734037
2025-02-01,Stable,0.9980347179438577
2025-02-03,Stable,0.9980744742462309
2025-02-04,Stable,0.997886388764618
2025-02-05,Stable,0.9980783386146914
2025-02-06,Stable,0.998005390651821
2025-02-07,Stable,0.9976736031452104
2025-02-10,Stable,0.9979418050276053
2025-02-11,Stable,0.9979629914573088
2025-02-12,Stable,0.998094300432355
2025-02-13,Stable,0.9979766279183933
2025-02-14,Stable,0.9976055327751229
2025-02-17,Stable,0.9971965435857059
2025-02-18,Stable,0.9966449075236867
2025-02-19,Stable,0.9957450623293277
2025-02-20,Stable,0.9955081465578363
2025-02-21,Stable,0.9951506245566137
2025-02-24,Stable,0.9955259937564719
2025-02-25,Stable,0.9962562143474756
2025-02-27,Stable,0.9963122499177987
2025-02-28,Stable,0.9956344872619006
2025-03-03,Stable,0.9960495784915124
2025-03-04,Stable,0.995649785843785
2025-03-05,Stable,0.9943374509295113
2025-03-06,Stable,0.991669511879669
2025-03-07,Stable,0.9864507179769182
2025-03-10,Stable,0.9769146027181012
2025-03-11,Stable,0.9587281472373571
2025-03-12,Stable,0.9543779587940758
2025-03-13,Stable,0.9433799773503356
2025-03-17,Stable,0.9220902455362648
2025-03-18,Stable,0.8990850256450966
2025-03-19,Stable,0.8533861720032084
2025-03-20,Stable,0.864872935929525
2025-03-21,Stable,0.8672323145935145
2025-03-24,Stable,0.8699806478750717
2025-03-25,Stable,0.8681307259570015
2025-03-26,Stable,0.8626315003525901
2025-03-27,Stable,0.84853071266817
2025-03-28,Stable,0.8181078657560149
2025-04-01,Stable,0.767926228154545
2025-04-02,Stable,0.747881666483171
2025-04-03,Stable,0.7142565436377598
2025-04-04,Stable,0.6484230840352682
2025-04-07,Stable,0.5244792484767864
2025-04-08,Stable,0.5365203199417433
2025-04-09,Stable,0.5378886468200843
2025-04-11,Stable,0.5243981885175855
2025-04-15,Stable,0.4975928731072674
2025-04-16,Stable,0.505692450569525
2025-04-17,Stable,0.5012534191698841
2025-04-21,Stable,0.6606423991295991
2025-04-22,Stable,0.7429737822200405
2025-04-23,Stable,0.787166463697807
2025-04-24,Stable,0.8103114727587439
2025-04-25,Stable,0.8356011754770792
2025-04-28,Stable,0.8463082383388323
2025-04-29,Stable,0.8588650213051027
2025-04-30,Stable,0.8612275003983751
2025-05-02,Stable,0.8547720355002563
2025-05-05,Stable,0.8366056140924716
2025-05-06,Stable,0.7992913272968583
2025-05-07,Stable,0.7269245219012502
2025-05-08,Stable,0.5877624206518521
2025-05-09,Stable,0.6378113439267465
2025-05-12,Stable,0.6502332241911905
2025-05-13,Stable,0.5065101938323257
2025-05-14,Stable,0.680886413871068
2025-05-15,Stable,0.7737341500853334
2025-05-16,Stable,0.8733924732728321
2025-05-19,Stable,0.9261868411764326
2025-05-20,Stable,0.9555385759042366
2025-05-21,Stable,0.9743875335817458
2025-05-22,Stable,0.9847176645768855
2025-05-23,Stable,0.9902154742386552
2025-05-26,Stable,0.9931799513650047
2025-05-27,Stable,0.9948684222975691
2025-05-28,Stable,0.9963448944481367
2025-05-29,Stable,0.9970896756624337
2025-05-30,Stable,0.9972585939605912
2025-06-02,Stable,0.9973485502149924
2025-06-03,Stable,0.9969822569669168
2025-06-04,Stable,0.9966301997509035
2025-06-05,Stable,0.9957802648035453
2025-06-06,Stable,0.9959883198042193
2025-06-09,Stable,0.9953803264001032
2025-06-10,Stable,0.9964241161613321
2025-06-11,Stable,0.9972722805062076
2025-06-12,Stable,0.9977098715131834
2025-06-13,Stable,0.9978944289526197
2025-06-16,Stable,0.9980452183678972
2025-06-17,Stable,0.9981624844880075
2025-06-18,Stable,0.9981010461632278
2025-06-19,Stable,0.9981494191033914
2025-06-20,Stable,0.9979645837540937
2025-06-23,Stable,0.9980608605919942
2025-06-24,Stable,0.9980613332540257
2025-06-25,Stable,0.9978065144440345
2025-06-26,Stable,0.9971668189779838
2025-06-27,Stable,0.9963970713472042
2025-06-30,Stable,0.9965487733929423
2025-07-01,Stable,0.9970225794849179
2025-07-02,Stable,0.9976139820892755
2025-07-03,Stable,0.9978557810840353
2025-07-04,Stable,0.9977813094998368
2025-07-07,Stable,0.9980351610993621
2025-07-08,Stable,0.9981808327099052
2025-07-09,Stable,0.9981553000205422
2025-07-10,Stable,0.9982141577351025
2025-07-11,Stable,0.9982578466037795
2025-07-14,Stable,0.9981246874524116
2025-07-15,Stable,0.9977298905241149
2025-07-16,Stable,0.9970480080974323
2025-07-17,Stable,0.9957969418456448
2025-07-18,Stable,0.9937495945354844
2025-07-21,Stable,0.9898652050024761
2025-07-22,Stable,0.9934600334508266
2025-07-23,Stable,0.99529610040794
2025-07-24,Stable,0.9966970756206102
2025-07-25,Stable,0.9974496199477848
2025-07-28,Stable,0.9978661211828657
2025-07-29,Stable,0.9981925868963868
2025-07-30,Stable,0.9983109614384689
2025-07-31,Stable,0.9983011496673324
2025-08-01,Stable,0.998109184018061
2025-08-04,Stable,0.9979546470259811
2025-08-05,Stable,0.9977210256434148
2025-08-06,Stable,0.9981924149503548
2025-08-07,Stable,0.9984196869613414
2025-08-08,Stable,0.9985410182597986
2025-08-11,Stable,0.9986289307013294
2025-08-12,Stable,0.9986456089553646
2025-08-13,Stable,0.9986504103224733
2025-08-14,Stable,0.9986051134549547
2025-08-18,Stable,0.9985416246435999
2025-08-19,Stable,0.9984571493421768
2025-08-20,Stable,0.9982317402291159
2025-08-21,Stable,0.9978973665301291
2025-08-22,Stable,0.9977787213738736
2025-08-25,Stable,0.9976180586427521
2025-08-26,Stable,0.9970817451496484
2025-08-28,Stable,0.9969884811954569
2025-08-29,Stable,0.9974630685198811
2025-09-01,Stable,0.9974841488552018
2025-09-02,Stable,0.9975000353259682
2025-09-03,Stable,0.9980531601457313
2025-09-04,Stable,0.9983070819108119
2025-09-05,Stable,0.9985014548529271
2025-09-08,Stable,0.9986093367050729
2025-09-09,Stable,0.9986419063077574
2025-09-10,Stable,0.998608751749786
2025-09-11,Stable,0.9984977640487189
2025-09-12,Stable,0.9982871955944944
2025-09-15,Stable,0.998448511614221
2025-09-16,Stable,0.9984652752811738
2025-09-17,Stable,0.9983506651416775
2025-09-18,Stable,0.9980887875948757
2025-09-19,Stable,0.9975348180696231
2025-09-22,Stable,0.9978203404961712
2025-09-23,Stable,0.9977569402553389
2025-09-24,Stable,0.9975307408102333
2025-09-25,Stable,0.9973771751816086
2025-09-26,Stable,0.9969436802369288
2025-09-29,Stable,0.9969781363040967
2025-09-30,Stable,0.9970018248284012
2025-10-01,Stable,0.9964207004840951
2025-10-03,Stable,0.9971705719148648
2025-10-06,Stable,0.9975559167747765
2025-10-07,Stable,0.9975339106795015
2025-10-08,Stable,0.9974956877246708
2025-10-09,Stable,0.9971579069891626
2025-10-10,Stable,0.9963204970493638
2025-10-13,Stable,0.9946048691144466
2025-10-14,Stable,0.9912990340209922
2025-10-15,Stable,0.9851280024998601
2025-10-16,Stable,0.9762182316650789
2025-10-17,Stable,0.9656056705329008
2025-10-20,Stable,0.9525589328029086
2025-10-21,Stable,0.967412616117293
2025-10-23,Stable,0.9756943566718116
2025-10-24,Stable,0.9836977679191061
2025-10-27,Stable,0.9891376360312836
2025-10-28,Stable,0.991706354932677
2025-10-29,Stable,0.9938974727353642
2025-10-30,Stable,0.994845353071642
2025-10-31,Stable,0.9950890126176093
2025-11-03,Stable,0.9958260423413577
2025-11-04,Stable,0.9956843301166984
2025-11-06,Stable,0.9951347869043993
2025-11-07,Stable,0.9950211379010713
2025-11-10,Stable,0.996097330736286
2025-11-11,Stable,0.9963691954781135
2025-11-12,Stable,0.9962351394112205
2025-11-13,Stable,0.9952714764639364
2025-11-14,Stable,0.9962961551900543
2025-11-17,Stable,0.9972449474939981
2025-11-18,Stable,0.997692590640406
2025-11-19,Stable,0.9978827922359971
2025-11-20,Stable,0.9979580773001885
2025-11-21,Stable,0.9977276628021647
2025-11-24,Stable,0.9977758360439408
2025-11-25,Stable,0.9974695850676709
2025-11-26,Stable,0.9971508895922447
2025-11-27,Stable,0.9971816188277154
2025-11-28,Stable,0.997541976966355
2025-12-01,Stable,0.9975265314372316
2025-12-02,Stable,0.9970586819234933
2025-12-03,Stable,0.9971534427735917
2025-12-04,Stable,0.9977209519190108
2025-12-05,Stable,0.9979886868587095
2025-12-08,Stable,0.9980167276443728
2025-12-09,Stable,0.997800225361803
2025-12-10,Stable,0.997945715740418
2025-12-11,Stable,0.99825224703416
2025-12-12,Stable,0.9984030344704604
2025-12-15,Stable,0.9984583506226206
2025-12-16,Stable,0.9983881547342012
2025-12-17,Stable,0.9981500965226292
2025-12-18,Stable,0.9982828099655763
2025-12-19,Stable,0.9982420858261907
2025-12-22,Stable,0.9980251005428273
2025-12-23,Stable,0.9980392407173168
2025-12-24,Stable,0.9979005682716695
2025-12-26,Stable,0.9974850879749971
2025-12-29,Stable,0.9969731415923885
2025-12-30,Stable,0.996078938276183
2025-12-31,Stable,0.9942107378899174
2026-01-01,Stable,0.9905814917508726
2026-01-02,Stable,0.9841085977312621
2026-01-05,Stable,0.9763275272005424
2026-01-06,Stable,0.9657105157290719
2026-01-07,Stable,0.9696897236596341
2026-01-08,Stable,0.971742891021194
2026-01-09,Stable,0.970257215889449
2026-01-12,Stable,0.9750410307957706
2026-01-13,Stable,0.9764482964718034
2026-01-14,Stable,0.9791102199451515
2026-01-15,Stable,0.9818171164401924
2026-01-16,Stable,0.9815889714728064
2026-01-19,Stable,0.9789898888416886
2026-01-20,Stable,0.9817790823528447
2026-01-21,Stable,0.9818480750188766
2026-01-22,Stable,0.9857942304846157
2026-01-23,Stable,0.9871212144628342
2026-01-27,Stable,0.9862672929050518
2026-01-28,Stable,0.9852255839191115
2026-01-29,Stable,0.9816176659430421
2026-01-30,Stable,0.9764849226054187
2026-02-02,Stable,0.9766077579528661
2026-02-03,Stable,0.9731683198655302
2026-02-04,Stable,0.9802534909880732
2026-02-05,Stable,0.9862160612612432
2026-02-06,Stable,0.9902092845671344
2026-02-09,Stable,0.9922977665943539
2026-02-10,Stable,0.9933793666176044
2026-02-11,Stable,0.9935053588371858
2026-02-12,Stable,0.9922860225744095
2026-02-13,Stable,0.9922600885871109
2026-02-16,Stable,0.9921263094075901
2026-02-17,Stable,0.9904816875353509
2026-02-18,Stable,0.9867901593196429
2026-02-19,Stable,0.9793483054353379
2026-02-20,Stable,0.9722276486323699
2026-02-23,Stable,0.9584478227702133
2026-02-24,Stable,0.9325441845473107
2026-02-25,Stable,0.8980525923316311
2026-02-26,Stable,0.8494247784849599
2026-02-27,Stable,0.7583694860134612
2026-03-02,Stable,0.695792246529152
2026-03-04,Stable,0.58250449657328
2026-03-05,Stable,0.5991107540780137
2026-03-06,Transitional,0.9060318380538458
2026-03-09,Transitional,0.9430552962354748
2026-03-10,Transitional,0.953962433553282
2026-03-11,Transitional,0.9569103763980679
2026-03-12,Transitional,0.9579719487088081
2026-03-13,Transitional,0.9540536995948693
2026-03-16,Transitional,0.9530960660467619
2026-03-17,Transitional,0.9544304587539868
2026-03-18,Transitional,0.9590317494744942
2026-03-19,Transitional,0.970220797887101
2026-03-20,Transitional,0.9694677011034184
2026-03-23,Transitional,0.9713739434058752
2026-03-24,Transitional,0.9717149900150277
2026-03-25,Transitional,0.9700323227433854
2026-03-27,Transitional,0.9713590089734263
2026-03-30,Transitional,0.9701189376525741
2026-04-01,Transitional,0.964397061556635
2026-04-02,Transitional,0.9628399647995871
2026-04-06,Transitional,0.964043305651637
2026-04-07,Transitional,0.9616933407839471
2026-04-08,Transitional,0.9417099999104888
2026-04-09,Transitional,0.9480687927169383
2026-04-10,Transitional,0.9308186083729042
2026-04-13,Transitional,0.8125351859965161
2026-04-15,Stable,0.6011036845322415
2026-04-16,Stable,0.5130079651417085
2026-04-17,Stable,0.5762594862546953
2026-04-20,Stable,0.6075021621041149
2026-04-21,Stable,0.622160803990027
2026-04-22,Stable,0.6625876560054331
2026-04-23,Stable,0.7045126454513826
2026-04-24,Stable,0.7456567446180326
2026-04-27,Stable,0.793669549564234
2026-04-28,Stable,0.8260953647621351
2026-04-29,Stable,0.8668698335101259
2026-04-30,Stable,0.8936811726159966
2026-05-01,Stable,0.9192167146806701
2026-05-04,Stable,0.931652228674893
2026-05-05,Stable,0.9368555667221539
2026-05-06,Stable,0.9436479314412102
2026-05-07,Stable,0.9607263089277978
2026-05-08,Stable,0.9691282140646115
2026-05-11,Stable,0.9757268743250087
2026-05-12,Stable,0.9780540149891213
2026-05-13,Stable,0.9862495902528731
2026-05-14,Stable,0.9907191801378
2026-05-15,Stable,0.9934696288299432
2026-05-18,Stable,0.9946490918637401
2026-05-19,Stable,0.9948602931355937
2026-05-20,Stable,0.9947317658093295
2026-05-21,Stable,0.993597334385273
2026-05-22,Stable,0.9909942207811971
2026-05-25,Stable,0.9897036217793521
2026-05-26,Stable,0.9917716845729829
2026-05-27,Stable,0.9933092185853243
2026-05-28,Stable,0.9937588565513885
2026-05-29,Stable,0.9929309636294634
2026-06-01,Stable,0.9925543593440457
2026-06-02,Stable,0.9927549595735453
2026-06-03,Stable,0.9928326881511246
2026-06-04,Stable,0.9928561241494438
2026-06-05,Stable,0.9919198523788009
2026-06-08,Stable,0.9898635944178512
2026-06-09,Stable,0.9869381349107063
2026-06-10,Stable,0.9866603823505887
2026-06-11,Stable,0.9865077977646054
2026-06-12,Stable,0.9881879600823867
2026-06-15,Stable,0.9916198108240255
2026-06-16,Stable,0.994321007758402
2026-06-17,Stable,0.9956915144167361
2026-06-18,Stable,0.9961031702816724
2026-06-19,Stable,0.9957992755804763
2026-06-22,Stable,0.994612940630882
2026-06-23,Stable,0.992130288257479
2026-06-24,Stable,0.9891097661010142
2026-06-25,Stable,0.9924504878172503
2026-06-26,Stable,0.9947307407068664
2026-06-29,Stable,0.9956823466848462
2026-06-30,Stable,0.9957189188342055
2026-07-01,Stable,0.995635271536798
2026-07-02,Stable,0.9946587012730796
2026-07-03,Stable,0.9942255591684006
2026-07-06,Stable,0.9930306995137627
2026-07-07,Stable,0.9913492451675296
2026-07-08,Stable,0.9887140222042244
2026-07-09,Stable,0.992122565461916
2026-07-10,Stable,0.9935093300848529
2026-07-13,Stable,0.9954076443075798
2026-07-14,Stable,0.9963806601732944
2026-07-15,Stable,0.9966137055283678
2026-07-16,Stable,0.9963579879425546
2026-07-17,Stable,0.9952957892678682
2026-07-20,Stable,0.9957777509061009
2026-07-21,Stable,0.996163393456682
2026-07-22,Stable,0.9957516553363492
2026-07-23,Stable,0.9965042994603992
2026-07-24,Stable,0.9967077847372948
2026-07-27,Stable,0.9962820233987648
2026-07-28,Stable,0.9955513512019735
2026-07-29,Stable,0.9948814439679194
2026-07-30,Stable,0.993176024250697
2026-07-31,Stable,0.989770547146318
2026-08-03,Stable,0.983016324620883
2026-08-04,Stable,0.9838765812155232
2026-08-05,Stable,0.9823247800811066
2026-08-06,Stable,0.9777866448522093
2026-08-07,Stable,0.9685932243988591
2026-08-10,Stable,0.97048545686691
2026-08-11,Stable,0.9693169047574388
2026-08-12,Stable,0.963870116968014
2026-08-13,Stable,0.9516923092755739
2026-08-14,Stable,0.9436846438650428
