date,regime_label,regime_probability
2014-10-07,Stable,0.9999999803712856
2014-10-08,Stable,0.9659060610340932
2014-10-09,Stable,0.9114849347132982
2014-10-10,Stable,0.9274822378528018
2014-10-13,Stable,0.9538657418175212
2014-10-14,Stable,0.9560743955516473
2014-10-15,Stable,0.9382548276865812
2014-10-16,Stable,0.8751509375690754
2014-10-17,Stable,0.7399910375170664
2014-10-20,Transitional,0.6588190537967578
2014-10-21,Transitional,0.8595419611149951
2014-10-22,Transitional,0.9155175397719267
2014-10-27,Stable,0.5343822326595473
2014-10-28,Stable,0.5635998539406034
2014-10-29,Stable,0.5141454952923832
2014-10-30,Stable,0.5207559935575473
2014-10-31,Stable,0.6657504810440615
2014-11-03,Stable,0.619080135061355
2014-11-05,Stable,0.8508116521333459
2014-11-07,Stable,0.9296036771941876
2014-11-10,Stable,0.9530501901657756
2014-11-11,Stable,0.9604278954005213
2014-11-12,Stable,0.9602884257991038
2014-11-13,Stable,0.9639855974240659
2014-11-14,Stable,0.9719718859706462
2014-11-17,Stable,0.9727396707178877
2014-11-18,Stable,0.9702626883606765
2014-11-19,Stable,0.9705203273052213
2014-11-20,Stable,0.9702962605932188
2014-11-21,Stable,0.9619996653147325
2014-11-24,Stable,0.9448273736504056
2014-11-25,Stable,0.8884522123061177
2014-11-26,Stable,0.9030519307982368
2014-11-27,Stable,0.8569356826835787
2014-11-28,Stable,0.7187754135963021
2014-12-01,Stable,0.8204595167793693
2014-12-02,Stable,0.8950013977451281
2014-12-03,Stable,0.9302816079042829
2014-12-04,Stable,0.9562565105534422
2014-12-05,Stable,0.9641567158645477
2014-12-08,Stable,0.9571374181877679
2014-12-09,Stable,0.9476819111919963
2014-12-10,Stable,0.9531852152156743
2014-12-11,Stable,0.9370930009406375
2014-12-12,Stable,0.8880294378566119
2014-12-15,Stable,0.817463179818163
2014-12-16,Stable,0.5937738996138309
2014-12-17,Stable,0.6041108454468088
2014-12-18,Transitional,0.8969591311239954
2014-12-19,Stable,0.594112702443177
2014-12-22,Stable,0.7958576144095918
2014-12-23,Stable,0.9033011271106925
2014-12-24,Stable,0.9336363608242595
2014-12-26,Stable,0.9507103975624133
2014-12-29,Stable,0.9642102376205266
2014-12-30,Stable,0.9670224910565005
2014-12-31,Stable,0.9573627772700493
2015-01-01,Stable,0.9308474505629766
2015-01-02,Stable,0.8541253285256521
2015-01-05,Stable,0.659586810393837
2015-01-06,Stable,0.7506660582640049
2015-01-07,Stable,0.8345529078021189
2015-01-08,Stable,0.8934181748351575
2015-01-09,Stable,0.9308310767663757
2015-01-12,Stable,0.925589993118932
2015-01-13,Stable,0.8705488169160331
2015-01-14,Stable,0.6989801708102121
2015-01-15,Stable,0.5276362881142838
2015-01-16,Stable,0.7926573773881576
2015-01-19,Stable,0.9029670303735766
2015-01-20,Stable,0.936786949010733
2015-01-21,Stable,0.9403430860345214
2015-01-22,Stable,0.9296986028131649
2015-01-23,Stable,0.9083760162319776
2015-01-27,Stable,0.8213823687827195
2015-01-28,Stable,0.8803500921119387
2015-01-29,Stable,0.9081663284383105
2015-01-30,Stable,0.9131161837083464
2015-02-02,Stable,0.9077172803659591
2015-02-03,Stable,0.8569676424198017
2015-02-04,Stable,0.84113994460476
2015-02-05,Stable,0.8204012322729185
2015-02-06,Stable,0.7392027196249757
2015-02-09,Stable,0.511630303943659
2015-02-10,Stable,0.5166896144781031
2015-02-11,Stable,0.6173957263826036
2015-02-12,Stable,0.728976908472277
2015-02-13,Stable,0.5414761181828525
2015-02-16,Stable,0.7027113397706949
2015-02-18,Stable,0.8507603313630981
2015-02-19,Stable,0.8867478532276584
2015-02-20,Stable,0.8838993936277265
2015-02-23,Stable,0.879506024678266
2015-02-24,Stable,0.794510767167361
2015-02-25,Stable,0.6583172467625206
2015-02-26,Transitional,0.7651355028443885
2015-02-27,Transitional,0.9393583217117413
2015-03-02,Transitional,0.8952925771415283
2015-03-03,Stable,0.6585907220960012
2015-03-04,Stable,0.8464887122520728
2015-03-05,Stable,0.9312487413656985
2015-03-09,Stable,0.9593104744040959
2015-03-10,Stable,0.9664356103058686
2015-03-11,Stable,0.9702889336458113
2015-03-12,Stable,0.9670777729784351
2015-03-13,Stable,0.96687414583659
2015-03-16,Stable,0.9734905812464638
2015-03-17,Stable,0.9746810216007946
2015-03-18,Stable,0.9755274516363621
2015-03-19,Stable,0.9735763722954238
2015-03-20,Stable,0.9674697115777171
2015-03-23,Stable,0.9652811537206226
2015-03-24,Stable,0.9638836913032136
2015-03-25,Stable,0.947163453388703
2015-03-26,Stable,0.915775214774297
2015-03-27,Stable,0.9047624803750202
2015-03-30,Stable,0.9059353504973905
2015-03-31,Stable,0.9239969587985573
2015-04-01,Stable,0.9299216056169441
2015-04-06,Stable,0.9553906516327102
2015-04-07,Stable,0.9607077331796305
2015-04-08,Stable,0.9627849313373231
2015-04-09,Stable,0.9650830936127984
2015-04-10,Stable,0.9708788317833168
2015-04-13,Stable,0.9694534906101991
2015-04-15,Stable,0.9578526450329187
2015-04-16,Stable,0.9275556468356619
2015-04-17,Stable,0.8361441932879211
2015-04-20,Stable,0.6368518460026443
2015-04-21,Transitional,0.7508659199400572
2015-04-22,Transitional,0.5945580932105904
2015-04-23,Transitional,0.5953946357261751
2015-04-24,Transitional,0.7308237093975888
2015-04-27,Transitional,0.9716408301539751
2015-04-28,Transitional,0.997279570276674
2015-04-29,Transitional,0.7580128209489068
2015-04-30,Transitional,0.6071109503034724
2015-05-04,Transitional,0.5818027428106878
2015-05-05,Transitional,0.6910709609118248
2015-05-06,Transitional,0.9910513017978525
2015-05-07,Transitional,0.9318587713466263
2015-05-08,Transitional,0.7531311977564674
2015-05-11,Stable,0.5255835183064143
2015-05-12,Stable,0.5771709309482099
2015-05-13,Stable,0.7877477654009956
2015-05-14,Stable,0.8715778667077327
2015-05-15,Stable,0.930060557832142
2015-05-18,Stable,0.9548947506461948
2015-05-19,Stable,0.9690552489653937
2015-05-20,Stable,0.9739923054371225
2015-05-21,Stable,0.9745746474083172
2015-05-22,Stable,0.9735193664597043
2015-05-25,Stable,0.9674104319257799
2015-05-26,Stable,0.9497050925881774
2015-05-27,Stable,0.9269645444003799
2015-05-28,Stable,0.8476301475662403
2015-05-29,Stable,0.6228024342302892
2015-06-01,Stable,0.5366603217289747
2015-06-02,Stable,0.71043894124697
2015-06-03,Stable,0.8232948761320716
2015-06-04,Stable,0.9189730948301348
2015-06-05,Stable,0.9482464568883552
2015-06-08,Stable,0.9496512615133215
2015-06-09,Stable,0.947529927628115
2015-06-10,Stable,0.9345123032465225
2015-06-11,Stable,0.9414828663858922
2015-06-12,Stable,0.9485521891637603
2015-06-15,Stable,0.9538434558959276
2015-06-16,Stable,0.9538738604380992
2015-06-17,Stable,0.9393564156113359
2015-06-18,Stable,0.8929520126830348
2015-06-19,Stable,0.8543007472968746
2015-06-22,Stable,0.9035860465724099
2015-06-23,Stable,0.9364907008317834
2015-06-24,Stable,0.9563412216239235
2015-06-25,Stable,0.9539785675382423
2015-06-26,Stable,0.9356884195311264
2015-06-29,Stable,0.9066915974108776
2015-06-30,Stable,0.9435916282612299
2015-07-01,Stable,0.9622134661715124
2015-07-02,Stable,0.9643656428347562
2015-07-03,Stable,0.9720471738659321
2015-07-06,Stable,0.9731082978250646
2015-07-07,Stable,0.9696454764170449
2015-07-08,Stable,0.9593678367279537
2015-07-09,Stable,0.9358198753718671
2015-07-10,Stable,0.8663957868797492
2015-07-13,Stable,0.6615150250838008
2015-07-14,Stable,0.7253183841445041
2015-07-15,Stable,0.6669657785039507
2015-07-16,Stable,0.8537782847883575
2015-07-17,Stable,0.9298359369228859
2015-07-20,Stable,0.9560167694914737
2015-07-21,Stable,0.9618332562394363
2015-07-22,Stable,0.9573406169241045
2015-07-23,Stable,0.9546676951738086
2015-07-24,Stable,0.9574758819413387
2015-07-27,Stable,0.93835056535322
2015-07-28,Stable,0.9334802609090451
2015-07-29,Stable,0.8930214532657942
2015-07-30,Stable,0.9174914336981312
2015-07-31,Stable,0.9017115732736589
2015-08-03,Stable,0.848294226560745
2015-08-04,Stable,0.9273580265180615
2015-08-05,Stable,0.9524335581284759
2015-08-06,Stable,0.966061867994047
2015-08-07,Stable,0.9699434086860755
2015-08-10,Stable,0.96451439075117
2015-08-11,Stable,0.968929668809281
2015-08-12,Stable,0.9636977835695296
2015-08-13,Stable,0.9415179053971976
2015-08-14,Stable,0.8769280741143879
2015-08-17,Stable,0.8697249905633728
2015-08-18,Stable,0.7876041042622228
2015-08-19,Stable,0.7724300807925047
2015-08-20,Stable,0.6702061218948823
2015-08-21,Stable,0.5986665325252233
2015-08-24,Transitional,0.9843676020563931
2015-08-25,Stable,0.5074775908396167
2015-08-26,Stable,0.7250609481078065
2015-08-27,Stable,0.8198529321634954
2015-08-28,Stable,0.8098300409405734
2015-08-31,Stable,0.6819395375469585
2015-09-01,Transitional,0.6108498033768885
2015-09-02,Transitional,0.6363928120810267
2015-09-03,Transitional,0.8340076803144804
2015-09-04,Transitional,0.781673292073525
2015-09-07,Transitional,0.715763912030304
2015-09-08,Transitional,0.8301654598233204
2015-09-09,Transitional,0.9674219516710231
2015-09-10,Stable,0.6423417775779721
2015-09-11,Stable,0.8512457151230354
2015-09-14,Stable,0.9261797752618152
2015-09-15,Stable,0.9454732204574344
2015-09-16,Stable,0.933706604544139
2015-09-18,Stable,0.8963725590855455
2015-09-21,Stable,0.8326493978919356
2015-09-22,Stable,0.8682507430509604
2015-09-23,Stable,0.8308449847569854
2015-09-24,Stable,0.6925401742671711
2015-09-28,Stable,0.5456555326836711
2015-09-29,Transitional,0.8661112818961626
2015-09-30,Transitional,0.7995848572815585
2015-10-01,Transitional,0.9053161670440752
2015-10-05,Transitional,0.9596565768487406
2015-10-06,Stable,0.5388778377856313
2015-10-07,Stable,0.7368148554420417
2015-10-08,Stable,0.8171217613707166
2015-10-09,Stable,0.7960004879049124
2015-10-12,Stable,0.8191138855832573
2015-10-13,Stable,0.7933358299060164
2015-10-14,Stable,0.7046247438850656
2015-10-15,Stable,0.5721321345938573
2015-10-16,Stable,0.6096598550597025
2015-10-19,Stable,0.7853385660101124
2015-10-20,Stable,0.8223930016417056
2015-10-21,Stable,0.82346666949201
2015-10-23,Stable,0.7489506619005594
2015-10-26,Stable,0.7792555854314335
2015-10-27,Stable,0.6929193514498273
2015-10-28,Stable,0.8582499178645157
2015-10-29,Stable,0.9049692663828905
2015-10-30,Stable,0.94366155092144
2015-11-02,Stable,0.94850803800136
2015-11-03,Stable,0.9569008633537867
2015-11-04,Stable,0.945197398835718
2015-11-05,Stable,0.9229580309726323
2015-11-06,Stable,0.8420463960713909
2015-11-09,Stable,0.6009656362565263
2015-11-10,Stable,0.5756338165302229
2015-11-13,Stable,0.5941248431867504
2015-11-16,Stable,0.6830796064745851
2015-11-17,Stable,0.6499897099902635
2015-11-18,Stable,0.5630682537824422
2015-11-19,Stable,0.6518511007662595
2015-11-20,Stable,0.5093065027663201
2015-11-23,Stable,0.7036625712360666
2015-11-24,Stable,0.7408208835510314
2015-11-26,Stable,0.878596128200363
2015-11-27,Stable,0.9357906289830246
2015-11-30,Stable,0.9569512839055067
2015-12-01,Stable,0.9624761749903645
2015-12-02,Stable,0.951109857271294
2015-12-03,Stable,0.965871731105486
2015-12-04,Stable,0.9676071207960808
2015-12-07,Stable,0.9647418445490571
2015-12-08,Stable,0.9612137742293072
2015-12-09,Stable,0.9441723762421342
2015-12-10,Stable,0.9490974537631823
2015-12-11,Stable,0.930937275690124
2015-12-14,Stable,0.8670676998544743
2015-12-15,Stable,0.9201831071266794
2015-12-16,Stable,0.9508130552416956
2015-12-17,Stable,0.9526278182955485
2015-12-18,Stable,0.9588050829694269
2015-12-21,Stable,0.9685683993484914
2015-12-22,Stable,0.9715159058810083
2015-12-23,Stable,0.9712692538068594
2015-12-24,Stable,0.9667922783876809
2015-12-28,Stable,0.9633739031515052
2015-12-29,Stable,0.9650195689798263
2015-12-30,Stable,0.9520741951081312
2015-12-31,Stable,0.9427027360925713
2016-01-01,Stable,0.9167400590900665
2016-01-04,Stable,0.8315986288549393
2016-01-05,Stable,0.704834940371085
2016-01-06,Transitional,0.6785141569494464
2016-01-07,Transitional,0.9926122383395272
2016-01-08,Stable,0.5710404911908488
2016-01-11,Stable,0.6705400429831305
2016-01-12,Stable,0.849161899761733
2016-01-13,Stable,0.9006110066718727
2016-01-14,Stable,0.8997292771507855
2016-01-15,Stable,0.8733560740417491
2016-01-18,Stable,0.7746564356705351
2016-01-19,Stable,0.5456510176056542
2016-01-20,Transitional,0.9606419977640268
2016-01-21,Transitional,0.989714627759511
2016-01-22,Transitional,0.9922987277092
2016-01-25,Stable,0.5259444647965946
2016-01-27,Stable,0.6329209056880459
2016-01-28,Stable,0.6609568205363545
2016-01-29,Stable,0.5373145980801021
2016-02-01,Transitional,0.8887402906940955
2016-02-02,Transitional,0.7099125489614894
2016-02-03,Transitional,0.5055078746228003
2016-02-04,Transitional,0.5847566310871437
2016-02-05,Transitional,0.5576525916874782
2016-02-08,Transitional,0.573549877529245
2016-02-09,Transitional,0.5816069162873906
2016-02-10,Transitional,0.6613719768446831
2016-02-11,Transitional,0.9731816570810607
2016-02-12,Transitional,0.915202568855212
2016-02-15,Transitional,0.9949958659360844
2016-02-16,Transitional,0.7418187232359008
2016-02-17,Transitional,0.7138237080164436
2016-02-18,Transitional,0.7821816470758906
2016-02-19,Transitional,0.692461860323584
2016-02-22,Transitional,0.5396269409498665
2016-02-23,Transitional,0.5838735954263116
2016-02-24,Transitional,0.5931172560610254
2016-02-25,Transitional,0.5444330611817596
2016-02-26,Transitional,0.5774954026921777
2016-02-29,Transitional,0.8157706482012436
2016-03-01,Transitional,0.8081137701971941
2016-03-02,Transitional,0.8708264750718501
2016-03-03,Transitional,0.783274584523842
2016-03-04,Transitional,0.8247351507654077
2016-03-08,Transitional,0.9208547282332781
2016-03-09,Transitional,0.9412120278809482
2016-03-10,Stable,0.5261034653724349
2016-03-11,Stable,0.7917064706833332
2016-03-14,Stable,0.9096523099727319
2016-03-15,Stable,0.9495469372552086
2016-03-16,Stable,0.9589711466368755
2016-03-17,Stable,0.9519323749532019
2016-03-18,Stable,0.9380469108461734
2016-03-21,Stable,0.8857200592346939
2016-03-22,Stable,0.8329960517513301
2016-03-23,Stable,0.6986273833721339
2016-03-28,Stable,0.5761120145044907
2016-03-29,Stable,0.5700042153564646
2016-03-30,Stable,0.7026994177864551
2016-03-31,Stable,0.7717767148772514
2016-04-01,Stable,0.7269487488450882
2016-04-04,Stable,0.5118986068183521
2016-04-05,Transitional,0.91913557415573
2016-04-06,Transitional,0.8437342762004502
2016-04-07,Transitional,0.9171379434435671
2016-04-08,Transitional,0.8411965661480587
2016-04-11,Transitional,0.8695076382407309
2016-04-12,Transitional,0.974073642030004
2016-04-13,Transitional,0.9971018646969534
2016-04-18,Transitional,0.7408144281187511
2016-04-20,Transitional,0.7072508815864286
2016-04-21,Transitional,0.7585808508361669
2016-04-22,Transitional,0.9634991215694244
2016-04-25,Transitional,0.9758794111507504
2016-04-26,Transitional,0.9940258514187806
2016-04-27,Transitional,0.8038430019933279
2016-04-28,Transitional,0.805396252744048
2016-04-29,Stable,0.5635854017505698
2016-05-02,Stable,0.7937057509671533
2016-05-03,Stable,0.9109765748738796
2016-05-04,Stable,0.9514533884589731
2016-05-05,Stable,0.9625327513287935
2016-05-06,Stable,0.9682222869965039
2016-05-09,Stable,0.9672984925546687
2016-05-10,Stable,0.9672654127379555
2016-05-11,Stable,0.9548175001740307
2016-05-12,Stable,0.956699345380724
2016-05-13,Stable,0.9577473246381196
2016-05-16,Stable,0.9378545477411964
2016-05-17,Stable,0.9058123033013318
2016-05-18,Stable,0.932559429341001
2016-05-19,Stable,0.9421757818118115
2016-05-20,Stable,0.9206102514763923
2016-05-23,Stable,0.8493452726154098
2016-05-24,Stable,0.6822876043434591
2016-05-25,Stable,0.7991142479049448
2016-05-26,Stable,0.5699353859756118
2016-05-27,Stable,0.5820031683221986
2016-05-30,Stable,0.5906053472601628
2016-05-31,Stable,0.6300738290198283
2016-06-01,Stable,0.8407688836278987
2016-06-02,Stable,0.9069903886280983
2016-06-03,Stable,0.9202071972746838
2016-06-06,Stable,0.9048838209042677
2016-06-07,Stable,0.9449832427837808
2016-06-08,Stable,0.9507384238157571
2016-06-09,Stable,0.939926973756064
2016-06-10,Stable,0.8904302582420421
2016-06-13,Stable,0.8428821989739801
2016-06-14,Stable,0.6947898105300074
2016-06-15,Stable,0.6734045533128192
2016-06-16,Stable,0.7198026785186434
2016-06-17,Stable,0.6832640628194229
2016-06-20,Stable,0.8543750097759986
2016-06-21,Stable,0.9131115025840219
2016-06-22,Stable,0.9264023641133329
2016-06-23,Stable,0.8941414950734271
2016-06-24,Stable,0.7872052887258012
2016-06-27,Stable,0.8473570132688103
2016-06-28,Stable,0.8693557906714802
2016-06-29,Stable,0.8907733693803426
2016-06-30,Stable,0.9123504830207747
2016-07-01,Stable,0.9458537878342318
2016-07-04,Stable,0.9532913822667292
2016-07-05,Stable,0.936821675390582
2016-07-07,Stable,0.8744640327298704
2016-07-08,Stable,0.731501528496937
2016-07-11,Stable,0.6495672575420459
2016-07-12,Stable,0.6704830497105062
2016-07-13,Stable,0.5534348574586685
2016-07-14,Stable,0.5450822254075638
2016-07-15,Stable,0.7217391211531585
2016-07-18,Stable,0.8546134677851279
2016-07-19,Stable,0.88698792418576
2016-07-20,Stable,0.8713893366527897
2016-07-21,Stable,0.7725033767021152
2016-07-22,Stable,0.6119504756347677
2016-07-25,Transitional,0.8870905587344291
2016-07-26,Transitional,0.8948802946963116
2016-07-27,Transitional,0.9399981995769713
2016-07-28,Transitional,0.9971887079701671
2016-07-29,Transitional,0.8575474363299155
2016-08-01,Transitional,0.8876136073078574
2016-08-02,Transitional,0.8619827776121896
2016-08-03,Transitional,0.6955495982340745
2016-08-04,Stable,0.6832851971980891
2016-08-05,Stable,0.8077534823050233
2016-08-08,Stable,0.8708307909479553
2016-08-09,Stable,0.8979679580566258
2016-08-10,Stable,0.8760801429617392
2016-08-11,Stable,0.9383310043729894
2016-08-12,Stable,0.9596490410956834
2016-08-16,Stable,0.96524449908689
2016-08-17,Stable,0.9676879583853379
2016-08-18,Stable,0.9655556909834002
2016-08-19,Stable,0.9568343160915375
2016-08-22,Stable,0.9260894428887477
2016-08-23,Stable,0.8995326216174788
2016-08-24,Stable,0.7941052014581461
2016-08-25,Stable,0.8688305359627023
2016-08-26,Stable,0.8641137635940189
2016-08-29,Stable,0.7731535704260761
2016-08-30,Transitional,0.5165420878554066
2016-08-31,Transitional,0.5910715591131671
2016-09-01,Transitional,0.5472707105493492
2016-09-02,Transitional,0.7136507626584259
2016-09-06,Transitional,0.8887147111271272
2016-09-07,Transitional,0.7762303168458182
2016-09-08,Transitional,0.8348464268550116
2016-09-09,Stable,0.6144558583204889
2016-09-12,Stable,0.555948082611767
2016-09-14,Stable,0.6558164717349283
2016-09-15,Stable,0.6317977189482391
2016-09-16,Stable,0.6210790314818706
2016-09-19,Stable,0.7632920556988416
2016-09-20,Stable,0.8819499122313653
2016-09-21,Stable,0.9171870917854039
2016-09-22,Stable,0.9021164482134454
2016-09-23,Stable,0.9409778625487761
2016-09-26,Stable,0.9428822632999306
2016-09-27,Stable,0.9203421114231308
2016-09-28,Stable,0.88074819270433
2016-09-29,Stable,0.7441957609168465
2016-09-30,Stable,0.5883281342658163
2016-10-03,Transitional,0.8135393735331177
2016-10-04,Stable,0.7019419564347311
2016-10-05,Stable,0.8790300793660599
2016-10-06,Stable,0.9396180547194638
2016-10-07,Stable,0.9610007648390216
2016-10-10,Stable,0.967932942035118
2016-10-13,Stable,0.9697650969306121
2016-10-14,Stable,0.9624053120743196
2016-10-17,Stable,0.9424820819849251
2016-10-18,Stable,0.961259943455445
2016-10-19,Stable,0.9678857478661437
2016-10-20,Stable,0.9661690402823617
2016-10-21,Stable,0.9640595673632112
2016-10-24,Stable,0.9463217443392355
2016-10-25,Stable,0.9352506718761098
2016-10-26,Stable,0.9303700314657795
2016-10-27,Stable,0.958017908406287
2016-10-28,Stable,0.963394409457066
2016-11-01,Stable,0.9549509587738015
2016-11-02,Stable,0.9200110228758336
2016-11-03,Stable,0.9007708635843616
2016-11-04,Stable,0.8095011024174833
2016-11-07,Stable,0.7570561912764716
2016-11-08,Stable,0.5362930476036727
2016-11-09,Transitional,0.9494232578970649
2016-11-10,Transitional,0.9082478869694572
2016-11-11,Transitional,0.945287850724086
2016-11-15,Transitional,0.9472092069907632
2016-11-16,Transitional,0.9507076776450464
2016-11-17,Transitional,0.8493306985159447
2016-11-18,Transitional,0.83346055753243
2016-11-21,Transitional,0.9696784009995053
2016-11-22,Transitional,0.954921123943113
2016-11-23,Transitional,0.6460275669584405
2016-11-24,Transitional,0.5129794482780415
2016-11-25,Transitional,0.5005788417226594
2016-11-28,Transitional,0.6053431747598165
2016-11-29,Transitional,0.99232833364925
2016-11-30,Transitional,0.993434153982278
2016-12-01,Transitional,0.9221798413756916
2016-12-02,Transitional,0.9861515779511809
2016-12-05,Transitional,0.9202167945951291
2016-12-06,Stable,0.6000362533953926
2016-12-07,Stable,0.5833750118223404
2016-12-08,Stable,0.5902901829993465
2016-12-09,Stable,0.7890254842158297
2016-12-12,Stable,0.8358385808458584
2016-12-13,Stable,0.9235421435274528
2016-12-14,Stable,0.9544036429696332
2016-12-15,Stable,0.9633243129889965
2016-12-16,Stable,0.9575712892912386
2016-12-19,Stable,0.9441966580564566
2016-12-20,Stable,0.9545317281903046
2016-12-21,Stable,0.9410692670959472
2016-12-22,Stable,0.9006519180053746
2016-12-23,Stable,0.8300243224237868
2016-12-26,Stable,0.896180514555475
2016-12-27,Stable,0.905166858429173
2016-12-28,Stable,0.9023708169900314
2016-12-29,Stable,0.8349030812347927
2016-12-30,Stable,0.7942392876452965
2017-01-02,Stable,0.6097864549049978
2017-01-03,Stable,0.7604214131495359
2017-01-04,Stable,0.8044111552082245
2017-01-05,Stable,0.7424547320297346
2017-01-06,Stable,0.8824614469897853
2017-01-09,Stable,0.9268913411064804
2017-01-10,Stable,0.9436323382657181
2017-01-11,Stable,0.9302622904137917
2017-01-12,Stable,0.9519441067549709
2017-01-13,Stable,0.9490735606643524
2017-01-16,Stable,0.9661945026207371
2017-01-17,Stable,0.9725259346233879
2017-01-18,Stable,0.9725156519986814
2017-01-19,Stable,0.9677631697629139
2017-01-20,Stable,0.9601313530204988
2017-01-23,Stable,0.9511131778826568
2017-01-24,Stable,0.9225255118376406
2017-01-25,Stable,0.8523924750191275
2017-01-27,Stable,0.7422060657974199
2017-01-30,Stable,0.7207602436754594
2017-01-31,Stable,0.5492081573864083
2017-02-01,Transitional,0.9916860395198913
2017-02-02,Stable,0.601999405722768
2017-02-03,Stable,0.8279889963303605
2017-02-06,Stable,0.9080479622789784
2017-02-07,Stable,0.9334849131672577
2017-02-08,Stable,0.9524997219259448
2017-02-09,Stable,0.947483548383354
2017-02-10,Stable,0.9211995975564361
2017-02-13,Stable,0.8552943604408062
2017-02-14,Stable,0.7937730387889964
2017-02-15,Stable,0.7075913425302213
2017-02-16,Stable,0.5625099564266457
2017-02-17,Stable,0.7574638391105966
2017-02-20,Stable,0.8110755735483673
2017-02-21,Stable,0.9114344384259726
2017-02-22,Stable,0.9472634620827616
2017-02-23,Stable,0.9531411794636442
2017-02-27,Stable,0.9504033538996405
2017-02-28,Stable,0.9661371864851825
2017-03-01,Stable,0.9729341430831839
2017-03-02,Stable,0.9735736968917071
2017-03-03,Stable,0.9688410215720408
2017-03-06,Stable,0.9590203172863533
2017-03-07,Stable,0.9460331204420807
2017-03-08,Stable,0.9168033889726364
2017-03-09,Stable,0.8269612399923365
2017-03-10,Stable,0.7818338367135176
2017-03-14,Stable,0.5844483458045134
2017-03-15,Stable,0.8360436502512864
2017-03-16,Stable,0.9209872591757119
2017-03-17,Stable,0.9473568090241895
2017-03-20,Stable,0.9538612098349482
2017-03-21,Stable,0.9431722373280922
2017-03-22,Stable,0.9500039940547852
2017-03-23,Stable,0.9646105018406097
2017-03-24,Stable,0.9700826854233402
2017-03-27,Stable,0.9714184739440954
2017-03-28,Stable,0.966864472113791
2017-03-29,Stable,0.9496160338010504
2017-03-30,Stable,0.905937512146793
2017-03-31,Stable,0.7787091815543671
2017-04-03,Stable,0.5358108142476983
2017-04-05,Transitional,0.9749876401305319
2017-04-06,Stable,0.5848434497530342
2017-04-07,Stable,0.8246331332316885
2017-04-10,Stable,0.9130062598983377
2017-04-11,Stable,0.9355866707535161
2017-04-12,Stable,0.9220857410603549
2017-04-13,Stable,0.9328241104998855
2017-04-17,Stable,0.9495020035017837
2017-04-18,Stable,0.9493906930451088
2017-04-19,Stable,0.9240589711108337
2017-04-20,Stable,0.8820123961386637
2017-04-21,Stable,0.8289626976195954
2017-04-24,Stable,0.7651581909294304
2017-04-25,Stable,0.8264427027996964
2017-04-26,Stable,0.7947996967932099
2017-04-27,Stable,0.711761731637381
2017-04-28,Stable,0.5591094192364003
2017-05-02,Stable,0.6031450719978019
2017-05-03,Stable,0.7324746882230977
2017-05-04,Stable,0.8903227287681428
2017-05-05,Stable,0.9431311057323529
2017-05-08,Stable,0.9583111061069778
2017-05-09,Stable,0.955401758385852
2017-05-10,Stable,0.9277065237245237
2017-05-11,Stable,0.9439763360082606
2017-05-12,Stable,0.9320781673633267
2017-05-15,Stable,0.8808280997716368
2017-05-16,Stable,0.8360896049206482
2017-05-17,Stable,0.8676387007428857
2017-05-18,Stable,0.8201365961850849
2017-05-19,Stable,0.8272043710016946
2017-05-22,Stable,0.7496435201434697
2017-05-23,Stable,0.6253526343739864
2017-05-24,Stable,0.7887749906041521
2017-05-25,Stable,0.8157743088196628
2017-05-26,Stable,0.8824834701633335
2017-05-29,Stable,0.9260649267104185
2017-05-30,Stable,0.95414345343474
2017-05-31,Stable,0.9574946765263501
2017-06-01,Stable,0.9611586508800265
2017-06-02,Stable,0.965674990217346
2017-06-05,Stable,0.9607680343705695
2017-06-06,Stable,0.936861168165083
2017-06-07,Stable,0.8645818132599995
2017-06-08,Stable,0.7809173520034469
2017-06-09,Stable,0.5494545968896464
2017-06-12,Stable,0.76657126720758
2017-06-13,Stable,0.90161675001832
2017-06-14,Stable,0.9496220449477779
2017-06-15,Stable,0.9640474776022867
2017-06-16,Stable,0.9688013085189328
2017-06-19,Stable,0.9722612298309512
2017-06-20,Stable,0.9695991404127761
2017-06-21,Stable,0.9641558060947426
2017-06-22,Stable,0.9617409369160851
2017-06-23,Stable,0.9533821736381741
2017-06-27,Stable,0.9652461310356517
2017-06-28,Stable,0.9680207601920886
2017-06-29,Stable,0.9679355866606194
2017-06-30,Stable,0.9561430327407421
2017-07-03,Stable,0.918077983814352
2017-07-04,Stable,0.9525840911971796
2017-07-05,Stable,0.961623359566047
2017-07-06,Stable,0.9530009223963712
2017-07-07,Stable,0.9664173059621827
2017-07-10,Stable,0.9728707630139976
2017-07-11,Stable,0.9731034049023393
2017-07-12,Stable,0.9705970555977954
2017-07-13,Stable,0.9610569882952896
2017-07-14,Stable,0.9712122576789886
2017-07-17,Stable,0.9733948898593029
2017-07-18,Stable,0.9741529402025565
2017-07-19,Stable,0.9733569279576065
2017-07-20,Stable,0.967631605844588
2017-07-21,Stable,0.9691896952128033
2017-07-24,Stable,0.9723387993727992
2017-07-25,Stable,0.969445926778166
2017-07-26,Stable,0.9657699931881344
2017-07-27,Stable,0.9647617020665393
2017-07-28,Stable,0.9544918999179896
2017-07-31,Stable,0.9227010067247058
2017-08-01,Stable,0.9270890385339841
2017-08-02,Stable,0.9496616639203377
2017-08-03,Stable,0.9588292466208825
2017-08-04,Stable,0.9611415066195813
2017-08-07,Stable,0.9503781250739984
2017-08-08,Stable,0.9342564010681724
2017-08-09,Stable,0.9107767937158634
2017-08-10,Stable,0.8817761390760946
2017-08-11,Stable,0.8224592205151551
2017-08-14,Stable,0.781681039762376
2017-08-16,Stable,0.8400415250500469
2017-08-17,Stable,0.8750309765113543
2017-08-18,Stable,0.9284197699036796
2017-08-21,Stable,0.9353202215795577
2017-08-22,Stable,0.9516091719900457
2017-08-23,Stable,0.9412776444780354
2017-08-24,Stable,0.9290837425958411
2017-08-28,Stable,0.9506926499866136
2017-08-29,Stable,0.9494360513362938
2017-08-30,Stable,0.9350038567016284
2017-08-31,Stable,0.884369905306843
2017-09-01,Stable,0.907618022728344
2017-09-04,Stable,0.9515115771978334
2017-09-05,Stable,0.9646969620724987
2017-09-06,Stable,0.9629449687387905
2017-09-07,Stable,0.9483744524284652
2017-09-08,Stable,0.9291710288225282
2017-09-11,Stable,0.876284983207542
2017-09-12,Stable,0.940830533615549
2017-09-13,Stable,0.9619559230293036
2017-09-14,Stable,0.9679888224306805
2017-09-15,Stable,0.9714577829352554
2017-09-18,Stable,0.9705858054524661
2017-09-19,Stable,0.9732799253030047
2017-09-20,Stable,0.97219806710582
2017-09-21,Stable,0.9643851587744827
2017-09-22,Stable,0.9428174325838481
2017-09-25,Stable,0.9100472018829325
2017-09-26,Stable,0.8762602776828646
2017-09-27,Stable,0.7946251359125049
2017-09-28,Stable,0.7807213994587586
2017-09-29,Stable,0.8699757697281948
2017-10-03,Stable,0.9178503289399144
2017-10-04,Stable,0.9526797171733087
2017-10-05,Stable,0.9656738570185183
2017-10-06,Stable,0.9654356948752923
2017-10-09,Stable,0.9723762320050592
2017-10-10,Stable,0.9726036646616951
2017-10-11,Stable,0.9663288294994384
2017-10-12,Stable,0.9636877111980198
2017-10-13,Stable,0.9712096267312609
2017-10-16,Stable,0.9734355636875415
2017-10-17,Stable,0.9733350255959945
2017-10-18,Stable,0.9675606629004024
2017-10-19,Stable,0.9603730125321832
2017-10-23,Stable,0.9446782846916701
2017-10-24,Stable,0.9352722743060995
2017-10-25,Stable,0.9026193864900208
2017-10-26,Stable,0.789081300724266
2017-10-27,Stable,0.8953556957556185
2017-10-30,Stable,0.9337945036747
2017-10-31,Stable,0.9614899403351321
2017-11-01,Stable,0.9704702034751834
2017-11-02,Stable,0.9732691015638899
2017-11-03,Stable,0.970741226279372
2017-11-06,Stable,0.9594392077105414
2017-11-07,Stable,0.9605923671245592
2017-11-08,Stable,0.9710534152991417
2017-11-09,Stable,0.973675423650151
2017-11-10,Stable,0.973082490737259
2017-11-13,Stable,0.9677326403811076
2017-11-14,Stable,0.9687291340846179
2017-11-15,Stable,0.9598559061847306
2017-11-16,Stable,0.9293578230478642
2017-11-17,Stable,0.850012840053082
2017-11-20,Stable,0.9140173280654885
2017-11-21,Stable,0.9494429540071176
2017-11-22,Stable,0.9541631452305942
2017-11-23,Stable,0.9652185800384105
2017-11-24,Stable,0.9693436395548662
2017-11-27,Stable,0.9657587235548802
2017-11-28,Stable,0.9495805353563195
2017-11-29,Stable,0.9578437893158346
2017-11-30,Stable,0.9535828538788454
2017-12-01,Stable,0.9421321866666337
2017-12-04,Stable,0.8921360955414529
2017-12-05,Stable,0.8294456754294243
2017-12-06,Stable,0.6189166200982326
2017-12-07,Stable,0.6891462792246278
2017-12-08,Stable,0.5036669842145914
2017-12-11,Stable,0.7475430286039679
2017-12-12,Stable,0.8733440742798546
2017-12-13,Stable,0.9022567910058755
2017-12-14,Stable,0.8707201435595163
2017-12-15,Stable,0.7392447049121547
2017-12-18,Stable,0.6018633735530087
2017-12-19,Transitional,0.9976961287375216
2017-12-20,Stable,0.5591726155610777
2017-12-21,Stable,0.7797436529154598
2017-12-22,Stable,0.8956938474930642
2017-12-26,Stable,0.9473767905614026
2017-12-27,Stable,0.9638650805066874
2017-12-28,Stable,0.9670086653636678
2017-12-29,Stable,0.9580873424728114
2018-01-01,Stable,0.9574866474577113
2018-01-02,Stable,0.9511963127604843
2018-01-03,Stable,0.945153245714722
2018-01-04,Stable,0.9645936003174839
2018-01-05,Stable,0.9703673119618988
2018-01-08,Stable,0.9734772727543058
2018-01-09,Stable,0.9718629672457542
2018-01-10,Stable,0.9727545216247835
2018-01-11,Stable,0.967415274645644
2018-01-12,Stable,0.9524748678908912
2018-01-15,Stable,0.9573680485718827
2018-01-16,Stable,0.968649708904615
2018-01-17,Stable,0.9719581616567136
2018-01-18,Stable,0.9682000042546302
2018-01-19,Stable,0.9618076870965208
2018-01-22,Stable,0.9420974654386169
2018-01-23,Stable,0.8801422481050546
2018-01-24,Stable,0.7592666094370459
2018-01-25,Stable,0.5739013197106743
2018-01-29,Transitional,0.9340713939665442
2018-01-30,Transitional,0.6678924417452807
2018-01-31,Transitional,0.614609326859273
2018-02-01,Transitional,0.7202123119747743
2018-02-02,Transitional,0.9825072222273378
2018-02-05,Stable,0.5187696284836621
2018-02-06,Stable,0.7067090101624424
2018-02-07,Stable,0.8149278079044763
2018-02-08,Stable,0.833569704689376
2018-02-09,Stable,0.8311563027625042
2018-02-12,Stable,0.7825182293362933
2018-02-14,Stable,0.8346263673151354
2018-02-15,Stable,0.8639866392749593
2018-02-16,Stable,0.8145329221979397
2018-02-19,Stable,0.8556242269659888
2018-02-20,Stable,0.8794421944230744
2018-02-21,Stable,0.829360694769635
2018-02-22,Stable,0.6832922239505296
2018-02-23,Stable,0.5547081669978404
2018-02-26,Stable,0.7924713380310064
2018-02-27,Stable,0.5818003732931988
2018-02-28,Stable,0.8107706855278182
2018-03-01,Stable,0.8877331865552178
2018-03-05,Stable,0.8927761527513186
2018-03-06,Stable,0.8609950449451238
2018-03-07,Stable,0.9185214079674395
2018-03-08,Stable,0.9396948792266319
2018-03-09,Stable,0.9358503279496325
2018-03-12,Stable,0.9109350631647576
2018-03-13,Stable,0.9387254250665019
2018-03-14,Stable,0.9398240014986103
2018-03-15,Stable,0.9390631318407505
2018-03-16,Stable,0.8998162107615658
2018-03-19,Stable,0.9184257798873352
2018-03-20,Stable,0.9312670951547712
2018-03-21,Stable,0.9058741938022067
2018-03-22,Stable,0.8425829205606722
2018-03-23,Stable,0.8654251468023519
2018-03-26,Stable,0.8525373741856969
2018-03-27,Stable,0.9050909641734487
2018-03-28,Stable,0.9330519787536188
2018-04-02,Stable,0.920234508590056
2018-04-03,Stable,0.9531096445467295
2018-04-04,Stable,0.9598221926359519
2018-04-05,Stable,0.9474612083101583
2018-04-06,Stable,0.9561764953766589
2018-04-09,Stable,0.9604548928282183
2018-04-10,Stable,0.9692140098721479
2018-04-11,Stable,0.9685084596010911
2018-04-12,Stable,0.959429689549561
2018-04-13,Stable,0.9575575997585428
2018-04-16,Stable,0.953275249146808
2018-04-17,Stable,0.9631326318096012
2018-04-18,Stable,0.9703522114226982
2018-04-19,Stable,0.972154252780673
2018-04-20,Stable,0.9715999411774331
2018-04-23,Stable,0.9703195752106498
2018-04-24,Stable,0.9649219996488474
2018-04-25,Stable,0.9438455933018868
2018-04-26,Stable,0.9474955033428187
2018-04-27,Stable,0.9211244626135003
2018-04-30,Stable,0.9534433138636876
2018-05-02,Stable,0.9624389137745053
2018-05-03,Stable,0.9691873389451889
2018-05-04,Stable,0.9663144619083209
2018-05-07,Stable,0.9679415079433545
2018-05-08,Stable,0.9721045595734876
2018-05-09,Stable,0.9724883610488436
2018-05-10,Stable,0.9747358431302244
2018-05-11,Stable,0.9733373368054542
2018-05-14,Stable,0.9726825110676318
2018-05-15,Stable,0.9704879535766551
2018-05-16,Stable,0.9606764430728503
2018-05-17,Stable,0.9329546901780557
2018-05-18,Stable,0.8501801883660367
2018-05-21,Stable,0.8792597845849163
2018-05-22,Stable,0.8725470440952318
2018-05-23,Stable,0.8945390203294483
2018-05-24,Stable,0.8720935457872306
2018-05-25,Stable,0.8111033054070169
2018-05-28,Stable,0.7800734654802393
2018-05-29,Stable,0.8201212200786249
2018-05-30,Stable,0.7601857387840112
2018-05-31,Stable,0.6846191451570397
2018-06-01,Stable,0.569587983548953
2018-06-04,Stable,0.7552736441073098
2018-06-05,Stable,0.8842468986577153
2018-06-06,Stable,0.9390057251814767
2018-06-07,Stable,0.9557212106789983
2018-06-08,Stable,0.9658444151799395
2018-06-11,Stable,0.9639281534417847
2018-06-12,Stable,0.9722542073765852
2018-06-13,Stable,0.9736147143032349
2018-06-14,Stable,0.9755214446590058
2018-06-15,Stable,0.9744827762903748
2018-06-18,Stable,0.9691154439865679
2018-06-19,Stable,0.9544842328911586
2018-06-20,Stable,0.9546077843560714
2018-06-21,Stable,0.9571674000801208
2018-06-22,Stable,0.9606258411120709
2018-06-25,Stable,0.945878827036113
2018-06-26,Stable,0.9220718274219009
2018-06-27,Stable,0.9350451028680605
2018-06-28,Stable,0.912283637195481
2018-06-29,Stable,0.9047343053301554
2018-07-02,Stable,0.8503556870811895
2018-07-03,Stable,0.6664741884570052
2018-07-04,Stable,0.5263065828320931
2018-07-05,Stable,0.7132351993776382
2018-07-06,Stable,0.853501500883996
2018-07-09,Stable,0.8880630690151972
2018-07-10,Stable,0.870760804750374
2018-07-11,Stable,0.8946687390227077
2018-07-12,Stable,0.940299982385576
2018-07-13,Stable,0.9508706249194974
2018-07-16,Stable,0.9578312178450529
2018-07-17,Stable,0.9492685367850193
2018-07-18,Stable,0.9234216567652246
2018-07-19,Stable,0.8663296562349
2018-07-20,Stable,0.691434973201231
2018-07-23,Transitional,0.8182479729616409
2018-07-24,Transitional,0.7509012619639287
2018-07-25,Transitional,0.7584857588436668
2018-07-26,Transitional,0.9330790556127466
2018-07-27,Stable,0.5616766905218725
2018-07-30,Stable,0.5851287050467578
2018-07-31,Stable,0.5969996610674971
2018-08-01,Stable,0.5864415555450501
2018-08-02,Stable,0.6221788201051368
2018-08-03,Stable,0.7814397893697026
2018-08-06,Stable,0.8163768572695017
2018-08-07,Stable,0.8103285114486051
2018-08-08,Stable,0.793461324696929
2018-08-09,Stable,0.8998353629273744
2018-08-10,Stable,0.9418947745398227
2018-08-13,Stable,0.9466960950798129
2018-08-14,Stable,0.9358214766475221
2018-08-16,Stable,0.9540207199090049
2018-08-17,Stable,0.9629538478336663
2018-08-20,Stable,0.9617149221856787
2018-08-21,Stable,0.9599900140044464
2018-08-23,Stable,0.9439146775199976
2018-08-24,Stable,0.939141493028046
2018-08-27,Stable,0.908588005932194
2018-08-28,Stable,0.8452919123109983
2018-08-29,Stable,0.870999742414967
2018-08-30,Stable,0.8357381476505896
2018-08-31,Stable,0.8410743091940702
2018-09-03,Stable,0.8185474761779076
2018-09-04,Stable,0.9091266883064048
2018-09-05,Stable,0.9346244874971633
2018-09-06,Stable,0.9237030728841854
2018-09-07,Stable,0.9410073981199475
2018-09-10,Stable,0.9292267149808615
2018-09-11,Stable,0.8986575925649953
2018-09-12,Stable,0.8781704453054198
2018-09-14,Stable,0.7723578770401969
2018-09-17,Stable,0.6772627816498465
2018-09-18,Stable,0.5382413937475684
2018-09-19,Transitional,0.7847036446392334
2018-09-21,Transitional,0.8942614591557956
2018-09-24,Transitional,0.9777245647205237
2018-09-25,Transitional,0.9790615279523308
2018-09-26,Transitional,0.9672735800288836
2018-09-27,Transitional,0.9885466193996904
2018-09-28,Transitional,0.9771712725791425
2018-10-01,Transitional,0.9445452436531739
2018-10-03,Transitional,0.9652784583209363
2018-10-04,Transitional,0.9136157996845062
2018-10-05,Transitional,0.984768904605017
2018-10-08,Transitional,0.9093186550154901
2018-10-09,Transitional,0.9696138398021273
2018-10-10,Transitional,0.9854173006479844
2018-10-11,Transitional,0.9573341884300719
2018-10-12,Transitional,0.9860646886555641
2018-10-15,Transitional,0.8732801102045941
2018-10-16,Transitional,0.8359905838143197
2018-10-17,Transitional,0.9574058268995005
2018-10-19,Transitional,0.6610066435631664
2018-10-22,Stable,0.7009868260812497
2018-10-23,Stable,0.863987028618906
2018-10-24,Stable,0.9254539949700381
2018-10-25,Stable,0.9349218116290774
2018-10-26,Stable,0.9181441457601763
2018-10-29,Stable,0.8408531042485405
2018-10-30,Stable,0.728861973042116
2018-10-31,Stable,0.5967305510575073
2018-11-01,Stable,0.6497137725931397
2018-11-02,Transitional,0.9933715379811868
2018-11-05,Transitional,0.7150554577306166
2018-11-06,Transitional,0.6532015521138235
2018-11-07,Transitional,0.6564285232408585
2018-11-09,Transitional,0.8189750894945917
2018-11-12,Transitional,0.8895303664613735
2018-11-13,Transitional,0.8273670828378303
2018-11-14,Transitional,0.8914441732242676
2018-11-15,Stable,0.6559841373088993
2018-11-16,Stable,0.512550587286336
2018-11-19,Stable,0.7242071407764731
2018-11-20,Stable,0.8195487729551854
2018-11-21,Stable,0.8572984346852833
2018-11-22,Stable,0.8799598144493376
2018-11-26,Stable,0.8300111759165958
2018-11-27,Stable,0.8619717320898275
2018-11-28,Stable,0.8800285445797498
2018-11-29,Stable,0.8622144707622569
2018-11-30,Stable,0.7548827587814199
2018-12-03,Stable,0.6474727719868577
2018-12-04,Stable,0.5310214841134845
2018-12-05,Transitional,0.8061101899977906
2018-12-06,Transitional,0.993032729561614
2018-12-07,Transitional,0.7177366824581668
2018-12-10,Transitional,0.5292546550230898
2018-12-11,Transitional,0.521030088628931
2018-12-12,Transitional,0.67873704059825
2018-12-13,Transitional,0.695355330936102
2018-12-14,Transitional,0.5834585896309636
2018-12-17,Transitional,0.6394306844317806
2018-12-18,Transitional,0.6000071561234129
2018-12-19,Transitional,0.6173671709446634
2018-12-20,Transitional,0.7105777702276609
2018-12-21,Transitional,0.8435824837165732
2018-12-24,Stable,0.6716114807758935
2018-12-26,Stable,0.8453785909669057
2018-12-27,Stable,0.9067789674468388
2018-12-28,Stable,0.933806594233279
2018-12-31,Stable,0.9204498509799716
2019-01-01,Stable,0.8613768888676278
2019-01-02,Stable,0.6769316018396304
2019-01-03,Stable,0.8193148549814594
2019-01-04,Stable,0.8752482176119708
2019-01-07,Stable,0.8629901092158364
2019-01-08,Stable,0.9052414121583561
2019-01-09,Stable,0.929193711005178
2019-01-10,Stable,0.9274985240573623
2019-01-11,Stable,0.9388976439932981
2019-01-14,Stable,0.9408344791078936
2019-01-15,Stable,0.9528540823438525
2019-01-16,Stable,0.9527639854422512
2019-01-17,Stable,0.9363135628577242
2019-01-18,Stable,0.8795077640197408
2019-01-21,Stable,0.7149094264598416
2019-01-22,Stable,0.6551576346476229
2019-01-23,Stable,0.6604223446755899
2019-01-24,Stable,0.5089097302560717
2019-01-25,Transitional,0.9717162447380556
2019-01-28,Transitional,0.5387532126158763
2019-01-29,Transitional,0.5816843928369894
2019-01-30,Transitional,0.5521564106945448
2019-01-31,Transitional,0.668950993321111
2019-02-01,Transitional,0.9941235372279398
2019-02-04,Stable,0.6114362471711311
2019-02-05,Stable,0.5084991809957256
2019-02-06,Stable,0.5621010571825906
2019-02-07,Stable,0.569607782370301
2019-02-08,Stable,0.5854860145664499
2019-02-11,Stable,0.7775080678520341
2019-02-12,Stable,0.8385770745557537
2019-02-14,Stable,0.8082329735266817
2019-02-15,Stable,0.8673054216287545
2019-02-18,Stable,0.9071457380414046
2019-02-19,Stable,0.9426218307419271
2019-02-20,Stable,0.9506839715867741
2019-02-21,Stable,0.9449389124203399
2019-02-22,Stable,0.9199940008120864
2019-02-25,Stable,0.9374413482243444
2019-02-26,Stable,0.9184254206701984
2019-02-27,Stable,0.8414770468286443
2019-02-28,Stable,0.6873439582910688
2019-03-01,Stable,0.6247314609084098
2019-03-05,Stable,0.5531523929683243
2019-03-06,Stable,0.781192405878039
2019-03-07,Stable,0.879431784856274
2019-03-08,Stable,0.8983939198921199
2019-03-11,Stable,0.8828712124333179
2019-03-12,Stable,0.9064457758265488
2019-03-13,Stable,0.9153612630639069
2019-03-14,Stable,0.9008525455877742
2019-03-15,Stable,0.8147769463913097
2019-03-18,Stable,0.5494972715859512
2019-03-19,Stable,0.599291628813704
2019-03-20,Stable,0.5487698648836515
2019-03-22,Stable,0.6259285803691601
2019-03-25,Stable,0.7420261408331273
2019-03-26,Stable,0.7343365068375243
2019-03-27,Stable,0.6492116215357954
2019-03-28,Stable,0.5587071755356965
2019-04-01,Transitional,0.9288036197182331
2019-04-02,Transitional,0.7175604707371589
2019-04-03,Transitional,0.6857358035254316
2019-04-04,Stable,0.7186828179680091
2019-04-05,Stable,0.8762277154040672
2019-04-08,Stable,0.9243420317807006
2019-04-09,Stable,0.9264386322016668
2019-04-10,Stable,0.9345278130267449
2019-04-11,Stable,0.9073743449168644
2019-04-12,Stable,0.8062117776585965
2019-04-15,Stable,0.8341180774117216
2019-04-16,Stable,0.7676794160755296
2019-04-18,Stable,0.6923254987170321
2019-04-22,Stable,0.5942770057459674
2019-04-23,Transitional,0.8945483659544907
2019-04-24,Stable,0.5408748248611575
2019-04-25,Stable,0.553391420590739
2019-04-26,Stable,0.6294939179257615
2019-04-30,Stable,0.5984002332841277
2019-05-02,Stable,0.841600163539739
2019-05-03,Stable,0.9270882391955673
2019-05-06,Stable,0.9590932462369516
2019-05-07,Stable,0.9684031017319217
2019-05-08,Stable,0.966819575960632
2019-05-09,Stable,0.9658748442170139
2019-05-10,Stable,0.9541607334471306
2019-05-13,Stable,0.9145980898115682
2019-05-14,Stable,0.8789485012432086
2019-05-15,Stable,0.7625470852170915
2019-05-16,Stable,0.5781078543816629
2019-05-17,Transitional,0.9757887062708128
2019-05-20,Transitional,0.9934328646683008
2019-05-21,Transitional,0.9405780355421861
2019-05-22,Stable,0.5111590866704633
2019-05-23,Stable,0.6186246628603453
2019-05-24,Stable,0.5986205452312625
2019-05-27,Stable,0.782264058029598
2019-05-28,Stable,0.8242691767018702
2019-05-29,Stable,0.769267271284858
2019-05-30,Stable,0.8701372647911877
2019-05-31,Stable,0.8860443298714235
2019-06-03,Stable,0.8308108797708421
2019-06-04,Stable,0.915068057364033
2019-06-06,Stable,0.9411932217933381
2019-06-07,Stable,0.9540621386221255
2019-06-10,Stable,0.950815065557
2019-06-11,Stable,0.9220934155840071
2019-06-12,Stable,0.830032240343318
2019-06-13,Stable,0.7922322245948822
2019-06-14,Stable,0.680126691577407
2019-06-17,Transitional,0.6508484805232668
2019-06-18,Transitional,0.7234156055031231
2019-06-19,Transitional,0.7214845272964774
2019-06-20,Transitional,0.9224490931567115
2019-06-21,Transitional,0.8903553249198802
2019-06-24,Stable,0.6057402987869113
2019-06-25,Stable,0.8041351258387478
2019-06-26,Stable,0.9055696992082485
2019-06-27,Stable,0.9456894695959178
2019-06-28,Stable,0.9518826020525205
2019-07-01,Stable,0.9480358518461726
2019-07-02,Stable,0.9173972417197045
2019-07-03,Stable,0.8515301267242874
2019-07-04,Stable,0.6581369358855798
2019-07-05,Transitional,0.8992132685412688
2019-07-08,Transitional,0.9939442069431997
2019-07-09,Transitional,0.7100983533246109
2019-07-10,Transitional,0.4998684438728629
2019-07-11,Transitional,0.5141386626609746
2019-07-12,Transitional,0.548362313420042
2019-07-15,Transitional,0.5259558794525883
2019-07-16,Transitional,0.5684912723644716
2019-07-17,Transitional,0.690576032620047
2019-07-18,Transitional,0.9247192153703572
2019-07-19,Transitional,0.8757200979995148
2019-07-22,Transitional,0.8329250771709131
2019-07-23,Transitional,0.6011550719450749
2019-07-24,Transitional,0.5626597944868985
2019-07-25,Transitional,0.510074850654576
2019-07-26,Transitional,0.6344772206611922
2019-07-29,Transitional,0.9772948658924424
2019-07-30,Transitional,0.7147611486388928
2019-07-31,Transitional,0.6303511683227812
2019-08-01,Transitional,0.700985153297087
2019-08-02,Transitional,0.7456826456126413
2019-08-05,Transitional,0.7284049440836955
2019-08-06,Transitional,0.9007649439379358
2019-08-07,Transitional,0.8629909878180464
2019-08-08,Transitional,0.9424338078760313
2019-08-09,Transitional,0.9927987067100786
2019-08-13,Transitional,0.995813706320425
2019-08-14,Transitional,0.9374835418313341
2019-08-16,Transitional,0.9483422899211315
2019-08-19,Transitional,0.8549045658486873
2019-08-20,Transitional,0.921692473825137
2019-08-21,Stable,0.6056494239970588
2019-08-22,Stable,0.8124182736214463
2019-08-23,Stable,0.8734905263633626
2019-08-26,Stable,0.8800215822312409
2019-08-27,Stable,0.8095375855584107
2019-08-28,Stable,0.5869554564040472
2019-08-29,Stable,0.6983952877336828
2019-08-30,Stable,0.6655938449302861
2019-09-03,Stable,0.5128193426730929
2019-09-04,Transitional,0.8519954387960356
2019-09-05,Transitional,0.8364016658488508
2019-09-06,Transitional,0.821439676494421
2019-09-09,Transitional,0.7899261148813498
2019-09-11,Transitional,0.7607733742912609
2019-09-12,Transitional,0.7188557904309201
2019-09-13,Transitional,0.5387425614559244
2019-09-16,Transitional,0.4582986369695802
2019-09-17,Transitional,0.5583673546641948
2019-09-18,Transitional,0.6011387818885555
2019-09-19,Transitional,0.7185008931425735
2019-09-20,Transitional,0.8785173080095688
2019-09-23,Transitional,0.800909910648768
2019-09-24,Transitional,0.6656513938390061
2019-09-25,Transitional,0.590634581376872
2019-09-26,Transitional,0.7468144685528678
2019-09-27,Stable,0.5735003978162839
2019-09-30,Stable,0.636424418679952
2019-10-01,Stable,0.7773593895649809
2019-10-03,Stable,0.8486130520025011
2019-10-04,Stable,0.8402783146480962
2019-10-07,Stable,0.8475443360880678
2019-10-09,Stable,0.7659623072369032
2019-10-10,Stable,0.6568774709459239
2019-10-11,Stable,0.5637802885531221
2019-10-14,Transitional,0.5759513919782874
2019-10-15,Transitional,0.6804373316273286
2019-10-16,Transitional,0.6202792938369789
2019-10-17,Transitional,0.7440734393848639
2019-10-18,Transitional,0.7836526087598916
2019-10-22,Transitional,0.6603956977242841
2019-10-23,Transitional,0.7008381175128324
2019-10-24,Transitional,0.5309364234896976
2019-10-25,Transitional,0.5283147083068241
2019-10-27,Transitional,0.6289442943646567
2019-10-29,Transitional,0.9755562212151878
2019-10-30,Transitional,0.7821556984140945
2019-10-31,Stable,0.549851995952254
2019-11-01,Stable,0.629023185439619
2019-11-04,Stable,0.5933959789956214
2019-11-05,Stable,0.8166184336587665
2019-11-06,Stable,0.8927204594219675
2019-11-07,Stable,0.9357730288789805
2019-11-08,Stable,0.9400863733335646
2019-11-11,Stable,0.9496913083314329
2019-11-13,Stable,0.9517798438872072
2019-11-14,Stable,0.928774362284078
2019-11-15,Stable,0.9178056260780518
2019-11-18,Stable,0.9193960107643613
2019-11-19,Stable,0.8852435924065344
2019-11-20,Stable,0.7895121075290016
2019-11-21,Stable,0.6998902021446247
2019-11-22,Stable,0.6664636904062724
2019-11-25,Stable,0.5158084815532086
2019-11-26,Stable,0.5332243517728885
2019-11-27,Stable,0.5539292113602328
2019-11-28,Stable,0.8063304735629655
2019-11-29,Stable,0.8943095517014564
2019-12-02,Stable,0.9084734118497705
2019-12-03,Stable,0.9407383194660726
2019-12-04,Stable,0.9366241055073754
2019-12-05,Stable,0.9167757019059856
2019-12-06,Stable,0.8682194986056405
2019-12-09,Stable,0.8728928446444935
2019-12-10,Stable,0.9063254022826356
2019-12-11,Stable,0.8880469150982292
2019-12-12,Stable,0.799247341421198
2019-12-13,Stable,0.5231056037484566
2019-12-16,Stable,0.7607927335554174
2019-12-17,Stable,0.8818940226833422
2019-12-18,Stable,0.9359179005143582
2019-12-19,Stable,0.9585642235435665
2019-12-20,Stable,0.9597823459342795
2019-12-23,Stable,0.9437852630121779
2019-12-24,Stable,0.9511899960084838
2019-12-26,Stable,0.9367417170730935
2019-12-27,Stable,0.9256386033186631
2019-12-30,Stable,0.9387480310558622
2019-12-31,Stable,0.9454605657469255
2020-01-01,Stable,0.9319519035181422
2020-01-02,Stable,0.8922804916724164
2020-01-03,Stable,0.764517135016689
2020-01-06,Stable,0.5152785695137522
2020-01-07,Stable,0.6649468928108935
2020-01-08,Stable,0.6672026162160234
2020-01-09,Stable,0.5283411979500937
2020-01-10,Stable,0.71796588199324
2020-01-13,Stable,0.8713288943554872
2020-01-14,Stable,0.9198657373302008
2020-01-15,Stable,0.9240780682123249
2020-01-16,Stable,0.9399332591471821
2020-01-17,Stable,0.9217688458611032
2020-01-20,Stable,0.8728845412116985
2020-01-21,Stable,0.7681587469852506
2020-01-22,Stable,0.7464784621367743
2020-01-23,Stable,0.8821427990560041
2020-01-24,Stable,0.9213313623939269
2020-01-27,Stable,0.9124952765921085
2020-01-28,Stable,0.8468477423183205
2020-01-29,Stable,0.8878276139913683
2020-01-30,Stable,0.8617083747576224
2020-01-31,Stable,0.7357259691589885
2020-02-03,Stable,0.5947239583668026
2020-02-04,Stable,0.5981752254508382
2020-02-05,Stable,0.5010505481262346
2020-02-06,Stable,0.7653749619853982
2020-02-07,Stable,0.8457179009802122
2020-02-10,Stable,0.8534758006711106
2020-02-11,Stable,0.8311241320392768
2020-02-12,Stable,0.911720858233663
2020-02-13,Stable,0.9283718653820109
2020-02-14,Stable,0.9099794394024402
2020-02-17,Stable,0.8943692846200955
2020-02-18,Stable,0.8026697565346618
2020-02-19,Stable,0.7649390997900148
2020-02-20,Stable,0.5824225083972127
2020-02-24,Transitional,0.9757808952222694
2020-02-25,Transitional,0.7916985500092203
2020-02-26,Transitional,0.7671381330283678
2020-02-27,Stable,0.6455641509628036
2020-02-28,Stable,0.8369597000800575
2020-03-02,Stable,0.891828815780365
2020-03-03,Stable,0.8772746224588499
2020-03-04,Stable,0.8951703388364027
2020-03-05,Stable,0.8343184895973393
2020-03-06,Stable,0.5771911261324133
2020-03-09,Volatile,0.7018340810387786
2020-03-11,Volatile,0.784623250210082
2020-03-12,Volatile,0.9957092764245566
2020-03-13,Volatile,0.9972958095367671
2020-03-16,Volatile,0.999266320699739
2020-03-17,Volatile,0.9991432335338947
2020-03-18,Volatile,0.9997069416967843
2020-03-19,Volatile,0.9999993043422964
2020-03-20,Volatile,0.9999443522596958
2020-03-23,Volatile,1.0
2020-03-24,Volatile,0.9999724920016909
2020-03-25,Volatile,0.999999843821582
2020-03-26,Volatile,0.9997361446917482
2020-03-27,Volatile,0.9998326658544775
2020-03-30,Volatile,0.9998489858704404
2020-03-31,Volatile,0.9988077588259631
2020-04-01,Volatile,0.9987953271839435
2020-04-03,Volatile,0.9998217449851698
2020-04-07,Volatile,0.9999999916144588
2020-04-08,Volatile,0.9998139941516521
2020-04-09,Volatile,0.9999999216725004
2020-04-13,Volatile,0.9979071055581532
2020-04-15,Volatile,0.9972045021203674
2020-04-16,Volatile,0.9963638149538047
2020-04-17,Volatile,0.9971075391375835
2020-04-20,Volatile,0.9914030983318571
2020-04-21,Volatile,0.9848370540113549
2020-04-22,Volatile,0.916405617486304
2020-04-23,Volatile,0.8721379606110249
2020-04-24,Volatile,0.854484413412672
2020-04-27,Volatile,0.8481795852173067
2020-04-28,Volatile,0.8497203995245521
2020-04-29,Volatile,0.8655093529469913
2020-04-30,Volatile,0.9451070168502184
2020-05-04,Volatile,0.950231052412844
2020-05-05,Volatile,0.7785099975657126
2020-05-06,Volatile,0.6907770465721141
2020-05-07,Volatile,0.649035198834058
2020-05-08,Volatile,0.6199522487868766
2020-05-11,Volatile,0.599328093453186
2020-05-12,Volatile,0.5154852806382856
2020-05-13,Volatile,0.4785808403890278
2020-05-14,Volatile,0.46118203495117627
2020-05-15,Volatile,0.4557120563468531
2020-05-18,Volatile,0.5321531036762814
2020-05-19,Transitional,0.6916263913516745
2020-05-20,Transitional,0.7869299614361972
2020-05-21,Transitional,0.8647987962989032
2020-05-22,Transitional,0.8622582368097406
2020-05-26,Transitional,0.8742746918090507
2020-05-27,Transitional,0.8503549846401992
2020-05-28,Transitional,0.9703551233478017
2020-05-29,Transitional,0.9730844661280459
2020-06-01,Transitional,0.9707739862977792
2020-06-02,Transitional,0.7084010490091946
2020-06-03,Stable,0.568081205428354
2020-06-04,Stable,0.7119732969040593
2020-06-05,Stable,0.7874036246194577
2020-06-08,Stable,0.8003926643228774
2020-06-09,Stable,0.701806395702121
2020-06-10,Stable,0.5320641282448579
2020-06-11,Transitional,0.9913179005719153
2020-06-12,Transitional,0.9626425060272669
2020-06-15,Transitional,0.8786094429263748
2020-06-16,Transitional,0.8562633026764553
2020-06-17,Transitional,0.9918817660936714
2020-06-18,Transitional,0.8603796330632656
2020-06-19,Transitional,0.8947644882107454
2020-06-22,Stable,0.5381919711006474
2020-06-23,Stable,0.6626438162455763
2020-06-24,Stable,0.6343578392377953
2020-06-25,Stable,0.7435939543445319
2020-06-26,Stable,0.7220453017865573
2020-06-29,Stable,0.5422355145642901
2020-06-30,Transitional,0.7474940964190323
2020-07-01,Transitional,0.7048900741576678
2020-07-02,Transitional,0.8270927093581173
2020-07-03,Transitional,0.8036974203917486
2020-07-06,Transitional,0.9613404224737531
2020-07-07,Transitional,0.9122113890185493
2020-07-08,Transitional,0.9035958101426531
2020-07-09,Transitional,0.6114373221640604
2020-07-10,Transitional,0.5354422278205767
2020-07-13,Transitional,0.6003619397831461
2020-07-14,Transitional,0.8847309651352475
2020-07-15,Transitional,0.5753676989185723
2020-07-16,Transitional,0.5007214224718254
2020-07-17,Transitional,0.5079805703928689
2020-07-20,Transitional,0.6269384122889566
2020-07-21,Transitional,0.9935884079518561
2020-07-22,Transitional,0.867476341922676
2020-07-23,Transitional,0.684766811376149
2020-07-24,Transitional,0.6374331243969343
2020-07-27,Transitional,0.7042629010223145
2020-07-28,Transitional,0.9753755932764162
2020-07-29,Transitional,0.7751079177389193
2020-07-30,Transitional,0.6410038942522135
2020-07-31,Transitional,0.5924506533712055
2020-08-03,Transitional,0.7305233583081778
2020-08-04,Transitional,0.9307455648550442
2020-08-05,Transitional,0.8706197841611487
2020-08-06,Stable,0.536000633974266
2020-08-07,Stable,0.5517267824411319
2020-08-10,Stable,0.7045328215798337
2020-08-11,Stable,0.7623598535792935
2020-08-12,Stable,0.7218150160278285
2020-08-13,Stable,0.6305653809430573
2020-08-14,Stable,0.6023799361174758
2020-08-17,Stable,0.7106788091316923
2020-08-18,Stable,0.5470478536059528
2020-08-19,Stable,0.6721249489302018
2020-08-20,Stable,0.8421476012527311
2020-08-21,Stable,0.8884863752448972
2020-08-24,Stable,0.8657880014582044
2020-08-25,Stable,0.8711177563859115
2020-08-26,Stable,0.803121654674041
2020-08-27,Stable,0.7210788932671071
2020-08-28,Stable,0.588324341659093
2020-08-31,Transitional,0.8504846593684489
2020-09-01,Stable,0.5150514783940715
2020-09-02,Stable,0.6290544931673594
2020-09-03,Stable,0.6122762619347222
2020-09-04,Stable,0.7386330067985606
2020-09-07,Stable,0.8923347416423143
2020-09-08,Stable,0.9467872596147948
2020-09-09,Stable,0.9652445464996912
2020-09-10,Stable,0.9689109450731159
2020-09-11,Stable,0.9635943199951541
2020-09-14,Stable,0.9480730583796391
2020-09-15,Stable,0.9234518093491394
2020-09-16,Stable,0.8854920591252486
2020-09-17,Stable,0.7519892829432644
2020-09-18,Transitional,0.6136533785533882
2020-09-21,Transitional,0.9884754491002862
2020-09-22,Transitional,0.9784270640727626
2020-09-23,Transitional,0.933024054732451
2020-09-24,Transitional,0.9871957472319896
2020-09-25,Transitional,0.9914133388618155
2020-09-28,Transitional,0.9542848664444905
2020-09-29,Stable,0.6053245102526148
2020-09-30,Stable,0.8250881539708478
2020-10-01,Stable,0.8915427597918419
2020-10-05,Stable,0.9117913363855302
2020-10-06,Stable,0.8816741486954434
2020-10-07,Stable,0.825567681983418
2020-10-08,Stable,0.9127925508061521
2020-10-09,Stable,0.9416146145828664
2020-10-12,Stable,0.9365775665263477
2020-10-13,Stable,0.929319278593501
2020-10-14,Stable,0.9444455286234021
2020-10-15,Stable,0.9322448247492168
2020-10-16,Stable,0.9533738986523237
2020-10-19,Stable,0.9490343088353854
2020-10-20,Stable,0.9253590022191012
2020-10-21,Stable,0.8431809656688317
2020-10-22,Stable,0.6073913186893388
2020-10-23,Transitional,0.9612446968767151
2020-10-26,Stable,0.5147219490821043
2020-10-27,Stable,0.6453656641050461
2020-10-28,Stable,0.7760498809436788
2020-10-29,Stable,0.7863021018629383
2020-10-30,Stable,0.7284488171344379
2020-11-02,Stable,0.7852220671241975
2020-11-03,Stable,0.8232252395023644
2020-11-04,Stable,0.7856739347555707
2020-11-05,Stable,0.6326937194914475
2020-11-06,Stable,0.580110670518187
2020-11-09,Stable,0.8034500721251016
2020-11-10,Stable,0.8787961761556137
2020-11-11,Stable,0.9250120465329384
2020-11-12,Stable,0.9519602011077958
2020-11-13,Stable,0.9535635258407092
2020-11-14,Stable,0.9337666048064147
2020-11-17,Stable,0.8820996815573522
2020-11-18,Stable,0.9036932152236514
2020-11-19,Stable,0.9082796152663714
2020-11-20,Stable,0.9145501507371213
2020-11-23,Stable,0.8655932941129734
2020-11-24,Stable,0.7088815250821693
2020-11-25,Stable,0.7684055074278872
2020-11-26,Stable,0.812396747987875
2020-11-27,Stable,0.7896669274490337
2020-12-01,Stable,0.6609143280052017
2020-12-02,Stable,0.6222952403002641
2020-12-03,Transitional,0.9930932987723725
2020-12-04,Stable,0.5546780396400766
2020-12-07,Stable,0.8048866635882316
2020-12-08,Stable,0.9125676201931546
2020-12-09,Stable,0.9485857587604923
2020-12-10,Stable,0.9650415594249124
2020-12-11,Stable,0.9697649242128361
2020-12-14,Stable,0.9649514677204648
2020-12-15,Stable,0.9500264679666931
2020-12-16,Stable,0.9294377295074694
2020-12-17,Stable,0.8630703181773783
2020-12-18,Stable,0.7789586308829408
2020-12-21,Stable,0.7327601741528902
2020-12-22,Stable,0.8832966619812113
2020-12-23,Stable,0.9330684705998606
2020-12-24,Stable,0.9555804283820488
2020-12-28,Stable,0.954209702629334
2020-12-29,Stable,0.9353682440997174
2020-12-30,Stable,0.8747002658743298
2020-12-31,Stable,0.9317836301051226
2021-01-01,Stable,0.9493520018392755
2021-01-04,Stable,0.9474897170946476
2021-01-05,Stable,0.9147386186182834
2021-01-06,Stable,0.8277829680519071
2021-01-07,Stable,0.5778552188371274
2021-01-08,Transitional,0.9941151084582721
2021-01-11,Transitional,0.9125076840410488
2021-01-12,Transitional,0.5331402980934534
2021-01-13,Transitional,0.6850030158480926
2021-01-14,Transitional,0.6981853451123916
2021-01-15,Transitional,0.5636426007409969
2021-01-18,Transitional,0.6073813826674478
2021-01-19,Transitional,0.5971444587536264
2021-01-20,Transitional,0.6805105064428132
2021-01-21,Transitional,0.5701519671543775
2021-01-22,Transitional,0.6503778272672835
2021-01-25,Transitional,0.5860114441102827
2021-01-27,Transitional,0.6328622710213669
2021-01-28,Transitional,0.9782391775715444
2021-01-29,Transitional,0.9884710438771768
2021-02-01,Transitional,0.9849270276586475
2021-02-02,Transitional,0.9761595094044447
2021-02-03,Stable,0.5120901120374282
2021-02-04,Stable,0.6801852843689179
2021-02-05,Stable,0.7288065946140669
2021-02-08,Stable,0.8469661973987005
2021-02-09,Stable,0.9149119547365283
2021-02-10,Stable,0.9405369530993962
2021-02-11,Stable,0.9304070764028672
2021-02-12,Stable,0.8874044144307531
2021-02-15,Stable,0.8355356166366082
2021-02-16,Stable,0.6617822006017754
2021-02-17,Transitional,0.588673718157627
2021-02-18,Transitional,0.5951896957883271
2021-02-19,Transitional,0.8122142462911619
2021-02-22,Transitional,0.8908923166168948
2021-02-23,Stable,0.6019791510076729
2021-02-24,Stable,0.6517041617801287
2021-02-25,Stable,0.7060246326148136
2021-02-26,Stable,0.6282076192071737
2021-03-01,Stable,0.5916622624214906
2021-03-02,Stable,0.6660850447373309
2021-03-03,Stable,0.6294763345075978
2021-03-04,Stable,0.803853305746713
2021-03-05,Stable,0.8412602345259742
2021-03-08,Stable,0.9139681874499271
2021-03-09,Stable,0.9263540031102677
2021-03-10,Stable,0.9055929483820477
2021-03-12,Stable,0.8208117338450951
2021-03-15,Stable,0.9099979239514698
2021-03-16,Stable,0.9308894971060774
2021-03-17,Stable,0.9345794415750059
2021-03-18,Stable,0.9419583896539934
2021-03-19,Stable,0.9308402142908752
2021-03-22,Stable,0.8712162206846041
2021-03-23,Stable,0.6904121801574582
2021-03-24,Stable,0.6023102540074718
2021-03-25,Transitional,0.919583897260251
2021-03-26,Stable,0.5943136648630327
2021-03-30,Stable,0.7591777639080803
2021-03-31,Stable,0.8335694838514919
2021-04-01,Stable,0.8119926449455814
2021-04-05,Stable,0.7282981887053417
2021-04-06,Stable,0.7841184395825308
2021-04-07,Stable,0.7293700728259059
2021-04-08,Stable,0.7046886644817275
2021-04-09,Stable,0.537371554430423
2021-04-12,Transitional,0.9897550515558995
2021-04-13,Transitional,0.9924276438942311
2021-04-15,Transitional,0.9053232230237471
2021-04-16,Transitional,0.6202605112475182
2021-04-19,Transitional,0.575496221217137
2021-04-20,Transitional,0.5473258271918742
2021-04-22,Stable,0.820947758812955
2021-04-23,Stable,0.9126835759899075
2021-04-26,Stable,0.942031704602445
2021-04-27,Stable,0.9446116250747266
2021-04-28,Stable,0.9463967184161557
2021-04-29,Stable,0.916463853049685
2021-04-30,Stable,0.8176815212410425
2021-05-03,Stable,0.7481171335279776
2021-05-04,Stable,0.8186403844449026
2021-05-05,Stable,0.8705056858323128
2021-05-06,Stable,0.911078186185555
2021-05-07,Stable,0.9440668745032025
2021-05-10,Stable,0.9521170406723666
2021-05-11,Stable,0.9579459543454345
2021-05-12,Stable,0.9464966754862955
2021-05-14,Stable,0.9472330756083776
2021-05-17,Stable,0.9566414518957055
2021-05-18,Stable,0.9454886090762077
2021-05-19,Stable,0.959777133413854
2021-05-20,Stable,0.9606472765566378
2021-05-21,Stable,0.9502301955584624
2021-05-24,Stable,0.9496847231823172
2021-05-25,Stable,0.9419346917016208
2021-05-26,Stable,0.9093041439947271
2021-05-27,Stable,0.9346135165189663
2021-05-28,Stable,0.945255288183204
2021-05-31,Stable,0.9239493014962649
2021-06-01,Stable,0.9496239057641969
2021-06-02,Stable,0.9465246359469536
2021-06-03,Stable,0.9639113293478851
2021-06-04,Stable,0.9684187493606795
2021-06-07,Stable,0.9621769148936958
2021-06-08,Stable,0.957416838399639
2021-06-09,Stable,0.950598967462279
2021-06-10,Stable,0.9633914994190096
2021-06-11,Stable,0.9664479875194678
2021-06-14,Stable,0.9595436024669708
2021-06-15,Stable,0.9419102127161149
2021-06-16,Stable,0.8829818647224191
2021-06-17,Stable,0.7450197764915216
2021-06-18,Stable,0.7084105952536602
2021-06-21,Stable,0.4999402523919606
2021-06-22,Transitional,0.9963793483647627
2021-06-23,Transitional,0.869568940563765
2021-06-24,Stable,0.5627791134736407
2021-06-25,Stable,0.619195937341436
2021-06-28,Stable,0.8030979410405574
2021-06-29,Stable,0.8668535562406006
2021-06-30,Stable,0.9310953267275397
2021-07-01,Stable,0.9505527109132736
2021-07-02,Stable,0.9658598428754652
2021-07-05,Stable,0.9674252524273743
2021-07-06,Stable,0.9600559852630264
2021-07-07,Stable,0.9633825441658711
2021-07-08,Stable,0.9682972761754379
2021-07-09,Stable,0.9710513340878686
2021-07-12,Stable,0.9684821432626713
2021-07-13,Stable,0.9638898770905966
2021-07-14,Stable,0.9496331220468132
2021-07-15,Stable,0.9590240301378493
2021-07-16,Stable,0.9498892639819756
2021-07-19,Stable,0.9092255859621148
2021-07-20,Stable,0.9352971978487227
2021-07-22,Stable,0.9499829754582365
2021-07-23,Stable,0.9614271403497966
2021-07-26,Stable,0.9550054858902275
2021-07-27,Stable,0.9405416502800666
2021-07-28,Stable,0.8845226388925129
2021-07-29,Stable,0.7855109040838224
2021-07-30,Stable,0.8604249799890448
2021-08-02,Stable,0.8509452102887368
2021-08-03,Stable,0.8482506123753479
2021-08-04,Stable,0.8942360541092758
2021-08-05,Stable,0.9389547176200491
2021-08-06,Stable,0.9486482015362574
2021-08-09,Stable,0.9611602730185578
2021-08-10,Stable,0.9569615804128296
2021-08-11,Stable,0.9625604313635145
2021-08-12,Stable,0.9536606515082765
2021-08-13,Stable,0.9172345073800761
2021-08-16,Stable,0.808255589788495
2021-08-17,Stable,0.8985626568126911
2021-08-18,Stable,0.9430470837368079
2021-08-20,Stable,0.9616456813922029
2021-08-23,Stable,0.9627814422969893
2021-08-24,Stable,0.9500408599561192
2021-08-25,Stable,0.9080403298584239
2021-08-26,Stable,0.8700944807321589
2021-08-27,Stable,0.8494524741434943
2021-08-30,Stable,0.728625714482064
2021-08-31,Stable,0.866642225984533
2021-09-01,Stable,0.9238233639876061
2021-09-02,Stable,0.9532034878283719
2021-09-03,Stable,0.956325657175204
2021-09-06,Stable,0.9662188273786126
2021-09-07,Stable,0.9638882988925401
2021-09-08,Stable,0.9510600733292464
2021-09-09,Stable,0.9623890908331526
2021-09-13,Stable,0.9594638992226732
2021-09-14,Stable,0.9661666117022006
2021-09-15,Stable,0.9621554541364864
2021-09-16,Stable,0.9413626308668841
2021-09-17,Stable,0.8813499502065747
2021-09-20,Stable,0.8021431423788314
2021-09-21,Stable,0.6218011191458217
2021-09-22,Stable,0.6679953449556795
2021-09-23,Stable,0.6089391251431914
2021-09-24,Stable,0.662232061907779
2021-09-27,Transitional,0.995950716454674
2021-09-28,Stable,0.5102602350264853
2021-09-29,Stable,0.6740529406834224
2021-09-30,Stable,0.6904164737959245
2021-10-01,Stable,0.582546096230333
2021-10-04,Stable,0.6561872529258952
2021-10-05,Stable,0.5816065681617476
2021-10-06,Stable,0.5733972454417716
2021-10-07,Transitional,0.9880730707468869
2021-10-08,Transitional,0.9291274951693194
2021-10-11,Transitional,0.9828134391092885
2021-10-12,Transitional,0.7791751094912881
2021-10-13,Transitional,0.7784751795622618
2021-10-14,Stable,0.5181248670261954
2021-10-18,Stable,0.5794867946832789
2021-10-19,Stable,0.7900971582059869
2021-10-20,Stable,0.8435100267504061
2021-10-21,Stable,0.8374019930883333
2021-10-22,Stable,0.7295227004444671
2021-10-25,Stable,0.7525924681755679
2021-10-26,Stable,0.8652670921201655
2021-10-27,Stable,0.8945133504688118
2021-10-28,Stable,0.8860360689293435
2021-10-29,Stable,0.8015040205830646
2021-11-01,Stable,0.7269082265892278
2021-11-02,Stable,0.7011174746703662
2021-11-03,Stable,0.8575307632694034
2021-11-04,Stable,0.92119354674556
2021-11-08,Stable,0.931106938175156
2021-11-09,Stable,0.9192123865000187
2021-11-10,Stable,0.9214995347597
2021-11-11,Stable,0.8996010792152994
2021-11-12,Stable,0.8301699031372879
2021-11-15,Stable,0.6172037679486785
2021-11-16,Transitional,0.9456756630104095
2021-11-17,Transitional,0.9491184910407249
2021-11-18,Transitional,0.9339274472232072
2021-11-22,Transitional,0.9491446419259489
2021-11-23,Transitional,0.8437242188884276
2021-11-24,Transitional,0.8928680943186049
2021-11-25,Transitional,0.8930271496106105
2021-11-26,Transitional,0.9822158402945858
2021-11-29,Transitional,0.7834385085975918
2021-11-30,Transitional,0.7782727750395827
2021-12-01,Transitional,0.8827022308044693
2021-12-02,Transitional,0.7690066970266266
2021-12-03,Transitional,0.804126115664691
2021-12-06,Transitional,0.8910351567557366
2021-12-07,Transitional,0.9192114226343905
2021-12-08,Transitional,0.9432196166612445
2021-12-09,Stable,0.6283975872025839
2021-12-10,Stable,0.8221558672117469
2021-12-13,Stable,0.8745576676404933
2021-12-14,Stable,0.9129223944208171
2021-12-15,Stable,0.8993313640970291
2021-12-16,Stable,0.8621335301193475
2021-12-17,Stable,0.8428976099187013
2021-12-20,Stable,0.9220721085942701
2021-12-21,Stable,0.9423878714707298
2021-12-22,Stable,0.9338266403776853
2021-12-23,Stable,0.9556954084320956
2021-12-24,Stable,0.9595381628257083
2021-12-27,Stable,0.9655449185662971
2021-12-28,Stable,0.9607027453888316
2021-12-29,Stable,0.9363964247893546
2021-12-30,Stable,0.8853531595219957
2021-12-31,Stable,0.7810273428192557
2022-01-03,Stable,0.7711444525886483
2022-01-04,Stable,0.7378631166004591
2022-01-05,Stable,0.6888557351476361
2022-01-06,Stable,0.7101025697215805
2022-01-07,Stable,0.7068646082320857
2022-01-10,Stable,0.5584333169729185
2022-01-11,Stable,0.7580349609345484
2022-01-12,Stable,0.8015339271944497
2022-01-13,Stable,0.7443008684289244
2022-01-14,Stable,0.6171568619448569
2022-01-17,Transitional,0.8004321870023373
2022-01-18,Transitional,0.9870892186048367
2022-01-19,Transitional,0.7935337331852149
2022-01-20,Transitional,0.7092729198753819
2022-01-21,Transitional,0.7999985236376789
2022-01-24,Transitional,0.8718379880190995
2022-01-25,Transitional,0.9875521871130918
2022-01-27,Transitional,0.9723965285691911
2022-01-28,Transitional,0.9265447182290365
2022-01-31,Stable,0.615523349731653
2022-02-01,Stable,0.8242629893155583
2022-02-02,Stable,0.8934866000568498
2022-02-03,Stable,0.9015088700321309
2022-02-04,Stable,0.8828589945606438
2022-02-07,Stable,0.7920596344841085
2022-02-08,Stable,0.5281177637610072
2022-02-09,Transitional,0.9822596897851841
2022-02-10,Transitional,0.9049041903113298
2022-02-11,Transitional,0.8825449843583053
2022-02-14,Transitional,0.9952114930051422
2022-02-15,Transitional,0.9451726000534907
2022-02-16,Stable,0.6244349489407314
2022-02-17,Stable,0.8327500794620274
2022-02-18,Stable,0.9002336400757398
2022-02-21,Stable,0.9013744282526587
2022-02-22,Stable,0.8431634243818973
2022-02-23,Stable,0.6154852039812547
2022-02-24,Transitional,0.5056481957656708
2022-02-25,Transitional,0.5064892417019649
2022-02-28,Transitional,0.5346076097218823
2022-03-02,Transitional,0.6236392123118643
2022-03-03,Transitional,0.6241145456040669
2022-03-04,Transitional,0.6247021324450908
2022-03-07,Transitional,0.6104586736109106
2022-03-08,Transitional,0.5958633743227837
2022-03-09,Transitional,0.733432989421935
2022-03-10,Transitional,0.824534434899474
2022-03-11,Transitional,0.8513784842670145
2022-03-14,Transitional,0.9053829929540451
2022-03-15,Transitional,0.7485985684791083
2022-03-16,Transitional,0.6509878949376917
2022-03-17,Transitional,0.6784688311559799
2022-03-21,Stable,0.6709134288213191
2022-03-22,Stable,0.7769292108039693
2022-03-23,Stable,0.7947729829673789
2022-03-24,Stable,0.823273821868735
2022-03-25,Stable,0.8150450012799592
2022-03-28,Stable,0.868902135275767
2022-03-29,Stable,0.8742525574024954
2022-03-30,Stable,0.8113257064400489
2022-03-31,Stable,0.8711115773477235
2022-04-01,Stable,0.8610719076234931
2022-04-04,Stable,0.9166513767565437
2022-04-05,Stable,0.9495809649837351
2022-04-06,Stable,0.9529211597767695
2022-04-07,Stable,0.931416663924088
2022-04-08,Stable,0.9227523490220855
2022-04-11,Stable,0.9039269199301276
2022-04-12,Stable,0.8141562337066727
2022-04-13,Transitional,0.5956545862121967
2022-04-18,Transitional,0.534255373293615
2022-04-19,Transitional,0.7365197052323742
2022-04-20,Transitional,0.9261453839162034
2022-04-21,Transitional,0.8617777029926097
2022-04-22,Transitional,0.6191918159382208
2022-04-25,Transitional,0.7816770161578093
2022-04-26,Transitional,0.8064210483417383
2022-04-27,Transitional,0.7231806153679133
2022-04-28,Transitional,0.6233748833240329
2022-04-29,Transitional,0.5463769590870774
2022-05-02,Transitional,0.5971367761274227
2022-05-04,Transitional,0.7813099856692526
2022-05-05,Transitional,0.5851444952637681
2022-05-06,Transitional,0.5901403226871346
2022-05-09,Transitional,0.5986170899321887
2022-05-10,Transitional,0.7133321394571527
2022-05-11,Transitional,0.7451866478191913
2022-05-12,Transitional,0.8236696846581856
2022-05-13,Transitional,0.893936458236456
2022-05-16,Transitional,0.9446650082698353
2022-05-17,Transitional,0.9948230663156696
2022-05-18,Transitional,0.8953849751895064
2022-05-19,Transitional,0.93860198267857
2022-05-20,Transitional,0.9758098034044596
2022-05-23,Transitional,0.9938861487727312
2022-05-24,Stable,0.5049952962322878
2022-05-25,Stable,0.7725157765743181
2022-05-26,Stable,0.8577875457370938
2022-05-27,Stable,0.8562108914838583
2022-05-30,Stable,0.9096548174494907
2022-05-31,Stable,0.9333357295606249
2022-06-01,Stable,0.926623251134385
2022-06-02,Stable,0.8738426658171413
2022-06-03,Stable,0.7077648972486461
2022-06-06,Stable,0.8562181410265067
2022-06-07,Stable,0.8932616316055504
2022-06-08,Stable,0.9289476799630212
2022-06-09,Stable,0.9567821758583929
2022-06-10,Stable,0.9671004949278904
2022-06-13,Stable,0.9651659354839968
2022-06-14,Stable,0.952498301320096
2022-06-15,Stable,0.9476543318917833
2022-06-16,Stable,0.9208494349718611
2022-06-17,Stable,0.8325850056563604
2022-06-20,Stable,0.8066208153863029
2022-06-21,Stable,0.6598666616502152
2022-06-22,Stable,0.5066312184935745
2022-06-23,Transitional,0.9967311486234086
2022-06-24,Stable,0.5183132524991884
2022-06-27,Stable,0.7434633456724834
2022-06-28,Stable,0.8820626627774483
2022-06-29,Stable,0.9318151153873608
2022-06-30,Stable,0.9380847802397972
2022-07-01,Stable,0.9123425415743784
2022-07-04,Stable,0.847202429511826
2022-07-05,Stable,0.6634169085269577
2022-07-06,Stable,0.6762628676352657
2022-07-07,Stable,0.6717262239269671
2022-07-08,Stable,0.7765451404858422
2022-07-11,Stable,0.8747072845313905
2022-07-12,Stable,0.8926569747949429
2022-07-13,Stable,0.8852525837670177
2022-07-14,Stable,0.8032891451904989
2022-07-15,Stable,0.7285460004476391
2022-07-18,Stable,0.8683683605674772
2022-07-19,Stable,0.931320692522533
2022-07-20,Stable,0.9457698107817629
2022-07-21,Stable,0.9337293879003941
2022-07-22,Stable,0.8882393336929923
2022-07-25,Stable,0.7541462502728328
2022-07-26,Stable,0.796555733586687
2022-07-27,Stable,0.7906029038473945
2022-07-28,Stable,0.799555543915403
2022-07-29,Stable,0.7276765506144558
2022-08-01,Stable,0.5003299075324461
2022-08-02,Stable,0.5627249511057468
2022-08-03,Stable,0.6892238977379478
2022-08-04,Stable,0.8319981689717487
2022-08-05,Stable,0.8582651406036628
2022-08-08,Stable,0.8834941197128391
2022-08-10,Stable,0.8741037548235808
2022-08-11,Stable,0.7901846361819035
2022-08-12,Stable,0.572910624490683
2022-08-16,Stable,0.7736121504922301
2022-08-17,Stable,0.6028472399928732
2022-08-18,Stable,0.7370703405712765
2022-08-19,Stable,0.7316544875720852
2022-08-22,Stable,0.7860094461955169
2022-08-23,Stable,0.8743012873318523
2022-08-24,Stable,0.9268575281995507
2022-08-25,Stable,0.9312705046060175
2022-08-26,Stable,0.8975476450214139
2022-08-29,Stable,0.7801120387624042
2022-08-30,Stable,0.6187215203441121
2022-09-01,Stable,0.8177718194258405
2022-09-02,Stable,0.8899414339076784
2022-09-05,Stable,0.9382228050495318
2022-09-06,Stable,0.949271885455465
2022-09-07,Stable,0.9443570221083488
2022-09-08,Stable,0.9454466643825299
2022-09-09,Stable,0.9138277419407657
2022-09-12,Stable,0.939691299991881
2022-09-13,Stable,0.9301233170823126
2022-09-14,Stable,0.8720690226989016
2022-09-15,Stable,0.7112017249494165
2022-09-16,Stable,0.8529449460278881
2022-09-19,Stable,0.8862136856780336
2022-09-20,Stable,0.8912641886489396
2022-09-21,Stable,0.8284537102722103
2022-09-22,Stable,0.6436168361076432
2022-09-23,Stable,0.5212412568902597
2022-09-26,Transitional,0.9937408432430751
2022-09-27,Transitional,0.6656048424280941
2022-09-28,Transitional,0.5719082841974564
2022-09-29,Transitional,0.640808826719055
2022-09-30,Transitional,0.8360377014669588
2022-10-03,Transitional,0.891333023621602
2022-10-04,Transitional,0.5794236377630378
2022-10-06,Stable,0.7351544801644848
2022-10-07,Stable,0.8314413013726482
2022-10-10,Stable,0.8618033222604682
2022-10-11,Stable,0.8523600955393126
2022-10-12,Stable,0.930883000965404
2022-10-13,Stable,0.9549103462727616
2022-10-14,Stable,0.9585224483425699
2022-10-17,Stable,0.9446312650220047
2022-10-18,Stable,0.9445250883672789
2022-10-19,Stable,0.9406230699749845
2022-10-20,Stable,0.9302900913277137
2022-10-21,Stable,0.8718422062152026
2022-10-24,Stable,0.6918931017609667
2022-10-25,Transitional,0.7338650212807086
2022-10-27,Transitional,0.7615274718611945
2022-10-28,Transitional,0.9970965015426196
2022-10-31,Stable,0.5313053368990635
2022-11-01,Stable,0.6139327588180072
2022-11-02,Stable,0.6242302189355806
2022-11-03,Stable,0.842990446828456
2022-11-04,Stable,0.9139971091877103
2022-11-07,Stable,0.924460385312384
2022-11-09,Stable,0.9325012270332317
2022-11-10,Stable,0.9218558986002962
2022-11-11,Stable,0.9549943741844427
2022-11-14,Stable,0.9621908998871781
2022-11-15,Stable,0.9657019556080542
2022-11-16,Stable,0.9558262093748376
2022-11-17,Stable,0.9222438166129476
2022-11-18,Stable,0.9258371903126641
2022-11-21,Stable,0.9585900154084984
2022-11-22,Stable,0.9692386938078869
2022-11-23,Stable,0.9698970675339795
2022-11-24,Stable,0.9724602959470318
2022-11-25,Stable,0.9717291932080299
2022-11-28,Stable,0.9717210967895991
2022-11-29,Stable,0.9670409577528465
2022-11-30,Stable,0.9654067139905962
2022-12-01,Stable,0.9629554392397336
2022-12-02,Stable,0.9439207446463884
2022-12-05,Stable,0.9623924368383248
2022-12-06,Stable,0.964743527993641
2022-12-07,Stable,0.9688352305807187
2022-12-08,Stable,0.9718591117303729
2022-12-09,Stable,0.9695591450955835
2022-12-12,Stable,0.9710640307884731
2022-12-13,Stable,0.9714766688111857
2022-12-14,Stable,0.968245074397172
2022-12-15,Stable,0.9550712114762897
2022-12-16,Stable,0.9272558333891092
2022-12-19,Stable,0.8936586289684293
2022-12-20,Stable,0.8712003119813657
2022-12-21,Stable,0.8007088360510858
2022-12-22,Stable,0.8234233304799885
2022-12-23,Stable,0.7465305120533177
2022-12-26,Stable,0.8255993618778762
2022-12-27,Stable,0.9001127973557631
2022-12-28,Stable,0.9196023157283609
2022-12-29,Stable,0.9564659883327803
2022-12-30,Stable,0.9684533459009347
2023-01-02,Stable,0.9740297030813231
2023-01-03,Stable,0.9750500787007118
2023-01-04,Stable,0.9734563460014836
2023-01-05,Stable,0.9717587072246028
2023-01-06,Stable,0.9676865835745793
2023-01-09,Stable,0.9705321186707379
2023-01-10,Stable,0.9647007686927268
2023-01-11,Stable,0.9670043118506316
2023-01-12,Stable,0.9569426998205767
2023-01-13,Stable,0.953430861146211
2023-01-16,Stable,0.953742603284946
2023-01-17,Stable,0.9487607143980504
2023-01-18,Stable,0.9559225932982417
2023-01-19,Stable,0.9411374191157618
2023-01-20,Stable,0.8853955815523915
2023-01-23,Stable,0.7541920174443375
2023-01-24,Stable,0.6261641318270126
2023-01-25,Stable,0.6908724290749763
2023-01-27,Stable,0.8487698954113986
2023-01-30,Stable,0.8997352330371021
2023-01-31,Stable,0.9188056069818716
2023-02-01,Stable,0.9165987088255785
2023-02-02,Stable,0.9304879960877624
2023-02-03,Stable,0.9462524320518703
2023-02-06,Stable,0.9511991975090326
2023-02-07,Stable,0.9326210962135845
2023-02-08,Stable,0.9537453830198355
2023-02-09,Stable,0.9683294928742451
2023-02-10,Stable,0.9741115594756327
2023-02-13,Stable,0.9754830713789456
2023-02-14,Stable,0.9737300926676318
2023-02-15,Stable,0.9697386691243041
2023-02-16,Stable,0.9717127302107447
2023-02-17,Stable,0.9703779580894666
2023-02-20,Stable,0.959977278789148
2023-02-21,Stable,0.9706835260367291
2023-02-22,Stable,0.973905424915732
2023-02-23,Stable,0.9723831597519788
2023-02-24,Stable,0.968648170294067
2023-02-27,Stable,0.9572966621615224
2023-02-28,Stable,0.9237536154864463
2023-03-01,Stable,0.8241139374063875
2023-03-02,Stable,0.7531969445663195
2023-03-03,Stable,0.879772218608905
2023-03-06,Stable,0.92751655087791
2023-03-08,Stable,0.9321460156707098
2023-03-09,Stable,0.913414956178764
2023-03-10,Stable,0.9442426037426317
2023-03-13,Stable,0.9560827605620505
2023-03-14,Stable,0.9681915962864185
2023-03-15,Stable,0.9688733270877511
2023-03-16,Stable,0.9629871426274044
2023-03-17,Stable,0.9441569288773826
2023-03-20,Stable,0.9497893202032905
2023-03-21,Stable,0.9637242773928314
2023-03-22,Stable,0.9621476947701884
2023-03-23,Stable,0.945369666774047
2023-03-24,Stable,0.9414970924119139
2023-03-27,Stable,0.9529835878265236
2023-03-28,Stable,0.9447937441689653
2023-03-29,Stable,0.923378220960093
2023-03-31,Stable,0.8920233947098772
2023-04-03,Stable,0.7736188122185325
2023-04-05,Stable,0.8874233501479838
2023-04-06,Stable,0.9295447469990545
2023-04-10,Stable,0.9486777596208085
2023-04-11,Stable,0.9402841971461311
2023-04-12,Stable,0.9614591251652662
2023-04-13,Stable,0.9681321577036283
2023-04-17,Stable,0.9717911349038325
2023-04-18,Stable,0.9682130369233085
2023-04-19,Stable,0.964488283566468
2023-04-20,Stable,0.9537542222188062
2023-04-21,Stable,0.920547298816017
2023-04-24,Stable,0.9424943457844567
2023-04-25,Stable,0.9623384280014831
2023-04-26,Stable,0.9644536030317951
2023-04-27,Stable,0.9570595777018338
2023-04-28,Stable,0.9316103843071343
2023-05-02,Stable,0.8661139704861317
2023-05-03,Stable,0.9246497893607781
2023-05-04,Stable,0.9335869419969313
2023-05-05,Stable,0.9013517024043067
2023-05-08,Stable,0.9155351236618174
2023-05-09,Stable,0.9497672257125948
2023-05-10,Stable,0.9583233983659781
2023-05-11,Stable,0.9570389435758885
2023-05-12,Stable,0.9619403867064041
2023-05-15,Stable,0.953430349543967
2023-05-16,Stable,0.9428518212946883
2023-05-17,Stable,0.9601740423516971
2023-05-18,Stable,0.9656362355713164
2023-05-19,Stable,0.9689965771653144
2023-05-22,Stable,0.9703952532248571
2023-05-23,Stable,0.9705164993968778
2023-05-24,Stable,0.9676385711154373
2023-05-25,Stable,0.9673154341178126
2023-05-26,Stable,0.9551118304176293
2023-05-29,Stable,0.9634892744438853
2023-05-30,Stable,0.9672938998052406
2023-05-31,Stable,0.9663229461706422
2023-06-01,Stable,0.9523501963526658
2023-06-02,Stable,0.9129358884286398
2023-06-05,Stable,0.9211784111522482
2023-06-06,Stable,0.918270382255364
2023-06-07,Stable,0.955150696684015
2023-06-08,Stable,0.9670350072489161
2023-06-09,Stable,0.9715700271299865
2023-06-12,Stable,0.9704405821852775
2023-06-13,Stable,0.9740180892851563
2023-06-14,Stable,0.9749262014407444
2023-06-15,Stable,0.9727450313589179
2023-06-16,Stable,0.9741771567610223
2023-06-19,Stable,0.9712439026475842
2023-06-20,Stable,0.9718725299325781
2023-06-21,Stable,0.9686853485645194
2023-06-22,Stable,0.9607884556285865
2023-06-23,Stable,0.9364831616849325
2023-06-26,Stable,0.8877257131391543
2023-06-27,Stable,0.8648253521465383
2023-06-28,Stable,0.7442229967278232
2023-06-30,Stable,0.5270275925872808
2023-07-03,Stable,0.5029829591738953
2023-07-04,Stable,0.5543439302327127
2023-07-05,Stable,0.8537985600820318
2023-07-06,Stable,0.5140118193659018
2023-07-07,Stable,0.7481503771880785
2023-07-10,Stable,0.8054666325579805
2023-07-11,Stable,0.8198882162906834
2023-07-12,Stable,0.873200467715555
2023-07-13,Stable,0.8656514721331543
2023-07-14,Stable,0.9290237927075575
2023-07-17,Stable,0.9475141397081175
2023-07-18,Stable,0.95949540389559
2023-07-19,Stable,0.9530391870513926
2023-07-20,Stable,0.9292883421086113
2023-07-21,Stable,0.9581086390675755
2023-07-24,Stable,0.9641067163594316
2023-07-25,Stable,0.9682847920338481
2023-07-26,Stable,0.9720354741183668
2023-07-27,Stable,0.9687149400031417
2023-07-28,Stable,0.9541767357003236
2023-07-31,Stable,0.9324952661094994
2023-08-01,Stable,0.9475899906512557
2023-08-02,Stable,0.9627300168447073
2023-08-03,Stable,0.9702347242902729
2023-08-04,Stable,0.9694161548897136
2023-08-07,Stable,0.9712476822686946
2023-08-08,Stable,0.9727868869023933
2023-08-09,Stable,0.9691519677790286
2023-08-10,Stable,0.970159987713784
2023-08-11,Stable,0.9720894603585258
2023-08-14,Stable,0.9707072381940781
2023-08-16,Stable,0.9634711623833044
2023-08-17,Stable,0.9682249881137512
2023-08-18,Stable,0.9664608995096242
2023-08-21,Stable,0.9701484460200968
2023-08-22,Stable,0.9652803550771061
2023-08-23,Stable,0.9542175527364241
2023-08-24,Stable,0.9555026087496784
2023-08-25,Stable,0.9347969718229358
2023-08-28,Stable,0.8842586722653486
2023-08-29,Stable,0.7902946886101543
2023-08-30,Transitional,0.5063060454780015
2023-08-31,Transitional,0.7131830317358325
2023-09-01,Transitional,0.8174871936468864
2023-09-04,Stable,0.6538822639596112
2023-09-05,Stable,0.8149839030064059
2023-09-06,Stable,0.889933622257077
2023-09-07,Stable,0.9147445202688057
2023-09-08,Stable,0.9234357521728873
2023-09-11,Stable,0.8936810820808379
2023-09-12,Stable,0.9468236295415317
2023-09-13,Stable,0.964847233053237
2023-09-14,Stable,0.9691730632895231
2023-09-15,Stable,0.9639577277751468
2023-09-18,Stable,0.9459657086895327
2023-09-20,Stable,0.8893779354615939
2023-09-21,Stable,0.8698633039412627
2023-09-22,Stable,0.7771304180726386
2023-09-25,Stable,0.8846935705495966
2023-09-26,Stable,0.91713865261628
2023-09-27,Stable,0.9003668775449108
2023-09-28,Stable,0.8758787974845273
2023-09-29,Stable,0.8198363023516614
2023-10-03,Stable,0.6355685962656299
2023-10-04,Stable,0.6763011233498891
2023-10-05,Stable,0.8344325066068307
2023-10-06,Stable,0.900734358846978
2023-10-09,Stable,0.9314777878960663
2023-10-10,Stable,0.9287134510745813
2023-10-11,Stable,0.9367298128831446
2023-10-12,Stable,0.9107455560959421
2023-10-13,Stable,0.9250664041537444
2023-10-16,Stable,0.9579792655027408
2023-10-17,Stable,0.9680108192760143
2023-10-18,Stable,0.9712538068519342
2023-10-19,Stable,0.9696888667693911
2023-10-20,Stable,0.9586116140022295
2023-10-23,Stable,0.9289060632694538
2023-10-25,Stable,0.9352878749853398
2023-10-26,Stable,0.9058360633662453
2023-10-27,Stable,0.9033014277363657
2023-10-30,Stable,0.9073026012779681
2023-10-31,Stable,0.9371794479425826
2023-11-01,Stable,0.9285035633170504
2023-11-02,Stable,0.9539241609122355
2023-11-03,Stable,0.968819706570752
2023-11-06,Stable,0.9738366793952165
2023-11-07,Stable,0.974006958435585
2023-11-08,Stable,0.971026027647918
2023-11-09,Stable,0.9706028317883963
2023-11-10,Stable,0.9750274331574005
2023-11-13,Stable,0.9758960290159573
2023-11-15,Stable,0.974409630078485
2023-11-16,Stable,0.9755568639133816
2023-11-17,Stable,0.9754798670817457
2023-11-20,Stable,0.9755167641438863
2023-11-21,Stable,0.9762882139954988
2023-11-22,Stable,0.9763883827484773
2023-11-23,Stable,0.9771014400084405
2023-11-24,Stable,0.9766600762567526
2023-11-28,Stable,0.9761212512248856
2023-11-29,Stable,0.9743123809884592
2023-11-30,Stable,0.9758028681403939
2023-12-01,Stable,0.9748124846639483
2023-12-04,Stable,0.9706416477574348
2023-12-05,Stable,0.9578888788176376
2023-12-06,Stable,0.9596423256753103
2023-12-07,Stable,0.9614216357475373
2023-12-08,Stable,0.9574427534033784
2023-12-11,Stable,0.9448108160577753
2023-12-12,Stable,0.9123469187664233
2023-12-13,Stable,0.9516060136503958
2023-12-14,Stable,0.9656120705972165
2023-12-15,Stable,0.9667538659374515
2023-12-18,Stable,0.9643913196757459
2023-12-19,Stable,0.9494837501290726
2023-12-20,Stable,0.9229954283551866
2023-12-21,Stable,0.9202477809165658
2023-12-22,Stable,0.8814025747324423
2023-12-26,Stable,0.9399434347394493
2023-12-27,Stable,0.9641210116922834
2023-12-28,Stable,0.9722614231086226
2023-12-29,Stable,0.9738394620485116
2024-01-01,Stable,0.9726148710329715
2024-01-02,Stable,0.9654000865026847
2024-01-03,Stable,0.9595696930276422
2024-01-04,Stable,0.9677668126910784
2024-01-05,Stable,0.9723619328069701
2024-01-08,Stable,0.9702761092886354
2024-01-09,Stable,0.9695040829362441
2024-01-10,Stable,0.9734227454459338
2024-01-11,Stable,0.9721009370521182
2024-01-12,Stable,0.9636233839957542
2024-01-15,Stable,0.9426144295421014
2024-01-16,Stable,0.9327007919940057
2024-01-17,Stable,0.9120581392716505
2024-01-18,Stable,0.8939559391222672
2024-01-19,Stable,0.8700162146822188
2024-01-23,Stable,0.8239354472963567
2024-01-24,Stable,0.8226825635610232
2024-01-25,Stable,0.8067062223744396
2024-01-29,Stable,0.7378440935747469
2024-01-30,Stable,0.5967043582755788
2024-01-31,Transitional,0.8367036905256854
2024-02-01,Transitional,0.995512960662865
2024-02-02,Transitional,0.8947420265169459
2024-02-05,Transitional,0.9436864344617372
2024-02-06,Transitional,0.988707677360851
2024-02-07,Stable,0.5656826650515586
2024-02-08,Stable,0.6048650621375652
2024-02-09,Stable,0.802668860435216
2024-02-12,Stable,0.8524639640336958
2024-02-13,Stable,0.8175263014460039
2024-02-14,Stable,0.7008836380251042
2024-02-15,Stable,0.7200545927471421
2024-02-16,Stable,0.6225866599547675
2024-02-19,Stable,0.8065959122374399
2024-02-20,Stable,0.8927781038388688
2024-02-21,Stable,0.9070004790142838
2024-02-22,Stable,0.8638102486139837
2024-02-23,Stable,0.8624124437235496
2024-02-26,Stable,0.825216191937744
2024-02-27,Stable,0.6845964253178131
2024-02-28,Transitional,0.7322453041672555
2024-02-29,Transitional,0.6810883434672166
2024-03-01,Transitional,0.7207849197334698
2024-03-04,Stable,0.7134954106120404
2024-03-05,Stable,0.8611258956652252
2024-03-06,Stable,0.9186255918010532
2024-03-07,Stable,0.9457482390594
2024-03-11,Stable,0.9470175550032084
2024-03-12,Stable,0.9452892605707328
2024-03-13,Stable,0.9428017715406634
2024-03-14,Stable,0.9375829619407547
2024-03-15,Stable,0.8921613327895785
2024-03-18,Stable,0.7771605168873682
2024-03-19,Stable,0.6369915894786586
2024-03-20,Transitional,0.7921862117933147
2024-03-21,Transitional,0.7692717720397771
2024-03-22,Transitional,0.9321599635721287
2024-03-26,Stable,0.5946803953272097
2024-03-27,Stable,0.5074118574988303
2024-03-28,Stable,0.7660649108648346
2024-04-01,Stable,0.8706565755684699
2024-04-02,Stable,0.8870425354828824
2024-04-03,Stable,0.8333312472227746
2024-04-04,Stable,0.7133903411359177
2024-04-05,Stable,0.5041263954836301
2024-04-08,Transitional,0.9139658166903148
2024-04-09,Transitional,0.7653283311334362
2024-04-10,Transitional,0.7997941879666179
2024-04-12,Transitional,0.8850100195951889
2024-04-15,Stable,0.555419992608784
2024-04-16,Stable,0.6429843944304925
2024-04-18,Stable,0.6869206544444371
2024-04-19,Stable,0.6234737622508515
2024-04-22,Stable,0.7879671698488174
2024-04-23,Stable,0.8331573517319467
2024-04-24,Stable,0.9130846710930861
2024-04-25,Stable,0.9338601906649823
2024-04-26,Stable,0.9148768458808603
2024-04-29,Stable,0.9396968707557279
2024-04-30,Stable,0.9283660868338611
2024-05-02,Stable,0.9072589428096631
2024-05-03,Stable,0.8157679444862234
2024-05-06,Stable,0.9060944353178205
2024-05-07,Stable,0.931318741992905
2024-05-08,Stable,0.9252439357966746
2024-05-09,Stable,0.9446621564779168
2024-05-10,Stable,0.9341769125717617
2024-05-13,Stable,0.9440385703486152
2024-05-14,Stable,0.9208575059163377
2024-05-15,Stable,0.8907566716104502
2024-05-16,Stable,0.780719421090847
2024-05-17,Stable,0.7831893165966458
2024-05-21,Stable,0.7442010240433956
2024-05-22,Stable,0.6692531807261851
2024-05-23,Stable,0.597552799108247
2024-05-24,Stable,0.7356782883780415
2024-05-27,Stable,0.8568825867032527
2024-05-28,Stable,0.8978711109613595
2024-05-29,Stable,0.8916112781485375
2024-05-30,Stable,0.8135687611186206
2024-05-31,Stable,0.732983983565085
2024-06-03,Stable,0.6531893527344521
2024-06-04,Stable,0.606603838309774
2024-06-05,Stable,0.6528799360840034
2024-06-06,Stable,0.6007170474381756
2024-06-07,Stable,0.7801493919881454
2024-06-10,Stable,0.8788785688688415
2024-06-11,Stable,0.9119473220156489
2024-06-12,Stable,0.9377968680919803
2024-06-13,Stable,0.9260700652517404
2024-06-14,Stable,0.8618565480901795
2024-06-18,Stable,0.6649530015129407
2024-06-19,Stable,0.6249608254975741
2024-06-20,Stable,0.8338792103002167
2024-06-21,Stable,0.9232364300103113
2024-06-24,Stable,0.9567060920065314
2024-06-25,Stable,0.9656763711005218
2024-06-26,Stable,0.967365814368653
2024-06-27,Stable,0.9684154918777458
2024-06-28,Stable,0.9588074838385721
2024-07-01,Stable,0.9634959442606935
2024-07-02,Stable,0.9625937704794624
2024-07-03,Stable,0.9515576276744596
2024-07-04,Stable,0.9258892708746533
2024-07-05,Stable,0.8438588728884941
2024-07-08,Stable,0.6028788643890646
2024-07-09,Transitional,0.9960908827571043
2024-07-10,Stable,0.599085433663466
2024-07-11,Stable,0.8159284283349709
2024-07-12,Stable,0.8881208279176753
2024-07-15,Stable,0.9395350388796859
2024-07-16,Stable,0.9627953940840986
2024-07-18,Stable,0.9681444616313982
2024-07-19,Stable,0.9623317415107043
2024-07-22,Stable,0.9605613220757901
2024-07-23,Stable,0.9632933054428171
2024-07-24,Stable,0.9498557300639
2024-07-25,Stable,0.941834186478557
2024-07-26,Stable,0.8969416965289934
2024-07-29,Stable,0.8449590211112332
2024-07-30,Stable,0.7026954410812927
2024-07-31,Transitional,0.5904255137832236
2024-08-01,Transitional,0.8059635814958409
2024-08-02,Transitional,0.9929975225505937
2024-08-05,Transitional,0.994341587301088
2024-08-06,Stable,0.5963336679839006
2024-08-07,Stable,0.524689564632005
2024-08-08,Stable,0.753654142012033
2024-08-09,Stable,0.8970145987105359
2024-08-12,Stable,0.9445354058100524
2024-08-13,Stable,0.9601552120658975
2024-08-14,Stable,0.9708699975447443
2024-08-16,Stable,0.9744539323551717
2024-08-19,Stable,0.9738500793897764
2024-08-20,Stable,0.9734538444546332
2024-08-21,Stable,0.9742838375635053
2024-08-22,Stable,0.9706862540605983
2024-08-23,Stable,0.9634574232666573
2024-08-26,Stable,0.940160467793762
2024-08-27,Stable,0.8791197680597616
2024-08-28,Stable,0.9201842568880061
2024-08-29,Stable,0.9495149715987081
2024-08-30,Stable,0.9665024493225258
2024-09-02,Stable,0.973181199771171
2024-09-03,Stable,0.9749920632229825
2024-09-04,Stable,0.9741140350124938
2024-09-05,Stable,0.9731285079450108
2024-09-06,Stable,0.9679430879113154
2024-09-09,Stable,0.9695285609655108
2024-09-10,Stable,0.9634720147596638
2024-09-11,Stable,0.9654380531470197
2024-09-12,Stable,0.9537656973191766
2024-09-13,Stable,0.9634872270490614
2024-09-16,Stable,0.9678035484421995
2024-09-17,Stable,0.9614210736171053
2024-09-18,Stable,0.9385761199963231
2024-09-19,Stable,0.8725157081467105
2024-09-20,Stable,0.7833419980367444
2024-09-23,Stable,0.8171170947666644
2024-09-24,Stable,0.7659562385044026
2024-09-25,Stable,0.5694842508452471
2024-09-26,Transitional,0.9931242203710571
2024-09-27,Transitional,0.829071128588498
2024-09-30,Transitional,0.8142183264153146
2024-10-01,Transitional,0.7986629426771362
2024-10-03,Transitional,0.953909468716766
2024-10-04,Stable,0.5908338663736585
2024-10-07,Stable,0.7760714743343972
2024-10-08,Stable,0.8304012462859699
2024-10-09,Stable,0.7889128486055467
2024-10-10,Stable,0.807895214803681
2024-10-11,Stable,0.8275064987895803
2024-10-14,Stable,0.8274924478104719
2024-10-15,Stable,0.8899359517328627
2024-10-16,Stable,0.9005688548122346
2024-10-17,Stable,0.8576736364375883
2024-10-18,Stable,0.8887918674663166
2024-10-21,Stable,0.8552566968882558
2024-10-22,Stable,0.7367658992219007
2024-10-23,Stable,0.7240068478887745
2024-10-24,Stable,0.5653656694646738
2024-10-25,Stable,0.6106402210027517
2024-10-28,Stable,0.6582938311557783
2024-10-29,Transitional,0.9502278155015282
2024-10-30,Transitional,0.7350491918846693
2024-10-31,Stable,0.5492916091213373
2024-11-01,Stable,0.8017406128107997
2024-11-04,Stable,0.8846352970636447
2024-11-05,Stable,0.8990603072654404
2024-11-06,Stable,0.8967925825432435
2024-11-07,Stable,0.9363705743698794
2024-11-08,Stable,0.9416145013864927
2024-11-11,Stable,0.9114285750580248
2024-11-12,Stable,0.8473046675788157
2024-11-13,Stable,0.9145482237345723
2024-11-14,Stable,0.9445803066793464
2024-11-18,Stable,0.945211922929907
2024-11-19,Stable,0.934029196966602
2024-11-21,Stable,0.927318213838176
2024-11-22,Stable,0.9001531903798964
2024-11-25,Stable,0.9423683090929664
2024-11-26,Stable,0.9505246947802579
2024-11-27,Stable,0.9456375047422078
2024-11-28,Stable,0.9426164139824856
2024-11-29,Stable,0.9332564143902536
2024-12-02,Stable,0.925890101318604
2024-12-03,Stable,0.94783204780304
2024-12-04,Stable,0.9438456536575794
2024-12-05,Stable,0.9563659988547816
2024-12-06,Stable,0.9529002879644773
2024-12-09,Stable,0.9652244836571297
2024-12-10,Stable,0.9654817751986278
2024-12-11,Stable,0.9635724763014587
2024-12-12,Stable,0.959075428034071
2024-12-13,Stable,0.9579384368517984
2024-12-16,Stable,0.9599978460995446
2024-12-17,Stable,0.94255214153689
2024-12-18,Stable,0.9543365169840868
2024-12-19,Stable,0.9648300732401017
2024-12-20,Stable,0.9645731351260757
2024-12-23,Stable,0.9547812658086245
2024-12-24,Stable,0.9332731050805985
2024-12-26,Stable,0.8851783643010125
2024-12-27,Stable,0.856520598385765
2024-12-30,Stable,0.7344934165523974
2024-12-31,Stable,0.5468355817836151
2025-01-01,Transitional,0.9644843541039165
2025-01-02,Transitional,0.9976332341113543
2025-01-03,Stable,0.511459515738266
2025-01-06,Stable,0.6887104016021766
2025-01-07,Stable,0.8546346073023547
2025-01-08,Stable,0.9037791773381807
2025-01-09,Stable,0.9196537366067588
2025-01-10,Stable,0.9013219851714771
2025-01-13,Stable,0.8499358209929462
2025-01-14,Stable,0.7586591217690511
2025-01-15,Stable,0.7887064118570489
2025-01-16,Stable,0.8683113097841936
2025-01-17,Stable,0.9265003076559122
2025-01-20,Stable,0.9388376932942547
2025-01-21,Stable,0.9414233887668864
2025-01-22,Stable,0.9464226519570506
2025-01-23,Stable,0.9600016000176161
2025-01-24,Stable,0.9556663747955474
2025-01-27,Stable,0.9380866704314025
2025-01-28,Stable,0.87759993957951
2025-01-29,Stable,0.7809566487851822
2025-01-30,Stable,0.618184471011243
2025-01-31,Transitional,0.8771176713784704
2025-02-01,Transitional,0.9977095927581192
2025-02-03,Transitional,0.6301615881867662
2025-02-04,Stable,0.7633276580281813
2025-02-05,Stable,0.9005975402731228
2025-02-06,Stable,0.9467733969099739
2025-02-07,Stable,0.9580444924357723
2025-02-10,Stable,0.9489969740831242
2025-02-11,Stable,0.9462677059410048
2025-02-12,Stable,0.9639555099706979
2025-02-13,Stable,0.9718006773066353
2025-02-14,Stable,0.9726648042046847
2025-02-17,Stable,0.9673174018235856
2025-02-18,Stable,0.9603646895492722
2025-02-19,Stable,0.9338864048524883
2025-02-20,Stable,0.8790837983728211
2025-02-21,Stable,0.8979952196955061
2025-02-24,Stable,0.8869328439137293
2025-02-25,Stable,0.7991338846256493
2025-02-27,Stable,0.6367180219105913
2025-02-28,Stable,0.7656401192243111
2025-03-03,Stable,0.5334671578812265
2025-03-04,Stable,0.7445320521205752
2025-03-05,Stable,0.8951532871212873
2025-03-06,Stable,0.9457758904859839
2025-03-07,Stable,0.9648757573130685
2025-03-10,Stable,0.9685429303794155
2025-03-11,Stable,0.9709562081727142
2025-03-12,Stable,0.9718391378266306
2025-03-13,Stable,0.9654045006809422
2025-03-17,Stable,0.9715192856096294
2025-03-18,Stable,0.9729488731503418
2025-03-19,Stable,0.9683221813103208
2025-03-20,Stable,0.959623918458867
2025-03-21,Stable,0.9572752101181531
2025-03-24,Stable,0.9321084737362656
2025-03-25,Stable,0.9493369352258294
2025-03-26,Stable,0.9431157595085248
2025-03-27,Stable,0.9400568290859898
2025-03-28,Stable,0.8988142559678541
2025-04-01,Stable,0.9006467232133283
2025-04-02,Stable,0.8420067560819275
2025-04-03,Stable,0.8848465833647554
2025-04-04,Stable,0.8589892366186678
2025-04-07,Stable,0.8803244872534197
2025-04-08,Stable,0.8981544230030418
2025-04-09,Stable,0.9050458635561571
2025-04-11,Stable,0.8504165934993282
2025-04-15,Stable,0.7735375791057936
2025-04-16,Stable,0.8364587874650415
2025-04-17,Stable,0.9202491697464013
2025-04-21,Stable,0.944965475782935
2025-04-22,Stable,0.9431297735676185
2025-04-23,Stable,0.9059060639750823
2025-04-24,Stable,0.8916083100153825
2025-04-25,Stable,0.8001882004984436
2025-04-28,Stable,0.7310309634129565
2025-04-29,Stable,0.6144640583888498
2025-04-30,Stable,0.7838379484748922
2025-05-02,Stable,0.5427424332698096
2025-05-05,Stable,0.7328363602468767
2025-05-06,Stable,0.7731615920884751
2025-05-07,Stable,0.7515506793387844
2025-05-08,Stable,0.5967004223846599
2025-05-09,Stable,0.5058832249382681
2025-05-12,Stable,0.7094116181903483
2025-05-13,Stable,0.5332379450330335
2025-05-14,Stable,0.5143423630780299
2025-05-15,Stable,0.5349279193191333
2025-05-16,Stable,0.7165698731261889
2025-05-19,Stable,0.7444230226121005
2025-05-20,Stable,0.641979084681901
2025-05-21,Stable,0.836225413552592
2025-05-22,Stable,0.8934165208466458
2025-05-23,Stable,0.9481546423316148
2025-05-26,Stable,0.9664722185337461
2025-05-27,Stable,0.9721637209396605
2025-05-28,Stable,0.9709126693190494
2025-05-29,Stable,0.9706042806303876
2025-05-30,Stable,0.9676890038562914
2025-06-02,Stable,0.9603935635633767
2025-06-03,Stable,0.9335880183070493
2025-06-04,Stable,0.9181501315519248
2025-06-05,Stable,0.8473088481392118
2025-06-06,Stable,0.6367878350586468
2025-06-09,Stable,0.7713931896012141
2025-06-10,Stable,0.8833529985914012
2025-06-11,Stable,0.9391609734323432
2025-06-12,Stable,0.9601432876413191
2025-06-13,Stable,0.9667491691697331
2025-06-16,Stable,0.9613604868372924
2025-06-17,Stable,0.9633392176739233
2025-06-18,Stable,0.9565772981419844
2025-06-19,Stable,0.9673655301993037
2025-06-20,Stable,0.9711852642585195
2025-06-23,Stable,0.9671943011358185
2025-06-24,Stable,0.9622300846921358
2025-06-25,Stable,0.9510421938141097
2025-06-26,Stable,0.9564211063626131
2025-06-27,Stable,0.9432400191369739
2025-06-30,Stable,0.9023991790075879
2025-07-01,Stable,0.9316103437776401
2025-07-02,Stable,0.9227585308138972
2025-07-03,Stable,0.9383959944036637
2025-07-04,Stable,0.950744596605971
2025-07-07,Stable,0.9539427011216629
2025-07-08,Stable,0.9581790587376301
2025-07-09,Stable,0.959246487916912
2025-07-10,Stable,0.9461185532515529
2025-07-11,Stable,0.9629458085706776
2025-07-14,Stable,0.9707654625812184
2025-07-15,Stable,0.9745100449641313
2025-07-16,Stable,0.9748035837721772
2025-07-17,Stable,0.9724528214269078
2025-07-18,Stable,0.9733970886468453
2025-07-21,Stable,0.9728312300343124
2025-07-22,Stable,0.9661572995987143
2025-07-23,Stable,0.9584341852386498
2025-07-24,Stable,0.9613793010205024
2025-07-25,Stable,0.9535644695217188
2025-07-28,Stable,0.9592034888655082
2025-07-29,Stable,0.9512532729659632
2025-07-30,Stable,0.9480169161424293
2025-07-31,Stable,0.9572752161203227
2025-08-01,Stable,0.9448790751489472
2025-08-04,Stable,0.952806508736603
2025-08-05,Stable,0.9432049676303557
2025-08-06,Stable,0.9585835110925134
2025-08-07,Stable,0.9534284123953953
2025-08-08,Stable,0.9445446385460273
2025-08-11,Stable,0.9027818972244871
2025-08-12,Stable,0.7734541024757873
2025-08-13,Stable,0.7316491861581278
2025-08-14,Stable,0.5173805627923255
2025-08-18,Transitional,0.9636937895515733
2025-08-19,Stable,0.5293139214971314
2025-08-20,Stable,0.7827869468176901
2025-08-21,Stable,0.8943687394129802
2025-08-22,Stable,0.9308368503361036
2025-08-25,Stable,0.9321730799192944
2025-08-26,Stable,0.9097164857899964
2025-08-28,Stable,0.9503535495077883
2025-08-29,Stable,0.9618875695229255
2025-09-01,Stable,0.9579996887075457
2025-09-02,Stable,0.9446374038224633
2025-09-03,Stable,0.8963983981529774
2025-09-04,Stable,0.7745028196204836
2025-09-05,Stable,0.6974766368732924
2025-09-08,Stable,0.6286512137359531
2025-09-09,Stable,0.7749010419971031
2025-09-10,Stable,0.8132150262005301
2025-09-11,Stable,0.8802228976871826
2025-09-12,Stable,0.8713813983201479
2025-09-15,Stable,0.8855455050282716
2025-09-16,Stable,0.8341264490597491
2025-09-17,Stable,0.8790350508866236
2025-09-18,Stable,0.9386060537218167
2025-09-19,Stable,0.954650861778351
2025-09-22,Stable,0.9493516587689972
2025-09-23,Stable,0.9157211673046434
2025-09-24,Stable,0.9407842442903017
2025-09-25,Stable,0.9575999341424555
2025-09-26,Stable,0.9533270474649864
2025-09-29,Stable,0.922548209847228
2025-09-30,Stable,0.9541203372476027
2025-10-01,Stable,0.9616266842730908
2025-10-03,Stable,0.9550463309965198
2025-10-06,Stable,0.9500601741777759
2025-10-07,Stable,0.9597627370729408
2025-10-08,Stable,0.9629090158825779
2025-10-09,Stable,0.9577834291834371
2025-10-10,Stable,0.9303494099437648
2025-10-13,Stable,0.9592596470355454
2025-10-14,Stable,0.9697638614399174
2025-10-15,Stable,0.9732877231563748
2025-10-16,Stable,0.9727943438232083
2025-10-17,Stable,0.9727250066113731
2025-10-20,Stable,0.9756132563694275
2025-10-21,Stable,0.97606801918899
2025-10-23,Stable,0.9745340157456068
2025-10-24,Stable,0.9686559751914565
2025-10-27,Stable,0.9632040819031266
2025-10-28,Stable,0.9542820582874492
2025-10-29,Stable,0.9244342069906486
2025-10-30,Stable,0.880021894385537
2025-10-31,Stable,0.7451507563061499
2025-11-03,Stable,0.6542490653638452
2025-11-04,Stable,0.5677380150099198
2025-11-06,Stable,0.8220422241887431
2025-11-07,Stable,0.9194373994914646
2025-11-10,Stable,0.9508454414353765
2025-11-11,Stable,0.966083137652531
2025-11-12,Stable,0.9715634656184234
2025-11-13,Stable,0.9721103857237359
2025-11-14,Stable,0.9685344183314181
2025-11-17,Stable,0.9572749704736814
2025-11-18,Stable,0.96525501177373
2025-11-19,Stable,0.9620423455626763
2025-11-20,Stable,0.9659701007004077
2025-11-21,Stable,0.9577226849370828
2025-11-24,Stable,0.9616099014730073
2025-11-25,Stable,0.9478464657727182
2025-11-26,Stable,0.9051035812227695
2025-11-27,Stable,0.9089477060620745
2025-11-28,Stable,0.9413583041510949
2025-12-01,Stable,0.9378082350700992
2025-12-02,Stable,0.9457781111658211
2025-12-03,Stable,0.9464939619994277
2025-12-04,Stable,0.9423891646300916
2025-12-05,Stable,0.911158180123849
2025-12-08,Stable,0.9414152920519656
2025-12-09,Stable,0.9452150127850123
2025-12-10,Stable,0.9470728245961312
2025-12-11,Stable,0.917489302756453
2025-12-12,Stable,0.909066158928717
2025-12-15,Stable,0.9482796845218753
2025-12-16,Stable,0.9655624801452485
2025-12-17,Stable,0.9710659153994308
2025-12-18,Stable,0.9703205910557567
2025-12-19,Stable,0.9641222810574656
2025-12-22,Stable,0.9492687547320328
2025-12-23,Stable,0.9643093036779513
2025-12-24,Stable,0.9669547084370865
2025-12-26,Stable,0.9698221326550682
2025-12-29,Stable,0.9718006917964325
2025-12-30,Stable,0.968465001514573
2025-12-31,Stable,0.9641543929801346
2026-01-01,Stable,0.94639634814189
2026-01-02,Stable,0.8908589836873576
2026-01-05,Stable,0.8582997015219043
2026-01-06,Stable,0.799474976742859
2026-01-07,Stable,0.6414691805750382
2026-01-08,Stable,0.8123731357767968
2026-01-09,Stable,0.8834643449937619
2026-01-12,Stable,0.9142251121203614
2026-01-13,Stable,0.9009873442681576
2026-01-14,Stable,0.8563288391619218
2026-01-15,Stable,0.8450455583399175
2026-01-16,Stable,0.7314098453049263
2026-01-19,Stable,0.6666131296478444
2026-01-20,Stable,0.6924620695727334
2026-01-21,Stable,0.7660340093068317
2026-01-22,Stable,0.742938305531912
2026-01-23,Stable,0.5669145891616161
2026-01-27,Stable,0.5519041687282811
2026-01-28,Stable,0.7406945268276851
2026-01-29,Stable,0.7674025208516658
2026-01-30,Stable,0.630479533341469
2026-02-02,Stable,0.6528196279315229
2026-02-03,Stable,0.7344503710494938
2026-02-04,Stable,0.5313783850373678
2026-02-05,Stable,0.7901743103364236
2026-02-06,Stable,0.897586703667225
2026-02-09,Stable,0.9298953917152367
2026-02-10,Stable,0.9187831257679837
2026-02-11,Stable,0.9025269366205853
2026-02-12,Stable,0.9419830584660669
2026-02-13,Stable,0.9528460724492942
2026-02-16,Stable,0.9468123422936386
2026-02-17,Stable,0.9513238559846242
2026-02-18,Stable,0.9504342801369163
2026-02-19,Stable,0.9207428250857218
2026-02-20,Stable,0.9382548833207937
2026-02-23,Stable,0.927181226581048
2026-02-24,Stable,0.8826285655833811
2026-02-25,Stable,0.7913552502626994
2026-02-26,Stable,0.6043648401699526
2026-02-27,Transitional,0.7862663678457116
2026-03-02,Transitional,0.9420599968626622
2026-03-04,Transitional,0.8926636881888833
2026-03-05,Transitional,0.8975835876617099
2026-03-06,Transitional,0.9246614160970468
2026-03-09,Transitional,0.9885524593919084
2026-03-10,Transitional,0.9833566360611974
2026-03-11,Transitional,0.9833863174616801
2026-03-12,Transitional,0.990091020542101
2026-03-13,Transitional,0.9820011560277085
2026-03-16,Transitional,0.8439593908114431
2026-03-17,Transitional,0.7964189386836077
2026-03-18,Transitional,0.7747638571312389
2026-03-19,Transitional,0.9166025761841399
2026-03-20,Transitional,0.6643019239217444
2026-03-23,Transitional,0.6389904038208041
2026-03-24,Transitional,0.5747857427925345
2026-03-25,Transitional,0.6384032756718441
2026-03-27,Transitional,0.6457792618930808
2026-03-30,Transitional,0.5724943409743667
2026-04-01,Transitional,0.6180728390846242
2026-04-02,Transitional,0.6753512690625141
2026-04-06,Transitional,0.647686419945564
2026-04-07,Transitional,0.5424597640230729
2026-04-08,Transitional,0.9914898757358783
2026-04-09,Transitional,0.8228699606393957
2026-04-10,Transitional,0.8375052207858301
2026-04-13,Transitional,0.9930897400866443
2026-04-15,Stable,0.6143286292597857
2026-04-16,Stable,0.7429961585708842
2026-04-17,Stable,0.8677167691657866
2026-04-20,Stable,0.928244343794393
2026-04-21,Stable,0.9385622210188641
2026-04-22,Stable,0.9118994252577413
2026-04-23,Stable,0.8541207713476835
2026-04-24,Stable,0.7803171646372479
2026-04-27,Stable,0.5926520609416398
2026-04-28,Stable,0.6829483254849402
2026-04-29,Stable,0.7232294103274595
2026-04-30,Stable,0.6063064751391254
2026-05-01,Stable,0.7035391383137285
2026-05-04,Stable,0.6608348915009021
2026-05-05,Stable,0.707706304333019
2026-05-06,Stable,0.6895520093542805
2026-05-07,Stable,0.820021844054424
2026-05-08,Stable,0.8407720761101455
2026-05-11,Stable,0.7724502435943097
2026-05-12,Stable,0.7457229033716976
2026-05-13,Stable,0.8807195367839024
2026-05-14,Stable,0.9275316857400681
2026-05-15,Stable,0.9281092132201324
2026-05-18,Stable,0.9273944958334833
2026-05-19,Stable,0.9572772766689539
2026-05-20,Stable,0.9682019745646342
2026-05-21,Stable,0.9711230950896095
2026-05-22,Stable,0.9660970571493567
2026-05-25,Stable,0.9473397366619717
2026-05-26,Stable,0.9561476908681944
2026-05-27,Stable,0.9448986538435442
2026-05-28,Stable,0.9437899975914256
2026-05-29,Stable,0.9078732148764985
2026-06-01,Stable,0.9241742209683206
2026-06-02,Stable,0.9538893157850831
2026-06-03,Stable,0.9668723812583432
2026-06-04,Stable,0.9678580284739084
2026-06-05,Stable,0.9579008812851806
2026-06-08,Stable,0.9240607415723053
2026-06-09,Stable,0.874135529672271
2026-06-10,Stable,0.8584045651406849
2026-06-11,Stable,0.7520343904383834
2026-06-12,Stable,0.5758207381162002
2026-06-15,Stable,0.7550946211058361
2026-06-16,Stable,0.6540793048024093
2026-06-17,Stable,0.8291226431865452
2026-06-18,Stable,0.8810843124579035
2026-06-19,Stable,0.9030297632779455
2026-06-22,Stable,0.8805060452559507
2026-06-23,Stable,0.772087599219263
2026-06-24,Stable,0.5502460931782998
2026-06-25,Transitional,0.9667387163453496
2026-06-26,Transitional,0.8889945016685249
2026-06-29,Transitional,0.9612997696884137
2026-06-30,Transitional,0.9974258930468478
2026-07-01,Transitional,0.7526745163814124
2026-07-02,Stable,0.6117445330732136
2026-07-03,Stable,0.7191519892170332
2026-07-06,Stable,0.6900595965188836
2026-07-07,Stable,0.5241044620225527
2026-07-08,Transitional,0.941842915248282
2026-07-09,Stable,0.6189121706388241
2026-07-10,Stable,0.6511879444188591
2026-07-13,Stable,0.7676766852204837
2026-07-14,Stable,0.8212748789800749
2026-07-15,Stable,0.8782226457304665
2026-07-16,Stable,0.8808360445814115
2026-07-17,Stable,0.9018391568268264
2026-07-20,Stable,0.8626340083286101
2026-07-21,Stable,0.9234634610742024
2026-07-22,Stable,0.9442988010339726
2026-07-23,Stable,0.9362676646587952
2026-07-24,Stable,0.9223221174527095
2026-07-27,Stable,0.8566443152407679
2026-07-28,Stable,0.9091610623197298
2026-07-29,Stable,0.9133375484506016
2026-07-30,Stable,0.9058686838519304
2026-07-31,Stable,0.9499655629674068
2026-08-03,Stable,0.9648955611312422
2026-08-04,Stable,0.9723484763933904
2026-08-05,Stable,0.9734446130733715
2026-08-06,Stable,0.9697331773354478
2026-08-07,Stable,0.9691550631688532
2026-08-10,Stable,0.9702036963956662
2026-08-11,Stable,0.9667958412433085
2026-08-12,Stable,0.963444285989525
2026-08-13,Stable,0.9597443816585727
2026-08-14,Stable,0.936914159267822
