date,regime_label,regime_probability
2014-10-07,Transitional,1.0
2014-10-08,Transitional,0.9781379045205724
2014-10-09,Transitional,0.9755533563760151
2014-10-10,Transitional,0.9530873061796628
2014-10-13,Transitional,0.8403734622387697
2014-10-14,Transitional,0.7674313447142672
2014-10-15,Transitional,0.72303212368054
2014-10-16,Transitional,0.7247590719637154
2014-10-17,Transitional,0.7403648250567164
2014-10-20,Stable,0.5957203279197127
2014-10-21,Stable,0.8080872955646929
2014-10-22,Stable,0.9040853700453744
2014-10-27,Stable,0.9484994788077648
2014-10-28,Stable,0.9687537351431383
2014-10-29,Stable,0.9767287042276732
2014-10-30,Stable,0.9784154388942838
2014-10-31,Stable,0.9746709893007252
2014-11-03,Stable,0.9823490265833532
2014-11-05,Stable,0.9839085102759747
2014-11-07,Stable,0.9802311849559269
2014-11-10,Stable,0.9857342331014135
2014-11-11,Stable,0.9877343916506507
2014-11-12,Stable,0.9862938726075833
2014-11-13,Stable,0.9807951110427644
2014-11-14,Stable,0.9682642115879698
2014-11-17,Stable,0.9640292316346436
2014-11-18,Stable,0.963329486829447
2014-11-19,Stable,0.9682554705581623
2014-11-20,Stable,0.9671475979658529
2014-11-21,Stable,0.9640246195453815
2014-11-24,Stable,0.9704264367894181
2014-11-25,Stable,0.9798914709750969
2014-11-26,Stable,0.98623406026936
2014-11-27,Stable,0.9882287989836209
2014-11-28,Stable,0.9874385822417724
2014-12-01,Stable,0.9868201808984898
2014-12-02,Stable,0.9857572817487521
2014-12-03,Stable,0.9835601108807938
2014-12-04,Stable,0.9841566903125674
2014-12-05,Stable,0.9835689765975765
2014-12-08,Stable,0.9772404863397152
2014-12-09,Stable,0.9847426434874123
2014-12-10,Stable,0.9867315866590857
2014-12-11,Stable,0.9854675635366443
2014-12-12,Stable,0.9792157726567718
2014-12-15,Stable,0.9645530484134427
2014-12-16,Stable,0.9457851774278963
2014-12-17,Stable,0.945985642878301
2014-12-18,Stable,0.9336102822656226
2014-12-19,Stable,0.9224832258625624
2014-12-22,Stable,0.8962979129999208
2014-12-23,Stable,0.9270257873631461
2014-12-24,Stable,0.9383175493974596
2014-12-26,Stable,0.9637631168943899
2014-12-29,Stable,0.9742660227834665
2014-12-30,Stable,0.9761025699348622
2014-12-31,Stable,0.9713648361336192
2015-01-01,Stable,0.9591264107788003
2015-01-02,Stable,0.9285129025619748
2015-01-05,Stable,0.9006002135155559
2015-01-06,Stable,0.8563922014657886
2015-01-07,Stable,0.833548422323717
2015-01-08,Stable,0.7688140530147071
2015-01-09,Stable,0.762315492618745
2015-01-12,Stable,0.742525378032905
2015-01-13,Stable,0.7024520730371198
2015-01-14,Stable,0.6060171994695011
2015-01-15,Transitional,0.6142711063581078
2015-01-16,Transitional,0.5712061415569784
2015-01-19,Transitional,0.5624438441619501
2015-01-20,Transitional,0.5985498715692481
2015-01-21,Transitional,0.6219752653237179
2015-01-22,Transitional,0.7049202483082883
2015-01-23,Transitional,0.9030653077975627
2015-01-27,Transitional,0.9803426424277041
2015-01-28,Transitional,0.9824285744906682
2015-01-29,Transitional,0.9868874913838294
2015-01-30,Transitional,0.8814942141937151
2015-02-02,Stable,0.7235474907027198
2015-02-03,Stable,0.6567060277257525
2015-02-04,Stable,0.5498008176714452
2015-02-05,Stable,0.5115895108466658
2015-02-06,Stable,0.5069926701945501
2015-02-09,Stable,0.5919680507073614
2015-02-10,Stable,0.6897241876218466
2015-02-11,Stable,0.7814261079915886
2015-02-12,Stable,0.8182991945705561
2015-02-13,Stable,0.8760695916244363
2015-02-16,Stable,0.9170657147604532
2015-02-18,Stable,0.9309807936402553
2015-02-19,Stable,0.9313498947413367
2015-02-20,Stable,0.9153853449246545
2015-02-23,Stable,0.8813291777537209
2015-02-24,Stable,0.8122063039514901
2015-02-25,Stable,0.6550196501935682
2015-02-26,Stable,0.5232263341427049
2015-02-27,Stable,0.5959967782106939
2015-03-02,Stable,0.7063358103740986
2015-03-03,Stable,0.6774860772905869
2015-03-04,Stable,0.692677404826804
2015-03-05,Stable,0.685229944896333
2015-03-09,Stable,0.6495800417972954
2015-03-10,Stable,0.643077126395831
2015-03-11,Stable,0.8038578019999518
2015-03-12,Stable,0.8774596921551618
2015-03-13,Stable,0.9081797025325969
2015-03-16,Stable,0.936271323828665
2015-03-17,Stable,0.9511747880838815
2015-03-18,Stable,0.9543277526032847
2015-03-19,Stable,0.9461854069773779
2015-03-20,Stable,0.9371590583862548
2015-03-23,Stable,0.9084655118283441
2015-03-24,Stable,0.8605856785257223
2015-03-25,Stable,0.7921049988300483
2015-03-26,Stable,0.6472208259379569
2015-03-27,Stable,0.6812959459393206
2015-03-30,Stable,0.6846119294515884
2015-03-31,Stable,0.7618011277301825
2015-04-01,Stable,0.8505519275853315
2015-04-06,Stable,0.9097854426216228
2015-04-07,Stable,0.934230193999928
2015-04-08,Stable,0.939060181745912
2015-04-09,Stable,0.9279935513954679
2015-04-10,Stable,0.9441451529833882
2015-04-13,Stable,0.9650331027311552
2015-04-15,Stable,0.9738195655588653
2015-04-16,Stable,0.9780825733161198
2015-04-17,Stable,0.9755637535269125
2015-04-20,Stable,0.9754757436054482
2015-04-21,Stable,0.981239353178398
2015-04-22,Stable,0.981099639562688
2015-04-23,Stable,0.9804210393862026
2015-04-24,Stable,0.9728099639461835
2015-04-27,Stable,0.9597676752732663
2015-04-28,Stable,0.9284690995474196
2015-04-29,Stable,0.8584862647386404
2015-04-30,Stable,0.7781737478444142
2015-05-04,Stable,0.61557027443972
2015-05-05,Stable,0.5879020892176471
2015-05-06,Stable,0.7859108841847614
2015-05-07,Stable,0.8974284201030921
2015-05-08,Stable,0.936618186499148
2015-05-11,Stable,0.8347038226196751
2015-05-12,Stable,0.7827148651689513
2015-05-13,Stable,0.6598352816939764
2015-05-14,Stable,0.5633710602853028
2015-05-15,Stable,0.6599554302670735
2015-05-18,Stable,0.6942441420544361
2015-05-19,Stable,0.7931042996307025
2015-05-20,Stable,0.8344531676513691
2015-05-21,Stable,0.8951883133082001
2015-05-22,Stable,0.9187523561949065
2015-05-25,Stable,0.9210971638886684
2015-05-26,Stable,0.9039032244404854
2015-05-27,Stable,0.8575882873281375
2015-05-28,Stable,0.7883063078969097
2015-05-29,Stable,0.6794027604764686
2015-06-01,Stable,0.6459520811978834
2015-06-02,Stable,0.6193677499420369
2015-06-03,Stable,0.7890795380671487
2015-06-04,Stable,0.8695686599463226
2015-06-05,Stable,0.9190133875293572
2015-06-08,Stable,0.9402851881144738
2015-06-09,Stable,0.9527993655146403
2015-06-10,Stable,0.9518482275960062
2015-06-11,Stable,0.9544923953874966
2015-06-12,Stable,0.9696629305619568
2015-06-15,Stable,0.9790905157154428
2015-06-16,Stable,0.9823364936894441
2015-06-17,Stable,0.9800472828179382
2015-06-18,Stable,0.9719129668056392
2015-06-19,Stable,0.9704408418016803
2015-06-22,Stable,0.9676277299210742
2015-06-23,Stable,0.9747286946035837
2015-06-24,Stable,0.97455397463341
2015-06-25,Stable,0.9694955848728967
2015-06-26,Stable,0.9802964381462648
2015-06-29,Stable,0.983964827716761
2015-06-30,Stable,0.9849109916555117
2015-07-01,Stable,0.9858986155618725
2015-07-02,Stable,0.9832533085663685
2015-07-03,Stable,0.9774007761093665
2015-07-06,Stable,0.9788629895705941
2015-07-07,Stable,0.9776568478324822
2015-07-08,Stable,0.9689234053061012
2015-07-09,Stable,0.9752550715241535
2015-07-10,Stable,0.9746101312939938
2015-07-13,Stable,0.9821745482090699
2015-07-14,Stable,0.9844259995761474
2015-07-15,Stable,0.9828666497210861
2015-07-16,Stable,0.9760707857993796
2015-07-17,Stable,0.9793136720422083
2015-07-20,Stable,0.9770774581005222
2015-07-21,Stable,0.9674629322648879
2015-07-22,Stable,0.9699430335041843
2015-07-23,Stable,0.9792404863980803
2015-07-24,Stable,0.9838746376535682
2015-07-27,Stable,0.9830871258931223
2015-07-28,Stable,0.9850698854144244
2015-07-29,Stable,0.988907900868165
2015-07-30,Stable,0.9892768253425817
2015-07-31,Stable,0.9864563438480741
2015-08-03,Stable,0.9784833047527067
2015-08-04,Stable,0.9798496365611981
2015-08-05,Stable,0.9799929752973975
2015-08-06,Stable,0.9747478592359343
2015-08-07,Stable,0.9599571571373842
2015-08-10,Stable,0.9276994381078707
2015-08-11,Stable,0.85521809085383
2015-08-12,Stable,0.6939001474169945
2015-08-13,Stable,0.6716937680874993
2015-08-14,Stable,0.607875063865788
2015-08-17,Stable,0.6198198367377304
2015-08-18,Stable,0.6134962429324337
2015-08-19,Stable,0.568131400518656
2015-08-20,Stable,0.5391841235251208
2015-08-21,Stable,0.7372646754313239
2015-08-24,Transitional,0.9494240900272446
2015-08-25,Stable,0.6895345198158738
2015-08-26,Stable,0.5754797836572849
2015-08-27,Stable,0.5256018092558591
2015-08-28,Stable,0.5107737349299563
2015-08-31,Stable,0.53517955629396
2015-09-01,Stable,0.6204836371259104
2015-09-02,Stable,0.5489984558293071
2015-09-03,Stable,0.5254010440312677
2015-09-04,Stable,0.502348597811635
2015-09-07,Stable,0.5400108669460161
2015-09-08,Stable,0.5687709385825681
2015-09-09,Stable,0.6580863454317065
2015-09-10,Stable,0.7264770404216747
2015-09-11,Stable,0.7537382225708553
2015-09-14,Stable,0.7447732344345294
2015-09-15,Stable,0.7122441543744238
2015-09-16,Stable,0.6409940704214432
2015-09-18,Stable,0.5259020756839107
2015-09-21,Stable,0.5471733945077987
2015-09-22,Stable,0.5251622164875717
2015-09-23,Stable,0.5785255700070087
2015-09-24,Stable,0.6748781751920175
2015-09-28,Stable,0.7091425630868479
2015-09-29,Stable,0.7099127847791347
2015-09-30,Stable,0.7341367819470224
2015-10-01,Stable,0.7228756365434551
2015-10-05,Stable,0.667514926842536
2015-10-06,Stable,0.7926386906016293
2015-10-07,Stable,0.8991009703498646
2015-10-08,Stable,0.9468476043748617
2015-10-09,Stable,0.9708226646889576
2015-10-12,Stable,0.9811538729224554
2015-10-13,Stable,0.9864291006552867
2015-10-14,Stable,0.9882471932318736
2015-10-15,Stable,0.9890163619566369
2015-10-16,Stable,0.9865196886699618
2015-10-19,Stable,0.9903748731414581
2015-10-20,Stable,0.9916980273578594
2015-10-21,Stable,0.9914645382433727
2015-10-23,Stable,0.9889966328933852
2015-10-26,Stable,0.9899627067712515
2015-10-27,Stable,0.990489534674837
2015-10-28,Stable,0.991245437371651
2015-10-29,Stable,0.9896962360927953
2015-10-30,Stable,0.9881970941149028
2015-11-02,Stable,0.983808539191282
2015-11-03,Stable,0.9890526060593627
2015-11-04,Stable,0.9906797281176358
2015-11-05,Stable,0.9903842164985533
2015-11-06,Stable,0.9876003079692686
2015-11-09,Stable,0.9801747024404773
2015-11-10,Stable,0.9825282565721305
2015-11-13,Stable,0.9858038458380557
2015-11-16,Stable,0.9849927971627013
2015-11-17,Stable,0.9827457928932672
2015-11-18,Stable,0.9740915104189019
2015-11-19,Stable,0.9683118931329475
2015-11-20,Stable,0.9817859700867098
2015-11-23,Stable,0.9873134385224682
2015-11-24,Stable,0.989932819214723
2015-11-26,Stable,0.9898580431282217
2015-11-27,Stable,0.9868151816818272
2015-11-30,Stable,0.9899105702977293
2015-12-01,Stable,0.9902497095712097
2015-12-02,Stable,0.9886318342568146
2015-12-03,Stable,0.9849788667454343
2015-12-04,Stable,0.9755081423499091
2015-12-07,Stable,0.9802785189962789
2015-12-08,Stable,0.9787086263283296
2015-12-09,Stable,0.9813284463169597
2015-12-10,Stable,0.9781087968738463
2015-12-11,Stable,0.9774516238658939
2015-12-14,Stable,0.9837024490465648
2015-12-15,Stable,0.9876440365978996
2015-12-16,Stable,0.988179742533045
2015-12-17,Stable,0.9873980609747776
2015-12-18,Stable,0.9896078579061723
2015-12-21,Stable,0.9914648043228046
2015-12-22,Stable,0.9912082345544664
2015-12-23,Stable,0.9924204392246143
2015-12-24,Stable,0.9936619843558575
2015-12-28,Stable,0.99389262418603
2015-12-29,Stable,0.9934387271442529
2015-12-30,Stable,0.9917952497069168
2015-12-31,Stable,0.9887290865194514
2016-01-01,Stable,0.9841103114079579
2016-01-04,Stable,0.9750118873458544
2016-01-05,Stable,0.9806831462384545
2016-01-06,Stable,0.9842854688335292
2016-01-07,Stable,0.9834594527560729
2016-01-08,Stable,0.9846051354776764
2016-01-11,Stable,0.9822157664545355
2016-01-12,Stable,0.9745565945790344
2016-01-13,Stable,0.9688861638181865
2016-01-14,Stable,0.9650404152170104
2016-01-15,Stable,0.9602381195330365
2016-01-18,Stable,0.9489495155587433
2016-01-19,Stable,0.9517705252834721
2016-01-20,Stable,0.9492361221525188
2016-01-21,Stable,0.9656439889655224
2016-01-22,Stable,0.9709387091434877
2016-01-25,Stable,0.970204375990155
2016-01-27,Stable,0.9678570995887068
2016-01-28,Stable,0.9580360823913583
2016-01-29,Stable,0.9342624763736683
2016-02-01,Stable,0.9284429465461294
2016-02-02,Stable,0.913308047497559
2016-02-03,Stable,0.8784748497547445
2016-02-04,Stable,0.8286744597870064
2016-02-05,Stable,0.7212619134253051
2016-02-08,Stable,0.5038330080401521
2016-02-09,Stable,0.5915157174499958
2016-02-10,Stable,0.7357810955146488
2016-02-11,Stable,0.8863025493648573
2016-02-12,Stable,0.5221831253480858
2016-02-15,Stable,0.6569872408823545
2016-02-16,Stable,0.7347313085100546
2016-02-17,Stable,0.7599897639049827
2016-02-18,Stable,0.7494182356397185
2016-02-19,Stable,0.7444449733722136
2016-02-22,Stable,0.6987557548752444
2016-02-23,Stable,0.5823528596115283
2016-02-24,Stable,0.5441024645815157
2016-02-25,Stable,0.5781436302277584
2016-02-26,Stable,0.5827104945201581
2016-02-29,Stable,0.6299336415744262
2016-03-01,Stable,0.6574014064374005
2016-03-02,Stable,0.6754270923223739
2016-03-03,Stable,0.8178545608564067
2016-03-04,Stable,0.9011111535208565
2016-03-08,Stable,0.9401086081474663
2016-03-09,Stable,0.9614198869753315
2016-03-10,Stable,0.977342956243955
2016-03-11,Stable,0.9846916043375958
2016-03-14,Stable,0.9889126646383127
2016-03-15,Stable,0.9897532758917952
2016-03-16,Stable,0.9877028331431184
2016-03-17,Stable,0.9817986613116427
2016-03-18,Stable,0.9797658764400284
2016-03-21,Stable,0.976557983198808
2016-03-22,Stable,0.9840769150805453
2016-03-23,Stable,0.9887757694819794
2016-03-28,Stable,0.9910594322994529
2016-03-29,Stable,0.9912055835732545
2016-03-30,Stable,0.9903154036376106
2016-03-31,Stable,0.9913066027647182
2016-04-01,Stable,0.9912116488926813
2016-04-04,Stable,0.9910840492101418
2016-04-05,Stable,0.9891417791612909
2016-04-06,Stable,0.9907131747537649
2016-04-07,Stable,0.9901725723321292
2016-04-08,Stable,0.9888189437346672
2016-04-11,Stable,0.9842360982958507
2016-04-12,Stable,0.9805313354129549
2016-04-13,Stable,0.9745265386363198
2016-04-18,Stable,0.9816345247853786
2016-04-20,Stable,0.983732831403309
2016-04-21,Stable,0.9848529902009988
2016-04-22,Stable,0.9838244571309318
2016-04-25,Stable,0.9770327183991961
2016-04-26,Stable,0.9599238760137646
2016-04-27,Stable,0.9621568722320384
2016-04-28,Stable,0.9597174882204481
2016-04-29,Stable,0.9544795296969201
2016-05-02,Stable,0.960793068565635
2016-05-03,Stable,0.9729253611732039
2016-05-04,Stable,0.9752950038983682
2016-05-05,Stable,0.9739669788131616
2016-05-06,Stable,0.9646601026614982
2016-05-09,Stable,0.956852150665386
2016-05-10,Stable,0.9703965527084696
2016-05-11,Stable,0.9736915916695957
2016-05-12,Stable,0.9713510670174437
2016-05-13,Stable,0.9651960647470499
2016-05-16,Stable,0.9529037871328206
2016-05-17,Stable,0.9616122356820083
2016-05-18,Stable,0.9656061624896414
2016-05-19,Stable,0.9712252103033404
2016-05-20,Stable,0.9678653412654511
2016-05-23,Stable,0.9529846283042843
2016-05-24,Stable,0.9201598921541092
2016-05-25,Stable,0.8467021328746667
2016-05-26,Stable,0.9155436314099047
2016-05-27,Stable,0.9562089279407519
2016-05-30,Stable,0.9744755039770283
2016-05-31,Stable,0.98501408677955
2016-06-01,Stable,0.9893427923106569
2016-06-02,Stable,0.9923044364234554
2016-06-03,Stable,0.993394881003775
2016-06-06,Stable,0.9937887702566943
2016-06-07,Stable,0.9933053180710949
2016-06-08,Stable,0.9916435197468548
2016-06-09,Stable,0.9925285537087968
2016-06-10,Stable,0.9923001458746588
2016-06-13,Stable,0.9902972081482307
2016-06-14,Stable,0.9885972337398542
2016-06-15,Stable,0.9831702896959454
2016-06-16,Stable,0.9852991001871274
2016-06-17,Stable,0.9855647209629047
2016-06-20,Stable,0.9831992425885251
2016-06-21,Stable,0.9745743409865455
2016-06-22,Stable,0.9572479602710728
2016-06-23,Stable,0.9196733411803343
2016-06-24,Stable,0.8946632714270872
2016-06-27,Stable,0.9430774548239139
2016-06-28,Stable,0.9645122303115724
2016-06-29,Stable,0.97431471651075
2016-06-30,Stable,0.9806816717376177
2016-07-01,Stable,0.9828860160006925
2016-07-04,Stable,0.9797405428972717
2016-07-05,Stable,0.9691811210528363
2016-07-07,Stable,0.9501247360906336
2016-07-08,Stable,0.9459757934880103
2016-07-11,Stable,0.9374125622912504
2016-07-12,Stable,0.9623165320436076
2016-07-13,Stable,0.9716629516525119
2016-07-14,Stable,0.9730037697291603
2016-07-15,Stable,0.9655393819049501
2016-07-18,Stable,0.9780219172548974
2016-07-19,Stable,0.982217177465265
2016-07-20,Stable,0.9846505876865436
2016-07-21,Stable,0.9886334125096085
2016-07-22,Stable,0.9896678252388054
2016-07-25,Stable,0.9877041155235028
2016-07-26,Stable,0.9899966918359645
2016-07-27,Stable,0.9919246652023643
2016-07-28,Stable,0.9920849711135927
2016-07-29,Stable,0.9935364112014891
2016-08-01,Stable,0.9941242345665994
2016-08-02,Stable,0.9945377354148678
2016-08-03,Stable,0.9944548500192105
2016-08-04,Stable,0.9941735702035995
2016-08-05,Stable,0.9931610103725266
2016-08-08,Stable,0.9922413998317818
2016-08-09,Stable,0.9894104594617892
2016-08-10,Stable,0.983210772870745
2016-08-11,Stable,0.9892497369587847
2016-08-12,Stable,0.9915583879454553
2016-08-16,Stable,0.9916774761503051
2016-08-17,Stable,0.9898500264774523
2016-08-18,Stable,0.9863496398160809
2016-08-19,Stable,0.98858316449951
2016-08-22,Stable,0.9886334411459563
2016-08-23,Stable,0.9852757341177639
2016-08-24,Stable,0.9760900251944633
2016-08-25,Stable,0.9612897065418533
2016-08-26,Stable,0.9287513319729314
2016-08-29,Stable,0.856712431265683
2016-08-30,Stable,0.8082363757698173
2016-08-31,Stable,0.8428277855931273
2016-09-01,Stable,0.9089868892049291
2016-09-02,Stable,0.9443438208663635
2016-09-06,Stable,0.9576099371612782
2016-09-07,Stable,0.969625692134191
2016-09-08,Stable,0.98165822973674
2016-09-09,Stable,0.9861750935623507
2016-09-12,Stable,0.9860528411955626
2016-09-14,Stable,0.9859503819885543
2016-09-15,Stable,0.985874096322681
2016-09-16,Stable,0.9842246966815201
2016-09-19,Stable,0.9882715796634698
2016-09-20,Stable,0.9908217100750707
2016-09-21,Stable,0.9910127980726195
2016-09-22,Stable,0.9891295526237605
2016-09-23,Stable,0.9890128829629125
2016-09-26,Stable,0.9862097720430288
2016-09-27,Stable,0.9889643287592356
2016-09-28,Stable,0.9883549431501273
2016-09-29,Stable,0.9844449019390147
2016-09-30,Stable,0.9878108344290583
2016-10-03,Stable,0.9883032808025329
2016-10-04,Stable,0.9909253271346681
2016-10-05,Stable,0.9910814224927894
2016-10-06,Stable,0.9893957100951096
2016-10-07,Stable,0.9851126021583244
2016-10-10,Stable,0.974847025709571
2016-10-13,Stable,0.9521357812956597
2016-10-14,Stable,0.948887196279679
2016-10-17,Stable,0.9298665842832037
2016-10-18,Stable,0.9418598856188921
2016-10-19,Stable,0.9663940206978191
2016-10-20,Stable,0.9760142844849921
2016-10-21,Stable,0.9777948215720907
2016-10-24,Stable,0.9813572107749499
2016-10-25,Stable,0.981366062898898
2016-10-26,Stable,0.9834530788014715
2016-10-27,Stable,0.9856810118232228
2016-10-28,Stable,0.9884552663758515
2016-11-01,Stable,0.9888159649389741
2016-11-02,Stable,0.9856984298781699
2016-11-03,Stable,0.9856287908028554
2016-11-04,Stable,0.9831600288955354
2016-11-07,Stable,0.9809664299997397
2016-11-08,Stable,0.9728635343044003
2016-11-09,Stable,0.9536388272388504
2016-11-10,Stable,0.9118108649815608
2016-11-11,Stable,0.9153137274989175
2016-11-15,Stable,0.8995449776908417
2016-11-16,Stable,0.9045594233282143
2016-11-17,Stable,0.8998244970987039
2016-11-18,Stable,0.8942078102874677
2016-11-21,Stable,0.9035339467133537
2016-11-22,Stable,0.9090884449525266
2016-11-23,Stable,0.8936386011371139
2016-11-24,Stable,0.8754246211280927
2016-11-25,Stable,0.8780084444153178
2016-11-28,Stable,0.9214292868976993
2016-11-29,Stable,0.9404418730734293
2016-11-30,Stable,0.9455822392329695
2016-12-01,Stable,0.9682037968520123
2016-12-02,Stable,0.9775391904544791
2016-12-05,Stable,0.9828209950318353
2016-12-06,Stable,0.9839889080062578
2016-12-07,Stable,0.9801300059475729
2016-12-08,Stable,0.9785708595180244
2016-12-09,Stable,0.9842696194381184
2016-12-12,Stable,0.9847098901866532
2016-12-13,Stable,0.9890748208035341
2016-12-14,Stable,0.9899592404048634
2016-12-15,Stable,0.9924460641343849
2016-12-16,Stable,0.9931519898844156
2016-12-19,Stable,0.9932348342019979
2016-12-20,Stable,0.9932776817849494
2016-12-21,Stable,0.9926161317112597
2016-12-22,Stable,0.990530471012249
2016-12-23,Stable,0.9877557738300218
2016-12-26,Stable,0.9869333558440597
2016-12-27,Stable,0.9877390303150351
2016-12-28,Stable,0.9880756364275796
2016-12-29,Stable,0.9846210208430564
2016-12-30,Stable,0.9889723371880921
2017-01-02,Stable,0.9897777943347849
2017-01-03,Stable,0.9909980504923559
2017-01-04,Stable,0.9919258418739955
2017-01-05,Stable,0.991782139124265
2017-01-06,Stable,0.9895561647514607
2017-01-09,Stable,0.9855267985509095
2017-01-10,Stable,0.975547498489669
2017-01-11,Stable,0.9748924399777823
2017-01-12,Stable,0.9839082886085441
2017-01-13,Stable,0.9867361948433915
2017-01-16,Stable,0.9857039047335691
2017-01-17,Stable,0.9876490649079718
2017-01-18,Stable,0.989201228704381
2017-01-19,Stable,0.9878371865906945
2017-01-20,Stable,0.9843560729403454
2017-01-23,Stable,0.9746730045890653
2017-01-24,Stable,0.9565799689822052
2017-01-25,Stable,0.9568698811586256
2017-01-27,Stable,0.974759829309961
2017-01-30,Stable,0.9816163968680408
2017-01-31,Stable,0.9844041052440445
2017-02-01,Stable,0.982029558819654
2017-02-02,Stable,0.9862344649287939
2017-02-03,Stable,0.9879457261525298
2017-02-06,Stable,0.9899183435838449
2017-02-07,Stable,0.9890729802189904
2017-02-08,Stable,0.986754917519039
2017-02-09,Stable,0.9798056839426869
2017-02-10,Stable,0.9679905021932416
2017-02-13,Stable,0.9423816280350854
2017-02-14,Stable,0.8894136625522406
2017-02-15,Stable,0.7708590958900787
2017-02-16,Stable,0.5663991830275492
2017-02-17,Transitional,0.8595603752236949
2017-02-20,Transitional,0.777314032892261
2017-02-21,Stable,0.5613383161342629
2017-02-22,Stable,0.7239580408838439
2017-02-23,Stable,0.865505430186233
2017-02-27,Stable,0.934382446044918
2017-02-28,Stable,0.965357797425652
2017-03-01,Stable,0.9797103799045861
2017-03-02,Stable,0.9852597460125334
2017-03-03,Stable,0.9903846604977489
2017-03-06,Stable,0.9928136515203361
2017-03-07,Stable,0.9938069355414311
2017-03-08,Stable,0.9942459693974642
2017-03-09,Stable,0.9944902363987974
2017-03-10,Stable,0.9942267299927157
2017-03-14,Stable,0.9937309528926629
2017-03-15,Stable,0.994076308511137
2017-03-16,Stable,0.9940964578585304
2017-03-17,Stable,0.9933490776654615
2017-03-20,Stable,0.992497602742805
2017-03-21,Stable,0.9917398285080956
2017-03-22,Stable,0.9891448391667811
2017-03-23,Stable,0.9861787783468197
2017-03-24,Stable,0.9779336314909829
2017-03-27,Stable,0.9619841175693482
2017-03-28,Stable,0.9439490969613331
2017-03-29,Stable,0.9091935762025645
2017-03-30,Stable,0.8385302855490322
2017-03-31,Stable,0.8700915169299911
2017-04-03,Stable,0.9303124962065258
2017-04-05,Stable,0.9649444378852466
2017-04-06,Stable,0.9804825649440831
2017-04-07,Stable,0.9878330052435046
2017-04-10,Stable,0.9906499855448584
2017-04-11,Stable,0.9915579653684812
2017-04-12,Stable,0.9907233770473574
2017-04-13,Stable,0.9874217426233193
2017-04-17,Stable,0.9798993094457289
2017-04-18,Stable,0.9636774713965259
2017-04-19,Stable,0.934589002300237
2017-04-20,Stable,0.8688798609314854
2017-04-21,Stable,0.7611484761722384
2017-04-24,Stable,0.7555729406139955
2017-04-25,Stable,0.8551408221618604
2017-04-26,Stable,0.8980516394385786
2017-04-27,Stable,0.9216024164053175
2017-04-28,Stable,0.9394731724067693
2017-05-02,Stable,0.9675795300555107
2017-05-03,Stable,0.9814847459952978
2017-05-04,Stable,0.9873205173765403
2017-05-05,Stable,0.9912592062950739
2017-05-08,Stable,0.9929332471098417
2017-05-09,Stable,0.9931806732743499
2017-05-10,Stable,0.9921304278797394
2017-05-11,Stable,0.993293696575308
2017-05-12,Stable,0.9939390022426916
2017-05-15,Stable,0.9939931163232145
2017-05-16,Stable,0.9932210387704821
2017-05-17,Stable,0.9915649024537047
2017-05-18,Stable,0.9877802860096448
2017-05-19,Stable,0.9791295431218151
2017-05-22,Stable,0.9601885815716339
2017-05-23,Stable,0.9318223845883064
2017-05-24,Stable,0.8747797452042566
2017-05-25,Stable,0.7495719548195099
2017-05-26,Stable,0.8762349710902753
2017-05-29,Stable,0.9392111936335038
2017-05-30,Stable,0.9685542805708169
2017-05-31,Stable,0.9819623310629448
2017-06-01,Stable,0.9882420512018608
2017-06-02,Stable,0.9918374198933
2017-06-05,Stable,0.993527753501771
2017-06-06,Stable,0.9940726990471555
2017-06-07,Stable,0.9939043697617093
2017-06-08,Stable,0.992847741411787
2017-06-09,Stable,0.9903147916446642
2017-06-12,Stable,0.992605087920533
2017-06-13,Stable,0.9932226044996975
2017-06-14,Stable,0.9932284693789134
2017-06-15,Stable,0.9926401885690398
2017-06-16,Stable,0.9914524557085652
2017-06-19,Stable,0.9881191099354439
2017-06-20,Stable,0.9904506870138248
2017-06-21,Stable,0.9910347605425057
2017-06-22,Stable,0.9911600242829529
2017-06-23,Stable,0.98897214576035
2017-06-27,Stable,0.9909141929535455
2017-06-28,Stable,0.9928254613592502
2017-06-29,Stable,0.9932923684079596
2017-06-30,Stable,0.9931305018699613
2017-07-03,Stable,0.9938782404412817
2017-07-04,Stable,0.9941264333659441
2017-07-05,Stable,0.9942207637783348
2017-07-06,Stable,0.9941058200693301
2017-07-07,Stable,0.9941685345973722
2017-07-10,Stable,0.9943523645789184
2017-07-11,Stable,0.9947632470799153
2017-07-12,Stable,0.9949170218732132
2017-07-13,Stable,0.9948178497187434
2017-07-14,Stable,0.994410192322285
2017-07-17,Stable,0.9937330942265055
2017-07-18,Stable,0.9920397077388419
2017-07-19,Stable,0.9881769677917206
2017-07-20,Stable,0.9809007187441118
2017-07-21,Stable,0.9736723564690302
2017-07-24,Stable,0.9580938126222812
2017-07-25,Stable,0.9617818070892477
2017-07-26,Stable,0.9541287007795192
2017-07-27,Stable,0.9317725690779225
2017-07-28,Stable,0.9611046257341119
2017-07-31,Stable,0.977893621523091
2017-08-01,Stable,0.9851282080709398
2017-08-02,Stable,0.9892758695722764
2017-08-03,Stable,0.9907507023690293
2017-08-04,Stable,0.9921612922121231
2017-08-07,Stable,0.9928143828196782
2017-08-08,Stable,0.9920991535868966
2017-08-09,Stable,0.9914893628521537
2017-08-10,Stable,0.9918468601225969
2017-08-11,Stable,0.990613296484959
2017-08-14,Stable,0.9892407694639753
2017-08-16,Stable,0.985217468029582
2017-08-17,Stable,0.9860460644053826
2017-08-18,Stable,0.9876706817666232
2017-08-21,Stable,0.9890742508039732
2017-08-22,Stable,0.9889490789778745
2017-08-23,Stable,0.9854700193096569
2017-08-24,Stable,0.9881867937603932
2017-08-28,Stable,0.9893185620869134
2017-08-29,Stable,0.9872851665240218
2017-08-30,Stable,0.9865405142392358
2017-08-31,Stable,0.9895564767189542
2017-09-01,Stable,0.9900909290620842
2017-09-04,Stable,0.9894084148730843
2017-09-05,Stable,0.9907869701983538
2017-09-06,Stable,0.9897925326210323
2017-09-07,Stable,0.985789414037401
2017-09-08,Stable,0.9766275477602598
2017-09-11,Stable,0.9683710760501765
2017-09-12,Stable,0.9812394787382328
2017-09-13,Stable,0.98827833888037
2017-09-14,Stable,0.991414636870941
2017-09-15,Stable,0.992397166606077
2017-09-18,Stable,0.9925087192040624
2017-09-19,Stable,0.9922475656468894
2017-09-20,Stable,0.9920603691607769
2017-09-21,Stable,0.9900042023240218
2017-09-22,Stable,0.9866788022226548
2017-09-25,Stable,0.9833532292423738
2017-09-26,Stable,0.9867224423962283
2017-09-27,Stable,0.9870975163552063
2017-09-28,Stable,0.9884047466568093
2017-09-29,Stable,0.9911130131477007
2017-10-03,Stable,0.9925215201432477
2017-10-04,Stable,0.9923084756122267
2017-10-05,Stable,0.9926531446477121
2017-10-06,Stable,0.9914102525858022
2017-10-09,Stable,0.9877446807352006
2017-10-10,Stable,0.9799652548130376
2017-10-11,Stable,0.9634079659114292
2017-10-12,Stable,0.9364095737361876
2017-10-13,Stable,0.9212120604589302
2017-10-16,Stable,0.9236161186631716
2017-10-17,Stable,0.9076525128042461
2017-10-18,Stable,0.8653809881490853
2017-10-19,Stable,0.795131072083265
2017-10-23,Stable,0.7073518719100591
2017-10-24,Stable,0.5478837968312992
2017-10-25,Stable,0.804972264182379
2017-10-26,Stable,0.5859523141948013
2017-10-27,Stable,0.7640079225908094
2017-10-30,Stable,0.8459033154785092
2017-10-31,Stable,0.9212573169284783
2017-11-01,Stable,0.9578994106770197
2017-11-02,Stable,0.9779347207478211
2017-11-03,Stable,0.9867772627843691
2017-11-06,Stable,0.9911889694723945
2017-11-07,Stable,0.9931191061403262
2017-11-08,Stable,0.9941385722075501
2017-11-09,Stable,0.9944102378684141
2017-11-10,Stable,0.9941104845508557
2017-11-13,Stable,0.9936543896974366
2017-11-14,Stable,0.993329341218788
2017-11-15,Stable,0.9937453951566307
2017-11-16,Stable,0.993338814291386
2017-11-17,Stable,0.9921731382259048
2017-11-20,Stable,0.9927730056477311
2017-11-21,Stable,0.9934392391154566
2017-11-22,Stable,0.9934938750726151
2017-11-23,Stable,0.9931153932849767
2017-11-24,Stable,0.9936844460837192
2017-11-27,Stable,0.9938415756620631
2017-11-28,Stable,0.9933409282950338
2017-11-29,Stable,0.9920934828586006
2017-11-30,Stable,0.9893882805983742
2017-12-01,Stable,0.9897854508047523
2017-12-04,Stable,0.9878798483625859
2017-12-05,Stable,0.9858879790289412
2017-12-06,Stable,0.9831001535352243
2017-12-07,Stable,0.9811407700745749
2017-12-08,Stable,0.9728098561658248
2017-12-11,Stable,0.9761904610067322
2017-12-12,Stable,0.9721791177916908
2017-12-13,Stable,0.9771725346097495
2017-12-14,Stable,0.9745582972914878
2017-12-15,Stable,0.9688657882643553
2017-12-18,Stable,0.9819863037220843
2017-12-19,Stable,0.9875472286061439
2017-12-20,Stable,0.9890795205930687
2017-12-21,Stable,0.9917780760727972
2017-12-22,Stable,0.9923693580412493
2017-12-26,Stable,0.9918306308914129
2017-12-27,Stable,0.9904675099174738
2017-12-28,Stable,0.9887174515664835
2017-12-29,Stable,0.9894114472137282
2018-01-01,Stable,0.9876718048451938
2018-01-02,Stable,0.9877685493630981
2018-01-03,Stable,0.9882523972400394
2018-01-04,Stable,0.9917116218339435
2018-01-05,Stable,0.9933457847070241
2018-01-08,Stable,0.9938005325158703
2018-01-09,Stable,0.9935385980434169
2018-01-10,Stable,0.9921936151961218
2018-01-11,Stable,0.9888431036959355
2018-01-12,Stable,0.982130460404132
2018-01-15,Stable,0.9689190319459979
2018-01-16,Stable,0.9691801223622132
2018-01-17,Stable,0.959239496462585
2018-01-18,Stable,0.9374158942652602
2018-01-19,Stable,0.9593126421635431
2018-01-22,Stable,0.973142883397785
2018-01-23,Stable,0.9786908489727947
2018-01-24,Stable,0.9803295423586695
2018-01-25,Stable,0.9757630783449203
2018-01-29,Stable,0.967594916372413
2018-01-30,Stable,0.9607832136522384
2018-01-31,Stable,0.9402200781545251
2018-02-01,Stable,0.8957899269468852
2018-02-02,Stable,0.8210064410425725
2018-02-05,Stable,0.8239160636209493
2018-02-06,Stable,0.8598401506108102
2018-02-07,Stable,0.8811102944003264
2018-02-08,Stable,0.9056312133041714
2018-02-09,Stable,0.9087402824156793
2018-02-12,Stable,0.9343929347727765
2018-02-14,Stable,0.9663523790298005
2018-02-15,Stable,0.981082569098863
2018-02-16,Stable,0.9873356378242164
2018-02-19,Stable,0.9894370547597365
2018-02-20,Stable,0.9884276804482398
2018-02-21,Stable,0.9878534507766034
2018-02-22,Stable,0.9841535402027543
2018-02-23,Stable,0.9747779962978687
2018-02-26,Stable,0.971924265008908
2018-02-27,Stable,0.979579135265019
2018-02-28,Stable,0.9820496590098758
2018-03-01,Stable,0.9854462243014048
2018-03-05,Stable,0.986110578439411
2018-03-06,Stable,0.9827655127517121
2018-03-07,Stable,0.9849819088576645
2018-03-08,Stable,0.9861866062692157
2018-03-09,Stable,0.9888808617273598
2018-03-12,Stable,0.9883078026637975
2018-03-13,Stable,0.9874785805031068
2018-03-14,Stable,0.983660849134188
2018-03-15,Stable,0.9733917081566529
2018-03-16,Stable,0.9573842683778101
2018-03-19,Stable,0.952652779394271
2018-03-20,Stable,0.9341420770850227
2018-03-21,Stable,0.8934703395610094
2018-03-22,Stable,0.834251622708594
2018-03-23,Stable,0.7078814667105148
2018-03-26,Stable,0.6002096206999564
2018-03-27,Stable,0.660250861648243
2018-03-28,Stable,0.6720507945816139
2018-04-02,Stable,0.6472663491255524
2018-04-03,Stable,0.713023865982622
2018-04-04,Stable,0.7478297897817869
2018-04-05,Stable,0.8254174380811696
2018-04-06,Stable,0.8986799880878109
2018-04-09,Stable,0.9384840399769777
2018-04-10,Stable,0.9608738357646689
2018-04-11,Stable,0.9784799285720782
2018-04-12,Stable,0.9861297562460031
2018-04-13,Stable,0.9896656874192011
2018-04-16,Stable,0.9904007935625334
2018-04-17,Stable,0.9915871177239787
2018-04-18,Stable,0.9909342244111198
2018-04-19,Stable,0.9915462241577063
2018-04-20,Stable,0.990302411005014
2018-04-23,Stable,0.9893467056689911
2018-04-24,Stable,0.9913254452497865
2018-04-25,Stable,0.9910799820328409
2018-04-26,Stable,0.991523606516041
2018-04-27,Stable,0.9906075263317828
2018-04-30,Stable,0.9878850575217349
2018-05-02,Stable,0.9867597312410107
2018-05-03,Stable,0.9895941792428248
2018-05-04,Stable,0.989426485859426
2018-05-07,Stable,0.9908260769191611
2018-05-08,Stable,0.9916040304481427
2018-05-09,Stable,0.9918893089231695
2018-05-10,Stable,0.9913213784360582
2018-05-11,Stable,0.990406272553853
2018-05-14,Stable,0.9905016319996169
2018-05-15,Stable,0.9887806174259302
2018-05-16,Stable,0.9862121302597086
2018-05-17,Stable,0.9825268317319202
2018-05-18,Stable,0.9719853207440148
2018-05-21,Stable,0.9562329967392733
2018-05-22,Stable,0.9360317802004018
2018-05-23,Stable,0.8884405570293332
2018-05-24,Stable,0.8342892654002666
2018-05-25,Stable,0.7451590658239372
2018-05-28,Stable,0.6226014972017251
2018-05-29,Stable,0.5334776415980965
2018-05-30,Stable,0.6410321449474098
2018-05-31,Transitional,0.9624069646276627
2018-06-01,Transitional,0.9632206816079926
2018-06-04,Transitional,0.9592147156214953
2018-06-05,Stable,0.5155112540666001
2018-06-06,Stable,0.74689904519942
2018-06-07,Stable,0.874035122701299
2018-06-08,Stable,0.9314620886077388
2018-06-11,Stable,0.9637934235760441
2018-06-12,Stable,0.9794613625398522
2018-06-13,Stable,0.9858306664509346
2018-06-14,Stable,0.9897642891287123
2018-06-15,Stable,0.9907522396151895
2018-06-18,Stable,0.9902098088908283
2018-06-19,Stable,0.9885573950330755
2018-06-20,Stable,0.9831169079129707
2018-06-21,Stable,0.9866277794415035
2018-06-22,Stable,0.9857652877796521
2018-06-25,Stable,0.9881748710528875
2018-06-26,Stable,0.9881048357983732
2018-06-27,Stable,0.9843013752086792
2018-06-28,Stable,0.9791389617754299
2018-06-29,Stable,0.9707006469500561
2018-07-02,Stable,0.9628643023388439
2018-07-03,Stable,0.9712487501975948
2018-07-04,Stable,0.9705318431714435
2018-07-05,Stable,0.9795317742445125
2018-07-06,Stable,0.9863209265172533
2018-07-09,Stable,0.989436069296742
2018-07-10,Stable,0.9902032749422437
2018-07-11,Stable,0.9920643061566496
2018-07-12,Stable,0.9920078102004743
2018-07-13,Stable,0.9925002748123533
2018-07-16,Stable,0.9929479990243543
2018-07-17,Stable,0.9936168955335907
2018-07-18,Stable,0.9935698116495766
2018-07-19,Stable,0.9924790344314428
2018-07-20,Stable,0.9902451080757095
2018-07-23,Stable,0.9847942351188578
2018-07-24,Stable,0.9886778286043862
2018-07-25,Stable,0.9889866919565545
2018-07-26,Stable,0.9868247700079702
2018-07-27,Stable,0.9854038949395473
2018-07-30,Stable,0.979645864221419
2018-07-31,Stable,0.98315071421612
2018-08-01,Stable,0.9818689435288094
2018-08-02,Stable,0.9814390226413943
2018-08-03,Stable,0.9874609580911188
2018-08-06,Stable,0.9902858966110355
2018-08-07,Stable,0.9911328158174944
2018-08-08,Stable,0.9919456621393553
2018-08-09,Stable,0.9909527611077869
2018-08-10,Stable,0.9913888916016655
2018-08-13,Stable,0.9899197375317706
2018-08-14,Stable,0.9919933489536228
2018-08-16,Stable,0.9922717962673602
2018-08-17,Stable,0.9930029901626136
2018-08-20,Stable,0.9923440102487525
2018-08-21,Stable,0.992915681931724
2018-08-23,Stable,0.9920786971659982
2018-08-24,Stable,0.9924976686450342
2018-08-27,Stable,0.9926033967863442
2018-08-28,Stable,0.9919170199380724
2018-08-29,Stable,0.9909402643129837
2018-08-30,Stable,0.9909413251302477
2018-08-31,Stable,0.9906283010698617
2018-09-03,Stable,0.9881311214591195
2018-09-04,Stable,0.9835373382607773
2018-09-05,Stable,0.982235884208107
2018-09-06,Stable,0.9755249214862323
2018-09-07,Stable,0.9586657505626828
2018-09-10,Stable,0.9204038715109916
2018-09-11,Stable,0.8590973940159456
2018-09-12,Stable,0.8537855075282155
2018-09-14,Stable,0.8226933718651216
2018-09-17,Stable,0.7636415505396319
2018-09-18,Stable,0.752464632381394
2018-09-19,Stable,0.6997460187488355
2018-09-21,Stable,0.6581280340946932
2018-09-24,Stable,0.5537737697016528
2018-09-25,Stable,0.5606471587092556
2018-09-26,Stable,0.5643556550860508
2018-09-27,Stable,0.5363691867168521
2018-09-28,Stable,0.5488084885079881
2018-10-01,Stable,0.6281401848115536
2018-10-03,Stable,0.7072576923468115
2018-10-04,Stable,0.8908616273098408
2018-10-05,Stable,0.6870184872285602
2018-10-08,Stable,0.597018397024977
2018-10-09,Stable,0.5335770933955498
2018-10-10,Stable,0.5211572510234076
2018-10-11,Stable,0.5141762095826184
2018-10-12,Stable,0.5066775744005305
2018-10-15,Stable,0.6449764288997338
2018-10-16,Stable,0.7656032158925998
2018-10-17,Stable,0.8372388134857346
2018-10-19,Stable,0.8854900337342867
2018-10-22,Stable,0.9039172102327069
2018-10-23,Stable,0.9339982547128705
2018-10-24,Stable,0.9501932764800168
2018-10-25,Stable,0.9521362000370895
2018-10-26,Stable,0.956562634938163
2018-10-29,Stable,0.9503781244689438
2018-10-30,Stable,0.9662953905482444
2018-10-31,Stable,0.9753248175713835
2018-11-01,Stable,0.9759029984872848
2018-11-02,Stable,0.9682930303689458
2018-11-05,Stable,0.9801782006911248
2018-11-06,Stable,0.9845530348436583
2018-11-07,Stable,0.9855767241784351
2018-11-09,Stable,0.9834009571894506
2018-11-12,Stable,0.9787320772026777
2018-11-13,Stable,0.9792306517956816
2018-11-14,Stable,0.9731581972372336
2018-11-15,Stable,0.9753407061284624
2018-11-16,Stable,0.9744614387462374
2018-11-19,Stable,0.980074851662922
2018-11-20,Stable,0.9799998873445763
2018-11-21,Stable,0.9731164917766779
2018-11-22,Stable,0.9553082177000508
2018-11-26,Stable,0.924338923988362
2018-11-27,Stable,0.9349689891706204
2018-11-28,Stable,0.9331563874687785
2018-11-29,Stable,0.9300582739873362
2018-11-30,Stable,0.9561494477436957
2018-12-03,Stable,0.9655736995255912
2018-12-04,Stable,0.9693673061391668
2018-12-05,Stable,0.9794295738513913
2018-12-06,Stable,0.9840244855587035
2018-12-07,Stable,0.9834048722508018
2018-12-10,Stable,0.9782231902472517
2018-12-11,Stable,0.9721732923718794
2018-12-12,Stable,0.9742801253713165
2018-12-13,Stable,0.978499116006719
2018-12-14,Stable,0.9789024332585718
2018-12-17,Stable,0.972951115757337
2018-12-18,Stable,0.9773498356533709
2018-12-19,Stable,0.9744296975939017
2018-12-20,Stable,0.9657996750180908
2018-12-21,Stable,0.947094318266385
2018-12-24,Stable,0.9317373752691052
2018-12-26,Stable,0.9271774853022317
2018-12-27,Stable,0.952027307792875
2018-12-28,Stable,0.9681935482054029
2018-12-31,Stable,0.9775460221541139
2019-01-01,Stable,0.978971735621068
2019-01-02,Stable,0.9828342101109099
2019-01-03,Stable,0.986981789089376
2019-01-04,Stable,0.9908077562998457
2019-01-07,Stable,0.9920891374255122
2019-01-08,Stable,0.991513594823495
2019-01-09,Stable,0.9924958147348876
2019-01-10,Stable,0.9932422099575248
2019-01-11,Stable,0.9936225725693812
2019-01-14,Stable,0.9929891352026059
2019-01-15,Stable,0.9922597599282893
2019-01-16,Stable,0.9931413366848948
2019-01-17,Stable,0.9928088244066636
2019-01-18,Stable,0.9920045220293872
2019-01-21,Stable,0.9893078017341099
2019-01-22,Stable,0.9861955381310665
2019-01-23,Stable,0.9806336246054195
2019-01-24,Stable,0.9835023838569084
2019-01-25,Stable,0.981193599679872
2019-01-28,Stable,0.9729479036226142
2019-01-29,Stable,0.957147314856828
2019-01-30,Stable,0.9463933582905247
2019-01-31,Stable,0.9358326066600016
2019-02-01,Stable,0.96521080042883
2019-02-04,Stable,0.9793562089248831
2019-02-05,Stable,0.9872670771265711
2019-02-06,Stable,0.9909815819732364
2019-02-07,Stable,0.9925673072557158
2019-02-08,Stable,0.9929657496580025
2019-02-11,Stable,0.9920855758921245
2019-02-12,Stable,0.9916249561010976
2019-02-14,Stable,0.9903665727173825
2019-02-15,Stable,0.9910949692208386
2019-02-18,Stable,0.9907637201972036
2019-02-19,Stable,0.989533008290436
2019-02-20,Stable,0.9856598514249605
2019-02-21,Stable,0.9838778696443805
2019-02-22,Stable,0.9767669910218485
2019-02-25,Stable,0.9728950340027327
2019-02-26,Stable,0.9788321859162105
2019-02-27,Stable,0.9816441851304747
2019-02-28,Stable,0.9841409252299207
2019-03-01,Stable,0.9850650591544858
2019-03-05,Stable,0.981252458154951
2019-03-06,Stable,0.9785425199509156
2019-03-07,Stable,0.9681199467210687
2019-03-08,Stable,0.9546491054111343
2019-03-11,Stable,0.9209790766078277
2019-03-12,Stable,0.8446341851156162
2019-03-13,Stable,0.8207355627339795
2019-03-14,Stable,0.8958632003493038
2019-03-15,Stable,0.9278269579195004
2019-03-18,Stable,0.9570385027421405
2019-03-19,Stable,0.9690589570101837
2019-03-20,Stable,0.9707795181993419
2019-03-22,Stable,0.9768556121201322
2019-03-25,Stable,0.9833227073770919
2019-03-26,Stable,0.9840585489908414
2019-03-27,Stable,0.9887874525627265
2019-03-28,Stable,0.991576263414714
2019-04-01,Stable,0.9921534323677716
2019-04-02,Stable,0.9913255502110677
2019-04-03,Stable,0.9912362346375949
2019-04-04,Stable,0.9889249857134341
2019-04-05,Stable,0.9840033950865391
2019-04-08,Stable,0.977994010779912
2019-04-09,Stable,0.9681490177900772
2019-04-10,Stable,0.9440770979880362
2019-04-11,Stable,0.9630069956456034
2019-04-12,Stable,0.9745940868785613
2019-04-15,Stable,0.9774481602379337
2019-04-16,Stable,0.979498085022658
2019-04-18,Stable,0.977526566188731
2019-04-22,Stable,0.9701037508467013
2019-04-23,Stable,0.9640715909339428
2019-04-24,Stable,0.9578489952338907
2019-04-25,Stable,0.9596447734552983
2019-04-26,Stable,0.955420741736529
2019-04-30,Stable,0.9422824333609742
2019-05-02,Stable,0.9396883419890023
2019-05-03,Stable,0.9494615521923757
2019-05-06,Stable,0.9469399261520064
2019-05-07,Stable,0.9627151832404189
2019-05-08,Stable,0.9667242160612866
2019-05-09,Stable,0.9649800323178344
2019-05-10,Stable,0.9577357043120504
2019-05-13,Stable,0.9351069021435398
2019-05-14,Stable,0.8874493615179063
2019-05-15,Stable,0.7796236239177392
2019-05-16,Stable,0.5406723066350053
2019-05-17,Transitional,0.8109100104612158
2019-05-20,Transitional,0.9226065862205046
2019-05-21,Transitional,0.9081287098027011
2019-05-22,Transitional,0.9018763742141903
2019-05-23,Transitional,0.9269133421127292
2019-05-24,Transitional,0.7637780308481273
2019-05-27,Transitional,0.517277624818819
2019-05-28,Stable,0.7371842973534607
2019-05-29,Stable,0.8543667077956868
2019-05-30,Stable,0.9053112007079342
2019-05-31,Stable,0.9363578614937251
2019-06-03,Stable,0.9512208866317514
2019-06-04,Stable,0.9673398859581334
2019-06-06,Stable,0.9720923225245627
2019-06-07,Stable,0.9802536739739391
2019-06-10,Stable,0.986975790668257
2019-06-11,Stable,0.9897680685732353
2019-06-12,Stable,0.9898411800071085
2019-06-13,Stable,0.9913668362138179
2019-06-14,Stable,0.9925541936619037
2019-06-17,Stable,0.9930352344951795
2019-06-18,Stable,0.9937002697102701
2019-06-19,Stable,0.9936607826031297
2019-06-20,Stable,0.9931840766245932
2019-06-21,Stable,0.9922835487411934
2019-06-24,Stable,0.9910283943275346
2019-06-25,Stable,0.9871826602834745
2019-06-26,Stable,0.9791121206616771
2019-06-27,Stable,0.980337809118861
2019-06-28,Stable,0.9755561059792228
2019-07-01,Stable,0.9674104298018108
2019-07-02,Stable,0.9717237351095773
2019-07-03,Stable,0.9676728426978934
2019-07-04,Stable,0.9527102144353792
2019-07-05,Stable,0.9179255907992299
2019-07-08,Stable,0.8487950768238886
2019-07-09,Stable,0.8862528536565896
2019-07-10,Stable,0.92664756848389
2019-07-11,Stable,0.9424806617083766
2019-07-12,Stable,0.9472233268853496
2019-07-15,Stable,0.9416435610768046
2019-07-16,Stable,0.9175894886170669
2019-07-17,Stable,0.8603269548040177
2019-07-18,Stable,0.732546881269477
2019-07-19,Stable,0.5184673153824055
2019-07-22,Stable,0.7123994918263888
2019-07-23,Stable,0.5476763027372378
2019-07-24,Stable,0.6589112323398583
2019-07-25,Stable,0.7719849191528168
2019-07-26,Stable,0.8183720191494707
2019-07-29,Stable,0.83182759796745
2019-07-30,Stable,0.8580186158250297
2019-07-31,Stable,0.8570145195559715
2019-08-01,Stable,0.8267675853541163
2019-08-02,Stable,0.7895525704043806
2019-08-05,Stable,0.7011653652730583
2019-08-06,Stable,0.6472848294081979
2019-08-07,Stable,0.5203392195620297
2019-08-08,Transitional,0.7541736403233635
2019-08-09,Transitional,0.8347061058047472
2019-08-13,Transitional,0.8530005256353983
2019-08-14,Transitional,0.7209449134327347
2019-08-16,Transitional,0.6673067784675194
2019-08-19,Transitional,0.6627695556355758
2019-08-20,Transitional,0.679454526903064
2019-08-21,Transitional,0.7416196192562414
2019-08-22,Transitional,0.8957256647581239
2019-08-23,Transitional,0.9208727615697972
2019-08-26,Transitional,0.9834203672942874
2019-08-27,Stable,0.5213337301922362
2019-08-28,Stable,0.6876269028912451
2019-08-29,Stable,0.7981448975156723
2019-08-30,Stable,0.8736994115637731
2019-09-03,Stable,0.9040724220457612
2019-09-04,Stable,0.919616009016461
2019-09-05,Stable,0.9506303493627322
2019-09-06,Stable,0.9665120557966943
2019-09-09,Stable,0.9716870947863282
2019-09-11,Stable,0.9677255427956719
2019-09-12,Stable,0.9517576445639859
2019-09-13,Stable,0.923906480485436
2019-09-16,Stable,0.8692029558322844
2019-09-17,Stable,0.7576725911284371
2019-09-18,Stable,0.6605381128760175
2019-09-19,Stable,0.49911030416541674
2019-09-20,Volatile,0.9871123008236494
2019-09-23,Volatile,0.8803394047260215
2019-09-24,Transitional,0.6128152532167055
2019-09-25,Transitional,0.780358539640198
2019-09-26,Transitional,0.840025496869803
2019-09-27,Transitional,0.8728736889724581
2019-09-30,Transitional,0.9127725480892075
2019-10-01,Transitional,0.9478330027046851
2019-10-03,Transitional,0.9733108516028868
2019-10-04,Transitional,0.9838534239958595
2019-10-07,Transitional,0.9788755926585376
2019-10-09,Transitional,0.9862216280314706
2019-10-10,Transitional,0.8956628621836503
2019-10-11,Stable,0.5155304460733149
2019-10-14,Stable,0.7053116639111437
2019-10-15,Stable,0.7939421775723761
2019-10-16,Stable,0.8988830575587287
2019-10-17,Stable,0.9469713083082307
2019-10-18,Stable,0.9681200607951286
2019-10-22,Stable,0.9796586008309626
2019-10-23,Stable,0.9870940942473985
2019-10-24,Stable,0.9897745980369211
2019-10-25,Stable,0.9907270632468715
2019-10-27,Stable,0.9911365280395708
2019-10-29,Stable,0.9910543299238765
2019-10-30,Stable,0.9890007156472181
2019-10-31,Stable,0.9840908419478683
2019-11-01,Stable,0.9877159607033323
2019-11-04,Stable,0.9900412782628344
2019-11-05,Stable,0.9900128102376454
2019-11-06,Stable,0.987126304683474
2019-11-07,Stable,0.9894089107815984
2019-11-08,Stable,0.9896940938786347
2019-11-11,Stable,0.9895284978958663
2019-11-13,Stable,0.9884039628096545
2019-11-14,Stable,0.9858235729945832
2019-11-15,Stable,0.9871751284063401
2019-11-18,Stable,0.9847306720303034
2019-11-19,Stable,0.9874861574977868
2019-11-20,Stable,0.9889060120407763
2019-11-21,Stable,0.986947567501768
2019-11-22,Stable,0.983467917459692
2019-11-25,Stable,0.9887007409750276
2019-11-26,Stable,0.9910468171693649
2019-11-27,Stable,0.9912047143095051
2019-11-28,Stable,0.9891753396581027
2019-11-29,Stable,0.9899914414401747
2019-12-02,Stable,0.9902378027198063
2019-12-03,Stable,0.9907967449653939
2019-12-04,Stable,0.9925690762923337
2019-12-05,Stable,0.9932732146763649
2019-12-06,Stable,0.9940011837520105
2019-12-09,Stable,0.993910386770858
2019-12-10,Stable,0.9933552551556153
2019-12-11,Stable,0.9924146361011917
2019-12-12,Stable,0.9897326671603891
2019-12-13,Stable,0.9901010686887155
2019-12-16,Stable,0.9876035510831769
2019-12-17,Stable,0.9827856635533966
2019-12-18,Stable,0.9785612451971112
2019-12-19,Stable,0.9848427420120429
2019-12-20,Stable,0.9864979218179972
2019-12-23,Stable,0.9854325209613634
2019-12-24,Stable,0.9801201358653362
2019-12-26,Stable,0.9761012721138852
2019-12-27,Stable,0.981251991123099
2019-12-30,Stable,0.9805557988663466
2019-12-31,Stable,0.9747558413523106
2020-01-01,Stable,0.9656981050501141
2020-01-02,Stable,0.9444147277421517
2020-01-03,Stable,0.9021911961913816
2020-01-06,Stable,0.8726370900538575
2020-01-07,Stable,0.9004054315216354
2020-01-08,Stable,0.940967078289882
2020-01-09,Stable,0.9583721240598342
2020-01-10,Stable,0.9724351701161856
2020-01-13,Stable,0.9812956206975482
2020-01-14,Stable,0.9834419487405364
2020-01-15,Stable,0.9802968746665458
2020-01-16,Stable,0.9714787435263367
2020-01-17,Stable,0.9500000855432073
2020-01-20,Stable,0.9152153227425766
2020-01-21,Stable,0.9119171584493919
2020-01-22,Stable,0.8993771111826045
2020-01-23,Stable,0.8606914835451343
2020-01-24,Stable,0.7705563809416338
2020-01-27,Stable,0.5678199210307123
2020-01-28,Stable,0.5697776334375736
2020-01-29,Stable,0.5405807903900931
2020-01-30,Stable,0.5155603168019124
2020-01-31,Stable,0.618568027609046
2020-02-03,Stable,0.8585139060564971
2020-02-04,Stable,0.863267034925563
2020-02-05,Stable,0.5237686904071559
2020-02-06,Stable,0.7397690516546196
2020-02-07,Stable,0.8702699379086914
2020-02-10,Stable,0.9287583652901755
2020-02-11,Stable,0.9543939760839419
2020-02-12,Stable,0.9628824987897759
2020-02-13,Stable,0.9631449367318181
2020-02-14,Stable,0.95636102496818
2020-02-17,Stable,0.9705603932838761
2020-02-18,Stable,0.974478785963618
2020-02-19,Stable,0.9712674851948897
2020-02-20,Stable,0.9681084865166105
2020-02-24,Stable,0.961606029101629
2020-02-25,Stable,0.9461607544045981
2020-02-26,Stable,0.9210693678683798
2020-02-27,Stable,0.8615479800378607
2020-02-28,Stable,0.7265263654235741
2020-03-02,Stable,0.6691132101761929
2020-03-03,Stable,0.5241854298474462
2020-03-04,Transitional,0.7267272528739573
2020-03-05,Transitional,0.7043827506332951
2020-03-06,Transitional,0.6767038209218171
2020-03-09,Transitional,0.5726288341839749
2020-03-11,Transitional,0.5584007749342029
2020-03-12,Volatile,0.9995230860550068
2020-03-13,Volatile,0.9997440711985329
2020-03-16,Volatile,0.9999573305712675
2020-03-17,Volatile,0.998968286796804
2020-03-18,Volatile,0.9999997504365039
2020-03-19,Volatile,0.9964252999838347
2020-03-20,Volatile,0.9960766822893425
2020-03-23,Volatile,0.9999999993724487
2020-03-24,Volatile,0.9980560332000009
2020-03-25,Volatile,0.9999999970223143
2020-03-26,Volatile,0.999640304083279
2020-03-27,Volatile,0.9977548277793743
2020-03-30,Volatile,0.999989197032991
2020-03-31,Volatile,0.9989399911181449
2020-04-01,Volatile,0.9983734372232484
2020-04-03,Volatile,0.997690984039694
2020-04-07,Volatile,0.9999987610761708
2020-04-08,Volatile,0.9890576006133753
2020-04-09,Volatile,0.9867606342835071
2020-04-13,Volatile,0.977961222638777
2020-04-15,Volatile,0.9666670074037252
2020-04-16,Volatile,0.9457017524891795
2020-04-17,Volatile,0.9359331496587867
2020-04-20,Volatile,0.9188738018599133
2020-04-21,Volatile,0.8814820434574931
2020-04-22,Volatile,0.8523564509388426
2020-04-23,Volatile,0.8465141445984625
2020-04-24,Volatile,0.841855735849087
2020-04-27,Volatile,0.8494293454849762
2020-04-28,Volatile,0.8803996090488135
2020-04-29,Volatile,0.9676339318366727
2020-04-30,Volatile,0.9802273709816443
2020-05-04,Volatile,0.9974952651602988
2020-05-05,Volatile,0.9452007268055892
2020-05-06,Volatile,0.92119667330986
2020-05-07,Volatile,0.8693843795984544
2020-05-08,Volatile,0.8330687471962737
2020-05-11,Volatile,0.8244230063594663
2020-05-12,Volatile,0.8312927455827762
2020-05-13,Volatile,0.8551466301417397
2020-05-14,Volatile,0.8782909012351208
2020-05-15,Volatile,0.8864758675964827
2020-05-18,Volatile,0.9186851920169213
2020-05-19,Volatile,0.8861472775738464
2020-05-20,Volatile,0.8771083635519688
2020-05-21,Volatile,0.8642703785208032
2020-05-22,Volatile,0.8709173489349601
2020-05-26,Volatile,0.8829306031930056
2020-05-27,Volatile,0.9130934924385368
2020-05-28,Volatile,0.8682775898125215
2020-05-29,Transitional,0.6708516779894081
2020-06-01,Transitional,0.5866041911330148
2020-06-02,Transitional,0.582802534586462
2020-06-03,Transitional,0.6686683197496894
2020-06-04,Transitional,0.7259153766392283
2020-06-05,Transitional,0.7633299096222548
2020-06-08,Transitional,0.8095101100073225
2020-06-09,Transitional,0.8362828904822266
2020-06-10,Transitional,0.8571847468207968
2020-06-11,Transitional,0.86902391702427
2020-06-12,Transitional,0.8712789641775115
2020-06-15,Transitional,0.8675467052094002
2020-06-16,Transitional,0.8693055360282981
2020-06-17,Transitional,0.897669880336372
2020-06-18,Transitional,0.9138899831366107
2020-06-19,Transitional,0.9017661531512654
2020-06-22,Transitional,0.8767619708913812
2020-06-23,Transitional,0.8730905971896726
2020-06-24,Transitional,0.8747037167937537
2020-06-25,Transitional,0.8915726495725684
2020-06-26,Transitional,0.9456719160436344
2020-06-29,Transitional,0.9375264009419749
2020-06-30,Transitional,0.918326744469852
2020-07-01,Transitional,0.9150510436998398
2020-07-02,Transitional,0.9044372818930806
2020-07-03,Transitional,0.9228919176361853
2020-07-06,Transitional,0.9414380022933266
2020-07-07,Transitional,0.8997013258213199
2020-07-08,Transitional,0.8944747224757482
2020-07-09,Transitional,0.9199383149801271
2020-07-10,Transitional,0.9568117679226017
2020-07-13,Transitional,0.9768869237249443
2020-07-14,Transitional,0.9759787468135601
2020-07-15,Transitional,0.9640061750931221
2020-07-16,Transitional,0.9693862026726592
2020-07-17,Transitional,0.9907042526434833
2020-07-20,Transitional,0.9897441039413245
2020-07-21,Transitional,0.941966199167892
2020-07-22,Transitional,0.9270888945302171
2020-07-23,Transitional,0.9238436063154425
2020-07-24,Transitional,0.948638181857994
2020-07-27,Transitional,0.9903223005396645
2020-07-28,Transitional,0.9816740688485309
2020-07-29,Transitional,0.9854177064295689
2020-07-30,Transitional,0.9835555054708273
2020-07-31,Transitional,0.9861356894070672
2020-08-03,Transitional,0.9882831404969539
2020-08-04,Transitional,0.9876140642083262
2020-08-05,Transitional,0.8709753441152275
2020-08-06,Transitional,0.7461261621844588
2020-08-07,Transitional,0.6452037043303956
2020-08-10,Transitional,0.6106841275952717
2020-08-11,Transitional,0.6146543512493675
2020-08-12,Transitional,0.615422981974168
2020-08-13,Transitional,0.6616679445280218
2020-08-14,Transitional,0.7729444133584179
2020-08-17,Transitional,0.7752068726804605
2020-08-18,Transitional,0.8206256361241256
2020-08-19,Transitional,0.8092751064392191
2020-08-20,Transitional,0.8219860646208292
2020-08-21,Transitional,0.8654301597675517
2020-08-24,Transitional,0.8407127602501693
2020-08-25,Stable,0.5976324209978092
2020-08-26,Stable,0.7977805998677666
2020-08-27,Stable,0.8885862667581508
2020-08-28,Stable,0.9371779067001446
2020-08-31,Stable,0.9575807181284658
2020-09-01,Stable,0.9630194933968443
2020-09-02,Stable,0.9653436062671888
2020-09-03,Stable,0.9594229952450859
2020-09-04,Stable,0.9404841138158698
2020-09-07,Stable,0.9175785827800432
2020-09-08,Stable,0.8792203318270295
2020-09-09,Stable,0.789349960453178
2020-09-10,Stable,0.7183945854942693
2020-09-11,Stable,0.5781681376667978
2020-09-14,Transitional,0.5954152001663924
2020-09-15,Transitional,0.6611319838314385
2020-09-16,Transitional,0.7544554989656249
2020-09-17,Transitional,0.7763696582527879
2020-09-18,Transitional,0.822709097092305
2020-09-21,Transitional,0.7845020049429041
2020-09-22,Transitional,0.775269930479079
2020-09-23,Transitional,0.7678707335221097
2020-09-24,Transitional,0.7784374531417815
2020-09-25,Transitional,0.7739690642085043
2020-09-28,Transitional,0.7795034800705987
2020-09-29,Transitional,0.8108398387747293
2020-09-30,Transitional,0.8846405959478721
2020-10-01,Transitional,0.956932304953846
2020-10-05,Transitional,0.9609534713402016
2020-10-06,Transitional,0.9850585682615635
2020-10-07,Transitional,0.985300910928043
2020-10-08,Transitional,0.9885379759739457
2020-10-09,Transitional,0.9884728694806166
2020-10-12,Transitional,0.9843302509441846
2020-10-13,Transitional,0.9799116638618501
2020-10-14,Transitional,0.9805244974878011
2020-10-15,Transitional,0.9901182450446587
2020-10-16,Transitional,0.9872899058006808
2020-10-19,Transitional,0.961010681479378
2020-10-20,Transitional,0.9582726321229018
2020-10-21,Transitional,0.9542096044530906
2020-10-22,Transitional,0.9426997129490207
2020-10-23,Transitional,0.9424782158702347
2020-10-26,Transitional,0.9700747624493684
2020-10-27,Transitional,0.9777947080050311
2020-10-28,Transitional,0.9830687758942465
2020-10-29,Transitional,0.9829885993363591
2020-10-30,Transitional,0.9787911493518849
2020-11-02,Transitional,0.9903349763095455
2020-11-03,Transitional,0.9897382681181369
2020-11-04,Transitional,0.9759534796562959
2020-11-05,Transitional,0.9760278436984725
2020-11-06,Transitional,0.9874337487358312
2020-11-09,Transitional,0.9864598513293993
2020-11-10,Transitional,0.9860207047899311
2020-11-11,Transitional,0.9521937073447039
2020-11-12,Transitional,0.9443039632221056
2020-11-13,Transitional,0.9401689999323554
2020-11-14,Transitional,0.9497892836184328
2020-11-17,Transitional,0.9819637198395917
2020-11-18,Transitional,0.9771568951663427
2020-11-19,Transitional,0.9894107573472714
2020-11-20,Transitional,0.9886776256915564
2020-11-23,Transitional,0.9848004567617551
2020-11-24,Transitional,0.9920782196091116
2020-11-25,Transitional,0.9876186284224895
2020-11-26,Transitional,0.9521850158382721
2020-11-27,Transitional,0.9067787972265733
2020-12-01,Transitional,0.8860024848926478
2020-12-02,Transitional,0.892854181918911
2020-12-03,Transitional,0.8786211833163166
2020-12-04,Transitional,0.8003775220764195
2020-12-07,Transitional,0.7717035204326463
2020-12-08,Transitional,0.7633493247820141
2020-12-09,Transitional,0.7965369566023042
2020-12-10,Transitional,0.7775053037562509
2020-12-11,Transitional,0.747532002744143
2020-12-14,Transitional,0.7584088634522754
2020-12-15,Transitional,0.7990589334398873
2020-12-16,Transitional,0.847306123808203
2020-12-17,Transitional,0.9038837681985704
2020-12-18,Transitional,0.9151846459048032
2020-12-21,Transitional,0.8918415578850203
2020-12-22,Stable,0.5013239159566825
2020-12-23,Stable,0.6728110914481005
2020-12-24,Stable,0.747540313464788
2020-12-28,Stable,0.8379376055738055
2020-12-29,Stable,0.9038489798768008
2020-12-30,Stable,0.9480819635745047
2020-12-31,Stable,0.9679479573362405
2021-01-01,Stable,0.9750975344530288
2021-01-04,Stable,0.9793180947979496
2021-01-05,Stable,0.9800962597871617
2021-01-06,Stable,0.97739845790378
2021-01-07,Stable,0.9684911593631681
2021-01-08,Stable,0.9474948609883808
2021-01-11,Stable,0.9194753055790933
2021-01-12,Stable,0.893677649191929
2021-01-13,Stable,0.9026227377457925
2021-01-14,Stable,0.8984794201308637
2021-01-15,Stable,0.8698801666541368
2021-01-18,Stable,0.7983270090524766
2021-01-19,Stable,0.697560417612723
2021-01-20,Stable,0.5909087482872143
2021-01-21,Stable,0.5434274816431756
2021-01-22,Transitional,0.6932801779326687
2021-01-25,Transitional,0.6790823649179425
2021-01-27,Transitional,0.5979330566589406
2021-01-28,Transitional,0.5273392456990024
2021-01-29,Transitional,0.5445389929122875
2021-02-01,Transitional,0.6925028561354901
2021-02-02,Transitional,0.6618748218197922
2021-02-03,Transitional,0.6670355364475948
2021-02-04,Transitional,0.7041958096763091
2021-02-05,Transitional,0.7010919022509183
2021-02-08,Transitional,0.6834061310447794
2021-02-09,Transitional,0.6913940449588729
2021-02-10,Transitional,0.7359216161115288
2021-02-11,Transitional,0.7395053428316857
2021-02-12,Transitional,0.7756987037487055
2021-02-15,Transitional,0.8654385257332984
2021-02-16,Transitional,0.8894931478935233
2021-02-17,Transitional,0.953692290323459
2021-02-18,Transitional,0.9546603336920093
2021-02-19,Transitional,0.9361045651238993
2021-02-22,Transitional,0.9286321810199394
2021-02-23,Transitional,0.9381084747589019
2021-02-24,Transitional,0.9428706430669614
2021-02-25,Transitional,0.9451956180991702
2021-02-26,Transitional,0.9503961475842195
2021-03-01,Transitional,0.9470553047060595
2021-03-02,Transitional,0.9318379409770666
2021-03-03,Transitional,0.9343019319557359
2021-03-04,Transitional,0.9463228368475138
2021-03-05,Transitional,0.928322410342791
2021-03-08,Transitional,0.9095165028480989
2021-03-09,Transitional,0.9128440169907232
2021-03-10,Transitional,0.7784570217191955
2021-03-12,Transitional,0.7185367954210329
2021-03-15,Transitional,0.7071279613555529
2021-03-16,Transitional,0.6848519918669226
2021-03-17,Transitional,0.677289257525315
2021-03-18,Transitional,0.6823386401624847
2021-03-19,Transitional,0.7330370913668841
2021-03-22,Transitional,0.8585971484836418
2021-03-23,Transitional,0.910422694819256
2021-03-24,Transitional,0.9246527046228761
2021-03-25,Transitional,0.9374873214000912
2021-03-26,Transitional,0.9602940045770298
2021-03-30,Transitional,0.9667751507119825
2021-03-31,Transitional,0.9686270891123068
2021-04-01,Transitional,0.9627126856953135
2021-04-05,Transitional,0.966496457883924
2021-04-06,Transitional,0.9217167810894439
2021-04-07,Transitional,0.9042225196317446
2021-04-08,Transitional,0.9137632109335594
2021-04-09,Transitional,0.937942935871481
2021-04-12,Transitional,0.9876517073869164
2021-04-13,Transitional,0.9871981288250276
2021-04-15,Transitional,0.9774665455762511
2021-04-16,Transitional,0.9488077390331184
2021-04-19,Transitional,0.9467338807885144
2021-04-20,Transitional,0.9538876447272134
2021-04-22,Transitional,0.9609281819419132
2021-04-23,Transitional,0.9485440616010821
2021-04-26,Transitional,0.9558205678197382
2021-04-27,Transitional,0.9839061080838537
2021-04-28,Transitional,0.9890801782544967
2021-04-29,Transitional,0.9837582175170541
2021-04-30,Transitional,0.9906843442290288
2021-05-03,Transitional,0.8409842079234886
2021-05-04,Transitional,0.779795240195935
2021-05-05,Transitional,0.6395013532044801
2021-05-06,Transitional,0.5517990068700492
2021-05-07,Transitional,0.5254361992048793
2021-05-10,Transitional,0.5248263351251481
2021-05-11,Transitional,0.5705058536855677
2021-05-12,Transitional,0.629139571085771
2021-05-14,Transitional,0.7694028071910403
2021-05-17,Transitional,0.9799776517317016
2021-05-18,Transitional,0.9823921841255632
2021-05-19,Transitional,0.9809163509046057
2021-05-20,Transitional,0.9829921889128947
2021-05-21,Transitional,0.9847977719707025
2021-05-24,Transitional,0.8064183382677502
2021-05-25,Transitional,0.7057606475471023
2021-05-26,Stable,0.6203973999287757
2021-05-27,Stable,0.7700614745704116
2021-05-28,Stable,0.8373792988293488
2021-05-31,Stable,0.904787731098284
2021-06-01,Stable,0.9432038069067457
2021-06-02,Stable,0.9596299490730217
2021-06-03,Stable,0.9657036978492751
2021-06-04,Stable,0.9701978628796427
2021-06-07,Stable,0.9804015074604068
2021-06-08,Stable,0.9832829775044901
2021-06-09,Stable,0.9893554826617652
2021-06-10,Stable,0.9920504152267572
2021-06-11,Stable,0.9927502767137119
2021-06-14,Stable,0.9922601161291444
2021-06-15,Stable,0.9912458059686805
2021-06-16,Stable,0.9898746288596508
2021-06-17,Stable,0.9864339223981539
2021-06-18,Stable,0.9883458830902913
2021-06-21,Stable,0.9904594321359566
2021-06-22,Stable,0.9911802346132134
2021-06-23,Stable,0.990339637691034
2021-06-24,Stable,0.9866050209391095
2021-06-25,Stable,0.9881997506643572
2021-06-28,Stable,0.9875188399066767
2021-06-29,Stable,0.9842867231042279
2021-06-30,Stable,0.9749010147488713
2021-07-01,Stable,0.9545883884303951
2021-07-02,Stable,0.9222333533493554
2021-07-05,Stable,0.8567619417858938
2021-07-06,Stable,0.757921349315212
2021-07-07,Stable,0.7832280582973917
2021-07-08,Stable,0.7753371872704028
2021-07-09,Stable,0.7677391650490633
2021-07-12,Stable,0.7590368551429388
2021-07-13,Stable,0.7382008821677085
2021-07-14,Stable,0.6948245032108712
2021-07-15,Stable,0.585107555692129
2021-07-16,Stable,0.5236744402753873
2021-07-19,Stable,0.7770820390801241
2021-07-20,Stable,0.6478871965509836
2021-07-22,Stable,0.6615505216232294
2021-07-23,Stable,0.8066093176330565
2021-07-26,Stable,0.8774527629977117
2021-07-27,Stable,0.9136892299142094
2021-07-28,Stable,0.9252779959782035
2021-07-29,Stable,0.9540012834805236
2021-07-30,Stable,0.9643890765726
2021-08-02,Stable,0.9656085827898824
2021-08-03,Stable,0.9569655914708785
2021-08-04,Stable,0.9398619598447494
2021-08-05,Stable,0.9554925293571723
2021-08-06,Stable,0.9732296172965528
2021-08-09,Stable,0.9812370343643816
2021-08-10,Stable,0.9854019964399181
2021-08-11,Stable,0.9848563350348164
2021-08-12,Stable,0.9843652747164428
2021-08-13,Stable,0.9792857029297001
2021-08-16,Stable,0.9842092771533093
2021-08-17,Stable,0.9840325845693576
2021-08-18,Stable,0.986168342995483
2021-08-20,Stable,0.9839944472775909
2021-08-23,Stable,0.9758595448292414
2021-08-24,Stable,0.9600116556240256
2021-08-25,Stable,0.9774418452472464
2021-08-26,Stable,0.9847551914884596
2021-08-27,Stable,0.9868530568866614
2021-08-30,Stable,0.9860424747274342
2021-08-31,Stable,0.9888899637101864
2021-09-01,Stable,0.9912232304576749
2021-09-02,Stable,0.9914233943760828
2021-09-03,Stable,0.9908070110727868
2021-09-06,Stable,0.9914118632515115
2021-09-07,Stable,0.9922463198581551
2021-09-08,Stable,0.991385285403672
2021-09-09,Stable,0.98886960848037
2021-09-13,Stable,0.9843567078887139
2021-09-14,Stable,0.9793477896098481
2021-09-15,Stable,0.9682142788724847
2021-09-16,Stable,0.9421539550535228
2021-09-17,Stable,0.8983560507809565
2021-09-20,Stable,0.8579321988059736
2021-09-21,Stable,0.8290541309695623
2021-09-22,Stable,0.7637788622095694
2021-09-23,Stable,0.6906304884169921
2021-09-24,Stable,0.7063420588629701
2021-09-27,Stable,0.7760884964450259
2021-09-28,Stable,0.8514662723717005
2021-09-29,Stable,0.8908287421161359
2021-09-30,Stable,0.9360987878174611
2021-10-01,Stable,0.9542753502191353
2021-10-04,Stable,0.9646500102338136
2021-10-05,Stable,0.9638220162167321
2021-10-06,Stable,0.954123916327947
2021-10-07,Stable,0.9439248846506463
2021-10-08,Stable,0.9154905306135502
2021-10-11,Stable,0.8579336765886088
2021-10-12,Stable,0.8408929068476692
2021-10-13,Stable,0.7883263764076609
2021-10-14,Stable,0.6776511900889293
2021-10-18,Stable,0.7515551950612752
2021-10-19,Stable,0.8054108988447595
2021-10-20,Stable,0.8411684596004854
2021-10-21,Stable,0.8610468637094567
2021-10-22,Stable,0.8537575387301509
2021-10-25,Stable,0.8151509538476539
2021-10-26,Stable,0.7880982546886742
2021-10-27,Stable,0.7147678188623281
2021-10-28,Stable,0.5751107629831734
2021-10-29,Stable,0.6946908110828549
2021-11-01,Stable,0.759412657419382
2021-11-02,Stable,0.8245864263907478
2021-11-03,Stable,0.8463430345512406
2021-11-04,Stable,0.8908007956638103
2021-11-08,Stable,0.9125721544099129
2021-11-09,Stable,0.9139383746141759
2021-11-10,Stable,0.9416651232447177
2021-11-11,Stable,0.9664617090431566
2021-11-12,Stable,0.9787281696940267
2021-11-15,Stable,0.9829133392750602
2021-11-16,Stable,0.9815861259301439
2021-11-17,Stable,0.9769285052167889
2021-11-18,Stable,0.9748255820042361
2021-11-22,Stable,0.9657557165287591
2021-11-23,Stable,0.969439369369917
2021-11-24,Stable,0.9633884830545034
2021-11-25,Stable,0.9436013653892542
2021-11-26,Stable,0.9011843185750416
2021-11-29,Stable,0.9286297465832365
2021-11-30,Stable,0.9407324263633082
2021-12-01,Stable,0.9406227136986902
2021-12-02,Stable,0.9294713278555456
2021-12-03,Stable,0.9220964748605674
2021-12-06,Stable,0.9047125277232458
2021-12-07,Stable,0.868080263886976
2021-12-08,Stable,0.8364636623779745
2021-12-09,Stable,0.8324860802559937
2021-12-10,Stable,0.8582222604792216
2021-12-13,Stable,0.8577243470706106
2021-12-14,Stable,0.8413065777333643
2021-12-15,Stable,0.7981875554378082
2021-12-16,Stable,0.6946381313317768
2021-12-17,Stable,0.5379360116293687
2021-12-20,Stable,0.6509604637939903
2021-12-21,Stable,0.5961225026167678
2021-12-22,Stable,0.7763988780762503
2021-12-23,Stable,0.8567399570550087
2021-12-24,Stable,0.8892318213297405
2021-12-27,Stable,0.8975544534361606
2021-12-28,Stable,0.8917780239331742
2021-12-29,Stable,0.8665896242531234
2021-12-30,Stable,0.8091396306542907
2021-12-31,Stable,0.6869078420879425
2022-01-03,Stable,0.5319083479012624
2022-01-04,Stable,0.5549161577849049
2022-01-05,Stable,0.5399175557016183
2022-01-06,Stable,0.6207055866739246
2022-01-07,Stable,0.7489804197299463
2022-01-10,Stable,0.8141663208871694
2022-01-11,Stable,0.840007111502475
2022-01-12,Stable,0.8380246347522263
2022-01-13,Stable,0.8138237867016028
2022-01-14,Stable,0.8272469545409711
2022-01-17,Stable,0.8304123763188295
2022-01-18,Stable,0.8504950982520447
2022-01-19,Stable,0.8454920425052052
2022-01-20,Stable,0.8216976481368425
2022-01-21,Stable,0.7682764765625263
2022-01-24,Stable,0.6697516651412464
2022-01-25,Stable,0.681211947061214
2022-01-27,Stable,0.6521336763126903
2022-01-28,Stable,0.597389621785673
2022-01-31,Stable,0.4997658620719289
2022-02-01,Stable,0.585246794453348
2022-02-02,Transitional,0.7526442600445308
2022-02-03,Transitional,0.7922628135699329
2022-02-04,Transitional,0.8529747385210078
2022-02-07,Transitional,0.9868615534362545
2022-02-08,Transitional,0.9807842450267467
2022-02-09,Transitional,0.9869224466675539
2022-02-10,Transitional,0.9838008413763468
2022-02-11,Transitional,0.9798850919992554
2022-02-14,Transitional,0.9902015771957726
2022-02-15,Transitional,0.9786722349368977
2022-02-16,Transitional,0.7727797343992175
2022-02-17,Transitional,0.6835966549132702
2022-02-18,Transitional,0.6440032527438077
2022-02-21,Transitional,0.6472298382590802
2022-02-22,Transitional,0.6875610409380433
2022-02-23,Transitional,0.7632367336990813
2022-02-24,Transitional,0.8895569529323029
2022-02-25,Transitional,0.9088850100913997
2022-02-28,Transitional,0.9259503919403631
2022-03-02,Transitional,0.9380006599956078
2022-03-03,Transitional,0.9452775200929219
2022-03-04,Transitional,0.9551844810326261
2022-03-07,Transitional,0.976049662975172
2022-03-08,Transitional,0.9755704732863443
2022-03-09,Transitional,0.9843847233398706
2022-03-10,Transitional,0.9795908800844084
2022-03-11,Transitional,0.9763531296616077
2022-03-14,Transitional,0.9877937046832005
2022-03-15,Transitional,0.9657044854795668
2022-03-16,Transitional,0.9482397532090836
2022-03-17,Transitional,0.9260788324738624
2022-03-21,Transitional,0.8490996996369089
2022-03-22,Transitional,0.8224566510191711
2022-03-23,Transitional,0.8295355367610245
2022-03-24,Transitional,0.8519731816429701
2022-03-25,Transitional,0.7900551082651809
2022-03-28,Transitional,0.7524246043989403
2022-03-29,Transitional,0.737066030803872
2022-03-30,Transitional,0.6985208341461582
2022-03-31,Transitional,0.5975181166801665
2022-04-01,Transitional,0.6166589582856141
2022-04-04,Volatile,0.9981910552868725
2022-04-05,Volatile,0.8768934529732664
2022-04-06,Volatile,0.7417102679137456
2022-04-07,Transitional,0.5003189473880968
2022-04-08,Transitional,0.6499468817249413
2022-04-11,Transitional,0.7132356490491678
2022-04-12,Transitional,0.7434794000066204
2022-04-13,Transitional,0.7655938821563864
2022-04-18,Transitional,0.7694655740880936
2022-04-19,Transitional,0.8234088606607114
2022-04-20,Transitional,0.7791594836438468
2022-04-21,Transitional,0.7224280576214142
2022-04-22,Transitional,0.6359538762245109
2022-04-25,Transitional,0.5275982767118752
2022-04-26,Transitional,0.5231984115953604
2022-04-27,Transitional,0.5328423285432946
2022-04-28,Transitional,0.5019864074816142
2022-04-29,Transitional,0.6065782065235668
2022-05-02,Transitional,0.77942197348299
2022-05-04,Transitional,0.9695515229827624
2022-05-05,Transitional,0.952806062791581
2022-05-06,Transitional,0.957672106640796
2022-05-09,Transitional,0.8914330228017417
2022-05-10,Transitional,0.8718630687676541
2022-05-11,Transitional,0.8486356492198506
2022-05-12,Transitional,0.8577783215264148
2022-05-13,Transitional,0.8024817565812481
2022-05-16,Transitional,0.7745524724249351
2022-05-17,Transitional,0.7689069362666141
2022-05-18,Transitional,0.7977022374998692
2022-05-19,Transitional,0.8870823389968342
2022-05-20,Transitional,0.9119667119277748
2022-05-23,Transitional,0.8711974699332324
2022-05-24,Transitional,0.8354337702846977
2022-05-25,Transitional,0.8187990371181005
2022-05-26,Transitional,0.8320678156578623
2022-05-27,Transitional,0.6722329624609901
2022-05-30,Stable,0.6033373554340578
2022-05-31,Stable,0.7472209101460909
2022-06-01,Stable,0.8439657124240135
2022-06-02,Stable,0.8868874230085548
2022-06-03,Stable,0.908882640435203
2022-06-06,Stable,0.9110310823352251
2022-06-07,Stable,0.8923724407991822
2022-06-08,Stable,0.8722631395343506
2022-06-09,Stable,0.8169588393685224
2022-06-10,Stable,0.7121781432740765
2022-06-13,Stable,0.6834147282781976
2022-06-14,Stable,0.6949913623325079
2022-06-15,Stable,0.6980933585827008
2022-06-16,Stable,0.6646837310555721
2022-06-17,Stable,0.6896137658968797
2022-06-20,Stable,0.6823398836277734
2022-06-21,Stable,0.8044421830646086
2022-06-22,Stable,0.890110163769017
2022-06-23,Stable,0.9331508231314027
2022-06-24,Stable,0.9508777202407269
2022-06-27,Stable,0.9723997993035016
2022-06-28,Stable,0.9812172268295805
2022-06-29,Stable,0.9876165479101482
2022-06-30,Stable,0.9898567653371075
2022-07-01,Stable,0.9893684628995855
2022-07-04,Stable,0.9862381909987711
2022-07-05,Stable,0.9777862618912324
2022-07-06,Stable,0.9593604398338216
2022-07-07,Stable,0.9445016806644542
2022-07-08,Stable,0.946933231018617
2022-07-11,Stable,0.9342580853797909
2022-07-12,Stable,0.9041600935409311
2022-07-13,Stable,0.8655437848419484
2022-07-14,Stable,0.9136402962737888
2022-07-15,Stable,0.9364880667019614
2022-07-18,Stable,0.9468103460954288
2022-07-19,Stable,0.9561225565930186
2022-07-20,Stable,0.9524435291822682
2022-07-21,Stable,0.9495676180105549
2022-07-22,Stable,0.9329172920792188
2022-07-25,Stable,0.963005235409908
2022-07-26,Stable,0.9759553998953623
2022-07-27,Stable,0.9801942439207051
2022-07-28,Stable,0.9809679660897996
2022-07-29,Stable,0.9797983567015413
2022-08-01,Stable,0.9808881941488345
2022-08-02,Stable,0.9794641001925264
2022-08-03,Stable,0.9806947918623611
2022-08-04,Stable,0.9755424169860648
2022-08-05,Stable,0.9607765701868878
2022-08-08,Stable,0.9292433384537403
2022-08-10,Stable,0.9534030174326853
2022-08-11,Stable,0.9612434169013372
2022-08-12,Stable,0.9716128220463184
2022-08-16,Stable,0.9723586925422486
2022-08-17,Stable,0.9732679574671872
2022-08-18,Stable,0.9668933277435128
2022-08-19,Stable,0.9474641389264151
2022-08-22,Stable,0.9314717965627659
2022-08-23,Stable,0.9291872731564434
2022-08-24,Stable,0.909591250700736
2022-08-25,Stable,0.8619347625401084
2022-08-26,Stable,0.7694945043658247
2022-08-29,Stable,0.5613634324160811
2022-08-30,Stable,0.5440971271263496
2022-09-01,Stable,0.6565813542898409
2022-09-02,Stable,0.7977626327259759
2022-09-05,Stable,0.8828559481909787
2022-09-06,Stable,0.925716382034247
2022-09-07,Stable,0.9443640248794151
2022-09-08,Stable,0.9496175945365659
2022-09-09,Stable,0.9503818530221735
2022-09-12,Stable,0.936450824083296
2022-09-13,Stable,0.9018729444428693
2022-09-14,Stable,0.8648344286349247
2022-09-15,Stable,0.8075488269739194
2022-09-16,Stable,0.6937512251277338
2022-09-19,Stable,0.6507639542310689
2022-09-20,Stable,0.553387251497717
2022-09-21,Stable,0.5737284780441481
2022-09-22,Transitional,0.8604235836608031
2022-09-23,Transitional,0.941821538531411
2022-09-26,Transitional,0.9341203559203534
2022-09-27,Transitional,0.9293256688667442
2022-09-28,Transitional,0.9403274118798773
2022-09-29,Transitional,0.941837733749046
2022-09-30,Transitional,0.9667134615347668
2022-10-03,Transitional,0.9428872197306162
2022-10-04,Transitional,0.941273478021258
2022-10-06,Transitional,0.8176848918510045
2022-10-07,Transitional,0.7220645074755563
2022-10-10,Transitional,0.6847908001939272
2022-10-11,Transitional,0.6621636106445599
2022-10-12,Transitional,0.6575363506436459
2022-10-13,Transitional,0.6910533555079619
2022-10-14,Transitional,0.7375177663814524
2022-10-17,Stable,0.5831722821130142
2022-10-18,Stable,0.739791497510737
2022-10-19,Stable,0.8090207084197834
2022-10-20,Stable,0.8527470887015259
2022-10-21,Stable,0.872776765213037
2022-10-24,Stable,0.8763445776841716
2022-10-25,Stable,0.8896621846923649
2022-10-27,Stable,0.8883810208814681
2022-10-28,Stable,0.8619698950083823
2022-10-31,Stable,0.7938923873733159
2022-11-01,Stable,0.8310251241871378
2022-11-02,Stable,0.8544627509295892
2022-11-03,Stable,0.8495771067186197
2022-11-04,Stable,0.8190144483565096
2022-11-07,Stable,0.7584884669996443
2022-11-09,Stable,0.6437181788953271
2022-11-10,Stable,0.6086072322914118
2022-11-11,Transitional,0.9730168258140578
2022-11-14,Stable,0.5012992454559629
2022-11-15,Stable,0.7254096723840371
2022-11-16,Stable,0.8319425209563593
2022-11-17,Stable,0.8938612972820273
2022-11-18,Stable,0.9367225837864488
2022-11-21,Stable,0.955105393029342
2022-11-22,Stable,0.9710810060835289
2022-11-23,Stable,0.9762605684133707
2022-11-24,Stable,0.9738058786900754
2022-11-25,Stable,0.9811949463764105
2022-11-28,Stable,0.9837675846678621
2022-11-29,Stable,0.988962303293838
2022-11-30,Stable,0.9907241680375378
2022-12-01,Stable,0.9915367010505202
2022-12-02,Stable,0.9918875299262776
2022-12-05,Stable,0.9933795380832938
2022-12-06,Stable,0.9939891903808339
2022-12-07,Stable,0.9939057965694578
2022-12-08,Stable,0.992991275913318
2022-12-09,Stable,0.99162298786873
2022-12-12,Stable,0.9899174999216006
2022-12-13,Stable,0.9876348771854148
2022-12-14,Stable,0.9811335493615827
2022-12-15,Stable,0.9712552598845845
2022-12-16,Stable,0.9813602064730474
2022-12-19,Stable,0.9853296493234064
2022-12-20,Stable,0.9847281499406025
2022-12-21,Stable,0.9826027103665176
2022-12-22,Stable,0.9815889254131583
2022-12-23,Stable,0.9753123310887017
2022-12-26,Stable,0.9675422622004051
2022-12-27,Stable,0.9808906892875089
2022-12-28,Stable,0.9860434643471794
2022-12-29,Stable,0.9865710664156944
2022-12-30,Stable,0.9850118279066845
2023-01-02,Stable,0.9830607375137282
2023-01-03,Stable,0.9748502540531653
2023-01-04,Stable,0.958686586889404
2023-01-05,Stable,0.963787304277588
2023-01-06,Stable,0.9625014563217413
2023-01-09,Stable,0.9507070389390148
2023-01-10,Stable,0.9192322202600318
2023-01-11,Stable,0.9184158242376199
2023-01-12,Stable,0.9225585019802385
2023-01-13,Stable,0.9103701678704444
2023-01-16,Stable,0.8709201565445482
2023-01-17,Stable,0.8155741401578248
2023-01-18,Stable,0.7672781874319035
2023-01-19,Stable,0.7461262908045381
2023-01-20,Stable,0.6797376091943121
2023-01-23,Stable,0.5744003965318045
2023-01-24,Stable,0.6246602445515279
2023-01-25,Transitional,0.853155659425803
2023-01-27,Transitional,0.8527235084598462
2023-01-30,Transitional,0.8104369100445967
2023-01-31,Transitional,0.80960456671686
2023-02-01,Transitional,0.838328478223088
2023-02-02,Transitional,0.8684002663030347
2023-02-03,Transitional,0.8924275657910624
2023-02-06,Stable,0.5679563314669093
2023-02-07,Stable,0.7998099345227532
2023-02-08,Stable,0.9044549887737545
2023-02-09,Stable,0.951533011390736
2023-02-10,Stable,0.9732469645850714
2023-02-13,Stable,0.9830703053608203
2023-02-14,Stable,0.9862536051962658
2023-02-15,Stable,0.9889514184829197
2023-02-16,Stable,0.9886549431717344
2023-02-17,Stable,0.9858219446908294
2023-02-20,Stable,0.9798950082979188
2023-02-21,Stable,0.9739459167577948
2023-02-22,Stable,0.9581190945124755
2023-02-23,Stable,0.9702279598365344
2023-02-24,Stable,0.9765227696478065
2023-02-27,Stable,0.9816521760871355
2023-02-28,Stable,0.9807309918713266
2023-03-01,Stable,0.9738457029822363
2023-03-02,Stable,0.9559455099241674
2023-03-03,Stable,0.9301774784151019
2023-03-06,Stable,0.9327986415623032
2023-03-08,Stable,0.9229303084337757
2023-03-09,Stable,0.8893987941815901
2023-03-10,Stable,0.8096420468738387
2023-03-13,Stable,0.8522775285443114
2023-03-14,Stable,0.897289536013182
2023-03-15,Stable,0.9136310186299006
2023-03-16,Stable,0.9415899385166117
2023-03-17,Stable,0.9535724221169303
2023-03-20,Stable,0.9678898334467583
2023-03-21,Stable,0.9757548732757967
2023-03-22,Stable,0.9834819047043077
2023-03-23,Stable,0.9857343987442673
2023-03-24,Stable,0.987748529921903
2023-03-27,Stable,0.9861936157025268
2023-03-28,Stable,0.9805734864904765
2023-03-29,Stable,0.9712622242475811
2023-03-31,Stable,0.9506010288340826
2023-04-03,Stable,0.9328381212341252
2023-04-05,Stable,0.8877353410194883
2023-04-06,Stable,0.9336263344734679
2023-04-10,Stable,0.9586077107593349
2023-04-11,Stable,0.9702692304926116
2023-04-12,Stable,0.9720177629905316
2023-04-13,Stable,0.9766025626460018
2023-04-17,Stable,0.9744593612009103
2023-04-18,Stable,0.983378655586262
2023-04-19,Stable,0.9874700908552598
2023-04-20,Stable,0.9879082797123715
2023-04-21,Stable,0.9849743611884438
2023-04-24,Stable,0.9762838046496986
2023-04-25,Stable,0.9619209349016491
2023-04-26,Stable,0.9568851868912696
2023-04-27,Stable,0.9388046689489808
2023-04-28,Stable,0.8990187990670552
2023-05-02,Stable,0.8118390302982268
2023-05-03,Stable,0.616242643259716
2023-05-04,Transitional,0.7834395735746217
2023-05-05,Transitional,0.9500981381841387
2023-05-08,Stable,0.5918136545119257
2023-05-09,Stable,0.7091499787422124
2023-05-10,Stable,0.8541841528359126
2023-05-11,Stable,0.9243926754685425
2023-05-12,Stable,0.9552802153712413
2023-05-15,Stable,0.9744179396353874
2023-05-16,Stable,0.9832723107620673
2023-05-17,Stable,0.9883302253275557
2023-05-18,Stable,0.9913867027722013
2023-05-19,Stable,0.9925550884140452
2023-05-22,Stable,0.9920919600687719
2023-05-23,Stable,0.9905489519905238
2023-05-24,Stable,0.9866118213243884
2023-05-25,Stable,0.9889256055143468
2023-05-26,Stable,0.9889426894332595
2023-05-29,Stable,0.9860357427352163
2023-05-30,Stable,0.9860015005045519
2023-05-31,Stable,0.9812424617970376
2023-06-01,Stable,0.9880684389340518
2023-06-02,Stable,0.9918388727643084
2023-06-05,Stable,0.9933928686448789
2023-06-06,Stable,0.9939086688396843
2023-06-07,Stable,0.9941329462091125
2023-06-08,Stable,0.994364480833419
2023-06-09,Stable,0.9939943756760153
2023-06-12,Stable,0.992780659626053
2023-06-13,Stable,0.9920021203024183
2023-06-14,Stable,0.989230610890125
2023-06-15,Stable,0.9827873808364714
2023-06-16,Stable,0.9812605975377776
2023-06-19,Stable,0.9834256141452565
2023-06-20,Stable,0.9800492506039091
2023-06-21,Stable,0.969016380240322
2023-06-22,Stable,0.971472878260083
2023-06-23,Stable,0.9661158758080546
2023-06-26,Stable,0.9480219615373346
2023-06-27,Stable,0.9114562391737746
2023-06-28,Stable,0.8778952787383977
2023-06-30,Stable,0.8276595123536099
2023-07-03,Stable,0.7857270102784782
2023-07-04,Stable,0.721776226574172
2023-07-05,Stable,0.5809807619908375
2023-07-06,Stable,0.7779985250541335
2023-07-07,Stable,0.8656032635457555
2023-07-10,Stable,0.9241203633146257
2023-07-11,Stable,0.9501547117840548
2023-07-12,Stable,0.9616347974068147
2023-07-13,Stable,0.9703331271702484
2023-07-14,Stable,0.970697957224148
2023-07-17,Stable,0.9614347553392684
2023-07-18,Stable,0.9785824563591666
2023-07-19,Stable,0.985920097371495
2023-07-20,Stable,0.9888578379643376
2023-07-21,Stable,0.9884474525810281
2023-07-24,Stable,0.9882308813987053
2023-07-25,Stable,0.9842500153114775
2023-07-26,Stable,0.9810686623638988
2023-07-27,Stable,0.9720102644206483
2023-07-28,Stable,0.9633363041350188
2023-07-31,Stable,0.9742248991611333
2023-08-01,Stable,0.9770675775198552
2023-08-02,Stable,0.9749252431968736
2023-08-03,Stable,0.9789715250540209
2023-08-04,Stable,0.9804127279126152
2023-08-07,Stable,0.9878088766079344
2023-08-08,Stable,0.9907349640696934
2023-08-09,Stable,0.9911432107630458
2023-08-10,Stable,0.989186065016462
2023-08-11,Stable,0.988661017342999
2023-08-14,Stable,0.9910894684368615
2023-08-16,Stable,0.9925323995192583
2023-08-17,Stable,0.9928907617783103
2023-08-18,Stable,0.9934565868022612
2023-08-21,Stable,0.9938348230842372
2023-08-22,Stable,0.9933889438589972
2023-08-23,Stable,0.9927907310383197
2023-08-24,Stable,0.9907465825039891
2023-08-25,Stable,0.9873294191695408
2023-08-28,Stable,0.9877044061812663
2023-08-29,Stable,0.9892042227909874
2023-08-30,Stable,0.990076163322045
2023-08-31,Stable,0.99125176506076
2023-09-01,Stable,0.9914522574039599
2023-09-04,Stable,0.9895055029231228
2023-09-05,Stable,0.9857659928774923
2023-09-06,Stable,0.9796360539377622
2023-09-07,Stable,0.9769805754314601
2023-09-08,Stable,0.9723124045659857
2023-09-11,Stable,0.9618815717045937
2023-09-12,Stable,0.9377781460596608
2023-09-13,Stable,0.8834769093463225
2023-09-14,Stable,0.7682050264746775
2023-09-15,Stable,0.5131734135358105
2023-09-18,Transitional,0.8306595937481045
2023-09-20,Transitional,0.9633502511759935
2023-09-21,Stable,0.6503724465692673
2023-09-22,Stable,0.5257850910777125
2023-09-25,Stable,0.7668935569793742
2023-09-26,Stable,0.8750390660055959
2023-09-27,Stable,0.9255086094775293
2023-09-28,Stable,0.9550123992410693
2023-09-29,Stable,0.9668473122238398
2023-10-03,Stable,0.9676731418469409
2023-10-04,Stable,0.972118458665361
2023-10-05,Stable,0.9819435570070941
2023-10-06,Stable,0.9854914868957365
2023-10-09,Stable,0.9844372294091532
2023-10-10,Stable,0.9873772459047109
2023-10-11,Stable,0.9875775561154068
2023-10-12,Stable,0.988160852123459
2023-10-13,Stable,0.9869164774450324
2023-10-16,Stable,0.9868686895705181
2023-10-17,Stable,0.9838259891547481
2023-10-18,Stable,0.9779313289544083
2023-10-19,Stable,0.9799009987489926
2023-10-20,Stable,0.9762148531489802
2023-10-23,Stable,0.9651764943612233
2023-10-25,Stable,0.9551121898208708
2023-10-26,Stable,0.9346715147826438
2023-10-27,Stable,0.961992947669761
2023-10-30,Stable,0.9736300700494521
2023-10-31,Stable,0.9835926928271487
2023-11-01,Stable,0.9896157428299969
2023-11-02,Stable,0.9922525579592705
2023-11-03,Stable,0.993020234189104
2023-11-06,Stable,0.9930631550727267
2023-11-07,Stable,0.9934853302452008
2023-11-08,Stable,0.9940478165183086
2023-11-09,Stable,0.9939907056900539
2023-11-10,Stable,0.9939702355102099
2023-11-13,Stable,0.9935014285531208
2023-11-15,Stable,0.9921592270499013
2023-11-16,Stable,0.9930598319818024
2023-11-17,Stable,0.9927443330652757
2023-11-20,Stable,0.9912319600774866
2023-11-21,Stable,0.987178484007033
2023-11-22,Stable,0.9819001443408308
2023-11-23,Stable,0.9703832350489531
2023-11-24,Stable,0.9472786226271522
2023-11-28,Stable,0.9043699513755266
2023-11-29,Stable,0.8115687983467316
2023-11-30,Stable,0.7790116498858618
2023-12-01,Stable,0.6914746591423058
2023-12-04,Stable,0.5010421089319924
2023-12-05,Stable,0.7184297949496184
2023-12-06,Stable,0.850440007274619
2023-12-07,Stable,0.9094979071239576
2023-12-08,Stable,0.9332956131182216
2023-12-11,Stable,0.9602179861749579
2023-12-12,Stable,0.9707851125675077
2023-12-13,Stable,0.9805841646481894
2023-12-14,Stable,0.9836502108372349
2023-12-15,Stable,0.9886407918832545
2023-12-18,Stable,0.9903419481141058
2023-12-19,Stable,0.989382560888118
2023-12-20,Stable,0.985379620167559
2023-12-21,Stable,0.9755847789077617
2023-12-22,Stable,0.9795882971865604
2023-12-26,Stable,0.9837380276670462
2023-12-27,Stable,0.9847444681625469
2023-12-28,Stable,0.9887032582907049
2023-12-29,Stable,0.9890630441135358
2024-01-01,Stable,0.9861911581030051
2024-01-02,Stable,0.9816157172469453
2024-01-03,Stable,0.9693310918600142
2024-01-04,Stable,0.969181133839369
2024-01-05,Stable,0.9676218884279177
2024-01-08,Stable,0.9584450444303173
2024-01-09,Stable,0.9502335261831387
2024-01-10,Stable,0.934119817857581
2024-01-11,Stable,0.8915436959112507
2024-01-12,Stable,0.7961807768276383
2024-01-15,Stable,0.5719707052249066
2024-01-16,Stable,0.4447093586117724
2024-01-17,Volatile,0.9418812886567913
2024-01-18,Volatile,0.7347018429288722
2024-01-19,Transitional,0.5713469604611494
2024-01-23,Transitional,0.7157871510702049
2024-01-24,Transitional,0.8108787517035833
2024-01-25,Transitional,0.7415879708642187
2024-01-29,Stable,0.5752478588521789
2024-01-30,Stable,0.6002327882226212
2024-01-31,Stable,0.7130825956708022
2024-02-01,Stable,0.8070023296749049
2024-02-02,Stable,0.8450832190096972
2024-02-05,Stable,0.893247572926064
2024-02-06,Stable,0.909819431602446
2024-02-07,Stable,0.9053594587667231
2024-02-08,Stable,0.8950941997445651
2024-02-09,Stable,0.9190413917054189
2024-02-12,Stable,0.9215787238556497
2024-02-13,Stable,0.9193457204740082
2024-02-14,Stable,0.8967893763785232
2024-02-15,Stable,0.8556425761496845
2024-02-16,Stable,0.8645749123982333
2024-02-19,Stable,0.8488798209819522
2024-02-20,Stable,0.7981757677049851
2024-02-21,Stable,0.8522364357516591
2024-02-22,Stable,0.8942345826844098
2024-02-23,Stable,0.9456455527330561
2024-02-26,Stable,0.9681181485868477
2024-02-27,Stable,0.9767144276941578
2024-02-28,Stable,0.9775410119831733
2024-02-29,Stable,0.9759787032993054
2024-03-01,Stable,0.9680090733531772
2024-03-04,Stable,0.9795966618449645
2024-03-05,Stable,0.9831875117142027
2024-03-06,Stable,0.9826721863337553
2024-03-07,Stable,0.9760698172868874
2024-03-11,Stable,0.9592429029411398
2024-03-12,Stable,0.9472378503982555
2024-03-13,Stable,0.9716808204397088
2024-03-14,Stable,0.9821096843511572
2024-03-15,Stable,0.9865551930851902
2024-03-18,Stable,0.986909573114019
2024-03-19,Stable,0.984624239469202
2024-03-20,Stable,0.9767537929298195
2024-03-21,Stable,0.9741722419824712
2024-03-22,Stable,0.9700533149599634
2024-03-26,Stable,0.9555449053614326
2024-03-27,Stable,0.9441692341127083
2024-03-28,Stable,0.9273906036768562
2024-04-01,Stable,0.8870862723943533
2024-04-02,Stable,0.8582447655483703
2024-04-03,Stable,0.7952033620973716
2024-04-04,Stable,0.6494185077781827
2024-04-05,Stable,0.7317101777231263
2024-04-08,Stable,0.8157265162111645
2024-04-09,Stable,0.8493594930896966
2024-04-10,Stable,0.8521732530257143
2024-04-12,Stable,0.8401148912953087
2024-04-15,Stable,0.8246118927268798
2024-04-16,Stable,0.8297013276417953
2024-04-18,Stable,0.8196616873981135
2024-04-19,Stable,0.7981480146166511
2024-04-22,Stable,0.8634064545426916
2024-04-23,Stable,0.9290383952556684
2024-04-24,Stable,0.9600905328129935
2024-04-25,Stable,0.9731114944346989
2024-04-26,Stable,0.9763229403514503
2024-04-29,Stable,0.9718323149738187
2024-04-30,Stable,0.9702894989914859
2024-05-02,Stable,0.9629753808347248
2024-05-03,Stable,0.9477027304473227
2024-05-06,Stable,0.9238128290606129
2024-05-07,Stable,0.8667295708526963
2024-05-08,Stable,0.7976006078823619
2024-05-09,Stable,0.7558490470116959
2024-05-10,Stable,0.8110643861177725
2024-05-13,Stable,0.8334948060530718
2024-05-14,Stable,0.8484540863568666
2024-05-15,Stable,0.8369759446368991
2024-05-16,Stable,0.8422292478477227
2024-05-17,Stable,0.8548543567423448
2024-05-21,Stable,0.8405423825340486
2024-05-22,Stable,0.7942933953684594
2024-05-23,Stable,0.6816232050257669
2024-05-24,Stable,0.6700345686109778
2024-05-27,Stable,0.6735651913879156
2024-05-28,Stable,0.6444919824102465
2024-05-29,Stable,0.5544008853997446
2024-05-30,Stable,0.5021849041798833
2024-05-31,Stable,0.6443239137141219
2024-06-03,Transitional,0.8231853625041484
2024-06-04,Transitional,0.8015158733209429
2024-06-05,Transitional,0.8392274493782295
2024-06-06,Transitional,0.6221412328520588
2024-06-07,Transitional,0.5202171036340176
2024-06-10,Transitional,0.6394699621120414
2024-06-11,Transitional,0.7105697538512659
2024-06-12,Transitional,0.7319901807609185
2024-06-13,Transitional,0.7221497974608376
2024-06-14,Transitional,0.6714768080822159
2024-06-18,Transitional,0.5876598702837915
2024-06-19,Transitional,0.577978561189816
2024-06-20,Transitional,0.5063165462742781
2024-06-21,Transitional,0.5417081905679322
2024-06-24,Transitional,0.5334409287652526
2024-06-25,Transitional,0.52168532009925
2024-06-26,Transitional,0.5027639010848466
2024-06-27,Transitional,0.5056783465191441
2024-06-28,Transitional,0.562360455277764
2024-07-01,Transitional,0.6706189466255665
2024-07-02,Transitional,0.8061476967594949
2024-07-03,Transitional,0.9381439504297695
2024-07-04,Transitional,0.982047265755841
2024-07-05,Transitional,0.9904216415981709
2024-07-08,Stable,0.5475444909116116
2024-07-09,Stable,0.7279749129179488
2024-07-10,Stable,0.8530150880772202
2024-07-11,Stable,0.9231489198203723
2024-07-12,Stable,0.9556924576872251
2024-07-15,Stable,0.9686460048255731
2024-07-16,Stable,0.9707781876274527
2024-07-18,Stable,0.9638196598605588
2024-07-19,Stable,0.9445998843309865
2024-07-22,Stable,0.9052848968699644
2024-07-23,Stable,0.9118717187664545
2024-07-24,Stable,0.9309162110160014
2024-07-25,Stable,0.9424049585595449
2024-07-26,Stable,0.9436444720914169
2024-07-29,Stable,0.928890914072791
2024-07-30,Stable,0.9032905054303675
2024-07-31,Stable,0.8495671181232833
2024-08-01,Stable,0.7263830142320913
2024-08-02,Stable,0.6025249304657683
2024-08-05,Stable,0.5508006810506438
2024-08-06,Stable,0.523456640711295
2024-08-07,Stable,0.5186531492065137
2024-08-08,Stable,0.5175306689504094
2024-08-09,Stable,0.5321903516151103
2024-08-12,Stable,0.597090587431496
2024-08-13,Stable,0.7406128029009803
2024-08-14,Stable,0.5643591158141811
2024-08-16,Stable,0.7032019478607545
2024-08-19,Stable,0.8559616105416492
2024-08-20,Stable,0.9247220165621183
2024-08-21,Stable,0.9562269594288176
2024-08-22,Stable,0.9757498967729492
2024-08-23,Stable,0.9843583572372965
2024-08-26,Stable,0.9882320089179647
2024-08-27,Stable,0.991923268649535
2024-08-28,Stable,0.9936097710823311
2024-08-29,Stable,0.9942483174127297
2024-08-30,Stable,0.9942104982483584
2024-09-02,Stable,0.9935927811934792
2024-09-03,Stable,0.9937733840111397
2024-09-04,Stable,0.9942427648773152
2024-09-05,Stable,0.994180543755204
2024-09-06,Stable,0.9934805738244158
2024-09-09,Stable,0.9930605258846346
2024-09-10,Stable,0.9923408097215549
2024-09-11,Stable,0.9898959693005851
2024-09-12,Stable,0.985258869805024
2024-09-13,Stable,0.985650417140376
2024-09-16,Stable,0.9813092912002077
2024-09-17,Stable,0.9696868480584874
2024-09-18,Stable,0.9432796887077967
2024-09-19,Stable,0.9267974026742338
2024-09-20,Stable,0.894152374429192
2024-09-23,Stable,0.8908939361729774
2024-09-24,Stable,0.8789737042809516
2024-09-25,Stable,0.8393116354255802
2024-09-26,Stable,0.7555645904641685
2024-09-27,Stable,0.5669876681447351
2024-09-30,Stable,0.532119726150882
2024-10-01,Stable,0.649323712888073
2024-10-03,Transitional,0.9003171848454087
2024-10-04,Transitional,0.9256279143467955
2024-10-07,Transitional,0.9487673183039108
2024-10-08,Transitional,0.9302235245077716
2024-10-09,Transitional,0.8794401377170861
2024-10-10,Transitional,0.8454323785458194
2024-10-11,Transitional,0.7890791794880182
2024-10-14,Transitional,0.7685125735317955
2024-10-15,Transitional,0.6617851233048537
2024-10-16,Transitional,0.6228783443586752
2024-10-17,Transitional,0.6141724749523154
2024-10-18,Transitional,0.5873749020906827
2024-10-21,Transitional,0.6015359564656124
2024-10-22,Stable,0.5989520635506418
2024-10-23,Stable,0.7245906288656976
2024-10-24,Stable,0.8255324817996994
2024-10-25,Stable,0.8806491980867893
2024-10-28,Stable,0.9031574311991789
2024-10-29,Stable,0.9076813883473843
2024-10-30,Stable,0.9036289209487441
2024-10-31,Stable,0.8938387805572379
2024-11-01,Stable,0.8557050238285805
2024-11-04,Stable,0.7635904345090117
2024-11-05,Stable,0.6792666842362749
2024-11-06,Stable,0.7097016683198204
2024-11-07,Stable,0.7019044218290981
2024-11-08,Stable,0.6590033056426365
2024-11-11,Stable,0.552374232907506
2024-11-12,Stable,0.6554153744607525
2024-11-13,Stable,0.6354563962953459
2024-11-14,Stable,0.5032433395503758
2024-11-18,Stable,0.5584251017682277
2024-11-19,Stable,0.5794038068306467
2024-11-21,Stable,0.690151973576704
2024-11-22,Stable,0.7327456099131661
2024-11-25,Stable,0.73535825485542
2024-11-26,Stable,0.8255418515662218
2024-11-27,Stable,0.8614711139946816
2024-11-28,Stable,0.9050894823255216
2024-11-29,Stable,0.9408356794193539
2024-12-02,Stable,0.9539992817843738
2024-12-03,Stable,0.9548862865861495
2024-12-04,Stable,0.9553179504223974
2024-12-05,Stable,0.9748750840224278
2024-12-06,Stable,0.9832228911498191
2024-12-09,Stable,0.9875457052804079
2024-12-10,Stable,0.9902380592981431
2024-12-11,Stable,0.9902462888053547
2024-12-12,Stable,0.9880218583288493
2024-12-13,Stable,0.9820159615199469
2024-12-16,Stable,0.9709995175327345
2024-12-17,Stable,0.9478681293751742
2024-12-18,Stable,0.9458199054435019
2024-12-19,Stable,0.9474681966859183
2024-12-20,Stable,0.9459710553856626
2024-12-23,Stable,0.9480747020524719
2024-12-24,Stable,0.962838583534342
2024-12-26,Stable,0.9655837141807226
2024-12-27,Stable,0.9597204629965971
2024-12-30,Stable,0.9407408809270342
2024-12-31,Stable,0.9214567662405537
2025-01-01,Stable,0.8750721889867421
2025-01-02,Stable,0.7792598182705637
2025-01-03,Stable,0.5897190714571129
2025-01-06,Stable,0.5908326151466382
2025-01-07,Stable,0.7005573251410906
2025-01-08,Stable,0.7426892201003535
2025-01-09,Stable,0.7758159964365977
2025-01-10,Stable,0.8344485762802872
2025-01-13,Stable,0.8635875290881606
2025-01-14,Stable,0.916083668801693
2025-01-15,Stable,0.9496746214596681
2025-01-16,Stable,0.9634407640384122
2025-01-17,Stable,0.9669785189927966
2025-01-20,Stable,0.9688726418960385
2025-01-21,Stable,0.9665019971431553
2025-01-22,Stable,0.9564569994487495
2025-01-23,Stable,0.9518723516689782
2025-01-24,Stable,0.931638316641542
2025-01-27,Stable,0.9023784248492901
2025-01-28,Stable,0.8740228379584188
2025-01-29,Stable,0.9200667532015184
2025-01-30,Stable,0.9388495572541339
2025-01-31,Stable,0.946821071040175
2025-02-01,Stable,0.9413925914854443
2025-02-03,Stable,0.921799652508913
2025-02-04,Stable,0.8876871351403522
2025-02-05,Stable,0.9306710359954476
2025-02-06,Stable,0.9589114785310404
2025-02-07,Stable,0.9704267238543633
2025-02-10,Stable,0.975769934866062
2025-02-11,Stable,0.9812527977691857
2025-02-12,Stable,0.9856795620395662
2025-02-13,Stable,0.9856309951535731
2025-02-14,Stable,0.9830296680634255
2025-02-17,Stable,0.9744255291350287
2025-02-18,Stable,0.9692215514050843
2025-02-19,Stable,0.9528707210121493
2025-02-20,Stable,0.9144057790792197
2025-02-21,Stable,0.9384228609837254
2025-02-24,Stable,0.9442285577174885
2025-02-25,Stable,0.9456210849537366
2025-02-27,Stable,0.9321593733292732
2025-02-28,Stable,0.9123589198219128
2025-03-03,Stable,0.9158738150003866
2025-03-04,Stable,0.9482384660702506
2025-03-05,Stable,0.9621312943251837
2025-03-06,Stable,0.9781752477488164
2025-03-07,Stable,0.9845107000951366
2025-03-10,Stable,0.9855959307159357
2025-03-11,Stable,0.9821016825012817
2025-03-12,Stable,0.9718119000047087
2025-03-13,Stable,0.9691142845337645
2025-03-17,Stable,0.9566563204531233
2025-03-18,Stable,0.9254839323429732
2025-03-19,Stable,0.8546114299349097
2025-03-20,Stable,0.8313651027752234
2025-03-21,Stable,0.8103400763642784
2025-03-24,Stable,0.7450321639069857
2025-03-25,Stable,0.7031103808993917
2025-03-26,Stable,0.644470081481227
2025-03-27,Stable,0.5444166427347996
2025-03-28,Stable,0.6076563349687233
2025-04-01,Transitional,0.9537777339800403
2025-04-02,Transitional,0.948487872344094
2025-04-03,Transitional,0.9416501333083346
2025-04-04,Transitional,0.9590941962940663
2025-04-07,Transitional,0.9879592370465088
2025-04-08,Transitional,0.9642780941964748
2025-04-09,Transitional,0.9608984891966137
2025-04-11,Transitional,0.9788636317426487
2025-04-15,Transitional,0.9787941623349165
2025-04-16,Transitional,0.8178336865516902
2025-04-17,Transitional,0.7380059450395016
2025-04-21,Transitional,0.6518221339394638
2025-04-22,Transitional,0.6000230473872482
2025-04-23,Transitional,0.509555261325895
2025-04-24,Stable,0.7272095937676935
2025-04-25,Stable,0.8425062814376487
2025-04-28,Stable,0.8955980915258683
2025-04-29,Stable,0.9173334884930494
2025-04-30,Stable,0.923727693062271
2025-05-02,Stable,0.9191609708509096
2025-05-05,Stable,0.8934208814508561
2025-05-06,Stable,0.8426954015121843
2025-05-07,Stable,0.7307811611180353
2025-05-08,Stable,0.5204401397801717
2025-05-09,Transitional,0.7941294125134555
2025-05-12,Transitional,0.9053334464562713
2025-05-13,Transitional,0.7475587455921484
2025-05-14,Stable,0.5560375762157925
2025-05-15,Stable,0.7244767026337637
2025-05-16,Stable,0.8568588604493239
2025-05-19,Stable,0.9153944754940256
2025-05-20,Stable,0.9394814990460414
2025-05-21,Stable,0.9662118837899898
2025-05-22,Stable,0.9799088585693071
2025-05-23,Stable,0.9863097015890425
2025-05-26,Stable,0.9900579712558413
2025-05-27,Stable,0.9911162493573993
2025-05-28,Stable,0.9926878661974544
2025-05-29,Stable,0.9928814848704358
2025-05-30,Stable,0.9916821652806194
2025-06-02,Stable,0.9914520283651569
2025-06-03,Stable,0.9914881297327409
2025-06-04,Stable,0.990327912751319
2025-06-05,Stable,0.9893972888420753
2025-06-06,Stable,0.9858107552547323
2025-06-09,Stable,0.9889794593115266
2025-06-10,Stable,0.9887588475815693
2025-06-11,Stable,0.9881351970271784
2025-06-12,Stable,0.987516287340432
2025-06-13,Stable,0.983866831500797
2025-06-16,Stable,0.9867864770756306
2025-06-17,Stable,0.9893963731985115
2025-06-18,Stable,0.9895156939591436
2025-06-19,Stable,0.9865698800976596
2025-06-20,Stable,0.978476025729456
2025-06-23,Stable,0.9777636653070391
2025-06-24,Stable,0.9755859903368637
2025-06-25,Stable,0.9673607746360304
2025-06-26,Stable,0.9550023433395476
2025-06-27,Stable,0.9706981862181858
2025-06-30,Stable,0.9789300722940677
2025-07-01,Stable,0.9834101359394785
2025-07-02,Stable,0.9835518243407787
2025-07-03,Stable,0.9897578300226472
2025-07-04,Stable,0.9923818410736557
2025-07-07,Stable,0.993182144789605
2025-07-08,Stable,0.9928116075001222
2025-07-09,Stable,0.9926060383093193
2025-07-10,Stable,0.9915166826241877
2025-07-11,Stable,0.9886200807810921
2025-07-14,Stable,0.9895923966220986
2025-07-15,Stable,0.9875411998826771
2025-07-16,Stable,0.9829679928657524
2025-07-17,Stable,0.9711995637995365
2025-07-18,Stable,0.9485261418791082
2025-07-21,Stable,0.9383474495639412
2025-07-22,Stable,0.9661232793900946
2025-07-23,Stable,0.9782797687249906
2025-07-24,Stable,0.9861680259630302
2025-07-25,Stable,0.9906463176194432
2025-07-28,Stable,0.992663897224164
2025-07-29,Stable,0.9931117333167762
2025-07-30,Stable,0.9935931549214565
2025-07-31,Stable,0.9930850336247776
2025-08-01,Stable,0.9920597667399121
2025-08-04,Stable,0.989670630199065
2025-08-05,Stable,0.9899809646174759
2025-08-06,Stable,0.990535082682287
2025-08-07,Stable,0.9889143925771141
2025-08-08,Stable,0.9846648713288798
2025-08-11,Stable,0.9832196035806822
2025-08-12,Stable,0.9827381959105309
2025-08-13,Stable,0.9881550427400639
2025-08-14,Stable,0.9905830053931916
2025-08-18,Stable,0.9913804507037165
2025-08-19,Stable,0.9913447126598631
2025-08-20,Stable,0.9913142014396816
2025-08-21,Stable,0.989208341946335
2025-08-22,Stable,0.98342449203828
2025-08-25,Stable,0.9843602181302729
2025-08-26,Stable,0.980098586552168
2025-08-28,Stable,0.9752006808529626
2025-08-29,Stable,0.9831387785287681
2025-09-01,Stable,0.9880657945115882
2025-09-02,Stable,0.9891774545011718
2025-09-03,Stable,0.9896610535339684
2025-09-04,Stable,0.9918057647377583
2025-09-05,Stable,0.9936373575076126
2025-09-08,Stable,0.9944553156797495
2025-09-09,Stable,0.9948522711852622
2025-09-10,Stable,0.995046286966032
2025-09-11,Stable,0.9950683080832929
2025-09-12,Stable,0.9949845174160671
2025-09-15,Stable,0.9947464440976138
2025-09-16,Stable,0.994175117930871
2025-09-17,Stable,0.9928876183740446
2025-09-18,Stable,0.990045055402803
2025-09-19,Stable,0.9891352190374358
2025-09-22,Stable,0.9910554222431842
2025-09-23,Stable,0.9911504500265418
2025-09-24,Stable,0.9918770632240677
2025-09-25,Stable,0.9929024837692964
2025-09-26,Stable,0.9926511931638412
2025-09-29,Stable,0.9922596652354961
2025-09-30,Stable,0.9910692033223194
2025-10-01,Stable,0.9872894339880636
2025-10-03,Stable,0.9903346448251569
2025-10-06,Stable,0.990595983133332
2025-10-07,Stable,0.9911742787691407
2025-10-08,Stable,0.9927528694193241
2025-10-09,Stable,0.9936673860605914
2025-10-10,Stable,0.993785783481635
2025-10-13,Stable,0.9933424110570415
2025-10-14,Stable,0.9926017403916672
2025-10-15,Stable,0.9901788115617565
2025-10-16,Stable,0.984442398529316
2025-10-17,Stable,0.9881478260700995
2025-10-20,Stable,0.9909341472263193
2025-10-21,Stable,0.9911980923806724
2025-10-23,Stable,0.9898687265643867
2025-10-24,Stable,0.9853279087681592
2025-10-27,Stable,0.9884102136583105
2025-10-28,Stable,0.9907144706640226
2025-10-29,Stable,0.990428381715451
2025-10-30,Stable,0.9879999079497046
2025-10-31,Stable,0.9875183315362276
2025-11-03,Stable,0.9903565456770034
2025-11-04,Stable,0.9914227561336014
2025-11-06,Stable,0.9933039248250014
2025-11-07,Stable,0.9939785124963474
2025-11-10,Stable,0.9941979284933022
2025-11-11,Stable,0.9937974081516053
2025-11-12,Stable,0.9941345108713497
2025-11-13,Stable,0.9940722771978118
2025-11-14,Stable,0.9937430433599511
2025-11-17,Stable,0.9926181791983435
2025-11-18,Stable,0.9915308484731613
2025-11-19,Stable,0.989292346610009
2025-11-20,Stable,0.983468217384316
2025-11-21,Stable,0.9834242972283951
2025-11-24,Stable,0.9860034030503703
2025-11-25,Stable,0.9840127749193421
2025-11-26,Stable,0.9829636584676834
2025-11-27,Stable,0.9875517034306232
2025-11-28,Stable,0.9892305106545531
2025-12-01,Stable,0.9880310465703604
2025-12-02,Stable,0.9850727969875315
2025-12-03,Stable,0.9871358792851581
2025-12-04,Stable,0.9905419616009271
2025-12-05,Stable,0.9919411634569609
2025-12-08,Stable,0.9926368497926908
2025-12-09,Stable,0.9917830762032412
2025-12-10,Stable,0.990920081401264
2025-12-11,Stable,0.9906575756655461
2025-12-12,Stable,0.992372437643803
2025-12-15,Stable,0.9923420259754034
2025-12-16,Stable,0.9922146817171216
2025-12-17,Stable,0.9905410828778176
2025-12-18,Stable,0.9920596416361454
2025-12-19,Stable,0.9928193049973216
2025-12-22,Stable,0.993202992224036
2025-12-23,Stable,0.9923949502837341
2025-12-24,Stable,0.9927893657718565
2025-12-26,Stable,0.9916732799494071
2025-12-29,Stable,0.9899788290548868
2025-12-30,Stable,0.9851208890626953
2025-12-31,Stable,0.9739783583219555
2026-01-01,Stable,0.9489602862823339
2026-01-02,Stable,0.893422033800399
2026-01-05,Stable,0.8134546280393901
2026-01-06,Stable,0.8356121199099712
2026-01-07,Stable,0.8800601873908674
2026-01-08,Stable,0.9343743113452503
2026-01-09,Stable,0.9589617608138116
2026-01-12,Stable,0.9754779375543122
2026-01-13,Stable,0.9821899796826875
2026-01-14,Stable,0.9826439241697125
2026-01-15,Stable,0.988678861216068
2026-01-16,Stable,0.9907906760662071
2026-01-19,Stable,0.991680143309677
2026-01-20,Stable,0.9912869332754811
2026-01-21,Stable,0.9889162701508509
2026-01-22,Stable,0.9909792287644076
2026-01-23,Stable,0.9908925712324117
2026-01-27,Stable,0.9889168906316552
2026-01-28,Stable,0.9891723078881394
2026-01-29,Stable,0.9880406659587683
2026-01-30,Stable,0.983180923657346
2026-02-02,Stable,0.9755582019542458
2026-02-03,Stable,0.9571727761729922
2026-02-04,Stable,0.9717166734960072
2026-02-05,Stable,0.9767949317736307
2026-02-06,Stable,0.9755297524044452
2026-02-09,Stable,0.9734702203670742
2026-02-10,Stable,0.9640916659016768
2026-02-11,Stable,0.9441455333922257
2026-02-12,Stable,0.9061346203213769
2026-02-13,Stable,0.8408283791899608
2026-02-16,Stable,0.8211460828826379
2026-02-17,Stable,0.8816445862421941
2026-02-18,Stable,0.904325330548501
2026-02-19,Stable,0.9045404785109903
2026-02-20,Stable,0.8992508283151032
2026-02-23,Stable,0.8729676127929905
2026-02-24,Stable,0.8432276420696484
2026-02-25,Stable,0.8247143991213142
2026-02-26,Stable,0.7696664621425365
2026-02-27,Stable,0.6927682078884069
2026-03-02,Stable,0.60875365883959
2026-03-04,Stable,0.5136510454514983
2026-03-05,Stable,0.6488363724765621
2026-03-06,Transitional,0.8546194277309273
2026-03-09,Transitional,0.8854395402486323
2026-03-10,Transitional,0.8868078228759559
2026-03-11,Transitional,0.9038368086047356
2026-03-12,Transitional,0.8986233128240505
2026-03-13,Transitional,0.9111352500611163
2026-03-16,Transitional,0.8889388412572128
2026-03-17,Transitional,0.8291553438820272
2026-03-18,Transitional,0.7436287808113848
2026-03-19,Transitional,0.5588763631304033
2026-03-20,Transitional,0.5494530284557188
2026-03-23,Transitional,0.5315543263374872
2026-03-24,Transitional,0.5654418508488886
2026-03-25,Transitional,0.5982501075515188
2026-03-27,Transitional,0.6200222741204752
2026-03-30,Transitional,0.6581139428899114
2026-04-01,Transitional,0.7095222504085652
2026-04-02,Transitional,0.7337172042480226
2026-04-06,Transitional,0.7436794904286763
2026-04-07,Transitional,0.7427387056970961
2026-04-08,Transitional,0.7309584154298735
2026-04-09,Transitional,0.8278144035849823
2026-04-10,Transitional,0.8902543944064669
2026-04-13,Transitional,0.9193737232144223
2026-04-15,Transitional,0.9154432740657102
2026-04-16,Transitional,0.8757220246881308
2026-04-17,Transitional,0.7761765763730691
2026-04-20,Transitional,0.734566623140459
2026-04-21,Transitional,0.7284936068447345
2026-04-22,Transitional,0.6759012284379252
2026-04-23,Transitional,0.6091833036582909
2026-04-24,Transitional,0.5769439988832197
2026-04-27,Transitional,0.6557524549354681
2026-04-28,Transitional,0.6864750671448352
2026-04-29,Transitional,0.698346129072408
2026-04-30,Transitional,0.6773234972434855
2026-05-01,Transitional,0.6366105911561155
2026-05-04,Transitional,0.5261053256808715
2026-05-05,Transitional,0.6476194993781056
2026-05-06,Transitional,0.9085701210841693
2026-05-07,Transitional,0.9034640813912403
2026-05-08,Transitional,0.9284620686385953
2026-05-11,Transitional,0.9315833289548474
2026-05-12,Transitional,0.8939738026491924
2026-05-13,Transitional,0.8248990369564856
2026-05-14,Transitional,0.8061938641533453
2026-05-15,Stable,0.571847301438208
2026-05-18,Stable,0.5336622308845601
2026-05-19,Stable,0.5703656104603402
2026-05-20,Stable,0.5799488639602619
2026-05-21,Stable,0.5504195003793834
2026-05-22,Stable,0.5411629046321197
2026-05-25,Stable,0.6899139931073346
2026-05-26,Stable,0.6858276124272255
2026-05-27,Stable,0.6989525405993863
2026-05-28,Stable,0.5267981027272084
2026-05-29,Stable,0.5432716270620406
2026-06-01,Stable,0.7151498503606099
2026-06-02,Stable,0.7928600210504161
2026-06-03,Stable,0.8306190871315359
2026-06-04,Stable,0.8423719701075816
2026-06-05,Stable,0.8252332305515652
2026-06-08,Stable,0.7950794190768239
2026-06-09,Stable,0.7581566607550928
2026-06-10,Stable,0.6613528748871793
2026-06-11,Stable,0.5279820009457211
2026-06-12,Stable,0.7535549325052011
2026-06-15,Stable,0.5100002643990593
2026-06-16,Stable,0.6117100549964865
2026-06-17,Stable,0.6859610173279728
2026-06-18,Stable,0.7082159641311933
2026-06-19,Stable,0.737273367362304
2026-06-22,Stable,0.7441468717256462
2026-06-23,Stable,0.7271287091441369
2026-06-24,Stable,0.7253559120847405
2026-06-25,Stable,0.8279473516915747
2026-06-26,Stable,0.8728374051123021
2026-06-29,Stable,0.885368147982258
2026-06-30,Stable,0.8747773688789172
2026-07-01,Stable,0.8338388268705661
2026-07-02,Stable,0.7385331314006442
2026-07-03,Stable,0.5235218623895574
2026-07-06,Transitional,0.8873008334461963
2026-07-07,Transitional,0.8423052111418355
2026-07-08,Transitional,0.8371234153955114
2026-07-09,Transitional,0.7365533243020833
2026-07-10,Transitional,0.6841051594121851
2026-07-13,Transitional,0.6652674939424279
2026-07-14,Transitional,0.6712914159917605
2026-07-15,Transitional,0.6934394674453512
2026-07-16,Transitional,0.7575378691802892
2026-07-17,Transitional,0.862562391025959
2026-07-20,Transitional,0.9738165022351769
2026-07-21,Transitional,0.8965279967161047
2026-07-22,Stable,0.6085565428847054
2026-07-23,Stable,0.6257758652015473
2026-07-24,Stable,0.7719406477681274
2026-07-27,Stable,0.8503339335822646
2026-07-28,Stable,0.8865874965839444
2026-07-29,Stable,0.9006997394311864
2026-07-30,Stable,0.9351505222651231
2026-07-31,Stable,0.9528262929787061
2026-08-03,Stable,0.9626818642667874
2026-08-04,Stable,0.9638065200967917
2026-08-05,Stable,0.975112628049165
2026-08-06,Stable,0.985125847211882
2026-08-07,Stable,0.9892151200739925
2026-08-10,Stable,0.9912415531572515
2026-08-11,Stable,0.990963725990307
2026-08-12,Stable,0.9887777282824112
2026-08-13,Stable,0.9826714114692632
2026-08-14,Stable,0.9719337648758921
