date,regime_label,regime_probability
2014-10-03,Transitional,0.999999999998181
2014-10-06,Transitional,0.9980325143860928
2014-10-07,Transitional,0.9994437371216613
2014-10-08,Transitional,0.999661358756452
2014-10-09,Transitional,0.999756463569891
2014-10-10,Transitional,0.9941576307301873
2014-10-13,Transitional,0.9837633056349556
2014-10-14,Transitional,0.892198989856156
2014-10-15,Transitional,0.8546524109403858
2014-10-16,Transitional,0.8174587605824192
2014-10-17,Transitional,0.8068824470461202
2014-10-20,Transitional,0.7873745907154885
2014-10-21,Transitional,0.7765412776808314
2014-10-22,Transitional,0.617012005151084
2014-10-23,Transitional,0.5240548078521868
2014-10-24,Stable,0.7066613417209743
2014-10-27,Stable,0.812239185030976
2014-10-28,Stable,0.8610657158061928
2014-10-29,Stable,0.9214938919908789
2014-10-30,Stable,0.9493475382813065
2014-10-31,Stable,0.9637217145425938
2014-11-03,Stable,0.9822602507296514
2014-11-04,Stable,0.9903909522771197
2014-11-05,Stable,0.994658566797921
2014-11-06,Stable,0.9969768743778633
2014-11-07,Stable,0.9980641194961665
2014-11-10,Stable,0.9985335173571385
2014-11-11,Stable,0.9987491500705374
2014-11-12,Stable,0.9988197371478036
2014-11-13,Stable,0.9988740618402793
2014-11-14,Stable,0.9988773268037962
2014-11-17,Stable,0.9988436062179327
2014-11-18,Stable,0.9987303744629827
2014-11-19,Stable,0.9987121299452425
2014-11-20,Stable,0.9986909468203881
2014-11-21,Stable,0.9984806605035204
2014-11-24,Stable,0.9982410434750972
2014-11-25,Stable,0.9975493698175563
2014-11-26,Stable,0.9960832669343426
2014-11-28,Stable,0.9926795594646567
2014-12-01,Stable,0.986155851563431
2014-12-02,Stable,0.9793166557929048
2014-12-03,Stable,0.9663393766886511
2014-12-04,Stable,0.9371602630349383
2014-12-05,Stable,0.8739006026203496
2014-12-08,Stable,0.7280893637387756
2014-12-09,Stable,0.563202971786031
2014-12-10,Transitional,0.8061569405944478
2014-12-11,Transitional,0.8497071722429641
2014-12-12,Transitional,0.9451382470077784
2014-12-15,Transitional,0.9551475388597769
2014-12-16,Transitional,0.9708413861481925
2014-12-17,Transitional,0.9863261140666056
2014-12-18,Transitional,0.9814789772246033
2014-12-19,Transitional,0.6774642346307107
2014-12-22,Transitional,0.5340540488825376
2014-12-23,Transitional,0.5292994271915462
2014-12-24,Transitional,0.5516676886843542
2014-12-26,Transitional,0.5501055125527061
2014-12-29,Transitional,0.5238008085292623
2014-12-30,Transitional,0.5470504119398684
2014-12-31,Transitional,0.6616216972043615
2015-01-02,Transitional,0.7335228978584386
2015-01-05,Transitional,0.8980963503494004
2015-01-06,Transitional,0.9026763025297644
2015-01-07,Transitional,0.9054771629331853
2015-01-08,Transitional,0.9074238721147645
2015-01-09,Transitional,0.8739097548184404
2015-01-12,Transitional,0.8386911800652478
2015-01-13,Transitional,0.8038392610505758
2015-01-14,Transitional,0.7915259118133082
2015-01-15,Transitional,0.7881792987232668
2015-01-16,Transitional,0.7803046486947997
2015-01-20,Transitional,0.7601384607204885
2015-01-21,Transitional,0.7621055183745141
2015-01-22,Transitional,0.7844022067644048
2015-01-23,Transitional,0.7838430167174565
2015-01-26,Transitional,0.7929785509057582
2015-01-27,Transitional,0.8286120572608212
2015-01-28,Transitional,0.831425941212196
2015-01-29,Transitional,0.8049266775302666
2015-01-30,Transitional,0.7865273634854147
2015-02-02,Transitional,0.7180247461136607
2015-02-03,Transitional,0.615914715383528
2015-02-04,Stable,0.5969446306189753
2015-02-05,Stable,0.7205266124333617
2015-02-06,Stable,0.8313758108042
2015-02-09,Stable,0.8911681628554157
2015-02-10,Stable,0.9260423102069647
2015-02-11,Stable,0.9604113775873545
2015-02-12,Stable,0.975252507468468
2015-02-13,Stable,0.9880677059166121
2015-02-17,Stable,0.994023920506759
2015-02-18,Stable,0.9965479636658495
2015-02-19,Stable,0.9975909728768987
2015-02-20,Stable,0.9979456761461274
2015-02-23,Stable,0.9981993523229461
2015-02-24,Stable,0.9980397859851509
2015-02-25,Stable,0.9973182827040625
2015-02-26,Stable,0.9956425198806393
2015-02-27,Stable,0.992114112305135
2015-03-02,Stable,0.9855627359339523
2015-03-03,Stable,0.9733728002642361
2015-03-04,Stable,0.9536719397794121
2015-03-05,Stable,0.920852797129139
2015-03-06,Stable,0.84455938700497
2015-03-09,Stable,0.8321729670801054
2015-03-10,Stable,0.7967086888599673
2015-03-11,Stable,0.8259363843442797
2015-03-12,Stable,0.8356157484135778
2015-03-13,Stable,0.854119541429219
2015-03-16,Stable,0.866185702457685
2015-03-17,Stable,0.8932236143748373
2015-03-18,Stable,0.9055330252699735
2015-03-19,Stable,0.9240887159541912
2015-03-20,Stable,0.9345367629788403
2015-03-23,Stable,0.9413703774204899
2015-03-24,Stable,0.9396426868516159
2015-03-25,Stable,0.9352660995209281
2015-03-26,Stable,0.9583477051017497
2015-03-27,Stable,0.9691036888603214
2015-03-30,Stable,0.9716746663760706
2015-03-31,Stable,0.9781312289059318
2015-04-01,Stable,0.987684361725467
2015-04-02,Stable,0.9933452814877449
2015-04-06,Stable,0.9957579408844185
2015-04-07,Stable,0.9972648112124964
2015-04-08,Stable,0.9980361279256158
2015-04-09,Stable,0.9982331431952486
2015-04-10,Stable,0.9981669011616474
2015-04-13,Stable,0.9979180839073498
2015-04-14,Stable,0.9979304164669817
2015-04-15,Stable,0.9972980130507401
2015-04-16,Stable,0.996011039143694
2015-04-17,Stable,0.9930090637621707
2015-04-20,Stable,0.9947200962505204
2015-04-21,Stable,0.9967248540285649
2015-04-22,Stable,0.9976065703352346
2015-04-23,Stable,0.9979966523571188
2015-04-24,Stable,0.9978076172346958
2015-04-27,Stable,0.996898029373574
2015-04-28,Stable,0.9957360122049524
2015-04-29,Stable,0.9926475554217778
2015-04-30,Stable,0.9874281298219639
2015-05-01,Stable,0.9865399809155655
2015-05-04,Stable,0.987096267720918
2015-05-05,Stable,0.9838434834733825
2015-05-06,Stable,0.9878376070572817
2015-05-07,Stable,0.989882832741963
2015-05-08,Stable,0.9889696335831852
2015-05-11,Stable,0.9925019623767903
2015-05-12,Stable,0.9950828387697924
2015-05-13,Stable,0.9963445901661299
2015-05-14,Stable,0.9963324726954763
2015-05-15,Stable,0.9977229470877288
2015-05-18,Stable,0.9982657230429323
2015-05-19,Stable,0.9983981887954609
2015-05-20,Stable,0.9982566143760753
2015-05-21,Stable,0.9977789188621151
2015-05-22,Stable,0.9965083300370302
2015-05-26,Stable,0.9940976071111512
2015-05-27,Stable,0.9951158603856659
2015-05-28,Stable,0.996490214433762
2015-05-29,Stable,0.9967596413430548
2015-06-01,Stable,0.9976754046758729
2015-06-02,Stable,0.9978035995319078
2015-06-03,Stable,0.9973918157884505
2015-06-04,Stable,0.995994074708222
2015-06-05,Stable,0.9964949972794199
2015-06-08,Stable,0.995992980244748
2015-06-09,Stable,0.9961341013262502
2015-06-10,Stable,0.9948607383081196
2015-06-11,Stable,0.9958863460032278
2015-06-12,Stable,0.9953957534071879
2015-06-15,Stable,0.9957822183408502
2015-06-16,Stable,0.995911447578239
2015-06-17,Stable,0.9951479115024797
2015-06-18,Stable,0.9923313624515978
2015-06-19,Stable,0.9900621781265361
2015-06-22,Stable,0.9867840885904785
2015-06-23,Stable,0.9798614605932312
2015-06-24,Stable,0.9630266553399108
2015-06-25,Stable,0.9453840946409838
2015-06-26,Stable,0.9107522422325708
2015-06-29,Stable,0.8326456444626261
2015-06-30,Stable,0.8905346035521903
2015-07-01,Stable,0.9147043976088136
2015-07-02,Stable,0.9270077389027137
2015-07-06,Stable,0.9277931417956563
2015-07-07,Stable,0.9215291794918177
2015-07-08,Stable,0.904614382450829
2015-07-09,Stable,0.9334799384453845
2015-07-10,Stable,0.944273008783519
2015-07-13,Stable,0.9613108445096271
2015-07-14,Stable,0.9801664061596053
2015-07-15,Stable,0.9889597407938565
2015-07-16,Stable,0.9926512806913715
2015-07-17,Stable,0.995357360391286
2015-07-20,Stable,0.9960932145553929
2015-07-21,Stable,0.9954105153937025
2015-07-22,Stable,0.9941861271997605
2015-07-23,Stable,0.9911797722621549
2015-07-24,Stable,0.9874593025740154
2015-07-27,Stable,0.9886429943922485
2015-07-28,Stable,0.9892639289886329
2015-07-29,Stable,0.9930182175441776
2015-07-30,Stable,0.995419473021755
2015-07-31,Stable,0.9960121875279572
2015-08-03,Stable,0.995622557062615
2015-08-04,Stable,0.9942027606392677
2015-08-05,Stable,0.9908800297112819
2015-08-06,Stable,0.982925500726632
2015-08-07,Stable,0.9759898602927617
2015-08-10,Stable,0.9617269884800637
2015-08-11,Stable,0.9542698734778396
2015-08-12,Stable,0.9518922313372936
2015-08-13,Stable,0.939216805278288
2015-08-14,Stable,0.9092122676110806
2015-08-17,Stable,0.8418773389174826
2015-08-18,Stable,0.7008756898864389
2015-08-19,Transitional,0.5564490761614268
2015-08-20,Transitional,0.809085995314924
2015-08-21,Transitional,0.8130249333591901
2015-08-24,Transitional,0.8145629827222101
2015-08-25,Transitional,0.8334499492942549
2015-08-26,Transitional,0.8413238816011117
2015-08-27,Transitional,0.9003648844548219
2015-08-28,Transitional,0.9561828925659809
2015-08-31,Transitional,0.9735171642757707
2015-09-01,Transitional,0.9809694284840889
2015-09-02,Transitional,0.9903192281044627
2015-09-03,Transitional,0.9940097505474798
2015-09-04,Transitional,0.9974277928042102
2015-09-08,Transitional,0.998441321610993
2015-09-09,Transitional,0.9870130678929261
2015-09-10,Transitional,0.9406678996192381
2015-09-11,Transitional,0.9198800092859122
2015-09-14,Transitional,0.9149837951995734
2015-09-15,Transitional,0.9197988418486102
2015-09-16,Transitional,0.9203672787637899
2015-09-17,Transitional,0.927579459632914
2015-09-18,Transitional,0.949931733755634
2015-09-21,Transitional,0.9424301094984222
2015-09-22,Transitional,0.9460805780478253
2015-09-23,Transitional,0.9390163478161722
2015-09-24,Transitional,0.9429743314848729
2015-09-25,Transitional,0.9580588824952828
2015-09-28,Transitional,0.9968066484337168
2015-09-29,Transitional,0.9759469967435053
2015-09-30,Transitional,0.9694128216080151
2015-10-01,Transitional,0.9053569768730191
2015-10-02,Transitional,0.8801401507879795
2015-10-05,Transitional,0.8269956708803361
2015-10-06,Stable,0.5020681451374996
2015-10-07,Stable,0.6765783883890872
2015-10-08,Stable,0.7920609957847482
2015-10-09,Stable,0.874933201224797
2015-10-12,Stable,0.9102101044209371
2015-10-13,Stable,0.923397714045858
2015-10-14,Stable,0.9342017758036707
2015-10-15,Stable,0.938824682683164
2015-10-16,Stable,0.9597950315004987
2015-10-19,Stable,0.9687291012248279
2015-10-20,Stable,0.9700874209305737
2015-10-21,Stable,0.96553634698326
2015-10-22,Stable,0.9584651962700339
2015-10-23,Stable,0.9680905020984149
2015-10-26,Stable,0.9793358084574065
2015-10-27,Stable,0.9840148466228372
2015-10-28,Stable,0.9850151056438639
2015-10-29,Stable,0.9886415375113229
2015-10-30,Stable,0.9887662295263766
2015-11-02,Stable,0.9876342226893006
2015-11-03,Stable,0.9890149195130434
2015-11-04,Stable,0.9870521623502649
2015-11-05,Stable,0.9823141052021964
2015-11-06,Stable,0.970776345822434
2015-11-09,Stable,0.9443287755108689
2015-11-10,Stable,0.9278892238756697
2015-11-11,Stable,0.8871710194583495
2015-11-12,Stable,0.8101915850992986
2015-11-13,Stable,0.7970498264582134
2015-11-16,Stable,0.79999254443752
2015-11-17,Stable,0.826059453841669
2015-11-18,Stable,0.832981998486424
2015-11-19,Stable,0.8781875720206717
2015-11-20,Stable,0.8970876501900459
2015-11-23,Stable,0.901272292086204
2015-11-24,Stable,0.8937613597571386
2015-11-25,Stable,0.8678735052669115
2015-11-27,Stable,0.806121558939942
2015-11-30,Stable,0.6633641322959624
2015-12-01,Stable,0.5685647938751115
2015-12-02,Transitional,0.8124444340156548
2015-12-03,Transitional,0.9456108901291886
2015-12-04,Transitional,0.9754484041474943
2015-12-07,Transitional,0.9717594789018715
2015-12-08,Transitional,0.9708366811084709
2015-12-09,Transitional,0.9735383972915533
2015-12-10,Transitional,0.9780906932672251
2015-12-11,Transitional,0.9948562381588071
2015-12-14,Transitional,0.9910423829356952
2015-12-15,Transitional,0.9926351246845219
2015-12-16,Transitional,0.9960214944264938
2015-12-17,Transitional,0.9977345647816569
2015-12-18,Transitional,0.9960149845889724
2015-12-21,Transitional,0.9659358427459266
2015-12-22,Transitional,0.9489560080047938
2015-12-23,Transitional,0.9393067437735401
2015-12-24,Transitional,0.9261819805682446
2015-12-28,Transitional,0.926251383805227
2015-12-29,Transitional,0.9388739083135708
2015-12-30,Transitional,0.9539081686937768
2015-12-31,Transitional,0.9730401589940881
2016-01-04,Transitional,0.9884767960908591
2016-01-05,Transitional,0.9890553131096524
2016-01-06,Transitional,0.9969751707773977
2016-01-07,Transitional,0.9998096572529718
2016-01-08,Transitional,0.9969192092570383
2016-01-11,Transitional,0.9928902689016538
2016-01-12,Transitional,0.9943973313600792
2016-01-13,Transitional,0.999869597900442
2016-01-14,Transitional,0.9996981691364116
2016-01-15,Transitional,0.9998400972127919
2016-01-19,Transitional,0.9955826711390872
2016-01-20,Transitional,0.9962040973776378
2016-01-21,Transitional,0.995651529171164
2016-01-22,Transitional,0.9994037505996438
2016-01-25,Transitional,0.9995377618245657
2016-01-26,Transitional,0.998645691603658
2016-01-27,Transitional,0.9978182842623361
2016-01-28,Transitional,0.9969208964014868
2016-01-29,Transitional,0.9997149175744581
2016-02-01,Transitional,0.997355767757174
2016-02-02,Transitional,0.9988110180423386
2016-02-03,Transitional,0.9931370095198557
2016-02-04,Transitional,0.9928561505792746
2016-02-05,Transitional,0.9985654956073087
2016-02-08,Transitional,0.9969598989576883
2016-02-09,Transitional,0.9896219979435615
2016-02-10,Transitional,0.9891464139077494
2016-02-11,Transitional,0.9953537839621874
2016-02-12,Transitional,0.9978749775873912
2016-02-16,Transitional,0.9953057822735603
2016-02-17,Transitional,0.9857828905277825
2016-02-18,Transitional,0.9522929864966447
2016-02-19,Transitional,0.9337442858873125
2016-02-22,Transitional,0.930631779455398
2016-02-23,Transitional,0.9168834631692586
2016-02-24,Transitional,0.8752945619960234
2016-02-25,Transitional,0.8596540875246224
2016-02-26,Transitional,0.8433444733964948
2016-02-29,Transitional,0.843941908508344
2016-03-01,Transitional,0.8451725584609209
2016-03-02,Stable,0.5659817753857147
2016-03-03,Stable,0.7561750678156717
2016-03-04,Stable,0.84147632620007
2016-03-07,Stable,0.8784743753179551
2016-03-08,Stable,0.8916738578732522
2016-03-09,Stable,0.924946572091766
2016-03-10,Stable,0.9399124228160534
2016-03-11,Stable,0.9431738614386088
2016-03-14,Stable,0.9719999608740643
2016-03-15,Stable,0.9853602691923893
2016-03-16,Stable,0.9917156785105035
2016-03-17,Stable,0.9949340652064028
2016-03-18,Stable,0.99688817425878
2016-03-21,Stable,0.9977764515741101
2016-03-22,Stable,0.997923839821912
2016-03-23,Stable,0.9975739182807085
2016-03-24,Stable,0.9980277072921484
2016-03-28,Stable,0.997979612244415
2016-03-29,Stable,0.9973295512203864
2016-03-30,Stable,0.9972301416624858
2016-03-31,Stable,0.9963750830979858
2016-04-01,Stable,0.9944140020027157
2016-04-04,Stable,0.9909255140431261
2016-04-05,Stable,0.9844089297196751
2016-04-06,Stable,0.9826999204188765
2016-04-07,Stable,0.9819018326586364
2016-04-08,Stable,0.9894925964569895
2016-04-11,Stable,0.9923636717555109
2016-04-12,Stable,0.9932529512848849
2016-04-13,Stable,0.9946552230311053
2016-04-14,Stable,0.9968859287887767
2016-04-15,Stable,0.9977809828064221
2016-04-18,Stable,0.9980786029878591
2016-04-19,Stable,0.9984213907817978
2016-04-20,Stable,0.9984560733814769
2016-04-21,Stable,0.9981605262683589
2016-04-22,Stable,0.9983774972532574
2016-04-25,Stable,0.9982543989695603
2016-04-26,Stable,0.9979152037479779
2016-04-27,Stable,0.996872998255576
2016-04-28,Stable,0.9943591396195962
2016-04-29,Stable,0.9943363818581615
2016-05-02,Stable,0.9939964211007364
2016-05-03,Stable,0.9931632057117933
2016-05-04,Stable,0.9943826007612794
2016-05-05,Stable,0.9957060478120825
2016-05-06,Stable,0.9955258175162965
2016-05-09,Stable,0.993715787337733
2016-05-10,Stable,0.9888783334493401
2016-05-11,Stable,0.987436101191365
2016-05-12,Stable,0.9892970964035236
2016-05-13,Stable,0.9879436035720459
2016-05-16,Stable,0.9885855986229667
2016-05-17,Stable,0.9895838782924954
2016-05-18,Stable,0.9937024921109768
2016-05-19,Stable,0.9950870470612383
2016-05-20,Stable,0.9956313450314659
2016-05-23,Stable,0.9953119382159369
2016-05-24,Stable,0.9936697435073261
2016-05-25,Stable,0.9959532683945624
2016-05-26,Stable,0.9975307451586775
2016-05-27,Stable,0.9981991710856495
2016-05-31,Stable,0.9985293801458984
2016-06-01,Stable,0.9986859783946511
2016-06-02,Stable,0.9986494284115731
2016-06-03,Stable,0.9984285677006579
2016-06-06,Stable,0.9982632963425023
2016-06-07,Stable,0.9979049045901427
2016-06-08,Stable,0.9968300518999451
2016-06-09,Stable,0.9943876214639712
2016-06-10,Stable,0.9893786334639175
2016-06-13,Stable,0.9873104710577902
2016-06-14,Stable,0.9868462781959849
2016-06-15,Stable,0.9829139472107764
2016-06-16,Stable,0.9733268646170322
2016-06-17,Stable,0.9508899469761729
2016-06-20,Stable,0.9089346841799743
2016-06-21,Stable,0.8276462516624761
2016-06-22,Stable,0.6423115198063056
2016-06-23,Transitional,0.7443219034616652
2016-06-24,Transitional,0.9857385416912184
2016-06-27,Transitional,0.992156604286757
2016-06-28,Transitional,0.9871974062110866
2016-06-29,Transitional,0.9444200016462152
2016-06-30,Transitional,0.7614722953613482
2016-07-01,Stable,0.548010418359577
2016-07-05,Stable,0.6822278389012856
2016-07-06,Stable,0.7932394121509477
2016-07-07,Stable,0.847813316191468
2016-07-08,Stable,0.870619407979862
2016-07-11,Stable,0.936988048316647
2016-07-12,Stable,0.9666998552266133
2016-07-13,Stable,0.9840940573390554
2016-07-14,Stable,0.9917053059201395
2016-07-15,Stable,0.9955610929013508
2016-07-18,Stable,0.9973314566539075
2016-07-19,Stable,0.9980185512134476
2016-07-20,Stable,0.9982959275162191
2016-07-21,Stable,0.9983150389632567
2016-07-22,Stable,0.99848760741134
2016-07-25,Stable,0.998541369354794
2016-07-26,Stable,0.9987253156034214
2016-07-27,Stable,0.9987643461568063
2016-07-28,Stable,0.9987985213308882
2016-07-29,Stable,0.9987130896947315
2016-08-01,Stable,0.998445428434411
2016-08-02,Stable,0.9979753385606736
2016-08-03,Stable,0.99836219681739
2016-08-04,Stable,0.9984092519106333
2016-08-05,Stable,0.9981227430626157
2016-08-08,Stable,0.9984811488994552
2016-08-09,Stable,0.9986280683441047
2016-08-10,Stable,0.998566753631111
2016-08-11,Stable,0.9986233684479219
2016-08-12,Stable,0.998660977833588
2016-08-15,Stable,0.9985916649481698
2016-08-16,Stable,0.9982977014259546
2016-08-17,Stable,0.9986378851521287
2016-08-18,Stable,0.9987466531545204
2016-08-19,Stable,0.9987107114085273
2016-08-22,Stable,0.9986636809545841
2016-08-23,Stable,0.9984890899914821
2016-08-24,Stable,0.9979813401074821
2016-08-25,Stable,0.9979468908013677
2016-08-26,Stable,0.9974822110167219
2016-08-29,Stable,0.9963455439740758
2016-08-30,Stable,0.99407347094601
2016-08-31,Stable,0.9893473032930483
2016-09-01,Stable,0.9799094203690268
2016-09-02,Stable,0.9584083103492026
2016-09-06,Stable,0.9122101773997312
2016-09-07,Stable,0.8079962372494544
2016-09-08,Stable,0.5737303271427168
2016-09-09,Transitional,0.8994725302205346
2016-09-12,Transitional,0.8724162190968968
2016-09-13,Transitional,0.8067761628354219
2016-09-14,Stable,0.5379969971277736
2016-09-15,Stable,0.6934828729492283
2016-09-16,Stable,0.8287406222818275
2016-09-19,Stable,0.9045565064027332
2016-09-20,Stable,0.9376165793081492
2016-09-21,Stable,0.9508378620596694
2016-09-22,Stable,0.9653126095187569
2016-09-23,Stable,0.9724403131174104
2016-09-26,Stable,0.9772169164779659
2016-09-27,Stable,0.9845201599195648
2016-09-28,Stable,0.9880597950703264
2016-09-29,Stable,0.9886141434963358
2016-09-30,Stable,0.9921866619145349
2016-10-03,Stable,0.9947207354739885
2016-10-04,Stable,0.9959776188861358
2016-10-05,Stable,0.9970777133500914
2016-10-06,Stable,0.9973270988545209
2016-10-07,Stable,0.9966746102510875
2016-10-10,Stable,0.995436091889001
2016-10-11,Stable,0.9925275700376817
2016-10-12,Stable,0.9958593751837882
2016-10-13,Stable,0.9971677733000729
2016-10-14,Stable,0.9979763364533447
2016-10-17,Stable,0.9981810727782832
2016-10-18,Stable,0.9983570365231725
2016-10-19,Stable,0.9986137293404943
2016-10-20,Stable,0.9986364580761012
2016-10-21,Stable,0.9985974588061111
2016-10-24,Stable,0.9983538075390147
2016-10-25,Stable,0.9979338256810908
2016-10-26,Stable,0.9975510646496999
2016-10-27,Stable,0.9965735917058826
2016-10-28,Stable,0.994816439856538
2016-10-31,Stable,0.9915692772339055
2016-11-01,Stable,0.9838977086159612
2016-11-02,Stable,0.9755841923654206
2016-11-03,Stable,0.9657461078962857
2016-11-04,Stable,0.9489009076718482
2016-11-07,Stable,0.9124080841130352
2016-11-08,Stable,0.9493027672526541
2016-11-09,Stable,0.9655548837947417
2016-11-10,Stable,0.9836627352184063
2016-11-11,Stable,0.9914577991037484
2016-11-14,Stable,0.9950642428040587
2016-11-15,Stable,0.9964412096274678
2016-11-16,Stable,0.9975655903479917
2016-11-17,Stable,0.9980519615603689
2016-11-18,Stable,0.9982053624997842
2016-11-21,Stable,0.9982197247207614
2016-11-22,Stable,0.9985692064277979
2016-11-23,Stable,0.998651522703434
2016-11-25,Stable,0.9985256971339582
2016-11-28,Stable,0.9982222063435603
2016-11-29,Stable,0.9984661389053744
2016-11-30,Stable,0.9983771933284333
2016-12-01,Stable,0.9982764799589955
2016-12-02,Stable,0.9982930063513713
2016-12-05,Stable,0.9978962761821425
2016-12-06,Stable,0.997293113501473
2016-12-07,Stable,0.9957165463722988
2016-12-08,Stable,0.997213294460414
2016-12-09,Stable,0.9976369285105249
2016-12-12,Stable,0.9977997425896219
2016-12-13,Stable,0.9974391926962173
2016-12-14,Stable,0.996889260608471
2016-12-15,Stable,0.9979083127822759
2016-12-16,Stable,0.9983586354296832
2016-12-19,Stable,0.9986252425248565
2016-12-20,Stable,0.9986590799254794
2016-12-21,Stable,0.9985750907573379
2016-12-22,Stable,0.9985441535422879
2016-12-23,Stable,0.9984611191537336
2016-12-27,Stable,0.9980327080922345
2016-12-28,Stable,0.9969600979594989
2016-12-29,Stable,0.9975867224239584
2016-12-30,Stable,0.9974866612362641
2017-01-03,Stable,0.9975428173889781
2017-01-04,Stable,0.9980698804104965
2017-01-05,Stable,0.9984462667967765
2017-01-06,Stable,0.9985776376314346
2017-01-09,Stable,0.9985315827982031
2017-01-10,Stable,0.9987169451916929
2017-01-11,Stable,0.9987684637305616
2017-01-12,Stable,0.9987154763904355
2017-01-13,Stable,0.9987442508678319
2017-01-17,Stable,0.998619055510734
2017-01-18,Stable,0.9986552936315041
2017-01-19,Stable,0.9984777886933247
2017-01-20,Stable,0.9985211297463619
2017-01-23,Stable,0.9983407357221418
2017-01-24,Stable,0.9981343136165349
2017-01-25,Stable,0.9980086345015678
2017-01-26,Stable,0.9983181101575166
2017-01-27,Stable,0.9983149884950849
2017-01-30,Stable,0.9980109528170396
2017-01-31,Stable,0.9984457696694502
2017-02-01,Stable,0.9986418612444622
2017-02-02,Stable,0.9986412066348205
2017-02-03,Stable,0.9984316269144241
2017-02-06,Stable,0.9985847207039911
2017-02-07,Stable,0.9987404155834112
2017-02-08,Stable,0.9987662979007392
2017-02-09,Stable,0.9986621775045617
2017-02-10,Stable,0.9987128047498174
2017-02-13,Stable,0.9986729064593461
2017-02-14,Stable,0.9987132661149355
2017-02-15,Stable,0.9987034997076987
2017-02-16,Stable,0.9987545616024015
2017-02-17,Stable,0.9987624833569273
2017-02-21,Stable,0.9986263075073385
2017-02-22,Stable,0.9986786037684341
2017-02-23,Stable,0.9986622738783074
2017-02-24,Stable,0.9984561208600823
2017-02-27,Stable,0.9978863447210388
2017-02-28,Stable,0.9965403543163965
2017-03-01,Stable,0.9941488254286857
2017-03-02,Stable,0.9955920304558301
2017-03-03,Stable,0.997216622685239
2017-03-06,Stable,0.997753999373381
2017-03-07,Stable,0.9981289806087917
2017-03-08,Stable,0.9984183331340103
2017-03-09,Stable,0.9986445476689064
2017-03-10,Stable,0.9986559728427608
2017-03-13,Stable,0.9985175969976946
2017-03-14,Stable,0.9980907694724834
2017-03-15,Stable,0.9976547383699984
2017-03-16,Stable,0.9976772180030341
2017-03-17,Stable,0.997188510696694
2017-03-20,Stable,0.9958440456059158
2017-03-21,Stable,0.9930331385766709
2017-03-22,Stable,0.9962510270642202
2017-03-23,Stable,0.9975904924796636
2017-03-24,Stable,0.9981869483277315
2017-03-27,Stable,0.9983921731662581
2017-03-28,Stable,0.9983571578683581
2017-03-29,Stable,0.9986525717538356
2017-03-30,Stable,0.998728648529487
2017-03-31,Stable,0.9986800175945456
2017-04-03,Stable,0.9987094369244347
2017-04-04,Stable,0.9987509999250536
2017-04-05,Stable,0.9986570323538789
2017-04-06,Stable,0.9987589636414547
2017-04-07,Stable,0.9987182739453054
2017-04-10,Stable,0.998607570589108
2017-04-11,Stable,0.9982551533407648
2017-04-12,Stable,0.9976050997010432
2017-04-13,Stable,0.9968375249990559
2017-04-17,Stable,0.9969685089668585
2017-04-18,Stable,0.9975053246162202
2017-04-19,Stable,0.9977072985847045
2017-04-20,Stable,0.9974323802900048
2017-04-21,Stable,0.9972857215852218
2017-04-24,Stable,0.9967609720597446
2017-04-25,Stable,0.9976812160837667
2017-04-26,Stable,0.9983358503520255
2017-04-27,Stable,0.9986327337579438
2017-04-28,Stable,0.9987116762596115
2017-05-01,Stable,0.9988369264718444
2017-05-02,Stable,0.9988688365759569
2017-05-03,Stable,0.9988311116750644
2017-05-04,Stable,0.9988378133882607
2017-05-05,Stable,0.9987665696150219
2017-05-08,Stable,0.9986849898109321
2017-05-09,Stable,0.9984448227247051
2017-05-10,Stable,0.9979752972188827
2017-05-11,Stable,0.9968045887187431
2017-05-12,Stable,0.994616498317897
2017-05-15,Stable,0.9899808679596246
2017-05-16,Stable,0.9803839505894044
2017-05-17,Stable,0.9591379969750378
2017-05-18,Stable,0.9795112072866924
2017-05-19,Stable,0.9886513969827004
2017-05-22,Stable,0.9940081665415698
2017-05-23,Stable,0.9967509565459747
2017-05-24,Stable,0.9979142257165855
2017-05-25,Stable,0.9983717288809956
2017-05-26,Stable,0.9986172947734177
2017-05-30,Stable,0.9986484465906484
2017-05-31,Stable,0.9986058222820511
2017-06-01,Stable,0.9983914009176966
2017-06-02,Stable,0.9986017523684504
2017-06-05,Stable,0.9986632147676127
2017-06-06,Stable,0.9986609793177125
2017-06-07,Stable,0.9988082326874413
2017-06-08,Stable,0.9988409917860841
2017-06-09,Stable,0.9988106302225955
2017-06-12,Stable,0.9987695465718389
2017-06-13,Stable,0.9987049349163176
2017-06-14,Stable,0.9986396201276048
2017-06-15,Stable,0.9984713957265432
2017-06-16,Stable,0.9982639219144149
2017-06-19,Stable,0.997609815811163
2017-06-20,Stable,0.9973840574804743
2017-06-21,Stable,0.9980635039219711
2017-06-22,Stable,0.9982575340230495
2017-06-23,Stable,0.9980830481777072
2017-06-26,Stable,0.9973255587776305
2017-06-27,Stable,0.9954762291278829
2017-06-28,Stable,0.9951771655069931
2017-06-29,Stable,0.9951001679073069
2017-06-30,Stable,0.9969517613217391
2017-07-03,Stable,0.9975415891884494
2017-07-05,Stable,0.997321242881085
2017-07-06,Stable,0.996109465327085
2017-07-07,Stable,0.9972855239061634
2017-07-10,Stable,0.9981096618273699
2017-07-11,Stable,0.9983616622149857
2017-07-12,Stable,0.9983310590286258
2017-07-13,Stable,0.9986348563650063
2017-07-14,Stable,0.9987080161134788
2017-07-17,Stable,0.9988015931749734
2017-07-18,Stable,0.9988215768606125
2017-07-19,Stable,0.9987520724720318
2017-07-20,Stable,0.9988249091159181
2017-07-21,Stable,0.9988459446509809
2017-07-24,Stable,0.9988435499507937
2017-07-25,Stable,0.9988730407706458
2017-07-26,Stable,0.9988732361225466
2017-07-27,Stable,0.9988317031750426
2017-07-28,Stable,0.99880580274784
2017-07-31,Stable,0.998815857168231
2017-08-01,Stable,0.9988101111519221
2017-08-02,Stable,0.9987100675337139
2017-08-03,Stable,0.9984441264089922
2017-08-04,Stable,0.9981082209237016
2017-08-07,Stable,0.9971798260554047
2017-08-08,Stable,0.9949734288035257
2017-08-09,Stable,0.9907962513980615
2017-08-10,Stable,0.9813695703908766
2017-08-11,Stable,0.9862171888371143
2017-08-14,Stable,0.986669908926729
2017-08-15,Stable,0.9876335082302119
2017-08-16,Stable,0.9850690221837628
2017-08-17,Stable,0.9768630287112647
2017-08-18,Stable,0.9873719546870878
2017-08-21,Stable,0.9922845836694435
2017-08-22,Stable,0.9938494264053046
2017-08-23,Stable,0.9961193328361548
2017-08-24,Stable,0.9975238412250826
2017-08-25,Stable,0.9983028876514547
2017-08-28,Stable,0.9986079823199586
2017-08-29,Stable,0.9986820163069822
2017-08-30,Stable,0.9985666005355206
2017-08-31,Stable,0.9983817728771103
2017-09-01,Stable,0.9982054644509312
2017-09-05,Stable,0.9975236641766955
2017-09-06,Stable,0.9981385651698216
2017-09-07,Stable,0.9982774885140585
2017-09-08,Stable,0.9980357067489279
2017-09-11,Stable,0.9974061176997577
2017-09-12,Stable,0.9982294622818952
2017-09-13,Stable,0.998611859592003
2017-09-14,Stable,0.9987506487899597
2017-09-15,Stable,0.9988636840558368
2017-09-18,Stable,0.9989033906873941
2017-09-19,Stable,0.9988963282847866
2017-09-20,Stable,0.9988397676377029
2017-09-21,Stable,0.9987033465493603
2017-09-22,Stable,0.9987841619609145
2017-09-25,Stable,0.9987486330283823
2017-09-26,Stable,0.9988243172129889
2017-09-27,Stable,0.9988348834920229
2017-09-28,Stable,0.9988785650032556
2017-09-29,Stable,0.9988592862446836
2017-10-02,Stable,0.9988547957216257
2017-10-03,Stable,0.9988766856051263
2017-10-04,Stable,0.9988416285540848
2017-10-05,Stable,0.9987161814972455
2017-10-06,Stable,0.9987559040078917
2017-10-09,Stable,0.9987732049123381
2017-10-10,Stable,0.9988598450259798
2017-10-11,Stable,0.9988819013515048
2017-10-12,Stable,0.9988440094177071
2017-10-13,Stable,0.9989042575268745
2017-10-16,Stable,0.9989246455667742
2017-10-17,Stable,0.9989149292444421
2017-10-18,Stable,0.998878381971045
2017-10-19,Stable,0.9987865252846021
2017-10-20,Stable,0.9985881510042093
2017-10-23,Stable,0.9983996528405095
2017-10-24,Stable,0.9984805959203513
2017-10-25,Stable,0.9982373028060578
2017-10-26,Stable,0.9983785264443413
2017-10-27,Stable,0.9981358566998093
2017-10-30,Stable,0.9983780758940091
2017-10-31,Stable,0.99870236561644
2017-11-01,Stable,0.9988386563751963
2017-11-02,Stable,0.9988814309763344
2017-11-03,Stable,0.9988923103264364
2017-11-06,Stable,0.9988969893011803
2017-11-07,Stable,0.9988510881586176
2017-11-08,Stable,0.9987727397661106
2017-11-09,Stable,0.9985530419639229
2017-11-10,Stable,0.9986183103392718
2017-11-13,Stable,0.9985606701129142
2017-11-14,Stable,0.9982269355992096
2017-11-15,Stable,0.9977282301390301
2017-11-16,Stable,0.9977382737157289
2017-11-17,Stable,0.9981652671224931
2017-11-20,Stable,0.9984628944103965
2017-11-21,Stable,0.9984241983242694
2017-11-22,Stable,0.9985800004646278
2017-11-24,Stable,0.9985753421050075
2017-11-27,Stable,0.9983091278378763
2017-11-28,Stable,0.9976646980028091
2017-11-29,Stable,0.9980431775801709
2017-11-30,Stable,0.9979305796175896
2017-12-01,Stable,0.9982833978014751
2017-12-04,Stable,0.9984648218293669
2017-12-05,Stable,0.9984497871156608
2017-12-06,Stable,0.9986710132552881
2017-12-07,Stable,0.9987351065076737
2017-12-08,Stable,0.9986785310486906
2017-12-11,Stable,0.9987451239349528
2017-12-12,Stable,0.9987143038797626
2017-12-13,Stable,0.9985047257718809
2017-12-14,Stable,0.9980490058717003
2017-12-15,Stable,0.9977430520380631
2017-12-18,Stable,0.9981307979757597
2017-12-19,Stable,0.9983397644522235
2017-12-20,Stable,0.9986242932301117
2017-12-21,Stable,0.9987748289262414
2017-12-22,Stable,0.9987932198529625
2017-12-26,Stable,0.9987598693899404
2017-12-27,Stable,0.9987047302362203
2017-12-28,Stable,0.9984726329832909
2017-12-29,Stable,0.9978869627416931
2018-01-02,Stable,0.9977272063605289
2018-01-03,Stable,0.9980210215091354
2018-01-04,Stable,0.9983070135445264
2018-01-05,Stable,0.9983116653353835
2018-01-08,Stable,0.9985767707429904
2018-01-09,Stable,0.9985751729257153
2018-01-10,Stable,0.998305423934602
2018-01-11,Stable,0.997733843436984
2018-01-12,Stable,0.9971956309101652
2018-01-16,Stable,0.9964322396729639
2018-01-17,Stable,0.9950812661151259
2018-01-18,Stable,0.9942368534783866
2018-01-19,Stable,0.9914722978936186
2018-01-22,Stable,0.9850923765005702
2018-01-23,Stable,0.9757887131966652
2018-01-24,Stable,0.9536792761673807
2018-01-25,Stable,0.9044412452101336
2018-01-26,Stable,0.7916848210109061
2018-01-29,Stable,0.6970678057420989
2018-01-30,Stable,0.5803182568878724
2018-01-31,Stable,0.5171789408373971
2018-02-01,Stable,0.629453717264045
2018-02-02,Transitional,0.9572192901378308
2018-02-05,Transitional,0.9642374894224582
2018-02-06,Transitional,0.9748527413300903
2018-02-07,Transitional,0.979740543275085
2018-02-08,Transitional,0.9827608010229125
2018-02-09,Transitional,0.9817128678176382
2018-02-12,Transitional,0.9608852810519039
2018-02-13,Transitional,0.9169994918767272
2018-02-14,Transitional,0.9004850512335568
2018-02-15,Transitional,0.8711764265070799
2018-02-16,Transitional,0.8350658486779469
2018-02-20,Transitional,0.8248582229456828
2018-02-21,Transitional,0.8229727582671333
2018-02-22,Transitional,0.8301969557437563
2018-02-23,Transitional,0.8616908596390894
2018-02-26,Transitional,0.8654524166843881
2018-02-27,Transitional,0.867496902757176
2018-02-28,Transitional,0.8491020602205072
2018-03-01,Transitional,0.8101242384977229
2018-03-02,Transitional,0.674781815206516
2018-03-05,Transitional,0.6106300499238676
2018-03-06,Transitional,0.5458410696338442
2018-03-07,Transitional,0.5224599023025213
2018-03-08,Transitional,0.5232006272892972
2018-03-09,Transitional,0.546827335828482
2018-03-12,Transitional,0.5252134172538624
2018-03-13,Transitional,0.5263441385081109
2018-03-14,Transitional,0.5349060194691194
2018-03-15,Transitional,0.5544445946611639
2018-03-16,Transitional,0.6096824503038442
2018-03-19,Transitional,0.7427456139232463
2018-03-20,Transitional,0.7705286004363643
2018-03-21,Transitional,0.842976846955717
2018-03-22,Transitional,0.9968441635951238
2018-03-23,Transitional,0.9980415037497011
2018-03-26,Transitional,0.9985785843860896
2018-03-27,Transitional,0.9990707887153835
2018-03-28,Transitional,0.9972006488814835
2018-03-29,Transitional,0.998422555660495
2018-04-02,Transitional,0.9997238330457551
2018-04-03,Transitional,0.9954027531979875
2018-04-04,Transitional,0.9906954805345014
2018-04-05,Transitional,0.9867020149409725
2018-04-06,Transitional,0.9878527621258347
2018-04-09,Transitional,0.8361018898318479
2018-04-10,Transitional,0.76981273682186
2018-04-11,Stable,0.516325197848415
2018-04-12,Stable,0.6567877245889778
2018-04-13,Stable,0.7716619295037639
2018-04-16,Stable,0.8303259081221452
2018-04-17,Stable,0.868010450370206
2018-04-18,Stable,0.9047179607889846
2018-04-19,Stable,0.918541517294825
2018-04-20,Stable,0.9270445367296724
2018-04-23,Stable,0.9385251021743503
2018-04-24,Stable,0.9393132495716627
2018-04-25,Stable,0.9628817193250286
2018-04-26,Stable,0.9721790380800387
2018-04-27,Stable,0.9817515455860361
2018-04-30,Stable,0.9847760081024879
2018-05-01,Stable,0.9895253713334107
2018-05-02,Stable,0.9905254174326618
2018-05-03,Stable,0.9922746268955314
2018-05-04,Stable,0.9920212928772765
2018-05-07,Stable,0.9950934152093556
2018-05-08,Stable,0.9961593901922997
2018-05-09,Stable,0.9959019981329456
2018-05-10,Stable,0.9964151434163481
2018-05-11,Stable,0.9975683335800396
2018-05-14,Stable,0.9978443081642397
2018-05-15,Stable,0.9974531781662941
2018-05-16,Stable,0.9980387055907268
2018-05-17,Stable,0.9981939192746451
2018-05-18,Stable,0.9979863024008921
2018-05-21,Stable,0.9975778350297533
2018-05-22,Stable,0.9972772430843229
2018-05-23,Stable,0.9966087543934776
2018-05-24,Stable,0.9946202776432627
2018-05-25,Stable,0.9905041369175349
2018-05-29,Stable,0.9822691144709097
2018-05-30,Stable,0.9818206207026449
2018-05-31,Stable,0.9853576998783091
2018-06-01,Stable,0.9889742975022651
2018-06-04,Stable,0.9939450893795317
2018-06-05,Stable,0.9962386885983946
2018-06-06,Stable,0.9969424146195539
2018-06-07,Stable,0.9979903771981972
2018-06-08,Stable,0.9984757777414848
2018-06-11,Stable,0.9986741377948817
2018-06-12,Stable,0.9986715814392038
2018-06-13,Stable,0.9984644093638644
2018-06-14,Stable,0.99856430259507
2018-06-15,Stable,0.9984126823290803
2018-06-18,Stable,0.9980213950038437
2018-06-19,Stable,0.9973238359684582
2018-06-20,Stable,0.9964925101225683
2018-06-21,Stable,0.9941094609819302
2018-06-22,Stable,0.991953671852887
2018-06-25,Stable,0.9860232857637667
2018-06-26,Stable,0.9906622977847319
2018-06-27,Stable,0.9917608663529279
2018-06-28,Stable,0.9949415151258695
2018-06-29,Stable,0.9967159997982171
2018-07-02,Stable,0.9971777792730097
2018-07-03,Stable,0.9967217677833927
2018-07-05,Stable,0.9963322255079893
2018-07-06,Stable,0.9962441372374046
2018-07-09,Stable,0.9963834491390564
2018-07-10,Stable,0.9969212190360025
2018-07-11,Stable,0.9964777632755004
2018-07-12,Stable,0.9970442774178312
2018-07-13,Stable,0.998057656247477
2018-07-16,Stable,0.998439535225174
2018-07-17,Stable,0.9985977945693187
2018-07-18,Stable,0.9986319942492076
2018-07-19,Stable,0.998445265931544
2018-07-20,Stable,0.9985415212840608
2018-07-23,Stable,0.9984749418516359
2018-07-24,Stable,0.9980748537556831
2018-07-25,Stable,0.9973395620676233
2018-07-26,Stable,0.9972701059600935
2018-07-27,Stable,0.9968213035366263
2018-07-30,Stable,0.9971535860003239
2018-07-31,Stable,0.9979501342186331
2018-08-01,Stable,0.9983668513769373
2018-08-02,Stable,0.9985205158664296
2018-08-03,Stable,0.9986234854749959
2018-08-06,Stable,0.9986948786877571
2018-08-07,Stable,0.9986621430172481
2018-08-08,Stable,0.9984534078015824
2018-08-09,Stable,0.9979494983547889
2018-08-10,Stable,0.9969625087759436
2018-08-13,Stable,0.9970265710303656
2018-08-14,Stable,0.9969175029516197
2018-08-15,Stable,0.9964227154821352
2018-08-16,Stable,0.9972070535235
2018-08-17,Stable,0.998136371367662
2018-08-20,Stable,0.9985591278423351
2018-08-21,Stable,0.998711271022297
2018-08-22,Stable,0.9986913728932276
2018-08-23,Stable,0.9985491417490663
2018-08-24,Stable,0.9983297287781129
2018-08-27,Stable,0.9981890979072187
2018-08-28,Stable,0.9984335174235551
2018-08-29,Stable,0.9983567555061574
2018-08-30,Stable,0.9982770019210141
2018-08-31,Stable,0.9985330539336145
2018-09-04,Stable,0.9985328555641313
2018-09-05,Stable,0.9984466004478022
2018-09-06,Stable,0.9984090763940654
2018-09-07,Stable,0.998572934023757
2018-09-10,Stable,0.998746945753808
2018-09-11,Stable,0.998768151742078
2018-09-12,Stable,0.9987482774086573
2018-09-13,Stable,0.9985978844249177
2018-09-14,Stable,0.998490683649852
2018-09-17,Stable,0.9980860449795145
2018-09-18,Stable,0.9982902043058511
2018-09-19,Stable,0.9983982928493411
2018-09-20,Stable,0.9981335987713582
2018-09-21,Stable,0.9982848825479841
2018-09-24,Stable,0.9980751980266528
2018-09-25,Stable,0.9978991024326684
2018-09-26,Stable,0.9972473406426622
2018-09-27,Stable,0.9962119392956327
2018-09-28,Stable,0.9934929674475872
2018-10-01,Stable,0.9872086350198506
2018-10-02,Stable,0.9733421615203365
2018-10-03,Stable,0.9424191025102842
2018-10-04,Stable,0.8715632333031391
2018-10-05,Stable,0.8039344971440595
2018-10-08,Stable,0.704974581484816
2018-10-09,Stable,0.5158595649978488
2018-10-10,Transitional,0.9874630532648571
2018-10-11,Transitional,0.9931571277749558
2018-10-12,Transitional,0.9959506758000252
2018-10-15,Transitional,0.9964641839259514
2018-10-16,Transitional,0.9981661808861154
2018-10-17,Transitional,0.9923728350940919
2018-10-18,Transitional,0.9923653030898046
2018-10-19,Transitional,0.9844254365514741
2018-10-22,Transitional,0.9843041878606127
2018-10-23,Transitional,0.9894725314026939
2018-10-24,Transitional,0.9996960549889521
2018-10-25,Transitional,0.9996297206397455
2018-10-26,Transitional,0.9992710690307643
2018-10-29,Transitional,0.993765800149773
2018-10-30,Transitional,0.9911137674351556
2018-10-31,Transitional,0.9820828870025627
2018-11-01,Transitional,0.9747030765095296
2018-11-02,Transitional,0.969488409898542
2018-11-05,Transitional,0.9683921906912817
2018-11-06,Transitional,0.9756232125090006
2018-11-07,Transitional,0.9935465835690608
2018-11-08,Transitional,0.9915014952552814
2018-11-09,Transitional,0.9944268625401964
2018-11-12,Transitional,0.997699184610932
2018-11-13,Transitional,0.9879275776435622
2018-11-14,Transitional,0.9858893973289211
2018-11-15,Transitional,0.9858136201874207
2018-11-16,Transitional,0.9876194503050626
2018-11-19,Transitional,0.997904309543967
2018-11-20,Transitional,0.9986600189661586
2018-11-21,Transitional,0.9919514594620908
2018-11-23,Transitional,0.9916189483623832
2018-11-26,Transitional,0.9939755838342909
2018-11-27,Transitional,0.993350665985747
2018-11-28,Transitional,0.9982263570478718
2018-11-29,Transitional,0.9922512718266792
2018-11-30,Transitional,0.9918484490700921
2018-12-03,Transitional,0.9950769321774321
2018-12-04,Transitional,0.9997973847586211
2018-12-06,Transitional,0.9978051314172068
2018-12-07,Transitional,0.9991839354528803
2018-12-10,Transitional,0.9691728167863644
2018-12-11,Transitional,0.9585050899455261
2018-12-12,Transitional,0.9590332133010724
2018-12-13,Transitional,0.9694063450594577
2018-12-14,Transitional,0.9980373889968525
2018-12-17,Transitional,0.9993399511190998
2018-12-18,Transitional,0.9971980068363808
2018-12-19,Transitional,0.9986114774933422
2018-12-20,Transitional,0.9983654387423722
2018-12-21,Transitional,0.997400864632963
2018-12-24,Transitional,0.9958356294453328
2018-12-26,Transitional,0.9947121932071226
2018-12-27,Transitional,0.9839174709233541
2018-12-28,Transitional,0.9768894027805596
2018-12-31,Transitional,0.9774713435814005
2019-01-02,Transitional,0.9824978308034888
2019-01-03,Transitional,0.9994569605453069
2019-01-04,Transitional,0.9995728634740829
2019-01-07,Stable,0.6181813423551384
2019-01-08,Stable,0.601738643962195
2019-01-09,Stable,0.7807507164416754
2019-01-10,Stable,0.8632378981758667
2019-01-11,Stable,0.9014455191008038
2019-01-14,Stable,0.916383183678516
2019-01-15,Stable,0.924689410611098
2019-01-16,Stable,0.9336076531911347
2019-01-17,Stable,0.9318483685061199
2019-01-18,Stable,0.9242381255962662
2019-01-22,Stable,0.9245375536419163
2019-01-23,Stable,0.9560017490206526
2019-01-24,Stable,0.9689877401454642
2019-01-25,Stable,0.9728718744203484
2019-01-28,Stable,0.9746448083091483
2019-01-29,Stable,0.977614056997215
2019-01-30,Stable,0.9757465630239394
2019-01-31,Stable,0.9847739261481112
2019-02-01,Stable,0.9915321111054836
2019-02-04,Stable,0.9941292113790702
2019-02-05,Stable,0.9955445265290869
2019-02-06,Stable,0.9956548939272709
2019-02-07,Stable,0.9946445766970334
2019-02-08,Stable,0.9961625476041245
2019-02-11,Stable,0.9962285929432139
2019-02-12,Stable,0.9948881321171752
2019-02-13,Stable,0.9965299220316339
2019-02-14,Stable,0.9968792839542093
2019-02-15,Stable,0.9966261905135283
2019-02-19,Stable,0.9978374217792328
2019-02-20,Stable,0.9982758242251555
2019-02-21,Stable,0.9982652048946146
2019-02-22,Stable,0.9983696106359667
2019-02-25,Stable,0.9986144710318162
2019-02-26,Stable,0.9986171881481997
2019-02-27,Stable,0.9984853819188168
2019-02-28,Stable,0.9981098059058685
2019-03-01,Stable,0.997612507492765
2019-03-04,Stable,0.9970748986864965
2019-03-05,Stable,0.9963009367445541
2019-03-06,Stable,0.9941951457761179
2019-03-07,Stable,0.9924872537351703
2019-03-08,Stable,0.9923786241837249
2019-03-11,Stable,0.9901993784930483
2019-03-12,Stable,0.9938780205936061
2019-03-13,Stable,0.9950227873133001
2019-03-14,Stable,0.9954526718008798
2019-03-15,Stable,0.9944092507388368
2019-03-18,Stable,0.9915722824380694
2019-03-19,Stable,0.9848112147815812
2019-03-20,Stable,0.9693266041943772
2019-03-21,Stable,0.9397693963253021
2019-03-22,Stable,0.9109985449156737
2019-03-25,Stable,0.9527335531538874
2019-03-26,Stable,0.9714877171726828
2019-03-27,Stable,0.9825295886956877
2019-03-28,Stable,0.9894861516852211
2019-03-29,Stable,0.9921197383976998
2019-04-01,Stable,0.9932186067906457
2019-04-02,Stable,0.9963706758416316
2019-04-03,Stable,0.9977591851972207
2019-04-04,Stable,0.9983138916773586
2019-04-05,Stable,0.998436565417811
2019-04-08,Stable,0.9984254830178421
2019-04-09,Stable,0.9980557405453332
2019-04-10,Stable,0.9984537155090935
2019-04-11,Stable,0.9985876431456676
2019-04-12,Stable,0.9985067102208443
2019-04-15,Stable,0.9986699178847772
2019-04-16,Stable,0.9987152574365558
2019-04-17,Stable,0.9986033264000787
2019-04-18,Stable,0.99852966050859
2019-04-22,Stable,0.9981537722520155
2019-04-23,Stable,0.9972048016413801
2019-04-24,Stable,0.9967762771636222
2019-04-25,Stable,0.9955302960015211
2019-04-26,Stable,0.9923276875210357
2019-04-29,Stable,0.9855814819124128
2019-04-30,Stable,0.9698516214035204
2019-05-01,Stable,0.9336477385627051
2019-05-02,Stable,0.8953703061907443
2019-05-03,Stable,0.8164129646363982
2019-05-06,Stable,0.7190192020441267
2019-05-07,Stable,0.5569069165003667
2019-05-08,Stable,0.5482302492148574
2019-05-09,Stable,0.5138229737758505
2019-05-10,Stable,0.5581439223632493
2019-05-13,Stable,0.7207059645552999
2019-05-14,Stable,0.547643070233227
2019-05-15,Stable,0.563504864939976
2019-05-16,Stable,0.6191753678241436
2019-05-17,Stable,0.6578544888917895
2019-05-20,Stable,0.6831613313323391
2019-05-21,Stable,0.702074301699865
2019-05-22,Stable,0.710797126738035
2019-05-23,Stable,0.7033502259011022
2019-05-24,Stable,0.7181552367623445
2019-05-28,Stable,0.7121338319449932
2019-05-29,Stable,0.7084526785756254
2019-05-30,Stable,0.7007662795090007
2019-05-31,Stable,0.6666579348243078
2019-06-03,Stable,0.6690027208549236
2019-06-04,Stable,0.6538110907856552
2019-06-05,Stable,0.7850516499483797
2019-06-06,Stable,0.8714053973928683
2019-06-07,Stable,0.9169469305106702
2019-06-10,Stable,0.9601023012334403
2019-06-11,Stable,0.9807237032113043
2019-06-12,Stable,0.9898821638513563
2019-06-13,Stable,0.9943412557742526
2019-06-14,Stable,0.996290634413865
2019-06-17,Stable,0.9970256646067371
2019-06-18,Stable,0.9967054252236653
2019-06-19,Stable,0.9972505129110095
2019-06-20,Stable,0.9969013536865361
2019-06-21,Stable,0.997324318597456
2019-06-24,Stable,0.9970337336718261
2019-06-25,Stable,0.9959436584803173
2019-06-26,Stable,0.9973514483446557
2019-06-27,Stable,0.9979380215946788
2019-06-28,Stable,0.9980197249768344
2019-07-01,Stable,0.997961890767659
2019-07-02,Stable,0.9982198960060248
2019-07-03,Stable,0.9980515817637037
2019-07-05,Stable,0.9982268050947964
2019-07-08,Stable,0.9981788336632667
2019-07-09,Stable,0.9985426102128645
2019-07-10,Stable,0.998613818603542
2019-07-11,Stable,0.9986320621318528
2019-07-12,Stable,0.9984327390680308
2019-07-15,Stable,0.9980845728923268
2019-07-16,Stable,0.9971690750812945
2019-07-17,Stable,0.9958255574866471
2019-07-18,Stable,0.9951034460212718
2019-07-19,Stable,0.9925273645726769
2019-07-22,Stable,0.9898752580155306
2019-07-23,Stable,0.9827432906099043
2019-07-24,Stable,0.9703132694896358
2019-07-25,Stable,0.9439390917851577
2019-07-26,Stable,0.9045851469907541
2019-07-29,Stable,0.8391147212681035
2019-07-30,Stable,0.7005559808766106
2019-07-31,Transitional,0.5729321117692385
2019-08-01,Transitional,0.7254826708051249
2019-08-02,Transitional,0.8526409172344505
2019-08-05,Transitional,0.9974087748485514
2019-08-06,Transitional,0.9967924769423232
2019-08-07,Transitional,0.9954627753753502
2019-08-08,Transitional,0.9982320641893928
2019-08-09,Transitional,0.9973958488218322
2019-08-12,Transitional,0.9986101365789257
2019-08-13,Transitional,0.9992309437752663
2019-08-14,Transitional,0.9998999780458135
2019-08-15,Transitional,0.9913194993397416
2019-08-16,Transitional,0.9899896827115028
2019-08-19,Transitional,0.9856585129112572
2019-08-20,Transitional,0.9810985541225327
2019-08-21,Transitional,0.9781232297423899
2019-08-22,Transitional,0.9799057150207616
2019-08-23,Transitional,0.9911307097780697
2019-08-26,Transitional,0.749889251565452
2019-08-27,Stable,0.5080576850510815
2019-08-28,Stable,0.6198303777243609
2019-08-29,Stable,0.6890299710633498
2019-08-30,Stable,0.7877085929748614
2019-09-03,Stable,0.8292527439145739
2019-09-04,Stable,0.8639008028646259
2019-09-05,Stable,0.8988885124746551
2019-09-06,Stable,0.9541064467791364
2019-09-09,Stable,0.9781233742824873
2019-09-10,Stable,0.9887200749535796
2019-09-11,Stable,0.9931750857607589
2019-09-12,Stable,0.9960675727656859
2019-09-13,Stable,0.9971932634459375
2019-09-16,Stable,0.9974209117048871
2019-09-17,Stable,0.9973532902150322
2019-09-18,Stable,0.9963730470964014
2019-09-19,Stable,0.9937821495354575
2019-09-20,Stable,0.9877937085678525
2019-09-23,Stable,0.9789523882035687
2019-09-24,Stable,0.958568607497872
2019-09-25,Stable,0.9411964391886855
2019-09-26,Stable,0.9075825325137391
2019-09-27,Stable,0.8396593237512898
2019-09-30,Stable,0.7379075879830281
2019-10-01,Stable,0.529018348050085
2019-10-02,Stable,0.5522767431251117
2019-10-03,Stable,0.5272597156174689
2019-10-04,Stable,0.5165865890102149
2019-10-07,Stable,0.5179331833421399
2019-10-08,Stable,0.5338547561467047
2019-10-09,Stable,0.6852632653272922
2019-10-10,Stable,0.7981189874244936
2019-10-11,Stable,0.8590450766215877
2019-10-14,Stable,0.9209043556448494
2019-10-15,Stable,0.949455001697277
2019-10-16,Stable,0.9745058919874592
2019-10-17,Stable,0.9866590458755864
2019-10-18,Stable,0.9917638802359433
2019-10-21,Stable,0.9947599709045238
2019-10-22,Stable,0.9966298593022413
2019-10-23,Stable,0.9978749997427951
2019-10-24,Stable,0.9984006713976739
2019-10-25,Stable,0.9985409767792368
2019-10-28,Stable,0.9985356733844032
2019-10-29,Stable,0.9985925810293667
2019-10-30,Stable,0.9985050240832958
2019-10-31,Stable,0.9981687587146315
2019-11-01,Stable,0.9977838721613883
2019-11-04,Stable,0.9983607563282212
2019-11-05,Stable,0.9986266067415246
2019-11-06,Stable,0.9987960149948785
2019-11-07,Stable,0.9988529648322869
2019-11-08,Stable,0.998856972612113
2019-11-11,Stable,0.998803479001411
2019-11-12,Stable,0.9988576984916411
2019-11-13,Stable,0.99883308239401
2019-11-14,Stable,0.9987225247795563
2019-11-15,Stable,0.9984423115262995
2019-11-18,Stable,0.9986358085416914
2019-11-19,Stable,0.9986202530369462
2019-11-20,Stable,0.9984539030075641
2019-11-21,Stable,0.9985302655722976
2019-11-22,Stable,0.9985101039311297
2019-11-25,Stable,0.9981897617928555
2019-11-26,Stable,0.9982080241818394
2019-11-27,Stable,0.9977489131561319
2019-11-29,Stable,0.9966819694499521
2019-12-02,Stable,0.9952218570195354
2019-12-03,Stable,0.9957002910387244
2019-12-04,Stable,0.9968601005381653
2019-12-05,Stable,0.9975300863165383
2019-12-06,Stable,0.9973617234870231
2019-12-09,Stable,0.9978829784882552
2019-12-10,Stable,0.9982635890888998
2019-12-11,Stable,0.9983374587874788
2019-12-12,Stable,0.9980473034346844
2019-12-13,Stable,0.9983755211478956
2019-12-16,Stable,0.998357659994602
2019-12-17,Stable,0.998644902777584
2019-12-18,Stable,0.9987312620859429
2019-12-19,Stable,0.9987238865131189
2019-12-20,Stable,0.9987215303572362
2019-12-23,Stable,0.9987836376898468
2019-12-24,Stable,0.9987230366779288
2019-12-26,Stable,0.9985445031299137
2019-12-27,Stable,0.9983550515889784
2019-12-30,Stable,0.9977915473409754
2019-12-31,Stable,0.997839091321496
2020-01-02,Stable,0.9972540792742556
2020-01-03,Stable,0.9970348496039175
2020-01-06,Stable,0.9978495501948653
2020-01-07,Stable,0.9980640768907629
2020-01-08,Stable,0.9981539298923856
2020-01-09,Stable,0.99800835070708
2020-01-10,Stable,0.9979195261284645
2020-01-13,Stable,0.9976561123216201
2020-01-14,Stable,0.9974085904582565
2020-01-15,Stable,0.9964830020061273
2020-01-16,Stable,0.9939675211676601
2020-01-17,Stable,0.9909576854172968
2020-01-21,Stable,0.9838273439668253
2020-01-22,Stable,0.9698009311356567
2020-01-23,Stable,0.9375920127049319
2020-01-24,Stable,0.8633507733924277
2020-01-27,Stable,0.8035446621802459
2020-01-28,Stable,0.8081014550217196
2020-01-29,Stable,0.8103020710525733
2020-01-30,Stable,0.7955272812706132
2020-01-31,Stable,0.7530185661411013
2020-02-03,Stable,0.7908918922110343
2020-02-04,Stable,0.8107564194375019
2020-02-05,Stable,0.8681304648920872
2020-02-06,Stable,0.92993943671375
2020-02-07,Stable,0.9572806034458129
2020-02-10,Stable,0.9760214153655401
2020-02-11,Stable,0.987439430902272
2020-02-12,Stable,0.9921139299493781
2020-02-13,Stable,0.9946238642604647
2020-02-14,Stable,0.9952451801314871
2020-02-18,Stable,0.9931904839092311
2020-02-19,Stable,0.9832119012438291
2020-02-20,Stable,0.9233725394675286
2020-02-21,Stable,0.5789700420036905
2020-02-24,Volatile,0.9856533273222785
2020-02-25,Volatile,0.9889563175025962
2020-02-26,Volatile,0.9905720921351129
2020-02-27,Volatile,0.99844332835623
2020-02-28,Volatile,0.9987154262362843
2020-03-02,Volatile,0.9999314482734982
2020-03-03,Volatile,0.9999596778378502
2020-03-04,Volatile,0.9999927366016014
2020-03-05,Volatile,0.9999836449579146
2020-03-06,Volatile,0.9999614253338772
2020-03-09,Volatile,0.9999999992069206
2020-03-10,Volatile,0.9999997230479877
2020-03-11,Volatile,0.9999996875031263
2020-03-12,Volatile,1.0
2020-03-13,Volatile,1.0
2020-03-16,Volatile,1.0
2020-03-17,Volatile,0.9999999758256312
2020-03-18,Volatile,0.9999990099318338
2020-03-19,Volatile,0.9999449610362986
2020-03-20,Volatile,0.9999936351762437
2020-03-23,Volatile,0.999989486898596
2020-03-24,Volatile,0.999999999998181
2020-03-25,Volatile,0.9999611083817936
2020-03-26,Volatile,0.999999924950319
2020-03-27,Volatile,0.9999895285912147
2020-03-30,Volatile,0.9999751886993505
2020-03-31,Volatile,0.9999371550341911
2020-04-01,Volatile,0.9999729820786446
2020-04-02,Volatile,0.9998643879128162
2020-04-03,Volatile,0.9998043604960432
2020-04-06,Volatile,0.9998600110161749
2020-04-07,Transitional,0.7388606911652791
2020-04-08,Transitional,0.6655057210760068
2020-04-09,Transitional,0.583646199155199
2020-04-13,Transitional,0.6931051626730839
2020-04-14,Transitional,0.7315666688003996
2020-04-15,Transitional,0.8114554244826603
2020-04-16,Transitional,0.8734513599226159
2020-04-17,Transitional,0.8936098781081095
2020-04-20,Transitional,0.9185531441448127
2020-04-21,Transitional,0.9324336504511052
2020-04-22,Transitional,0.9615897043650342
2020-04-23,Transitional,0.9834808397827981
2020-04-24,Transitional,0.9913434849515611
2020-04-27,Transitional,0.9947996046853419
2020-04-28,Transitional,0.9959117476275148
2020-04-29,Transitional,0.9988224363925923
2020-04-30,Transitional,0.9987678161686682
2020-05-01,Transitional,0.9995394419407334
2020-05-04,Transitional,0.9892595192672967
2020-05-05,Transitional,0.9867384806736649
2020-05-06,Transitional,0.9875599453074285
2020-05-07,Transitional,0.9909348981097154
2020-05-08,Transitional,0.9951551681413627
2020-05-11,Transitional,0.9948381823171571
2020-05-12,Transitional,0.9997383622901089
2020-05-13,Transitional,0.999659959133591
2020-05-14,Transitional,0.9975594141141774
2020-05-15,Transitional,0.9966332360790111
2020-05-18,Transitional,0.9998455239966313
2020-05-19,Transitional,0.9938686888913063
2020-05-20,Transitional,0.9851905807009604
2020-05-21,Transitional,0.952617874927764
2020-05-22,Transitional,0.922730128964901
2020-05-26,Transitional,0.9137530815375626
2020-05-27,Transitional,0.9013170222677622
2020-05-28,Transitional,0.8674286472822333
2020-05-29,Transitional,0.855411979719019
2020-06-01,Transitional,0.8591750799153863
2020-06-02,Transitional,0.8824151012342801
2020-06-03,Transitional,0.9214176457827157
2020-06-04,Transitional,0.94363229493204
2020-06-05,Transitional,0.9884231283168905
2020-06-08,Transitional,0.9831244458214046
2020-06-09,Transitional,0.9772438654572153
2020-06-10,Transitional,0.9714110233751371
2020-06-11,Transitional,0.963978426876521
2020-06-12,Transitional,0.9805479689886367
2020-06-15,Transitional,0.9822224003858675
2020-06-16,Transitional,0.9824477882353085
2020-06-17,Transitional,0.9523814379675651
2020-06-18,Transitional,0.9376656515259396
2020-06-19,Transitional,0.9368382278854412
2020-06-22,Transitional,0.9421743200960212
2020-06-23,Transitional,0.9589105211354683
2020-06-24,Transitional,0.9993503293872262
2020-06-25,Transitional,0.9987983583399709
2020-06-26,Transitional,0.9996096205636195
2020-06-29,Transitional,0.9801770502430933
2020-06-30,Transitional,0.9384791510849879
2020-07-01,Transitional,0.8289334790517845
2020-07-02,Transitional,0.777595136531579
2020-07-06,Transitional,0.7578308173928634
2020-07-07,Transitional,0.6859343006086354
2020-07-08,Stable,0.5572557555435227
2020-07-09,Stable,0.5226374946883258
2020-07-10,Stable,0.5766026917761569
2020-07-13,Stable,0.6259458397559214
2020-07-14,Stable,0.691837679305573
2020-07-15,Stable,0.8021315216190215
2020-07-16,Stable,0.8843370355767717
2020-07-17,Stable,0.9286605676767008
2020-07-20,Stable,0.9472603227289427
2020-07-21,Stable,0.959608719049452
2020-07-22,Stable,0.962341872038229
2020-07-23,Stable,0.9594005937113516
2020-07-24,Stable,0.9686890746203402
2020-07-27,Stable,0.9757772706872639
2020-07-28,Stable,0.9792400404944532
2020-07-29,Stable,0.9820666551744461
2020-07-30,Stable,0.9887935384314707
2020-07-31,Stable,0.9925075038580102
2020-08-03,Stable,0.9950093934596446
2020-08-04,Stable,0.9966685989136725
2020-08-05,Stable,0.997142190070871
2020-08-06,Stable,0.9973099669827438
2020-08-07,Stable,0.99723512634897
2020-08-10,Stable,0.9961745729646881
2020-08-11,Stable,0.9934022163961161
2020-08-12,Stable,0.9920981601687289
2020-08-13,Stable,0.9954173247477859
2020-08-14,Stable,0.9970327693554533
2020-08-17,Stable,0.9975440707148917
2020-08-18,Stable,0.9972714916919888
2020-08-19,Stable,0.9959944353512554
2020-08-20,Stable,0.9942721092084823
2020-08-21,Stable,0.9898946579944139
2020-08-24,Stable,0.9799654105666081
2020-08-25,Stable,0.9695574639142537
2020-08-26,Stable,0.9455370729789331
2020-08-27,Stable,0.9192978930600605
2020-08-28,Stable,0.8573448262891683
2020-08-31,Stable,0.7467993195773108
2020-09-01,Stable,0.5209960680042101
2020-09-02,Transitional,0.8453065555588404
2020-09-03,Transitional,0.9877699243736436
2020-09-04,Transitional,0.99221693873831
2020-09-08,Transitional,0.9945830951794551
2020-09-09,Transitional,0.99685477179631
2020-09-10,Transitional,0.9972160684836944
2020-09-11,Transitional,0.981701451115366
2020-09-14,Transitional,0.9772736043730281
2020-09-15,Transitional,0.970730425517983
2020-09-16,Transitional,0.9723962727277266
2020-09-17,Transitional,0.9804879750877681
2020-09-18,Transitional,0.9892068051415771
2020-09-21,Transitional,0.9937904656736799
2020-09-22,Transitional,0.9958327101958087
2020-09-23,Transitional,0.9997110526749226
2020-09-24,Transitional,0.9948962361092171
2020-09-25,Transitional,0.9952426404823529
2020-09-28,Transitional,0.9924972734700294
2020-09-29,Transitional,0.9824372636234531
2020-09-30,Transitional,0.9785009229847966
2020-10-01,Transitional,0.9793397054215801
2020-10-02,Transitional,0.9880474748592499
2020-10-05,Transitional,0.995273430207003
2020-10-06,Transitional,0.9953342692136848
2020-10-07,Transitional,0.9906715288214198
2020-10-08,Transitional,0.967801208217812
2020-10-09,Transitional,0.9550937472599061
2020-10-12,Transitional,0.9487472026502501
2020-10-13,Transitional,0.9178008868859853
2020-10-14,Transitional,0.8962877514063529
2020-10-15,Transitional,0.8815171551225146
2020-10-16,Transitional,0.8824031075827371
2020-10-19,Transitional,0.9011237816466785
2020-10-20,Transitional,0.8797738070516868
2020-10-21,Transitional,0.8756864030055687
2020-10-22,Transitional,0.8860077024332282
2020-10-23,Transitional,0.915978273487378
2020-10-26,Transitional,0.9875640780477197
2020-10-27,Transitional,0.990263879281876
2020-10-28,Transitional,0.9992626894627333
2020-10-29,Transitional,0.9985137321590434
2020-10-30,Transitional,0.9986398977074668
2020-11-02,Transitional,0.9984196073610316
2020-11-03,Transitional,0.9991179290888867
2020-11-04,Transitional,0.9984639210760082
2020-11-05,Transitional,0.9771467183556563
2020-11-06,Stable,0.791916918968714
2020-11-09,Stable,0.710738353396631
2020-11-10,Stable,0.6178827280289019
2020-11-11,Stable,0.5776331051899395
2020-11-12,Stable,0.557025059412824
2020-11-13,Stable,0.5216620554476907
2020-11-16,Stable,0.5436764947479555
2020-11-17,Stable,0.618686182406628
2020-11-18,Stable,0.663718676383092
2020-11-19,Stable,0.7647129024628173
2020-11-20,Stable,0.8095642913490416
2020-11-23,Stable,0.8462051640905435
2020-11-24,Stable,0.8621274847751808
2020-11-25,Stable,0.928023306326105
2020-11-27,Stable,0.9590460583790005
2020-11-30,Stable,0.9719837862127773
2020-12-01,Stable,0.9796587137181657
2020-12-02,Stable,0.9894525025839698
2020-12-03,Stable,0.9934782145784143
2020-12-04,Stable,0.9948670210346422
2020-12-07,Stable,0.9963692804617564
2020-12-08,Stable,0.9968334563975109
2020-12-09,Stable,0.9962097677746455
2020-12-10,Stable,0.9970590797090534
2020-12-11,Stable,0.9970706724212279
2020-12-14,Stable,0.9962477686355561
2020-12-15,Stable,0.9951029881229657
2020-12-16,Stable,0.9969402634976825
2020-12-17,Stable,0.9975180980254958
2020-12-18,Stable,0.9977407048984831
2020-12-21,Stable,0.9978732436662751
2020-12-22,Stable,0.9980644456722882
2020-12-23,Stable,0.9979978209155641
2020-12-24,Stable,0.997328275349504
2020-12-28,Stable,0.9956985822536326
2020-12-29,Stable,0.9942131736870663
2020-12-30,Stable,0.9907939300063848
2020-12-31,Stable,0.9823925898301185
2021-01-04,Stable,0.9672550267585643
2021-01-05,Stable,0.9722851693686653
2021-01-06,Stable,0.9735370983234807
2021-01-07,Stable,0.9701945566218145
2021-01-08,Stable,0.976289143410716
2021-01-11,Stable,0.977524751328185
2021-01-12,Stable,0.978274677667566
2021-01-13,Stable,0.9735170536970841
2021-01-14,Stable,0.9597675116754304
2021-01-15,Stable,0.9347997982118632
2021-01-19,Stable,0.9071066083949575
2021-01-20,Stable,0.864582846912091
2021-01-21,Stable,0.8448466264780466
2021-01-22,Stable,0.7940396496924423
2021-01-25,Stable,0.6951995011318547
2021-01-26,Stable,0.5236787742066851
2021-01-27,Transitional,0.9890628394898666
2021-01-28,Transitional,0.9886286598422718
2021-01-29,Transitional,0.9892743742233897
2021-02-01,Transitional,0.9323805128544922
2021-02-02,Transitional,0.7543776622807599
2021-02-03,Stable,0.5692665373953473
2021-02-04,Stable,0.7096145582398165
2021-02-05,Stable,0.8481424590293635
2021-02-08,Stable,0.911405276510253
2021-02-09,Stable,0.9495276067133588
2021-02-10,Stable,0.9666359589409506
2021-02-11,Stable,0.9730642037203032
2021-02-12,Stable,0.9729094473257685
2021-02-16,Stable,0.9671567736106067
2021-02-17,Stable,0.9514542886623751
2021-02-18,Stable,0.9150071882353896
2021-02-19,Stable,0.8542954350097359
2021-02-22,Stable,0.7276560729178114
2021-02-23,Stable,0.5955274383114176
2021-02-24,Transitional,0.7089963974129184
2021-02-25,Transitional,0.993719621639417
2021-02-26,Transitional,0.9952065089968648
2021-03-01,Transitional,0.9988244688709913
2021-03-02,Transitional,0.9963234659985701
2021-03-03,Transitional,0.9949607145148487
2021-03-04,Transitional,0.9890658697117204
2021-03-05,Transitional,0.9682540683357788
2021-03-08,Transitional,0.7824452402959963
2021-03-09,Transitional,0.6590522379821406
2021-03-10,Stable,0.580096894579787
2021-03-11,Stable,0.7054240858615725
2021-03-12,Stable,0.8197634390174903
2021-03-15,Stable,0.8685509454969104
2021-03-16,Stable,0.8940793875906223
2021-03-17,Stable,0.902972901628339
2021-03-18,Stable,0.8993092133666956
2021-03-19,Stable,0.9323847091305562
2021-03-22,Stable,0.9459402554640777
2021-03-23,Stable,0.9521710246070648
2021-03-24,Stable,0.9589144273730388
2021-03-25,Stable,0.9623854632710588
2021-03-26,Stable,0.9597626313997786
2021-03-29,Stable,0.975244689156545
2021-03-30,Stable,0.9815617475427006
2021-03-31,Stable,0.9838862055721781
2021-04-01,Stable,0.9820604382750757
2021-04-05,Stable,0.9828732170714238
2021-04-06,Stable,0.9913425745052593
2021-04-07,Stable,0.995201854446714
2021-04-08,Stable,0.9966871299696259
2021-04-09,Stable,0.9971134436832453
2021-04-12,Stable,0.997627522191168
2021-04-13,Stable,0.9974299811137379
2021-04-14,Stable,0.9964006656819495
2021-04-15,Stable,0.994939899733874
2021-04-16,Stable,0.9950796361607185
2021-04-19,Stable,0.9935570683387588
2021-04-20,Stable,0.9916010157486168
2021-04-21,Stable,0.9900857587430592
2021-04-22,Stable,0.9885600760713174
2021-04-23,Stable,0.9898405090470542
2021-04-26,Stable,0.9925829366251588
2021-04-27,Stable,0.9926341018113259
2021-04-28,Stable,0.9901769920906043
2021-04-29,Stable,0.9837350331528228
2021-04-30,Stable,0.9723544734065173
2021-05-03,Stable,0.960406906032571
2021-05-04,Stable,0.9317356792892841
2021-05-05,Stable,0.8969080357279187
2021-05-06,Stable,0.8157441659094276
2021-05-07,Stable,0.6925813673890018
2021-05-10,Stable,0.5125097178920189
2021-05-11,Stable,0.6387265427073942
2021-05-12,Stable,0.7504869892308174
2021-05-13,Stable,0.6827699107087987
2021-05-14,Stable,0.5967903392783033
2021-05-17,Stable,0.6063708744502359
2021-05-18,Stable,0.7079810067968256
2021-05-19,Stable,0.8204080469570912
2021-05-20,Stable,0.8784315714265588
2021-05-21,Stable,0.9335456729744852
2021-05-24,Stable,0.958222311180249
2021-05-25,Stable,0.9798674077433286
2021-05-26,Stable,0.9905745435650792
2021-05-27,Stable,0.9952198575057527
2021-05-28,Stable,0.9972043143595104
2021-06-01,Stable,0.9979949511857474
2021-06-02,Stable,0.9982452207592991
2021-06-03,Stable,0.9980341274613795
2021-06-04,Stable,0.9978682148920593
2021-06-07,Stable,0.9983678991767061
2021-06-08,Stable,0.9985727842457696
2021-06-09,Stable,0.9985446415115613
2021-06-10,Stable,0.9984592379820248
2021-06-11,Stable,0.998251451902059
2021-06-14,Stable,0.9975595222976544
2021-06-15,Stable,0.9958735565074124
2021-06-16,Stable,0.9925815885998576
2021-06-17,Stable,0.9884051878142729
2021-06-18,Stable,0.9785183899583568
2021-06-21,Stable,0.9805263414250525
2021-06-22,Stable,0.9898944563857703
2021-06-23,Stable,0.9945415994993607
2021-06-24,Stable,0.9966372310384454
2021-06-25,Stable,0.9978592792696271
2021-06-28,Stable,0.9983968768922756
2021-06-29,Stable,0.9985564827356378
2021-06-30,Stable,0.9984687385855993
2021-07-01,Stable,0.9980392337007077
2021-07-02,Stable,0.9973341852841092
2021-07-06,Stable,0.9966781588782399
2021-07-07,Stable,0.9950762638550367
2021-07-08,Stable,0.9911905770471106
2021-07-09,Stable,0.9893877309345855
2021-07-12,Stable,0.9894021599271055
2021-07-13,Stable,0.9861354393519218
2021-07-14,Stable,0.9794604879506258
2021-07-15,Stable,0.9629407956748582
2021-07-16,Stable,0.9320517814178578
2021-07-19,Stable,0.8997260986931972
2021-07-20,Stable,0.9098500831238665
2021-07-21,Stable,0.9455877217635672
2021-07-22,Stable,0.9696251515095791
2021-07-23,Stable,0.9795292882285513
2021-07-26,Stable,0.9891923170686693
2021-07-27,Stable,0.993159374610276
2021-07-28,Stable,0.9959263473220775
2021-07-29,Stable,0.9969509649713966
2021-07-30,Stable,0.997074530956172
2021-08-02,Stable,0.9975231106609495
2021-08-03,Stable,0.9974349158837631
2021-08-04,Stable,0.9976977816611637
2021-08-05,Stable,0.9981625847235277
2021-08-06,Stable,0.9985752837604902
2021-08-09,Stable,0.9987104442147172
2021-08-10,Stable,0.9987804061904517
2021-08-11,Stable,0.9987227319375998
2021-08-12,Stable,0.9984912960330202
2021-08-13,Stable,0.9980787247403676
2021-08-16,Stable,0.9970354892412346
2021-08-17,Stable,0.9946472446701
2021-08-18,Stable,0.9930552642164744
2021-08-19,Stable,0.9955244228614692
2021-08-20,Stable,0.9961297044220688
2021-08-23,Stable,0.9967698503362289
2021-08-24,Stable,0.997713171501472
2021-08-25,Stable,0.9978736809906993
2021-08-26,Stable,0.9973838043027518
2021-08-27,Stable,0.9974435858479249
2021-08-30,Stable,0.9980726289053623
2021-08-31,Stable,0.9983130638059478
2021-09-01,Stable,0.9983089351512895
2021-09-02,Stable,0.9979038561926321
2021-09-03,Stable,0.9968242232381541
2021-09-07,Stable,0.9943686822071066
2021-09-08,Stable,0.9901800966579064
2021-09-09,Stable,0.9810703379272255
2021-09-10,Stable,0.966669963187092
2021-09-13,Stable,0.9528525291998565
2021-09-14,Stable,0.9194648303074646
2021-09-15,Stable,0.8725168652886651
2021-09-16,Stable,0.8040425754625107
2021-09-17,Stable,0.658135008299627
2021-09-20,Stable,0.5402160440910176
2021-09-21,Stable,0.5446169496650282
2021-09-22,Stable,0.526537232046891
2021-09-23,Stable,0.5003302437916556
2021-09-24,Stable,0.5179837676936899
2021-09-27,Stable,0.5739410780160977
2021-09-28,Stable,0.6874362334155425
2021-09-29,Stable,0.6404121441607018
2021-09-30,Stable,0.6265962518225815
2021-10-01,Stable,0.5804710291954425
2021-10-04,Stable,0.5291426313540795
2021-10-05,Stable,0.6348053278356277
2021-10-06,Stable,0.7873989911408308
2021-10-07,Stable,0.8574765084611925
2021-10-08,Stable,0.9042732551011302
2021-10-11,Stable,0.9257167819732586
2021-10-12,Stable,0.943862557309228
2021-10-13,Stable,0.9510668051904202
2021-10-14,Stable,0.9495201721226972
2021-10-15,Stable,0.9718012590870967
2021-10-18,Stable,0.9855638282761027
2021-10-19,Stable,0.9915722027848628
2021-10-20,Stable,0.9955004922210124
2021-10-21,Stable,0.9972693675619972
2021-10-22,Stable,0.997972233536267
2021-10-25,Stable,0.998196766152127
2021-10-26,Stable,0.9981809334647369
2021-10-27,Stable,0.9976597223714516
2021-10-28,Stable,0.9974650376364347
2021-10-29,Stable,0.9982618076387251
2021-11-01,Stable,0.9985652541777337
2021-11-02,Stable,0.9985944032765594
2021-11-03,Stable,0.9984703258456816
2021-11-04,Stable,0.9985439286175127
2021-11-05,Stable,0.9984865543423542
2021-11-08,Stable,0.9982140053318032
2021-11-09,Stable,0.9974277471960717
2021-11-10,Stable,0.996359897548712
2021-11-11,Stable,0.9969290426113347
2021-11-12,Stable,0.9964242578423812
2021-11-15,Stable,0.9956460164811318
2021-11-16,Stable,0.9930871586656482
2021-11-17,Stable,0.9872258427355863
2021-11-18,Stable,0.97575236435446
2021-11-19,Stable,0.9500027079236955
2021-11-22,Stable,0.8950911723834335
2021-11-23,Stable,0.7920372175607947
2021-11-24,Stable,0.5544723119110141
2021-11-26,Transitional,0.9869887152612126
2021-11-29,Transitional,0.9938938717362062
2021-11-30,Transitional,0.9986244001031305
2021-12-01,Transitional,0.9982894787406692
2021-12-02,Transitional,0.9973034500428107
2021-12-03,Transitional,0.9956137098299394
2021-12-06,Transitional,0.9950649355028695
2021-12-07,Transitional,0.9954542823469955
2021-12-08,Transitional,0.9782256476028566
2021-12-09,Transitional,0.973246120145287
2021-12-10,Transitional,0.9710226765374561
2021-12-13,Transitional,0.9723427181927068
2021-12-14,Transitional,0.9731788411812616
2021-12-15,Transitional,0.9762742136138847
2021-12-16,Transitional,0.9698535640413825
2021-12-17,Transitional,0.9633037330114129
2021-12-20,Transitional,0.9520335074185952
2021-12-21,Transitional,0.9274248132978179
2021-12-22,Transitional,0.7963251856844662
2021-12-23,Transitional,0.6822913857212595
2021-12-27,Transitional,0.6234280180691958
2021-12-28,Transitional,0.5148955450027316
2021-12-29,Transitional,0.5321704903881519
2021-12-30,Transitional,0.5458210376911371
2021-12-31,Transitional,0.5413236639710417
2022-01-03,Transitional,0.5156354440103007
2022-01-04,Transitional,0.5391749647931162
2022-01-05,Transitional,0.6659721237711088
2022-01-06,Transitional,0.6396203426481158
2022-01-07,Transitional,0.6371098326165197
2022-01-10,Transitional,0.6499221174430472
2022-01-11,Transitional,0.6912411442053732
2022-01-12,Transitional,0.7489407653364292
2022-01-13,Transitional,0.8846951573116151
2022-01-14,Transitional,0.9150433586329827
2022-01-18,Transitional,0.989391613470965
2022-01-19,Transitional,0.9931149190641819
2022-01-20,Transitional,0.9963848984943249
2022-01-21,Transitional,0.9985207076566441
2022-01-24,Transitional,0.9925942473355642
2022-01-25,Transitional,0.9926941061554028
2022-01-26,Transitional,0.9898141470543134
2022-01-27,Transitional,0.9926502067783104
2022-01-28,Transitional,0.9996562011208453
2022-01-31,Transitional,0.9992944250362217
2022-02-01,Transitional,0.9963073135925744
2022-02-02,Transitional,0.9968175380305703
2022-02-03,Transitional,0.999693672327137
2022-02-04,Transitional,0.9894723452992502
2022-02-07,Transitional,0.9867031941579184
2022-02-08,Transitional,0.9891343267834336
2022-02-09,Transitional,0.9958811138711241
2022-02-10,Transitional,0.9995773892278392
2022-02-11,Transitional,0.9997135550479206
2022-02-14,Transitional,0.9968612499920462
2022-02-15,Transitional,0.9973872869257931
2022-02-16,Transitional,0.9963124637072245
2022-02-17,Transitional,0.9997095800949234
2022-02-18,Transitional,0.9983151262275113
2022-02-22,Transitional,0.9987388888877008
2022-02-23,Transitional,0.9997988799679678
2022-02-24,Transitional,0.9995421641610943
2022-02-25,Transitional,0.9998017756118859
2022-02-28,Transitional,0.9979637726070407
2022-03-01,Transitional,0.9993607558137424
2022-03-02,Transitional,0.9992782614274607
2022-03-03,Transitional,0.9971433473174086
2022-03-04,Transitional,0.9977548000439895
2022-03-07,Transitional,0.9998904518124567
2022-03-08,Transitional,0.9990364728409143
2022-03-09,Transitional,0.9998657776787554
2022-03-10,Transitional,0.9977054330541424
2022-03-11,Transitional,0.9984582901690832
2022-03-14,Transitional,0.9982362793313727
2022-03-15,Transitional,0.9997474299686661
2022-03-16,Transitional,0.9995361460535767
2022-03-17,Transitional,0.9915958686053793
2022-03-18,Transitional,0.9825471149284786
2022-03-21,Transitional,0.9734628110079724
2022-03-22,Transitional,0.9737816338183444
2022-03-23,Transitional,0.9749888102742844
2022-03-24,Transitional,0.9692414476652819
2022-03-25,Transitional,0.9554460416527957
2022-03-28,Transitional,0.952982763140333
2022-03-29,Transitional,0.9582316966613219
2022-03-30,Transitional,0.9619707002830727
2022-03-31,Transitional,0.9704258598178195
2022-04-01,Transitional,0.9599998850038128
2022-04-04,Transitional,0.96054023279016
2022-04-05,Transitional,0.9673298775782726
2022-04-06,Transitional,0.9652409173061659
2022-04-07,Transitional,0.9610823863757144
2022-04-08,Transitional,0.9666186697032426
2022-04-11,Transitional,0.9835286205617425
2022-04-12,Transitional,0.9795970254706747
2022-04-13,Transitional,0.9819323518873149
2022-04-14,Transitional,0.9854183535183799
2022-04-18,Transitional,0.9842722744726389
2022-04-19,Transitional,0.9905768379663759
2022-04-20,Transitional,0.9911170646136658
2022-04-21,Transitional,0.998180711988049
2022-04-22,Transitional,0.9997210419411521
2022-04-25,Transitional,0.998215935689368
2022-04-26,Transitional,0.9995748246472254
2022-04-27,Transitional,0.997698973563739
2022-04-28,Transitional,0.9991862959348228
2022-04-29,Transitional,0.9990408929774447
2022-05-02,Transitional,0.9945012862270042
2022-05-03,Transitional,0.9942710899113699
2022-05-04,Transitional,0.9985619411068101
2022-05-05,Transitional,0.9985341047449117
2022-05-06,Transitional,0.99799541229186
2022-05-09,Transitional,0.9991947095787733
2022-05-10,Transitional,0.9972936926928796
2022-05-11,Transitional,0.998846644028583
2022-05-12,Transitional,0.9974532302582924
2022-05-13,Transitional,0.9996054280839894
2022-05-16,Transitional,0.998179415618692
2022-05-17,Transitional,0.9994216692719323
2022-05-18,Transitional,0.9994494759152004
2022-05-19,Transitional,0.9951460624095051
2022-05-20,Transitional,0.9937230893621976
2022-05-23,Transitional,0.9974295814566053
2022-05-24,Transitional,0.9964175938243297
2022-05-25,Transitional,0.9968184302181079
2022-05-26,Transitional,0.9995533816066637
2022-05-27,Transitional,0.9998638406150859
2022-05-31,Transitional,0.997486849643598
2022-06-01,Transitional,0.9974222849516697
2022-06-02,Transitional,0.999111678100311
2022-06-03,Transitional,0.9988192337989782
2022-06-06,Transitional,0.99373392623521
2022-06-07,Transitional,0.9941184526751544
2022-06-08,Transitional,0.9969875744219928
2022-06-09,Transitional,0.9990312068206855
2022-06-10,Transitional,0.9987055620075658
2022-06-13,Transitional,0.9985849674803504
2022-06-14,Transitional,0.9972765211052188
2022-06-15,Transitional,0.9984286636069076
2022-06-16,Transitional,0.9994388213005931
2022-06-17,Transitional,0.9978355365352982
2022-06-21,Transitional,0.9995546368077685
2022-06-22,Transitional,0.9960208074156013
2022-06-23,Transitional,0.9967727300183744
2022-06-24,Transitional,0.999832319569634
2022-06-27,Transitional,0.9959471035199556
2022-06-28,Transitional,0.9960877863354021
2022-06-29,Transitional,0.9532722747941925
2022-06-30,Transitional,0.9361475917377252
2022-07-01,Transitional,0.9172415375351565
2022-07-05,Transitional,0.9011886021595464
2022-07-06,Transitional,0.9016820194424358
2022-07-07,Transitional,0.9181463131161448
2022-07-08,Transitional,0.9206250666124681
2022-07-11,Transitional,0.9384854588297087
2022-07-12,Transitional,0.9446801727723062
2022-07-13,Transitional,0.9490459686994946
2022-07-14,Transitional,0.962333125451767
2022-07-15,Transitional,0.9921268916583817
2022-07-18,Transitional,0.9953034223557184
2022-07-19,Transitional,0.9995800908655958
2022-07-20,Transitional,0.9904524721391116
2022-07-21,Transitional,0.9878747319832258
2022-07-22,Transitional,0.9878740169656082
2022-07-25,Transitional,0.9878412870370059
2022-07-26,Transitional,0.9951817084173269
2022-07-27,Transitional,0.9991239480605356
2022-07-28,Transitional,0.9849982068333751
2022-07-29,Transitional,0.9686557356157516
2022-08-01,Transitional,0.936872113403928
2022-08-02,Transitional,0.9234087756077216
2022-08-03,Transitional,0.9152089410004947
2022-08-04,Transitional,0.8831643957342199
2022-08-05,Transitional,0.8734006463837426
2022-08-08,Transitional,0.8787661883602332
2022-08-09,Transitional,0.9029903439033817
2022-08-10,Transitional,0.9484157375409233
2022-08-11,Transitional,0.9391074715548238
2022-08-12,Transitional,0.9419370912165926
2022-08-15,Transitional,0.9225761031162548
2022-08-16,Transitional,0.9189122762408509
2022-08-17,Transitional,0.9296421842849374
2022-08-18,Transitional,0.9441167843915538
2022-08-19,Transitional,0.9835817594301092
2022-08-22,Transitional,0.9972265391875818
2022-08-23,Transitional,0.9908085387551584
2022-08-24,Transitional,0.9902625982073182
2022-08-25,Transitional,0.9961116503764453
2022-08-26,Transitional,0.9997611282214282
2022-08-29,Transitional,0.994167175353266
2022-08-30,Transitional,0.9912727715369674
2022-08-31,Transitional,0.9857677578845031
2022-09-01,Transitional,0.9819825774292881
2022-09-02,Transitional,0.9857472198161829
2022-09-06,Transitional,0.98711585982291
2022-09-07,Transitional,0.9940120290567113
2022-09-08,Transitional,0.9928371375765807
2022-09-09,Transitional,0.9959190977498029
2022-09-12,Transitional,0.9967355779309051
2022-09-13,Transitional,0.9991319296680085
2022-09-14,Transitional,0.9935296044997697
2022-09-15,Transitional,0.9933221320557444
2022-09-16,Transitional,0.9913039321219035
2022-09-19,Transitional,0.9914472756140872
2022-09-20,Transitional,0.9962571005326386
2022-09-21,Transitional,0.9991793475573753
2022-09-22,Transitional,0.998655814549074
2022-09-23,Transitional,0.999478801980908
2022-09-26,Transitional,0.9980828921915611
2022-09-27,Transitional,0.9969359772041636
2022-09-28,Transitional,0.9995371166347445
2022-09-29,Transitional,0.999870869109009
2022-09-30,Transitional,0.9997377150831868
2022-10-03,Transitional,0.9998166602703823
2022-10-04,Transitional,0.9998131587619109
2022-10-05,Transitional,0.9973544395119266
2022-10-06,Transitional,0.9984305349175174
2022-10-07,Transitional,0.9998969359949219
2022-10-10,Transitional,0.9960919581059174
2022-10-11,Transitional,0.9941439123270088
2022-10-12,Transitional,0.9946970498864064
2022-10-13,Transitional,0.999751660145676
2022-10-14,Transitional,0.9998100755082533
2022-10-17,Transitional,0.9998253053031771
2022-10-18,Transitional,0.9974349213884207
2022-10-19,Transitional,0.996214667093612
2022-10-20,Transitional,0.9972064295625582
2022-10-21,Transitional,0.9997238630198777
2022-10-24,Transitional,0.9984711722239024
2022-10-25,Transitional,0.9983299247446897
2022-10-26,Transitional,0.9967272260337757
2022-10-27,Transitional,0.9969564923218223
2022-10-28,Transitional,0.9997026146111094
2022-10-31,Transitional,0.9974773063204538
2022-11-01,Transitional,0.9970179238077627
2022-11-02,Transitional,0.9997778160569429
2022-11-03,Transitional,0.9974734618759722
2022-11-04,Transitional,0.9947426943257044
2022-11-07,Transitional,0.9907254379539926
2022-11-08,Transitional,0.9890107682324273
2022-11-09,Transitional,0.9910362649212086
2022-11-10,Transitional,0.9870288982511877
2022-11-11,Transitional,0.9474844718477758
2022-11-14,Transitional,0.9147886307584321
2022-11-15,Transitional,0.8741795480500271
2022-11-16,Transitional,0.847419986892281
2022-11-17,Transitional,0.8200159375674309
2022-11-18,Transitional,0.8112466915594283
2022-11-21,Transitional,0.8195261613841356
2022-11-22,Transitional,0.8438765000534783
2022-11-23,Transitional,0.855291541302147
2022-11-25,Transitional,0.8861699388188321
2022-11-28,Transitional,0.9609799237755873
2022-11-29,Transitional,0.9718496766823115
2022-11-30,Transitional,0.9992490910307745
2022-12-01,Transitional,0.9931509157819289
2022-12-02,Transitional,0.9927101200705453
2022-12-05,Transitional,0.9976774094588701
2022-12-06,Transitional,0.9948842209067283
2022-12-07,Transitional,0.981327977344319
2022-12-08,Transitional,0.9774544426346103
2022-12-09,Transitional,0.9791323296197347
2022-12-12,Transitional,0.9831913644812318
2022-12-13,Transitional,0.9835683927673986
2022-12-14,Transitional,0.989391786439461
2022-12-15,Transitional,0.9996990290008609
2022-12-16,Transitional,0.9970179953093804
2022-12-19,Transitional,0.9929226480109455
2022-12-20,Transitional,0.9891821124387847
2022-12-21,Transitional,0.9917955457504275
2022-12-22,Transitional,0.9915795732262195
2022-12-23,Transitional,0.9826286063523436
2022-12-27,Transitional,0.9809694911905267
2022-12-28,Transitional,0.9849946958217637
2022-12-29,Transitional,0.9844456294771107
2022-12-30,Transitional,0.9705791620811507
2023-01-03,Transitional,0.9668152727672942
2023-01-04,Transitional,0.9699998864704301
2023-01-05,Transitional,0.9802862171761713
2023-01-06,Transitional,0.9841620935903442
2023-01-09,Transitional,0.9306827190773085
2023-01-10,Transitional,0.9088040326116699
2023-01-11,Transitional,0.9002161934870679
2023-01-12,Transitional,0.8854464329906213
2023-01-13,Transitional,0.8870279044244885
2023-01-17,Transitional,0.9054241377987616
2023-01-18,Transitional,0.9496176468215533
2023-01-19,Transitional,0.9524670440350211
2023-01-20,Transitional,0.9574035249990792
2023-01-23,Transitional,0.9344851145784244
2023-01-24,Transitional,0.9080446601917201
2023-01-25,Transitional,0.9008320948186115
2023-01-26,Transitional,0.9084612796234798
2023-01-27,Transitional,0.9171710105442334
2023-01-30,Transitional,0.9468092596842188
2023-01-31,Transitional,0.9544028896127199
2023-02-01,Transitional,0.9539083644671715
2023-02-02,Transitional,0.9557575807549653
2023-02-03,Transitional,0.9497133728249495
2023-02-06,Transitional,0.938099050614415
2023-02-07,Transitional,0.9324709779992583
2023-02-08,Transitional,0.9222412222761361
2023-02-09,Transitional,0.8995554954809605
2023-02-10,Transitional,0.8736297042404213
2023-02-13,Transitional,0.8685615982241617
2023-02-14,Transitional,0.8628917025116367
2023-02-15,Transitional,0.8740774564398062
2023-02-16,Transitional,0.9102810603097214
2023-02-17,Transitional,0.9151293706764768
2023-02-21,Transitional,0.9340632864955912
2023-02-22,Transitional,0.8676400820038763
2023-02-23,Transitional,0.8390359035183492
2023-02-24,Transitional,0.8304138903192934
2023-02-27,Transitional,0.8100681511086618
2023-02-28,Transitional,0.8101901497023769
2023-03-01,Transitional,0.8262511779351136
2023-03-02,Transitional,0.858365537602706
2023-03-03,Transitional,0.9146606386000794
2023-03-06,Transitional,0.9302940433561485
2023-03-07,Transitional,0.9727112550243407
2023-03-08,Transitional,0.9781342839874413
2023-03-09,Transitional,0.9965098919540588
2023-03-10,Transitional,0.9961623649844262
2023-03-13,Transitional,0.9903443027153287
2023-03-14,Transitional,0.9905739852366602
2023-03-15,Transitional,0.9844959895680278
2023-03-16,Transitional,0.9812748236379208
2023-03-17,Transitional,0.9578435006032955
2023-03-20,Transitional,0.9148708060500816
2023-03-21,Transitional,0.8855831653285189
2023-03-22,Transitional,0.8416087492488358
2023-03-23,Stable,0.5484151068448138
2023-03-24,Stable,0.7211202946506207
2023-03-27,Stable,0.808662085415485
2023-03-28,Stable,0.8450196110676047
2023-03-29,Stable,0.8589256855461262
2023-03-30,Stable,0.8948524714582612
2023-03-31,Stable,0.9115773250889381
2023-04-03,Stable,0.9527062122367163
2023-04-04,Stable,0.9710618327421048
2023-04-05,Stable,0.9845848436328083
2023-04-06,Stable,0.9913666883155433
2023-04-10,Stable,0.9941582731185142
2023-04-11,Stable,0.9946426183201357
2023-04-12,Stable,0.9932616079034434
2023-04-13,Stable,0.9907023743763652
2023-04-14,Stable,0.9920710514255034
2023-04-17,Stable,0.9913575485619985
2023-04-18,Stable,0.9876138676361524
2023-04-19,Stable,0.9779707273802312
2023-04-20,Stable,0.9558607797793999
2023-04-21,Stable,0.9261185669184868
2023-04-24,Stable,0.8570093543501568
2023-04-25,Stable,0.6980591226129885
2023-04-26,Stable,0.6822262534211566
2023-04-27,Stable,0.6462825917819722
2023-04-28,Stable,0.6811119802721263
2023-05-01,Stable,0.7012847925426773
2023-05-02,Stable,0.7001415947496014
2023-05-03,Stable,0.7200579792025134
2023-05-04,Stable,0.7355657914400395
2023-05-05,Stable,0.7480897499996912
2023-05-08,Stable,0.8739183116283914
2023-05-09,Stable,0.9288593483657327
2023-05-10,Stable,0.9625861630174892
2023-05-11,Stable,0.9783186233329354
2023-05-12,Stable,0.9854151206579239
2023-05-15,Stable,0.9879020088048209
2023-05-16,Stable,0.9868194657466425
2023-05-17,Stable,0.9855424561095149
2023-05-18,Stable,0.9868762791293594
2023-05-19,Stable,0.9881261226074811
2023-05-22,Stable,0.9862545141316703
2023-05-23,Stable,0.9795396663609736
2023-05-24,Stable,0.9799044752413697
2023-05-25,Stable,0.9808283865764286
2023-05-26,Stable,0.9806238908151763
2023-05-30,Stable,0.9851190350551748
2023-05-31,Stable,0.985245166966297
2023-06-01,Stable,0.9848484686580409
2023-06-02,Stable,0.9846995027035336
2023-06-05,Stable,0.9917480977757375
2023-06-06,Stable,0.9951510214442693
2023-06-07,Stable,0.9963482861328307
2023-06-08,Stable,0.9970504871174164
2023-06-09,Stable,0.9973367868263945
2023-06-12,Stable,0.9967018517847509
2023-06-13,Stable,0.9967411710616644
2023-06-14,Stable,0.996519519237462
2023-06-15,Stable,0.9949554054331606
2023-06-16,Stable,0.9957916088445178
2023-06-20,Stable,0.995991538954564
2023-06-21,Stable,0.9960281680900767
2023-06-22,Stable,0.9961264552904797
2023-06-23,Stable,0.9949441682316675
2023-06-26,Stable,0.9950292781845366
2023-06-27,Stable,0.9946481042754239
2023-06-28,Stable,0.9961350414227267
2023-06-29,Stable,0.9962525438299703
2023-06-30,Stable,0.99528001388882
2023-07-03,Stable,0.9967462692408255
2023-07-05,Stable,0.9969592091578323
2023-07-06,Stable,0.9964406585230674
2023-07-07,Stable,0.9973815156008993
2023-07-10,Stable,0.9978927040571495
2023-07-11,Stable,0.9977695463283709
2023-07-12,Stable,0.9976406271661398
2023-07-13,Stable,0.9976562783690535
2023-07-14,Stable,0.9981624903734272
2023-07-17,Stable,0.998294325154631
2023-07-18,Stable,0.9981217255479001
2023-07-19,Stable,0.9981638024770082
2023-07-20,Stable,0.9977116430966364
2023-07-21,Stable,0.9982303144516158
2023-07-24,Stable,0.9982972113074908
2023-07-25,Stable,0.998080297695227
2023-07-26,Stable,0.997319566832706
2023-07-27,Stable,0.9955095498446822
2023-07-28,Stable,0.9941848704793925
2023-07-31,Stable,0.993594461804751
2023-08-01,Stable,0.9904675354396467
2023-08-02,Stable,0.9840231826372188
2023-08-03,Stable,0.9890392352804186
2023-08-04,Stable,0.9909536591587615
2023-08-07,Stable,0.9921341301425776
2023-08-08,Stable,0.9932818724869318
2023-08-09,Stable,0.9934814736728738
2023-08-10,Stable,0.9944591618668313
2023-08-11,Stable,0.993499762032456
2023-08-14,Stable,0.9902020747302294
2023-08-15,Stable,0.9835423728939349
2023-08-16,Stable,0.9840742176608347
2023-08-17,Stable,0.9855423576818048
2023-08-18,Stable,0.9881393978415435
2023-08-21,Stable,0.987230316814907
2023-08-22,Stable,0.9841143635879535
2023-08-23,Stable,0.9767169198731039
2023-08-24,Stable,0.970940564211118
2023-08-25,Stable,0.978787444767491
2023-08-28,Stable,0.9824356635976179
2023-08-29,Stable,0.982837207391126
2023-08-30,Stable,0.9908995758283631
2023-08-31,Stable,0.9944456525125825
2023-09-01,Stable,0.9959021983420224
2023-09-05,Stable,0.9958083947557761
2023-09-06,Stable,0.9952888475670576
2023-09-07,Stable,0.9956252284992744
2023-09-08,Stable,0.9951432270112801
2023-09-11,Stable,0.9926886558019673
2023-09-12,Stable,0.988396113858281
2023-09-13,Stable,0.9828584125191189
2023-09-14,Stable,0.9690150196509093
2023-09-15,Stable,0.9492314892153437
2023-09-18,Stable,0.9456108842878778
2023-09-19,Stable,0.930427742099617
2023-09-20,Stable,0.8971629018387239
2023-09-21,Stable,0.8737034134378633
2023-09-22,Stable,0.8980585999202532
2023-09-25,Stable,0.9072346879929544
2023-09-26,Stable,0.904772515448018
2023-09-27,Stable,0.9393085211708235
2023-09-28,Stable,0.9533627343687135
2023-09-29,Stable,0.9589311296810898
2023-10-02,Stable,0.9582687663124005
2023-10-03,Stable,0.9490218962936323
2023-10-04,Stable,0.9582086677286247
2023-10-05,Stable,0.9632232651618925
2023-10-06,Stable,0.9614835855196334
2023-10-09,Stable,0.9628238832683521
2023-10-10,Stable,0.9590082799324678
2023-10-11,Stable,0.9471304088301086
2023-10-12,Stable,0.9193661257421223
2023-10-13,Stable,0.8830254889649584
2023-10-16,Stable,0.8261203412374211
2023-10-17,Stable,0.766398444053804
2023-10-18,Stable,0.6296169433330943
2023-10-19,Stable,0.5933127842346595
2023-10-20,Stable,0.5610584682496896
2023-10-23,Stable,0.5610985044499438
2023-10-24,Stable,0.539258602317589
2023-10-25,Stable,0.5044668591707507
2023-10-26,Stable,0.5020262071133326
2023-10-27,Stable,0.536424132368323
2023-10-30,Stable,0.5534234766019098
2023-10-31,Stable,0.5772784249396253
2023-11-01,Stable,0.582715920914993
2023-11-02,Stable,0.5862930620671454
2023-11-03,Stable,0.6957854957392402
2023-11-06,Stable,0.7807748561020642
2023-11-07,Stable,0.8156443259630006
2023-11-08,Stable,0.8263796729038615
2023-11-09,Stable,0.8201996929784234
2023-11-10,Stable,0.8152996664704439
2023-11-13,Stable,0.8351851539008744
2023-11-14,Stable,0.8376979480709819
2023-11-15,Stable,0.92727030103627
2023-11-16,Stable,0.9661692224000218
2023-11-17,Stable,0.9829905442368749
2023-11-20,Stable,0.9900766324341012
2023-11-21,Stable,0.9946239990900599
2023-11-22,Stable,0.9968960252337105
2023-11-24,Stable,0.9979654577961079
2023-11-27,Stable,0.9983641972019083
2023-11-28,Stable,0.9986152719206476
2023-11-29,Stable,0.9986280590836188
2023-11-30,Stable,0.998528031191929
2023-12-01,Stable,0.9982398732609422
2023-12-04,Stable,0.9979179480503491
2023-12-05,Stable,0.9981130685746473
2023-12-06,Stable,0.9978740269184588
2023-12-07,Stable,0.9976920053383181
2023-12-08,Stable,0.9978438307415141
2023-12-11,Stable,0.9974939946005487
2023-12-12,Stable,0.9963979550803759
2023-12-13,Stable,0.9940191172032874
2023-12-14,Stable,0.9954759027021028
2023-12-15,Stable,0.9952867488309872
2023-12-18,Stable,0.993359382961095
2023-12-19,Stable,0.9888099946311802
2023-12-20,Stable,0.9800485319874281
2023-12-21,Stable,0.9863698448717757
2023-12-22,Stable,0.9931626979024231
2023-12-26,Stable,0.9960239496604033
2023-12-27,Stable,0.997298057308717
2023-12-28,Stable,0.99756043037157
2023-12-29,Stable,0.9970379617083814
2024-01-02,Stable,0.99594603248518
2024-01-03,Stable,0.9950422290021687
2024-01-04,Stable,0.9956492206287308
2024-01-05,Stable,0.9955139537229867
2024-01-08,Stable,0.993639635577129
2024-01-09,Stable,0.9961533032258754
2024-01-10,Stable,0.9972506901866418
2024-01-11,Stable,0.9978189869733298
2024-01-12,Stable,0.9978067877938831
2024-01-16,Stable,0.9970950549156821
2024-01-17,Stable,0.9960787390326263
2024-01-18,Stable,0.9952574731575901
2024-01-19,Stable,0.9946469455463798
2024-01-22,Stable,0.9965818005895307
2024-01-23,Stable,0.9971232952046801
2024-01-24,Stable,0.9967098985617028
2024-01-25,Stable,0.9949910063218916
2024-01-26,Stable,0.9914932088544226
2024-01-29,Stable,0.9835469394126185
2024-01-30,Stable,0.9710717059800434
2024-01-31,Stable,0.9430248102317899
2024-02-01,Stable,0.9506878395189086
2024-02-02,Stable,0.9644069143190708
2024-02-05,Stable,0.9787363040505732
2024-02-06,Stable,0.9861554219287993
2024-02-07,Stable,0.9884080850044026
2024-02-08,Stable,0.9896231093026878
2024-02-09,Stable,0.9875813052955414
2024-02-12,Stable,0.9822766221598916
2024-02-13,Stable,0.969615386220107
2024-02-14,Stable,0.9725870326291594
2024-02-15,Stable,0.974898365170663
2024-02-16,Stable,0.9728897803136458
2024-02-20,Stable,0.967799802898318
2024-02-21,Stable,0.9605129930711493
2024-02-22,Stable,0.9405038504178106
2024-02-23,Stable,0.9706678576110322
2024-02-26,Stable,0.9837514957858079
2024-02-27,Stable,0.9912557789478734
2024-02-28,Stable,0.9942334088404872
2024-02-29,Stable,0.9952478744847197
2024-03-01,Stable,0.9950403895825557
2024-03-04,Stable,0.9946270314183473
2024-03-05,Stable,0.9924134028816329
2024-03-06,Stable,0.9937658501348972
2024-03-07,Stable,0.9934670105215029
2024-03-08,Stable,0.994176860081313
2024-03-11,Stable,0.9953590308716467
2024-03-12,Stable,0.9950753406570918
2024-03-13,Stable,0.9964656346239489
2024-03-14,Stable,0.9968636732787706
2024-03-15,Stable,0.9967085921838607
2024-03-18,Stable,0.9972824650875476
2024-03-19,Stable,0.997557616635265
2024-03-20,Stable,0.9974845409572067
2024-03-21,Stable,0.9980288199180539
2024-03-22,Stable,0.9980578721451945
2024-03-25,Stable,0.9977199228958252
2024-03-26,Stable,0.9971543023437884
2024-03-27,Stable,0.9960464503386461
2024-03-28,Stable,0.9951513818055708
2024-04-01,Stable,0.9921486925977973
2024-04-02,Stable,0.985836828812347
2024-04-03,Stable,0.9798474847313567
2024-04-04,Stable,0.9646981936260065
2024-04-05,Stable,0.9631869156877296
2024-04-08,Stable,0.9633537328466023
2024-04-09,Stable,0.9559977828208545
2024-04-10,Stable,0.9353732021671732
2024-04-11,Stable,0.9220229758059119
2024-04-12,Stable,0.8981280738579951
2024-04-15,Stable,0.9057460955375437
2024-04-16,Stable,0.9351981531188376
2024-04-17,Stable,0.9483104211933734
2024-04-18,Stable,0.9571454367840061
2024-04-19,Stable,0.9586017486026311
2024-04-22,Stable,0.9630166317175534
2024-04-23,Stable,0.965075750599063
2024-04-24,Stable,0.9705674221595925
2024-04-25,Stable,0.9694846363530178
2024-04-26,Stable,0.9649168157072818
2024-04-29,Stable,0.9603672193928463
2024-04-30,Stable,0.9456876203303411
2024-05-01,Stable,0.9599768221731877
2024-05-02,Stable,0.966585223064319
2024-05-03,Stable,0.9713078459145364
2024-05-06,Stable,0.9810280978262857
2024-05-07,Stable,0.9908968099980493
2024-05-08,Stable,0.9951295570228929
2024-05-09,Stable,0.9969167768500076
2024-05-10,Stable,0.9978139400301931
2024-05-13,Stable,0.9979811293436986
2024-05-14,Stable,0.9976148585244246
2024-05-15,Stable,0.9967139427471264
2024-05-16,Stable,0.9977589380441615
2024-05-17,Stable,0.9983344725532989
2024-05-20,Stable,0.9984810767171628
2024-05-21,Stable,0.99831082460368
2024-05-22,Stable,0.9977176386185603
2024-05-23,Stable,0.9967735751515897
2024-05-24,Stable,0.997004118990041
2024-05-28,Stable,0.997067774815452
2024-05-29,Stable,0.996112473907347
2024-05-30,Stable,0.996289864720507
2024-05-31,Stable,0.9968972987255811
2024-06-03,Stable,0.9976413468301514
2024-06-04,Stable,0.9975958461657958
2024-06-05,Stable,0.9967237833358711
2024-06-06,Stable,0.9978766186478037
2024-06-07,Stable,0.9983520242643923
2024-06-10,Stable,0.9985596048480554
2024-06-11,Stable,0.9985164372117841
2024-06-12,Stable,0.9981984760561015
2024-06-13,Stable,0.9985122775730111
2024-06-14,Stable,0.998533295800403
2024-06-17,Stable,0.9983354097833171
2024-06-18,Stable,0.9985678798033302
2024-06-20,Stable,0.99855142197605
2024-06-21,Stable,0.998587564378419
2024-06-24,Stable,0.9985565416802731
2024-06-25,Stable,0.9986745065711171
2024-06-26,Stable,0.9987105459449539
2024-06-27,Stable,0.9985675527815377
2024-06-28,Stable,0.9981473702500427
2024-07-01,Stable,0.9979184686123489
2024-07-02,Stable,0.9970454198731482
2024-07-03,Stable,0.9956608654660092
2024-07-05,Stable,0.9927745862605324
2024-07-08,Stable,0.987062279094114
2024-07-09,Stable,0.9736216614272221
2024-07-10,Stable,0.9427070783400808
2024-07-11,Stable,0.9087696206378929
2024-07-12,Stable,0.8808909600757362
2024-07-15,Stable,0.8236724634844957
2024-07-16,Stable,0.6926289410198851
2024-07-17,Transitional,0.5482258376158485
2024-07-18,Transitional,0.607515741724413
2024-07-19,Transitional,0.6690272592754535
2024-07-22,Transitional,0.7412981021246444
2024-07-23,Transitional,0.8164751649645664
2024-07-24,Transitional,0.9787245711274645
2024-07-25,Transitional,0.9704227860138522
2024-07-26,Transitional,0.9677802572390868
2024-07-29,Transitional,0.9661991644979595
2024-07-30,Transitional,0.9748764881106667
2024-07-31,Transitional,0.9918363122483034
2024-08-01,Transitional,0.9978500819347419
2024-08-02,Transitional,0.9997058920916133
2024-08-05,Transitional,0.9998522485844805
2024-08-06,Transitional,0.9934781168905903
2024-08-07,Transitional,0.9892507232060915
2024-08-08,Transitional,0.9867886634506687
2024-08-09,Transitional,0.8547729969610707
2024-08-12,Transitional,0.7935181084837021
2024-08-13,Transitional,0.7705533374888688
2024-08-14,Transitional,0.6657816008976577
2024-08-15,Transitional,0.6208723744350614
2024-08-16,Transitional,0.5317755725900684
2024-08-19,Transitional,0.5962104000977602
2024-08-20,Transitional,0.6480286520931557
2024-08-21,Transitional,0.6686452710051018
2024-08-22,Transitional,0.6682664511107443
2024-08-23,Transitional,0.6728586573917137
2024-08-26,Transitional,0.6805226727562296
2024-08-27,Transitional,0.6721930140915582
2024-08-28,Transitional,0.6362193805314195
2024-08-29,Transitional,0.5844580382227172
2024-08-30,Transitional,0.5372779741398592
2024-09-03,Transitional,0.6786705137971234
2024-09-04,Transitional,0.624767622026082
2024-09-05,Transitional,0.6043528253312102
2024-09-06,Transitional,0.6030852473696423
2024-09-09,Transitional,0.5532302152940708
2024-09-10,Stable,0.72887805646845
2024-09-11,Stable,0.811122818280743
2024-09-12,Stable,0.8901621055266421
2024-09-13,Stable,0.9382990355084722
2024-09-16,Stable,0.9621699050177903
2024-09-17,Stable,0.9715724688628564
2024-09-18,Stable,0.9735353430920973
2024-09-19,Stable,0.9710406813409617
2024-09-20,Stable,0.9857191639264448
2024-09-23,Stable,0.9928903727752145
2024-09-24,Stable,0.9960054900929334
2024-09-25,Stable,0.9972373558825994
2024-09-26,Stable,0.997740783651564
2024-09-27,Stable,0.997681801247954
2024-09-30,Stable,0.9970475615426337
2024-10-01,Stable,0.9954559186025619
2024-10-02,Stable,0.9962924756444858
2024-10-03,Stable,0.995827179330556
2024-10-04,Stable,0.9940676467649253
2024-10-07,Stable,0.9923815610309239
2024-10-08,Stable,0.9936376608101084
2024-10-09,Stable,0.9954314668891164
2024-10-10,Stable,0.9965677690936579
2024-10-11,Stable,0.996810074227013
2024-10-14,Stable,0.9965452296784651
2024-10-15,Stable,0.9962418564331792
2024-10-16,Stable,0.9972146407748224
2024-10-17,Stable,0.9974672174601625
2024-10-18,Stable,0.9969324964144852
2024-10-21,Stable,0.9953677871217678
2024-10-22,Stable,0.9920253573004716
2024-10-23,Stable,0.984410611901054
2024-10-24,Stable,0.98026142333297
2024-10-25,Stable,0.9685702845547405
2024-10-28,Stable,0.9415684179882394
2024-10-29,Stable,0.8797937631326701
2024-10-30,Stable,0.7374199039298006
2024-10-31,Stable,0.5269986283958843
2024-11-01,Stable,0.5292740986938606
2024-11-04,Stable,0.5549550806090716
2024-11-05,Stable,0.6130831226746517
2024-11-06,Stable,0.6574171585577715
2024-11-07,Stable,0.6369530474113895
2024-11-08,Stable,0.8148995879231471
2024-11-11,Stable,0.8958167276536614
2024-11-12,Stable,0.9304061917854874
2024-11-13,Stable,0.9474813990522181
2024-11-14,Stable,0.9525044626004388
2024-11-15,Stable,0.9551035578565451
2024-11-18,Stable,0.9786994207365283
2024-11-19,Stable,0.9895342827080953
2024-11-20,Stable,0.9945178833970671
2024-11-21,Stable,0.9966418878077075
2024-11-22,Stable,0.9977714171441202
2024-11-25,Stable,0.9982105071990859
2024-11-26,Stable,0.9982170692482271
2024-11-27,Stable,0.9981619595927733
2024-11-29,Stable,0.9982453531073388
2024-12-02,Stable,0.9982578733635257
2024-12-03,Stable,0.9978314448277997
2024-12-04,Stable,0.9966621864481353
2024-12-05,Stable,0.9947277080596855
2024-12-06,Stable,0.9906623948551001
2024-12-09,Stable,0.9811621638118891
2024-12-10,Stable,0.9692987784790302
2024-12-11,Stable,0.9462324116776228
2024-12-12,Stable,0.9115570255607143
2024-12-13,Stable,0.8604037701374174
2024-12-16,Stable,0.7439474515680865
2024-12-17,Stable,0.5107485578147801
2024-12-18,Transitional,0.9614685125171426
2024-12-19,Stable,0.7916566983476274
2024-12-20,Stable,0.7148426462126888
2024-12-23,Stable,0.6392759969065547
2024-12-24,Stable,0.5969740138122953
2024-12-26,Stable,0.5541184782367606
2024-12-27,Stable,0.5420449628463924
2024-12-30,Stable,0.5078526777220453
2024-12-31,Stable,0.5563603441382661
2025-01-02,Stable,0.5914544762343096
2025-01-03,Stable,0.6019608220645859
2025-01-06,Stable,0.6225433529665504
2025-01-07,Stable,0.623698340166143
2025-01-08,Stable,0.6435857301967548
2025-01-10,Stable,0.6403903991382643
2025-01-13,Stable,0.7102260821491144
2025-01-14,Stable,0.7370796456709255
2025-01-15,Stable,0.7407093049417967
2025-01-16,Stable,0.8248649452241734
2025-01-17,Stable,0.8649108131330986
2025-01-21,Stable,0.899387549703537
2025-01-22,Stable,0.9237023019135364
2025-01-23,Stable,0.9349641954711486
2025-01-24,Stable,0.9369433046284067
2025-01-27,Stable,0.931197861141512
2025-01-28,Stable,0.9528296637269372
2025-01-29,Stable,0.9696440394037186
2025-01-30,Stable,0.9800009136343514
2025-01-31,Stable,0.9844181134065527
2025-02-03,Stable,0.9869431621491908
2025-02-04,Stable,0.9904745592094982
2025-02-05,Stable,0.9923312459849937
2025-02-06,Stable,0.9918221823192773
2025-02-07,Stable,0.9885510990151922
2025-02-10,Stable,0.9884508816965274
2025-02-11,Stable,0.9863304917893669
2025-02-12,Stable,0.9792099691732736
2025-02-13,Stable,0.9647722740846127
2025-02-14,Stable,0.9501583655713034
2025-02-18,Stable,0.915543411428648
2025-02-19,Stable,0.8357751634846493
2025-02-20,Stable,0.6532055515141956
2025-02-21,Transitional,0.6532330052595696
2025-02-24,Transitional,0.6776627863987761
2025-02-25,Transitional,0.7208503176698647
2025-02-26,Transitional,0.7945786305278065
2025-02-27,Transitional,0.9653622426969085
2025-02-28,Transitional,0.9897774962181711
2025-03-03,Transitional,0.9983756071716373
2025-03-04,Transitional,0.9985812657414598
2025-03-05,Transitional,0.9983421114320626
2025-03-06,Transitional,0.9994958485328451
2025-03-07,Transitional,0.9981457792566331
2025-03-10,Transitional,0.9999119142902205
2025-03-11,Transitional,0.9956417839535717
2025-03-12,Transitional,0.9932168778078968
2025-03-13,Transitional,0.9956144371665467
2025-03-14,Transitional,0.9941957786672934
2025-03-17,Transitional,0.955086388401332
2025-03-18,Transitional,0.9358644384018294
2025-03-19,Transitional,0.902552442654393
2025-03-20,Transitional,0.8714300307265339
2025-03-21,Transitional,0.8608587368525712
2025-03-24,Transitional,0.8676431937118722
2025-03-25,Transitional,0.8399562087518908
2025-03-26,Transitional,0.8346249177948545
2025-03-27,Transitional,0.8145298205263938
2025-03-28,Transitional,0.8087165444301777
2025-03-31,Stable,0.49834217317381724
2025-04-01,Stable,0.6487146878935476
2025-04-02,Stable,0.6143897761236884
2025-04-03,Volatile,0.9955590187755479
2025-04-04,Volatile,0.9998980236936325
2025-04-07,Volatile,0.9997431157229064
2025-04-08,Volatile,0.9997994545913473
2025-04-09,Volatile,0.9999999774408936
2025-04-10,Volatile,0.873089252616821
2025-04-11,Transitional,0.5906696003827387
2025-04-14,Transitional,0.8503253866755258
2025-04-15,Transitional,0.9334684480471869
2025-04-16,Transitional,0.9598635081181391
2025-04-17,Transitional,0.9775595831601871
2025-04-21,Transitional,0.9847169352650819
2025-04-22,Transitional,0.9896650557034379
2025-04-23,Transitional,0.9905369909507268
2025-04-24,Transitional,0.9772164595062345
2025-04-25,Transitional,0.7934159793918713
2025-04-28,Transitional,0.6836878615503963
2025-04-29,Transitional,0.6386080112053343
2025-04-30,Transitional,0.6206454929832514
2025-05-01,Transitional,0.6263922167051895
2025-05-02,Transitional,0.6515811125319941
2025-05-05,Transitional,0.6535730386548321
2025-05-06,Transitional,0.6629914408056627
2025-05-07,Transitional,0.674399473297452
2025-05-08,Transitional,0.713275595312549
2025-05-09,Transitional,0.7944254927764934
2025-05-12,Transitional,0.9767002250381162
2025-05-13,Stable,0.6922976197960165
2025-05-14,Stable,0.5238605783656236
2025-05-15,Stable,0.5475908432181439
2025-05-16,Stable,0.5767018683224828
2025-05-19,Stable,0.5875352504880595
2025-05-20,Stable,0.5755136835266284
2025-05-21,Stable,0.5440037268255332
2025-05-22,Stable,0.5788678835711726
2025-05-23,Stable,0.5864963089472255
2025-05-27,Stable,0.5885435634518564
2025-05-28,Stable,0.7674022645803644
2025-05-29,Stable,0.8908438551241541
2025-05-30,Stable,0.9477565153300759
2025-06-02,Stable,0.972921850224148
2025-06-03,Stable,0.9843845966917748
2025-06-04,Stable,0.9901748468275932
2025-06-05,Stable,0.9920360957034313
2025-06-06,Stable,0.9932761177594073
2025-06-09,Stable,0.9954642551481309
2025-06-10,Stable,0.9958433956180305
2025-06-11,Stable,0.9952584760248603
2025-06-12,Stable,0.9934973193675072
2025-06-13,Stable,0.9889933790541715
2025-06-16,Stable,0.9900982753764812
2025-06-17,Stable,0.991288701407711
2025-06-18,Stable,0.9943155139309316
2025-06-20,Stable,0.9951308356018835
2025-06-23,Stable,0.9946738442171393
2025-06-24,Stable,0.9948354585922293
2025-06-25,Stable,0.9966198315857328
2025-06-26,Stable,0.997106546279766
2025-06-27,Stable,0.9977804136064585
2025-06-30,Stable,0.998079018516489
2025-07-01,Stable,0.9981469050575723
2025-07-02,Stable,0.9978564225167605
2025-07-03,Stable,0.997135361169034
2025-07-07,Stable,0.9967306032165908
2025-07-08,Stable,0.9977551253005004
2025-07-09,Stable,0.9981214593776947
2025-07-10,Stable,0.9984398753685083
2025-07-11,Stable,0.9984412472267689
2025-07-14,Stable,0.9985832223970366
2025-07-15,Stable,0.9984649198168285
2025-07-16,Stable,0.9986383277707412
2025-07-17,Stable,0.9986451238795205
2025-07-18,Stable,0.9987363334835412
2025-07-21,Stable,0.9987138828746766
2025-07-22,Stable,0.9985127262441148
2025-07-23,Stable,0.9980009495356661
2025-07-24,Stable,0.9978485526141075
2025-07-25,Stable,0.9970032827707581
2025-07-28,Stable,0.9950667625239984
2025-07-29,Stable,0.9905431195459742
2025-07-30,Stable,0.9821329678639446
2025-07-31,Stable,0.963953339438318
2025-08-01,Stable,0.931580873886206
2025-08-04,Stable,0.9384043310864422
2025-08-05,Stable,0.9625195504681996
2025-08-06,Stable,0.9778847262213891
2025-08-07,Stable,0.9871387952463432
2025-08-08,Stable,0.990908109746277
2025-08-11,Stable,0.9933552676702233
2025-08-12,Stable,0.9940106824735073
2025-08-13,Stable,0.9964827738334446
2025-08-14,Stable,0.9974667319714939
2025-08-15,Stable,0.9975894763477013
2025-08-18,Stable,0.9974215404918101
2025-08-19,Stable,0.9963973452606514
2025-08-20,Stable,0.9957377110725567
2025-08-21,Stable,0.9939258322757302
2025-08-22,Stable,0.9908778964629072
2025-08-25,Stable,0.9942448326836094
2025-08-26,Stable,0.9964696232980381
2025-08-27,Stable,0.997390737111441
2025-08-28,Stable,0.997411680709699
2025-08-29,Stable,0.9966069744334926
2025-09-02,Stable,0.996472156629234
2025-09-03,Stable,0.9972558007457355
2025-09-04,Stable,0.99743403757738
2025-09-05,Stable,0.9980052783780891
2025-09-08,Stable,0.9984756899873386
2025-09-09,Stable,0.9986126091090872
2025-09-10,Stable,0.998537711053387
2025-09-11,Stable,0.9982155641173578
2025-09-12,Stable,0.9985239527681334
2025-09-15,Stable,0.998610180847904
2025-09-16,Stable,0.99866590252291
2025-09-17,Stable,0.9986671495503807
2025-09-18,Stable,0.9985813785386325
2025-09-19,Stable,0.9984592816231779
2025-09-22,Stable,0.998246758935239
2025-09-23,Stable,0.9977543295298732
2025-09-24,Stable,0.9977684417013333
2025-09-25,Stable,0.9975484765838635
2025-09-26,Stable,0.9976224651851087
2025-09-29,Stable,0.9974307298598687
2025-09-30,Stable,0.996348128953427
2025-10-01,Stable,0.993844269118736
2025-10-02,Stable,0.9881369002088106
2025-10-03,Stable,0.9749727027339037
2025-10-06,Stable,0.9452031060036631
2025-10-07,Stable,0.8796583206957188
2025-10-08,Stable,0.7635383083297377
2025-10-09,Stable,0.5391214441517258
2025-10-10,Transitional,0.8969963381566389
2025-10-13,Transitional,0.7697517356700798
2025-10-14,Stable,0.5886334119018847
2025-10-15,Stable,0.7585417104994372
2025-10-16,Stable,0.8363469787970808
2025-10-17,Stable,0.8957664562927414
2025-10-20,Stable,0.9244806075000759
2025-10-21,Stable,0.9529274727629665
2025-10-22,Stable,0.9645129670650854
2025-10-23,Stable,0.9719225546062134
2025-10-24,Stable,0.9739841450842165
2025-10-27,Stable,0.9734963892605547
2025-10-28,Stable,0.9767002852793204
2025-10-29,Stable,0.9742883893995841
2025-10-30,Stable,0.9647178899429564
2025-10-31,Stable,0.9610184398308872
2025-11-03,Stable,0.9475268566930649
2025-11-04,Stable,0.9141953264869362
2025-11-05,Stable,0.9028966383420051
2025-11-06,Stable,0.8723304707248022
2025-11-07,Stable,0.8608599281111322
2025-11-10,Stable,0.8260321330194684
2025-11-11,Stable,0.8199965770865961
2025-11-12,Stable,0.7926517581877841
2025-11-13,Stable,0.724243737351123
2025-11-14,Stable,0.7357005506705088
2025-11-17,Stable,0.7279923933798063
2025-11-18,Stable,0.7263755947307869
2025-11-19,Stable,0.7265550374547489
2025-11-20,Stable,0.7063037407119234
2025-11-21,Stable,0.7413589575749339
2025-11-24,Stable,0.7697352074005923
2025-11-25,Stable,0.8562659862554546
2025-11-26,Stable,0.9207584098330932
2025-11-28,Stable,0.9576774556634347
2025-12-01,Stable,0.9760005581043915
2025-12-02,Stable,0.988703138717782
2025-12-03,Stable,0.9942429801198042
2025-12-04,Stable,0.9966564816957033
2025-12-05,Stable,0.9975637250116305
2025-12-08,Stable,0.9976310738409372
2025-12-09,Stable,0.9975642286586185
2025-12-10,Stable,0.9968124934547081
2025-12-11,Stable,0.9956864630859004
2025-12-12,Stable,0.9925679604260171
2025-12-15,Stable,0.9935516105363688
2025-12-16,Stable,0.9926762975459374
2025-12-17,Stable,0.9897373805662891
2025-12-18,Stable,0.9925399743995007
2025-12-19,Stable,0.9944713456802543
2025-12-22,Stable,0.9963985328710622
2025-12-23,Stable,0.9976103340838505
2025-12-24,Stable,0.9981877023084296
2025-12-26,Stable,0.998324218476453
2025-12-29,Stable,0.9981158893788278
2025-12-30,Stable,0.9979516938283278
2025-12-31,Stable,0.997349861618724
2026-01-02,Stable,0.9979464645687355
2026-01-05,Stable,0.9979132497318749
2026-01-06,Stable,0.9978297546050392
2026-01-07,Stable,0.9976254831875591
2026-01-08,Stable,0.9972673750671667
2026-01-09,Stable,0.9959258670217509
2026-01-12,Stable,0.993714151871005
2026-01-13,Stable,0.9881912926270067
2026-01-14,Stable,0.9768230052667758
2026-01-15,Stable,0.9604516179033148
2026-01-16,Stable,0.9225144452590206
2026-01-20,Stable,0.8384885526940454
2026-01-21,Stable,0.8854362715573013
2026-01-22,Stable,0.9397968365174404
2026-01-23,Stable,0.9671599132663043
2026-01-26,Stable,0.9787207456094307
2026-01-27,Stable,0.983623102346372
2026-01-28,Stable,0.9841382975199152
2026-01-29,Stable,0.9802556292755503
2026-01-30,Stable,0.9699429476896173
2026-02-02,Stable,0.9523668176695542
2026-02-03,Stable,0.9166541132916203
2026-02-04,Stable,0.8848658635075838
2026-02-05,Stable,0.8351654467447248
2026-02-06,Stable,0.8201789009662264
2026-02-09,Stable,0.87099919949216
2026-02-10,Stable,0.8936141603816575
2026-02-11,Stable,0.9030326010113106
2026-02-12,Stable,0.8998936118613763
2026-02-13,Stable,0.9458531147825289
2026-02-17,Stable,0.9655167985462515
2026-02-18,Stable,0.9729324446011893
2026-02-19,Stable,0.9749008158126677
2026-02-20,Stable,0.9725104117063251
2026-02-23,Stable,0.9659376412633435
2026-02-24,Stable,0.9657743449422493
2026-02-25,Stable,0.9621051072322883
2026-02-26,Stable,0.9548367894566206
2026-02-27,Stable,0.9430229666846128
2026-03-02,Stable,0.9218344069992784
2026-03-03,Stable,0.8714072162835159
2026-03-04,Stable,0.8348965922781241
2026-03-05,Stable,0.7754041125811592
2026-03-06,Stable,0.6893500796778653
2026-03-09,Stable,0.6688511553720609
2026-03-10,Stable,0.6337314344795602
2026-03-11,Stable,0.5559394776254407
2026-03-12,Transitional,0.6174794248869474
2026-03-13,Transitional,0.6424440207657567
2026-03-16,Transitional,0.6800691465099653
2026-03-17,Transitional,0.7248850833109776
2026-03-18,Transitional,0.8335337741374358
2026-03-19,Transitional,0.8616078200077173
2026-03-20,Transitional,0.921709543424906
2026-03-23,Transitional,0.9285168792981051
2026-03-24,Transitional,0.9351397249734286
2026-03-25,Transitional,0.9536900029166154
2026-03-26,Transitional,0.9949858603287141
2026-03-27,Transitional,0.9983888953472306
2026-03-30,Transitional,0.9972530310543972
2026-03-31,Transitional,0.9991892204133218
2026-04-01,Transitional,0.9042195777461621
2026-04-02,Transitional,0.850112841015752
2026-04-06,Transitional,0.830526015776903
2026-04-07,Transitional,0.8294614722407574
2026-04-08,Transitional,0.8483361288799659
2026-04-09,Stable,0.5359809133502234
2026-04-10,Stable,0.6299687536091473
2026-04-13,Stable,0.7054616853849514
2026-04-14,Stable,0.7717294131336297
2026-04-15,Stable,0.8503620089864992
2026-04-16,Stable,0.900773721165964
2026-04-17,Stable,0.9214941437727326
2026-04-20,Stable,0.9492100121898825
2026-04-21,Stable,0.9622198781773333
2026-04-22,Stable,0.9724861043362616
2026-04-23,Stable,0.9830271475569637
2026-04-24,Stable,0.9891608132267266
2026-04-27,Stable,0.9933922588266517
2026-04-28,Stable,0.9947226446825312
2026-04-29,Stable,0.9956493168837699
2026-04-30,Stable,0.9951017078275975
2026-05-01,Stable,0.9955915032423672
2026-05-04,Stable,0.9945320633153332
2026-05-05,Stable,0.9925804746387139
2026-05-06,Stable,0.9898904090208568
2026-05-07,Stable,0.9929796591267325
2026-05-08,Stable,0.994588076747715
2026-05-11,Stable,0.9960306064456899
2026-05-12,Stable,0.9959706500450255
2026-05-13,Stable,0.9947182973250797
2026-05-14,Stable,0.9920299173854009
2026-05-15,Stable,0.9879945259567056
2026-05-18,Stable,0.9913039084606894
2026-05-19,Stable,0.9917483585698404
2026-05-20,Stable,0.9925965697784277
2026-05-21,Stable,0.9948004048199933
2026-05-22,Stable,0.9949899027963907
2026-05-26,Stable,0.9935138267050395
2026-05-27,Stable,0.9903554500837355
2026-05-28,Stable,0.9824718797488824
2026-05-29,Stable,0.9671941072398419
2026-06-01,Stable,0.9318243329014417
2026-06-02,Stable,0.8512768977638706
2026-06-03,Stable,0.6658328532985222
2026-06-04,Stable,0.5395768301942457
2026-06-05,Transitional,0.9855460318467205
2026-06-08,Transitional,0.9785787770755817
2026-06-09,Transitional,0.9788106331697277
2026-06-10,Transitional,0.9858280162307717
2026-06-11,Transitional,0.9784430552771831
2026-06-12,Transitional,0.9389912772687921
2026-06-15,Transitional,0.9223498408644043
2026-06-16,Transitional,0.856828563885794
2026-06-17,Transitional,0.8129127634093678
2026-06-18,Transitional,0.7029347866102136
2026-06-22,Transitional,0.5956442188573545
2026-06-23,Transitional,0.5380491045187155
2026-06-24,Stable,0.7303066142681677
2026-06-25,Stable,0.8534503131478688
2026-06-26,Stable,0.9077218963275907
2026-06-29,Stable,0.9310918111671106
2026-06-30,Stable,0.9600882600421564
2026-07-01,Stable,0.9789025740338578
2026-07-02,Stable,0.9880497582329784
2026-07-06,Stable,0.9916734142599724
2026-07-07,Stable,0.993760657205141
2026-07-08,Stable,0.9949809474358688
2026-07-09,Stable,0.9950505193078443
2026-07-10,Stable,0.9949863154293613
2026-07-13,Stable,0.9933213174502018
2026-07-14,Stable,0.993091801598445
2026-07-15,Stable,0.9905501736283713
2026-07-16,Stable,0.9840700824373834
2026-07-17,Stable,0.9745238178829743
2026-07-20,Stable,0.9708687767911669
2026-07-21,Stable,0.9601681054361446
2026-07-22,Stable,0.9454303818126376
2026-07-23,Stable,0.9121654102648158
2026-07-24,Stable,0.9026291278396443
2026-07-27,Stable,0.8740265147215507
2026-07-28,Stable,0.8062729245451307
2026-07-29,Stable,0.6494454729948839
2026-07-30,Stable,0.6279070894515574
2026-07-31,Stable,0.6436240510405143
2026-08-03,Stable,0.644470418312576
2026-08-04,Stable,0.6699245400837502
2026-08-05,Stable,0.8334789709490685
2026-08-06,Stable,0.9112798399841935
2026-08-07,Stable,0.9482846659683851
2026-08-10,Stable,0.967827236064491
2026-08-11,Stable,0.9757661586472703
2026-08-12,Stable,0.9787914067565804
2026-08-13,Stable,0.9765552895776684
2026-08-14,Stable,0.9700281453415531
