date,regime_label,regime_probability
2014-10-07,Stable,1.0
2014-10-08,Stable,0.9958867375496112
2014-10-09,Stable,0.9917206851659635
2014-10-10,Stable,0.9903200375828998
2014-10-13,Stable,0.9877784921781223
2014-10-14,Stable,0.9833673208097589
2014-10-15,Stable,0.9760349845395301
2014-10-16,Stable,0.9610238169271624
2014-10-17,Stable,0.9662272551578788
2014-10-20,Stable,0.9667615926046809
2014-10-21,Stable,0.9641402434817405
2014-10-22,Stable,0.9585159399100237
2014-10-27,Stable,0.9556461626141213
2014-10-28,Stable,0.948850053930327
2014-10-29,Stable,0.9368621318945438
2014-10-30,Stable,0.9276090882026296
2014-10-31,Stable,0.9373942431355425
2014-11-03,Stable,0.9551566733279822
2014-11-05,Stable,0.9646935558200124
2014-11-07,Stable,0.9719318191683453
2014-11-10,Stable,0.9774609216996775
2014-11-11,Stable,0.9819074113851882
2014-11-12,Stable,0.9851585411604704
2014-11-13,Stable,0.9867368584133226
2014-11-14,Stable,0.9870823981348795
2014-11-17,Stable,0.9858997203840356
2014-11-18,Stable,0.9864315466482602
2014-11-19,Stable,0.9854934431076179
2014-11-20,Stable,0.9840693171668258
2014-11-21,Stable,0.9806596356098326
2014-11-24,Stable,0.9793566440155187
2014-11-25,Stable,0.9776073953160891
2014-11-26,Stable,0.9744267174650296
2014-11-27,Stable,0.9688073754820421
2014-11-28,Stable,0.9589112695019092
2014-12-01,Stable,0.9405498391706882
2014-12-02,Stable,0.9432166249010853
2014-12-03,Stable,0.9397967848065117
2014-12-04,Stable,0.9325404035273498
2014-12-05,Stable,0.9221085407617102
2014-12-08,Stable,0.9039050050716552
2014-12-09,Stable,0.8828541985818309
2014-12-10,Stable,0.8487326404424289
2014-12-11,Stable,0.7941011230249928
2014-12-12,Stable,0.7791547220033033
2014-12-15,Stable,0.7820400141719023
2014-12-16,Stable,0.774731428472797
2014-12-17,Stable,0.767763531686459
2014-12-18,Stable,0.7528803709294951
2014-12-19,Stable,0.7343117181215622
2014-12-22,Stable,0.7306005836226146
2014-12-23,Stable,0.7185327583288672
2014-12-24,Stable,0.7021058003664572
2014-12-26,Stable,0.678711482926506
2014-12-29,Stable,0.6414636647210694
2014-12-30,Stable,0.5905335435779981
2014-12-31,Stable,0.5483468469037883
2015-01-01,Stable,0.49947501131512134
2015-01-02,Stable,0.5733465359845493
2015-01-05,Stable,0.6913492000306948
2015-01-06,Transitional,0.8336946171091987
2015-01-07,Transitional,0.9056452566773145
2015-01-08,Transitional,0.9322292722999951
2015-01-09,Transitional,0.942038732876815
2015-01-12,Transitional,0.944759782925236
2015-01-13,Transitional,0.9475921530269042
2015-01-14,Transitional,0.9527215348487456
2015-01-15,Transitional,0.9587543802895167
2015-01-16,Transitional,0.958316667763783
2015-01-19,Transitional,0.9574198867874673
2015-01-20,Transitional,0.95662696065905
2015-01-21,Transitional,0.9517405024114053
2015-01-22,Transitional,0.9483461392876479
2015-01-23,Transitional,0.9428090191876698
2015-01-27,Transitional,0.9406210369208364
2015-01-28,Transitional,0.9417670806193067
2015-01-29,Transitional,0.9406069209463461
2015-01-30,Transitional,0.9345573242234603
2015-02-02,Transitional,0.9289096069904451
2015-02-03,Transitional,0.9232734182494478
2015-02-04,Transitional,0.9017442079157904
2015-02-05,Transitional,0.8861504668628482
2015-02-06,Transitional,0.8772095859210274
2015-02-09,Transitional,0.8703373037378308
2015-02-10,Transitional,0.8653772262666496
2015-02-11,Transitional,0.8610413495551692
2015-02-12,Transitional,0.851904349795888
2015-02-13,Transitional,0.8468358765980398
2015-02-16,Transitional,0.8457659958470104
2015-02-18,Transitional,0.8463896270961728
2015-02-19,Transitional,0.8528856802869489
2015-02-20,Transitional,0.863533813786189
2015-02-23,Transitional,0.8620444322429288
2015-02-24,Transitional,0.852672416077373
2015-02-25,Transitional,0.8456534635693239
2015-02-26,Transitional,0.8445079646437234
2015-02-27,Transitional,0.8487725139883869
2015-03-02,Transitional,0.8492352633868387
2015-03-03,Transitional,0.8359192789091231
2015-03-04,Transitional,0.7845975271300746
2015-03-05,Transitional,0.7344099962542922
2015-03-09,Transitional,0.7012870984982812
2015-03-10,Transitional,0.6675103986885068
2015-03-11,Transitional,0.641876717582444
2015-03-12,Transitional,0.6280454794054268
2015-03-13,Transitional,0.620057893225091
2015-03-16,Transitional,0.6136237075628028
2015-03-17,Transitional,0.613074123110759
2015-03-18,Transitional,0.6101144035271865
2015-03-19,Transitional,0.6084748362558003
2015-03-20,Transitional,0.6095922120702106
2015-03-23,Transitional,0.6193977826553939
2015-03-24,Transitional,0.6327080922370333
2015-03-25,Transitional,0.6547034613246046
2015-03-26,Transitional,0.6917130732926495
2015-03-27,Transitional,0.7252597775667541
2015-03-30,Transitional,0.7502420018944385
2015-03-31,Transitional,0.7892410568498077
2015-04-01,Transitional,0.8202480616485709
2015-04-06,Transitional,0.8558231960968953
2015-04-07,Transitional,0.8965707783928021
2015-04-08,Transitional,0.9408888978158371
2015-04-09,Transitional,0.9538189794941472
2015-04-10,Transitional,0.9608606069940313
2015-04-13,Transitional,0.9589553382466001
2015-04-15,Transitional,0.9533931837351687
2015-04-16,Transitional,0.9502415976965091
2015-04-17,Transitional,0.9463505361452672
2015-04-20,Transitional,0.9270442440160777
2015-04-21,Transitional,0.9117895013510471
2015-04-22,Transitional,0.8941216661087693
2015-04-23,Transitional,0.8826067361615237
2015-04-24,Transitional,0.8779030284691127
2015-04-27,Transitional,0.8793150383607197
2015-04-28,Transitional,0.8869808405597671
2015-04-29,Transitional,0.8989279931704134
2015-04-30,Transitional,0.9107309263255002
2015-05-04,Transitional,0.9208649377053946
2015-05-05,Transitional,0.9192670220104441
2015-05-06,Transitional,0.9190868406137502
2015-05-07,Transitional,0.9199132987990285
2015-05-08,Transitional,0.9193596946880559
2015-05-11,Transitional,0.9057085399115372
2015-05-12,Transitional,0.8892942799411911
2015-05-13,Transitional,0.8523699734269512
2015-05-14,Transitional,0.803901056727779
2015-05-15,Transitional,0.7707992585261451
2015-05-18,Transitional,0.7498398252605596
2015-05-19,Transitional,0.7206446492795284
2015-05-20,Transitional,0.7027377373205994
2015-05-21,Transitional,0.6856554533660025
2015-05-22,Transitional,0.6731680639813512
2015-05-25,Transitional,0.667258879497873
2015-05-26,Transitional,0.6671519453552875
2015-05-27,Transitional,0.6724620401597832
2015-05-28,Transitional,0.6872170219983568
2015-05-29,Transitional,0.7095567091545437
2015-06-01,Transitional,0.7463488887429641
2015-06-02,Transitional,0.7569084555507691
2015-06-03,Transitional,0.7741160272587199
2015-06-04,Transitional,0.8034242977286953
2015-06-05,Transitional,0.8277524096824633
2015-06-08,Transitional,0.8647693692874503
2015-06-09,Transitional,0.8872929945235405
2015-06-10,Transitional,0.9187650474549727
2015-06-11,Transitional,0.9315149884447332
2015-06-12,Transitional,0.936675944939658
2015-06-15,Transitional,0.9349078588916551
2015-06-16,Transitional,0.9201256382465756
2015-06-17,Transitional,0.8447502663342251
2015-06-18,Transitional,0.7152798996006682
2015-06-19,Transitional,0.5958902257675982
2015-06-22,Stable,0.5550955228667686
2015-06-23,Stable,0.6816445455552524
2015-06-24,Stable,0.7587020028427923
2015-06-25,Stable,0.8071309232294887
2015-06-26,Stable,0.8530834931715549
2015-06-29,Stable,0.881832978622395
2015-06-30,Stable,0.9028303310491549
2015-07-01,Stable,0.9185725709882351
2015-07-02,Stable,0.9284390965821661
2015-07-03,Stable,0.9338999290063078
2015-07-06,Stable,0.9352964903175405
2015-07-07,Stable,0.934313133321239
2015-07-08,Stable,0.932010764530263
2015-07-09,Stable,0.9259376412719648
2015-07-10,Stable,0.916229530581685
2015-07-13,Stable,0.9071752882412771
2015-07-14,Stable,0.8919041596088867
2015-07-15,Stable,0.8698949878816593
2015-07-16,Stable,0.8462692969065662
2015-07-17,Stable,0.8191752048400495
2015-07-20,Stable,0.7733825625993913
2015-07-21,Stable,0.6912303250069151
2015-07-22,Stable,0.5855189052913679
2015-07-23,Stable,0.6432041490037925
2015-07-24,Stable,0.6600281976485285
2015-07-27,Stable,0.6796152877386895
2015-07-28,Stable,0.7037444521227812
2015-07-29,Stable,0.7162367834814503
2015-07-30,Stable,0.7265869299200655
2015-07-31,Stable,0.7291145355881489
2015-08-03,Stable,0.7238377997727783
2015-08-04,Stable,0.7093316799801697
2015-08-05,Stable,0.6929766684740921
2015-08-06,Stable,0.6631480753243616
2015-08-07,Stable,0.6199423470741793
2015-08-10,Stable,0.5540018165522036
2015-08-11,Stable,0.509189241730448
2015-08-12,Stable,0.6137653590904601
2015-08-13,Stable,0.6777232518751014
2015-08-14,Stable,0.7539540882173636
2015-08-17,Stable,0.7679036408366773
2015-08-18,Stable,0.7664624776573176
2015-08-19,Stable,0.7317942084223844
2015-08-20,Volatile,0.5516049370178152
2015-08-21,Volatile,0.5163005430407018
2015-08-24,Volatile,0.9806221754235146
2015-08-25,Transitional,0.5112756859999295
2015-08-26,Transitional,0.6941105061199037
2015-08-27,Transitional,0.7367718486470457
2015-08-28,Transitional,0.7480414570504047
2015-08-31,Transitional,0.7551710003747236
2015-09-01,Transitional,0.7590498215232837
2015-09-02,Transitional,0.761028372756551
2015-09-03,Transitional,0.7655146017491905
2015-09-04,Transitional,0.7765487011499477
2015-09-07,Transitional,0.7841240557468225
2015-09-08,Transitional,0.7988887127646048
2015-09-09,Transitional,0.8085079050094341
2015-09-10,Transitional,0.8021351474721228
2015-09-11,Transitional,0.8000801650313214
2015-09-14,Transitional,0.8041299031721447
2015-09-15,Transitional,0.8158315289844194
2015-09-16,Transitional,0.8370890128196352
2015-09-18,Transitional,0.8682047194931917
2015-09-21,Transitional,0.8797415515459814
2015-09-22,Transitional,0.8851636870357401
2015-09-23,Transitional,0.8804571884227066
2015-09-24,Transitional,0.8766993275103712
2015-09-28,Transitional,0.874237186315806
2015-09-29,Transitional,0.8771266816102876
2015-09-30,Transitional,0.8838032677695027
2015-10-01,Transitional,0.8828652729135085
2015-10-05,Transitional,0.8849691985671783
2015-10-06,Transitional,0.8783047070087648
2015-10-07,Transitional,0.8726357534413808
2015-10-08,Transitional,0.8636217271673687
2015-10-09,Transitional,0.8443563789709151
2015-10-12,Transitional,0.8336169213474391
2015-10-13,Transitional,0.8293978375045649
2015-10-14,Transitional,0.8309862116211596
2015-10-15,Transitional,0.8323763934041873
2015-10-16,Transitional,0.8208412310910558
2015-10-19,Transitional,0.7313294761172151
2015-10-20,Transitional,0.6635268392058616
2015-10-21,Transitional,0.6004361404607256
2015-10-23,Transitional,0.5583570359936518
2015-10-26,Transitional,0.5325709088125155
2015-10-27,Transitional,0.5122340953577582
2015-10-28,Transitional,0.5027684084000028
2015-10-29,Transitional,0.5025131053284602
2015-10-30,Transitional,0.5105631605350411
2015-11-02,Transitional,0.5265766587528449
2015-11-03,Transitional,0.5461149024886527
2015-11-04,Transitional,0.5754171460933495
2015-11-05,Transitional,0.6054717453396301
2015-11-06,Transitional,0.6373624723072545
2015-11-09,Transitional,0.6637654888721577
2015-11-10,Transitional,0.6911810628894749
2015-11-13,Transitional,0.6871331356537979
2015-11-16,Transitional,0.6776957727640693
2015-11-17,Transitional,0.6746016592045273
2015-11-18,Transitional,0.6776630067062256
2015-11-19,Transitional,0.6801875340046063
2015-11-20,Transitional,0.6704703784688086
2015-11-23,Transitional,0.6625491276643992
2015-11-24,Transitional,0.6606010490006593
2015-11-26,Transitional,0.658919716361883
2015-11-27,Transitional,0.6496519669548401
2015-11-30,Transitional,0.646251254006663
2015-12-01,Transitional,0.6473858572076978
2015-12-02,Transitional,0.6573904159696253
2015-12-03,Transitional,0.6709667886309258
2015-12-04,Transitional,0.6966261613525713
2015-12-07,Transitional,0.7304380235522043
2015-12-08,Transitional,0.7697160029722427
2015-12-09,Transitional,0.8168048937570012
2015-12-10,Transitional,0.8367164318612152
2015-12-11,Transitional,0.8330384941803041
2015-12-14,Transitional,0.8281605305350638
2015-12-15,Transitional,0.827271272036058
2015-12-16,Transitional,0.8202726262001542
2015-12-17,Transitional,0.8150154632229301
2015-12-18,Transitional,0.7861008981877831
2015-12-21,Transitional,0.7551443086588049
2015-12-22,Transitional,0.7370893138913871
2015-12-23,Transitional,0.7281236058948383
2015-12-24,Transitional,0.7182859729924739
2015-12-28,Transitional,0.7168110035833334
2015-12-29,Transitional,0.7202923085105659
2015-12-30,Transitional,0.7315742996998151
2015-12-31,Transitional,0.749781260808726
2016-01-01,Transitional,0.7750138679499488
2016-01-04,Transitional,0.816643000504493
2016-01-05,Transitional,0.8521127209901275
2016-01-06,Transitional,0.8960602088086558
2016-01-07,Transitional,0.9148846122491109
2016-01-08,Transitional,0.9309603472559382
2016-01-11,Transitional,0.9476848382063385
2016-01-12,Transitional,0.9554586336653927
2016-01-13,Transitional,0.9628902182972476
2016-01-14,Transitional,0.9616743338308916
2016-01-15,Transitional,0.9470582196901055
2016-01-18,Transitional,0.876161160492402
2016-01-19,Transitional,0.9135708730868286
2016-01-20,Transitional,0.9259797803490796
2016-01-21,Transitional,0.9536766044645002
2016-01-22,Transitional,0.9594483312558774
2016-01-25,Transitional,0.9537871363719473
2016-01-27,Transitional,0.9494741085009211
2016-01-28,Transitional,0.9482625911093325
2016-01-29,Transitional,0.9465630196270618
2016-02-01,Transitional,0.9438867845722856
2016-02-02,Transitional,0.9425174293773891
2016-02-03,Transitional,0.9377696363552356
2016-02-04,Transitional,0.9314856653922668
2016-02-05,Transitional,0.9286456516477217
2016-02-08,Transitional,0.9302210475394173
2016-02-09,Transitional,0.934851931451057
2016-02-10,Transitional,0.9408556885121939
2016-02-11,Transitional,0.9321083817378399
2016-02-12,Transitional,0.9306647228091489
2016-02-15,Transitional,0.9042478103826809
2016-02-16,Transitional,0.8734453219258719
2016-02-17,Transitional,0.8255740910698391
2016-02-18,Stable,0.7324930527892031
2016-02-19,Stable,0.6535817744017044
2016-02-22,Stable,0.5994389855452895
2016-02-23,Stable,0.5304936238327009
2016-02-24,Stable,0.5235820461005579
2016-02-25,Stable,0.559789882221011
2016-02-26,Stable,0.5841476870851441
2016-02-29,Stable,0.5984045447067913
2016-03-01,Stable,0.6167437923618645
2016-03-02,Stable,0.6354314481893217
2016-03-03,Stable,0.6675581310812956
2016-03-04,Stable,0.6928369323012895
2016-03-08,Stable,0.7068294141933674
2016-03-09,Stable,0.732221688735947
2016-03-10,Stable,0.7554091602629848
2016-03-11,Stable,0.8368704051737058
2016-03-14,Stable,0.8854966251657836
2016-03-15,Stable,0.9175718889112425
2016-03-16,Stable,0.9374766327818851
2016-03-17,Stable,0.9496294247736354
2016-03-18,Stable,0.9573545822053342
2016-03-21,Stable,0.9637461662151665
2016-03-22,Stable,0.9684845121742637
2016-03-23,Stable,0.9718448612702366
2016-03-28,Stable,0.9772219974543567
2016-03-29,Stable,0.9804513642773459
2016-03-30,Stable,0.9849631796769415
2016-03-31,Stable,0.9887538052357229
2016-04-01,Stable,0.9908273868548462
2016-04-04,Stable,0.9925980326256865
2016-04-05,Stable,0.9933917170402762
2016-04-06,Stable,0.9938327494337824
2016-04-07,Stable,0.9939600433963991
2016-04-08,Stable,0.9935415050448998
2016-04-11,Stable,0.9923794381966938
2016-04-12,Stable,0.9903507455644559
2016-04-13,Stable,0.9872431823032732
2016-04-18,Stable,0.986272581916534
2016-04-20,Stable,0.9824507282026098
2016-04-21,Stable,0.9856591881140464
2016-04-22,Stable,0.9863951458768062
2016-04-25,Stable,0.9851544711953919
2016-04-26,Stable,0.9873844766764718
2016-04-27,Stable,0.9876920871101936
2016-04-28,Stable,0.9861224929447002
2016-04-29,Stable,0.988526437878819
2016-05-02,Stable,0.9909205019823217
2016-05-03,Stable,0.9920600277170275
2016-05-04,Stable,0.993203035574021
2016-05-05,Stable,0.9935628590693967
2016-05-06,Stable,0.9932304756288366
2016-05-09,Stable,0.9922841006292706
2016-05-10,Stable,0.992362153936467
2016-05-11,Stable,0.9913924347286031
2016-05-12,Stable,0.9894909762922419
2016-05-13,Stable,0.9895967226148425
2016-05-16,Stable,0.9902621269978251
2016-05-17,Stable,0.9896658459890731
2016-05-18,Stable,0.9882042686662786
2016-05-19,Stable,0.9848042042680425
2016-05-20,Stable,0.9841219002939455
2016-05-23,Stable,0.9850190643422131
2016-05-24,Stable,0.9840961865716924
2016-05-25,Stable,0.9829475333567095
2016-05-26,Stable,0.9814097137814962
2016-05-27,Stable,0.9760310233388255
2016-05-30,Stable,0.9841357355300016
2016-05-31,Stable,0.9881204171901363
2016-06-01,Stable,0.9913463897183922
2016-06-02,Stable,0.9932958754263628
2016-06-03,Stable,0.9944364351726556
2016-06-06,Stable,0.9950522977459121
2016-06-07,Stable,0.9952905929436903
2016-06-08,Stable,0.9950308101987633
2016-06-09,Stable,0.9940141759314411
2016-06-10,Stable,0.9949294986209759
2016-06-13,Stable,0.9953302375921923
2016-06-14,Stable,0.9953723121456576
2016-06-15,Stable,0.9950347653548003
2016-06-16,Stable,0.9946948923516915
2016-06-17,Stable,0.9941703595223473
2016-06-20,Stable,0.9927791194673676
2016-06-21,Stable,0.9927174914645697
2016-06-22,Stable,0.9916709197920636
2016-06-23,Stable,0.9896324810652037
2016-06-24,Stable,0.9840558498520712
2016-06-27,Stable,0.9896699713241417
2016-06-28,Stable,0.9919759526481929
2016-06-29,Stable,0.9929915341217684
2016-06-30,Stable,0.9939534274227492
2016-07-01,Stable,0.9942397278709141
2016-07-04,Stable,0.9939815776579191
2016-07-05,Stable,0.994533008375371
2016-07-07,Stable,0.9947240175906723
2016-07-08,Stable,0.9944181818597083
2016-07-11,Stable,0.9939530954079029
2016-07-12,Stable,0.9944002203487383
2016-07-13,Stable,0.9950476399187542
2016-07-14,Stable,0.9953178300800859
2016-07-15,Stable,0.99514949389618
2016-07-18,Stable,0.994862576664535
2016-07-19,Stable,0.9941304445228234
2016-07-20,Stable,0.9937577003504883
2016-07-21,Stable,0.9926599054112908
2016-07-22,Stable,0.9927513115906186
2016-07-25,Stable,0.9924769472348408
2016-07-26,Stable,0.9918596374478655
2016-07-27,Stable,0.9901983016859374
2016-07-28,Stable,0.9881925902346806
2016-07-29,Stable,0.9866103762339287
2016-08-01,Stable,0.9845961211060591
2016-08-02,Stable,0.9808369439552126
2016-08-03,Stable,0.9742686790724902
2016-08-04,Stable,0.9702830179158142
2016-08-05,Stable,0.9617699683787089
2016-08-08,Stable,0.9611808635841702
2016-08-09,Stable,0.9598474444680309
2016-08-10,Stable,0.9537747799029382
2016-08-11,Stable,0.9578471900477751
2016-08-12,Stable,0.9592331540756525
2016-08-16,Stable,0.9663973818858422
2016-08-17,Stable,0.9711888043307578
2016-08-18,Stable,0.974771165916715
2016-08-19,Stable,0.9762541697563886
2016-08-22,Stable,0.9757124578169593
2016-08-23,Stable,0.9730417136324527
2016-08-24,Stable,0.967522710259023
2016-08-25,Stable,0.9603974369053419
2016-08-26,Stable,0.9489502620037215
2016-08-29,Stable,0.9368628084145673
2016-08-30,Stable,0.94241565710478
2016-08-31,Stable,0.9434878539563012
2016-09-01,Stable,0.9389223299481291
2016-09-02,Stable,0.9512084653225903
2016-09-06,Stable,0.9619321726500896
2016-09-07,Stable,0.968444186296629
2016-09-08,Stable,0.9714907484353161
2016-09-09,Stable,0.9758757204918324
2016-09-12,Stable,0.9794598143608664
2016-09-14,Stable,0.9808753259958565
2016-09-15,Stable,0.9801560412635202
2016-09-16,Stable,0.9826424278518996
2016-09-19,Stable,0.9843022661710022
2016-09-20,Stable,0.9847723658817993
2016-09-21,Stable,0.9842061431020966
2016-09-22,Stable,0.9818008171255149
2016-09-23,Stable,0.9806947899366697
2016-09-26,Stable,0.979748769805008
2016-09-27,Stable,0.9768874727581749
2016-09-28,Stable,0.9712271541396496
2016-09-29,Stable,0.9675354300501156
2016-09-30,Stable,0.9650215370523846
2016-10-03,Stable,0.9612813035781753
2016-10-04,Stable,0.9548007663027378
2016-10-05,Stable,0.944236879462881
2016-10-06,Stable,0.9273550115878091
2016-10-07,Stable,0.9171641199192532
2016-10-10,Stable,0.8966544287142328
2016-10-13,Stable,0.8605938215237575
2016-10-14,Stable,0.8776153703274645
2016-10-17,Stable,0.895677288414253
2016-10-18,Stable,0.9106987343586453
2016-10-19,Stable,0.9321798892587315
2016-10-20,Stable,0.9457105011760745
2016-10-21,Stable,0.9529318091328584
2016-10-24,Stable,0.9669500348816232
2016-10-25,Stable,0.9751065369512277
2016-10-26,Stable,0.9798535991060731
2016-10-27,Stable,0.9826873880013904
2016-10-28,Stable,0.9838794805011617
2016-11-01,Stable,0.9837872479085367
2016-11-02,Stable,0.9811046434501403
2016-11-03,Stable,0.9858203964129648
2016-11-04,Stable,0.9874320796335262
2016-11-07,Stable,0.9908522474550446
2016-11-08,Stable,0.9927712618951019
2016-11-09,Stable,0.993798026047727
2016-11-10,Stable,0.9941284784900815
2016-11-11,Stable,0.9940604448855015
2016-11-15,Stable,0.9936339188841716
2016-11-16,Stable,0.9944220779728536
2016-11-17,Stable,0.9943944224080261
2016-11-18,Stable,0.9942008207916949
2016-11-21,Stable,0.9941292553345786
2016-11-22,Stable,0.9934585511068732
2016-11-23,Stable,0.9928033477118874
2016-11-24,Stable,0.9913343540448839
2016-11-25,Stable,0.9930195550917007
2016-11-28,Stable,0.9937605465965529
2016-11-29,Stable,0.993976896569665
2016-11-30,Stable,0.9944881648241753
2016-12-01,Stable,0.9946765894880866
2016-12-02,Stable,0.9947493426438022
2016-12-05,Stable,0.9942825736692443
2016-12-06,Stable,0.9930847436858946
2016-12-07,Stable,0.9921423546028015
2016-12-08,Stable,0.9900015158358337
2016-12-09,Stable,0.991256691616101
2016-12-12,Stable,0.9918472581643383
2016-12-13,Stable,0.9913110960168258
2016-12-14,Stable,0.9909525096626364
2016-12-15,Stable,0.993030769725125
2016-12-16,Stable,0.9941540474362119
2016-12-19,Stable,0.9946903622889245
2016-12-20,Stable,0.9948706714290702
2016-12-21,Stable,0.9946043025404759
2016-12-22,Stable,0.9939314712637468
2016-12-23,Stable,0.9931223620425101
2016-12-26,Stable,0.9914975710985375
2016-12-27,Stable,0.9892183490582934
2016-12-28,Stable,0.988411346176305
2016-12-29,Stable,0.987821898817564
2016-12-30,Stable,0.9880825713682855
2017-01-02,Stable,0.9896302163364895
2017-01-03,Stable,0.9898363669154334
2017-01-04,Stable,0.9887021152114173
2017-01-05,Stable,0.9904108313899851
2017-01-06,Stable,0.9915672940046767
2017-01-09,Stable,0.9916929387267618
2017-01-10,Stable,0.9909195155888885
2017-01-11,Stable,0.9903647001426713
2017-01-12,Stable,0.9886973418672674
2017-01-13,Stable,0.9854212788462055
2017-01-16,Stable,0.9797259219337214
2017-01-17,Stable,0.9701906881636946
2017-01-18,Stable,0.9808391873565868
2017-01-19,Stable,0.9855895469545091
2017-01-20,Stable,0.9877249687777112
2017-01-23,Stable,0.9888178723326988
2017-01-24,Stable,0.9893703226388229
2017-01-25,Stable,0.989963710091729
2017-01-27,Stable,0.9900926834474901
2017-01-30,Stable,0.9894102090423872
2017-01-31,Stable,0.9914063266811511
2017-02-01,Stable,0.9920707635430147
2017-02-02,Stable,0.992002639191316
2017-02-03,Stable,0.9912303629338389
2017-02-06,Stable,0.9900977343231347
2017-02-07,Stable,0.9883389028977548
2017-02-08,Stable,0.9861042136368479
2017-02-09,Stable,0.9822739221553827
2017-02-10,Stable,0.976897017719873
2017-02-13,Stable,0.9679920132780839
2017-02-14,Stable,0.9531588036707732
2017-02-15,Stable,0.9441212288669935
2017-02-16,Stable,0.9275121226946027
2017-02-17,Stable,0.9101268370659702
2017-02-20,Stable,0.8698271547884087
2017-02-21,Stable,0.6941624218760216
2017-02-22,Volatile,0.999983273027118
2017-02-23,Volatile,0.7800925798797896
2017-02-27,Volatile,0.70494347670296
2017-02-28,Transitional,0.5206265409698277
2017-03-01,Transitional,0.5631335729475934
2017-03-02,Transitional,0.5719932215033793
2017-03-03,Transitional,0.5769317311326556
2017-03-06,Transitional,0.5684684988709251
2017-03-07,Transitional,0.5015333919792642
2017-03-08,Transitional,0.5386403178812209
2017-03-09,Transitional,0.5723300644349525
2017-03-10,Transitional,0.591075671880308
2017-03-14,Transitional,0.5993429468978501
2017-03-15,Transitional,0.6001467782845222
2017-03-16,Transitional,0.59814523607209
2017-03-17,Transitional,0.5875865600751028
2017-03-20,Transitional,0.5655164626408761
2017-03-21,Transitional,0.5419877317479032
2017-03-22,Transitional,0.5132985619131886
2017-03-23,Transitional,0.5317559246831487
2017-03-24,Transitional,0.5911415489979092
2017-03-27,Transitional,0.6649098528623376
2017-03-28,Transitional,0.6990510529143978
2017-03-29,Transitional,0.7453468691564776
2017-03-30,Transitional,0.8020786783522025
2017-03-31,Transitional,0.8483926464527775
2017-04-03,Transitional,0.8494964585413912
2017-04-05,Transitional,0.8576398467121651
2017-04-06,Transitional,0.8183552356081852
2017-04-07,Transitional,0.756417800105145
2017-04-10,Transitional,0.6641681279370057
2017-04-11,Stable,0.5639943236761017
2017-04-12,Stable,0.49912460381322715
2017-04-13,Stable,0.5574933961329723
2017-04-17,Stable,0.5982419629909829
2017-04-18,Stable,0.6579543637378803
2017-04-19,Stable,0.7150796768019325
2017-04-20,Stable,0.7493312449333493
2017-04-21,Stable,0.7685907823184104
2017-04-24,Stable,0.8156052440438093
2017-04-25,Stable,0.8522031891256681
2017-04-26,Stable,0.8816497952289367
2017-04-27,Stable,0.9046550257287256
2017-04-28,Stable,0.9187339746774076
2017-05-02,Stable,0.9286067763483263
2017-05-03,Stable,0.9410206901035844
2017-05-04,Stable,0.9474955256852075
2017-05-05,Stable,0.9507772182529943
2017-05-08,Stable,0.9601995917968713
2017-05-09,Stable,0.965190865232419
2017-05-10,Stable,0.9674459669659781
2017-05-11,Stable,0.9758411329948388
2017-05-12,Stable,0.9804055825379863
2017-05-15,Stable,0.9831083177392695
2017-05-16,Stable,0.9841565765006884
2017-05-17,Stable,0.9846056883123212
2017-05-18,Stable,0.9832008807121664
2017-05-19,Stable,0.9841936413320144
2017-05-22,Stable,0.9836607520905231
2017-05-23,Stable,0.9814972140517784
2017-05-24,Stable,0.9796459897804943
2017-05-25,Stable,0.9756806573459154
2017-05-26,Stable,0.9675997879196722
2017-05-29,Stable,0.9704798563832656
2017-05-30,Stable,0.9732593532055149
2017-05-31,Stable,0.9732068344589946
2017-06-01,Stable,0.9731982898556462
2017-06-02,Stable,0.9718164059070619
2017-06-05,Stable,0.9678281352773719
2017-06-06,Stable,0.9605404046407557
2017-06-07,Stable,0.9516248949467113
2017-06-08,Stable,0.9479263631486285
2017-06-09,Stable,0.9400400569703421
2017-06-12,Stable,0.9262695652274006
2017-06-13,Stable,0.9087140179563495
2017-06-14,Stable,0.8749782737559275
2017-06-15,Stable,0.88194175344838
2017-06-16,Stable,0.8921044824391422
2017-06-19,Stable,0.8948210238923356
2017-06-20,Stable,0.8980991254910715
2017-06-21,Stable,0.8962962706178802
2017-06-22,Stable,0.8905787891848822
2017-06-23,Stable,0.8805533900701514
2017-06-27,Stable,0.8624007868405391
2017-06-28,Stable,0.8303137917850273
2017-06-29,Stable,0.8223743282152735
2017-06-30,Stable,0.8047045976332026
2017-07-03,Stable,0.7781949475629863
2017-07-04,Stable,0.7310897229178736
2017-07-05,Stable,0.726680744469856
2017-07-06,Stable,0.7205171013059816
2017-07-07,Stable,0.7001038625738444
2017-07-10,Stable,0.7278677717788882
2017-07-11,Stable,0.7396622180599792
2017-07-12,Stable,0.7423562917732545
2017-07-13,Stable,0.7419428277681634
2017-07-14,Stable,0.7425216609164115
2017-07-17,Stable,0.7372985518375054
2017-07-18,Stable,0.7288072262837907
2017-07-19,Stable,0.7266879453497829
2017-07-20,Stable,0.7176346612755529
2017-07-21,Stable,0.6889485093507453
2017-07-24,Stable,0.7324927379051962
2017-07-25,Stable,0.7826107924242918
2017-07-26,Stable,0.813861550279323
2017-07-27,Stable,0.841150217518425
2017-07-28,Stable,0.8711876497834026
2017-07-31,Stable,0.8886888880392174
2017-08-01,Stable,0.9047467092151955
2017-08-02,Stable,0.9145004461424125
2017-08-03,Stable,0.9261990149561757
2017-08-04,Stable,0.9366446360481728
2017-08-07,Stable,0.9487867399413972
2017-08-08,Stable,0.9555439766255114
2017-08-09,Stable,0.9596351173582982
2017-08-10,Stable,0.9603929484203136
2017-08-11,Stable,0.9584833463326954
2017-08-14,Stable,0.9638175196186036
2017-08-16,Stable,0.9711816379199458
2017-08-17,Stable,0.9750388502668215
2017-08-18,Stable,0.9764405846093782
2017-08-21,Stable,0.976191246057418
2017-08-22,Stable,0.9743302090745302
2017-08-23,Stable,0.9698592400158904
2017-08-24,Stable,0.9659989308724142
2017-08-28,Stable,0.9597649538211579
2017-08-29,Stable,0.9478182884460162
2017-08-30,Stable,0.9423253089480838
2017-08-31,Stable,0.9421531823552378
2017-09-01,Stable,0.9458654661831946
2017-09-04,Stable,0.9473808281420678
2017-09-05,Stable,0.9453074179701226
2017-09-06,Stable,0.9425895806770727
2017-09-07,Stable,0.9372581183087845
2017-09-08,Stable,0.927504754159596
2017-09-11,Stable,0.9106488629681375
2017-09-12,Stable,0.8826881303071145
2017-09-13,Stable,0.8396923389754616
2017-09-14,Stable,0.8381017709100969
2017-09-15,Stable,0.8280228622988248
2017-09-18,Stable,0.8083756188641386
2017-09-19,Stable,0.7768189279075799
2017-09-20,Stable,0.7307532004496028
2017-09-21,Stable,0.6714080101733132
2017-09-22,Stable,0.5788099716632554
2017-09-25,Stable,0.5500602036529472
2017-09-26,Stable,0.502743834444574
2017-09-27,Stable,0.5675239937180886
2017-09-28,Stable,0.6077054192017649
2017-09-29,Stable,0.6470938015248955
2017-10-03,Stable,0.7034560426426654
2017-10-04,Stable,0.7368348086927503
2017-10-05,Stable,0.7502508794718037
2017-10-06,Stable,0.7690756806136342
2017-10-09,Stable,0.7874145490956572
2017-10-10,Stable,0.8156977190609892
2017-10-11,Stable,0.8438416685252529
2017-10-12,Stable,0.8844544387941274
2017-10-13,Stable,0.8918259463271148
2017-10-16,Stable,0.8946715693475151
2017-10-17,Stable,0.8960871549914666
2017-10-18,Stable,0.8783351986127301
2017-10-19,Stable,0.8509586492842285
2017-10-23,Stable,0.8139229720578264
2017-10-24,Stable,0.6835946119451312
2017-10-25,Stable,0.5954247265343279
2017-10-26,Stable,0.5346832989340468
2017-10-27,Stable,0.5048197784469107
2017-10-30,Stable,0.5561592762616336
2017-10-31,Stable,0.6031289493604285
2017-11-01,Stable,0.6306612526181196
2017-11-02,Stable,0.6542295623944718
2017-11-03,Stable,0.6672521875272626
2017-11-06,Stable,0.6703479823460902
2017-11-07,Stable,0.6694876082076061
2017-11-08,Stable,0.6931126136352374
2017-11-09,Stable,0.7268505663548191
2017-11-10,Stable,0.7578639440734365
2017-11-13,Stable,0.794738840971555
2017-11-14,Stable,0.820498270651687
2017-11-15,Stable,0.8437390377140337
2017-11-16,Stable,0.8563770748572059
2017-11-17,Stable,0.8856375632494251
2017-11-20,Stable,0.9066387083062657
2017-11-21,Stable,0.9226229084613072
2017-11-22,Stable,0.937150692673424
2017-11-23,Stable,0.9451884903613468
2017-11-24,Stable,0.9566839154600639
2017-11-27,Stable,0.9635994213974403
2017-11-28,Stable,0.9669609984995602
2017-11-29,Stable,0.9683523249673727
2017-11-30,Stable,0.9661933016074047
2017-12-01,Stable,0.9729804800819833
2017-12-04,Stable,0.9779492325684137
2017-12-05,Stable,0.9810503103113717
2017-12-06,Stable,0.9844293722452429
2017-12-07,Stable,0.9884795998259
2017-12-08,Stable,0.990999066002319
2017-12-11,Stable,0.9933399653260252
2017-12-12,Stable,0.9948486675709525
2017-12-13,Stable,0.995708160873104
2017-12-14,Stable,0.9961094092873489
2017-12-15,Stable,0.9965449684404876
2017-12-18,Stable,0.9966892128155709
2017-12-19,Stable,0.9965881454812017
2017-12-20,Stable,0.99638276395915
2017-12-21,Stable,0.9962128276286178
2017-12-22,Stable,0.9957925861459362
2017-12-26,Stable,0.9953688344635722
2017-12-27,Stable,0.9951882834549571
2017-12-28,Stable,0.9946980976668613
2017-12-29,Stable,0.9935819771533427
2018-01-01,Stable,0.9916107987163039
2018-01-02,Stable,0.9897933880820741
2018-01-03,Stable,0.9865128616628259
2018-01-04,Stable,0.9814017990951039
2018-01-05,Stable,0.9740011834843407
2018-01-08,Stable,0.9624261162971987
2018-01-09,Stable,0.9453452534780458
2018-01-10,Stable,0.9275284960345145
2018-01-11,Stable,0.8988499148085053
2018-01-12,Stable,0.8543205381419414
2018-01-15,Stable,0.8022931075260549
2018-01-16,Stable,0.715286513233117
2018-01-17,Stable,0.685133278395672
2018-01-18,Stable,0.6327265292311318
2018-01-19,Stable,0.5435369993372403
2018-01-22,Stable,0.5153196451571485
2018-01-23,Stable,0.5200464486377807
2018-01-24,Stable,0.5101229740029759
2018-01-25,Stable,0.5011433760095794
2018-01-29,Stable,0.5074579354391556
2018-01-30,Stable,0.5035851066795064
2018-01-31,Stable,0.49672048521159456
2018-02-01,Stable,0.49207194135219007
2018-02-02,Stable,0.4652672166617863
2018-02-05,Stable,0.610217319235929
2018-02-06,Stable,0.6820961246876057
2018-02-07,Stable,0.7331995449862363
2018-02-08,Stable,0.7639226018696786
2018-02-09,Stable,0.788913690461456
2018-02-12,Stable,0.8041091654287756
2018-02-14,Stable,0.8286734861366628
2018-02-15,Stable,0.8656380295980683
2018-02-16,Stable,0.8878224201100654
2018-02-19,Stable,0.9096053795036787
2018-02-20,Stable,0.9238570641080728
2018-02-21,Stable,0.9325044836702365
2018-02-22,Stable,0.9383585053547888
2018-02-23,Stable,0.9404422086678415
2018-02-26,Stable,0.9412734559420154
2018-02-27,Stable,0.9388072309946197
2018-02-28,Stable,0.935929334388834
2018-03-01,Stable,0.9288106246601616
2018-03-05,Stable,0.9151633232481718
2018-03-06,Stable,0.9140637564496195
2018-03-07,Stable,0.9107116476936858
2018-03-08,Stable,0.9149306876602291
2018-03-09,Stable,0.9322582685120564
2018-03-12,Stable,0.9409948327957747
2018-03-13,Stable,0.954784679262764
2018-03-14,Stable,0.9627001480254828
2018-03-15,Stable,0.9665961581478385
2018-03-16,Stable,0.9731741190000934
2018-03-19,Stable,0.9788476901611124
2018-03-20,Stable,0.9820223570112901
2018-03-21,Stable,0.9835901776686569
2018-03-22,Stable,0.9841918061806444
2018-03-23,Stable,0.9849397604114636
2018-03-26,Stable,0.9865904846880695
2018-03-27,Stable,0.987346174454196
2018-03-28,Stable,0.9864018710509778
2018-04-02,Stable,0.9877150595992057
2018-04-03,Stable,0.9888725813830752
2018-04-04,Stable,0.9892689673022111
2018-04-05,Stable,0.9885434503538235
2018-04-06,Stable,0.9889095097062287
2018-04-09,Stable,0.9880767772827216
2018-04-10,Stable,0.9862525074485727
2018-04-11,Stable,0.9825973163158976
2018-04-12,Stable,0.9801113205712823
2018-04-13,Stable,0.975103096936653
2018-04-16,Stable,0.9692980571822929
2018-04-17,Stable,0.9593691842517
2018-04-18,Stable,0.9455338102677481
2018-04-19,Stable,0.9246701924821179
2018-04-20,Stable,0.8921885100035911
2018-04-23,Stable,0.8571974445423831
2018-04-24,Stable,0.8006316294422938
2018-04-25,Stable,0.8161243964918343
2018-04-26,Stable,0.8162082736284049
2018-04-27,Stable,0.8064913769836504
2018-04-30,Stable,0.8038372715759273
2018-05-02,Stable,0.8524193191514006
2018-05-03,Stable,0.8835825936571294
2018-05-04,Stable,0.9068130493941677
2018-05-07,Stable,0.9220133676219845
2018-05-08,Stable,0.9424001464321529
2018-05-09,Stable,0.9548529479330905
2018-05-10,Stable,0.9646611254611602
2018-05-11,Stable,0.970715216601141
2018-05-14,Stable,0.9749459839368869
2018-05-15,Stable,0.9765966928247057
2018-05-16,Stable,0.9761170924560949
2018-05-17,Stable,0.9812632312927618
2018-05-18,Stable,0.9849030365789523
2018-05-21,Stable,0.9880661143531081
2018-05-22,Stable,0.9896039527699578
2018-05-23,Stable,0.9899734556949868
2018-05-24,Stable,0.9913679848669451
2018-05-25,Stable,0.9917837803945013
2018-05-28,Stable,0.9915840424785053
2018-05-29,Stable,0.9904402966136334
2018-05-30,Stable,0.9881891102641572
2018-05-31,Stable,0.9842648941986865
2018-06-01,Stable,0.9784385414931939
2018-06-04,Stable,0.971293417126368
2018-06-05,Stable,0.9629475801785552
2018-06-06,Stable,0.9509246147638344
2018-06-07,Stable,0.9334515827611902
2018-06-08,Stable,0.9204761786704116
2018-06-11,Stable,0.9067176820197778
2018-06-12,Stable,0.8832514654876309
2018-06-13,Stable,0.8605002996217619
2018-06-14,Stable,0.8258062621860973
2018-06-15,Stable,0.7738719776120196
2018-06-18,Stable,0.697863111317829
2018-06-19,Transitional,0.5749814711133634
2018-06-20,Transitional,0.5167674941323432
2018-06-21,Transitional,0.5733313421476293
2018-06-22,Transitional,0.6342990634155076
2018-06-25,Transitional,0.6874129839983206
2018-06-26,Transitional,0.7613273702636246
2018-06-27,Transitional,0.8029896217892772
2018-06-28,Transitional,0.8589159251482953
2018-06-29,Transitional,0.8994332964421147
2018-07-02,Transitional,0.9147527114045286
2018-07-03,Transitional,0.9302104837571049
2018-07-04,Transitional,0.9479846651629295
2018-07-05,Transitional,0.960811657428756
2018-07-06,Transitional,0.9690134856695379
2018-07-09,Transitional,0.9754789274366445
2018-07-10,Transitional,0.9777638662218067
2018-07-11,Transitional,0.9763327708984373
2018-07-12,Transitional,0.9630634588986903
2018-07-13,Transitional,0.9484455135880775
2018-07-16,Transitional,0.9251540967912374
2018-07-17,Transitional,0.8932554556463596
2018-07-18,Transitional,0.8613376516848785
2018-07-19,Transitional,0.8418943696609456
2018-07-20,Transitional,0.8261832761456178
2018-07-23,Transitional,0.8017519935670835
2018-07-24,Transitional,0.7868308452662284
2018-07-25,Transitional,0.7793283383452941
2018-07-26,Transitional,0.7790598058162099
2018-07-27,Transitional,0.7858753750560385
2018-07-30,Transitional,0.790269678982207
2018-07-31,Transitional,0.7889556969235425
2018-08-01,Transitional,0.7679296483611544
2018-08-02,Transitional,0.7536731257646869
2018-08-03,Transitional,0.7358591438359772
2018-08-06,Transitional,0.7249853398283488
2018-08-07,Transitional,0.716066339559385
2018-08-08,Transitional,0.7121433803286314
2018-08-09,Transitional,0.6885777715276753
2018-08-10,Transitional,0.67556293032907
2018-08-13,Transitional,0.6678489418227415
2018-08-14,Transitional,0.6631069803589048
2018-08-16,Transitional,0.6538437910510874
2018-08-17,Transitional,0.6513353841248554
2018-08-20,Transitional,0.6557740144336396
2018-08-21,Transitional,0.6466531744037105
2018-08-23,Transitional,0.6414090867290353
2018-08-24,Transitional,0.6333893443130103
2018-08-27,Transitional,0.632028297656924
2018-08-28,Transitional,0.6338850738695958
2018-08-29,Transitional,0.6280619751789359
2018-08-30,Transitional,0.6194460988039059
2018-08-31,Transitional,0.6105485718076837
2018-09-03,Transitional,0.5880730707337993
2018-09-04,Transitional,0.5726245409426902
2018-09-05,Transitional,0.5614298991349959
2018-09-06,Transitional,0.552387378126443
2018-09-07,Transitional,0.51745485922173
2018-09-10,Transitional,0.5110481339201673
2018-09-11,Transitional,0.5484120685364845
2018-09-12,Transitional,0.5812615934026529
2018-09-14,Transitional,0.6081904314845104
2018-09-17,Transitional,0.6217271401345154
2018-09-18,Transitional,0.6470346510711381
2018-09-19,Transitional,0.6613350527977739
2018-09-21,Transitional,0.6666839626240636
2018-09-24,Transitional,0.6647985157866023
2018-09-25,Transitional,0.6601882119623295
2018-09-26,Transitional,0.6451940576968935
2018-09-27,Transitional,0.6325420400724575
2018-09-28,Transitional,0.5975351242833628
2018-10-01,Transitional,0.4718499296070974
2018-10-03,Transitional,0.43808972281123654
2018-10-04,Volatile,0.995999473810587
2018-10-05,Volatile,0.9980458388778743
2018-10-08,Volatile,0.944510409518332
2018-10-09,Transitional,0.6607742811331099
2018-10-10,Transitional,0.871825840489681
2018-10-11,Transitional,0.9323173075407662
2018-10-12,Transitional,0.9567924162258158
2018-10-15,Transitional,0.9756583820320843
2018-10-16,Transitional,0.9794911186037798
2018-10-17,Transitional,0.9759523385606113
2018-10-19,Transitional,0.952478527935561
2018-10-22,Transitional,0.9603287425578253
2018-10-23,Transitional,0.9737267876911356
2018-10-24,Transitional,0.9742663256498885
2018-10-25,Transitional,0.9722021356242796
2018-10-26,Transitional,0.966588860007621
2018-10-29,Transitional,0.9440243509725271
2018-10-30,Transitional,0.9172080374607764
2018-10-31,Transitional,0.8528832020163647
2018-11-01,Transitional,0.8079735327755254
2018-11-02,Transitional,0.7784177739706063
2018-11-05,Transitional,0.744038776625079
2018-11-06,Transitional,0.71159818512473
2018-11-07,Transitional,0.6840753693103367
2018-11-09,Transitional,0.6667374335499396
2018-11-12,Transitional,0.6515111517753506
2018-11-13,Transitional,0.6409606724035748
2018-11-14,Transitional,0.6271163409353745
2018-11-15,Transitional,0.6222727776998075
2018-11-16,Transitional,0.6238133759802991
2018-11-19,Transitional,0.6066589183611905
2018-11-20,Transitional,0.5796926710651952
2018-11-21,Transitional,0.5589868689361311
2018-11-22,Transitional,0.5296852926023639
2018-11-26,Transitional,0.5102685884055906
2018-11-27,Transitional,0.49897668213115365
2018-11-28,Transitional,0.5104814876967229
2018-11-29,Transitional,0.5376984251905148
2018-11-30,Transitional,0.5622897110743985
2018-12-03,Transitional,0.5741611396922905
2018-12-04,Transitional,0.5793366198066284
2018-12-05,Transitional,0.5751752701266544
2018-12-06,Transitional,0.5579540380846397
2018-12-07,Transitional,0.5626125267245063
2018-12-10,Transitional,0.5518950713407695
2018-12-11,Transitional,0.6665962144982444
2018-12-12,Transitional,0.7304946314019025
2018-12-13,Transitional,0.7818069691788331
2018-12-14,Transitional,0.8130036396739466
2018-12-17,Transitional,0.8324059198345605
2018-12-18,Transitional,0.8543480714408559
2018-12-19,Transitional,0.8679668541840528
2018-12-20,Transitional,0.8741910190595626
2018-12-21,Transitional,0.8748686316212093
2018-12-24,Transitional,0.8884454639819178
2018-12-26,Transitional,0.8966998319482624
2018-12-27,Transitional,0.9008586370465931
2018-12-28,Transitional,0.9112470861045899
2018-12-31,Transitional,0.9162985973738711
2019-01-01,Transitional,0.9168409000241855
2019-01-02,Transitional,0.9126760517287433
2019-01-03,Transitional,0.9071941206726473
2019-01-04,Transitional,0.899748047454914
2019-01-07,Transitional,0.8866579716089128
2019-01-08,Transitional,0.8660789679223707
2019-01-09,Transitional,0.8322036380164891
2019-01-10,Transitional,0.7816588577806648
2019-01-11,Transitional,0.7011547959358018
2019-01-14,Transitional,0.5858486263096588
2019-01-15,Transitional,0.5823077310416831
2019-01-16,Transitional,0.6393385437925645
2019-01-17,Transitional,0.7045998548848291
2019-01-18,Transitional,0.7760478511135211
2019-01-21,Transitional,0.7956547675906829
2019-01-22,Transitional,0.8566195020508842
2019-01-23,Transitional,0.8615155536861407
2019-01-24,Transitional,0.858838429413801
2019-01-25,Transitional,0.8524037691019295
2019-01-28,Transitional,0.8513914293311358
2019-01-29,Transitional,0.8531201997850264
2019-01-30,Transitional,0.8561013362805767
2019-01-31,Transitional,0.8604005479924052
2019-02-01,Transitional,0.8540503979791229
2019-02-04,Transitional,0.8390330831858082
2019-02-05,Transitional,0.7837444245113793
2019-02-06,Transitional,0.7475880482250372
2019-02-07,Transitional,0.7125242410568272
2019-02-08,Transitional,0.6809427399120447
2019-02-11,Transitional,0.6581075879594436
2019-02-12,Transitional,0.6315694091715814
2019-02-14,Transitional,0.613405416797895
2019-02-15,Transitional,0.5776741727796992
2019-02-18,Transitional,0.536800045509706
2019-02-19,Transitional,0.5086454383657778
2019-02-20,Transitional,0.5388474453665025
2019-02-21,Transitional,0.5694377149522262
2019-02-22,Transitional,0.5920342310603237
2019-02-25,Transitional,0.6083944222946378
2019-02-26,Transitional,0.6143173052902302
2019-02-27,Transitional,0.614471639693471
2019-02-28,Transitional,0.6058894680189767
2019-03-01,Transitional,0.5887507362291929
2019-03-05,Transitional,0.5580242211719127
2019-03-06,Transitional,0.5157402183222316
2019-03-07,Transitional,0.5038769145634852
2019-03-08,Transitional,0.5407610303248637
2019-03-11,Transitional,0.5993598291314639
2019-03-12,Transitional,0.6167187871330463
2019-03-13,Transitional,0.6239332756236298
2019-03-14,Transitional,0.6328726499701894
2019-03-15,Transitional,0.6510711245961388
2019-03-18,Transitional,0.671996425142398
2019-03-19,Transitional,0.682972019642773
2019-03-20,Transitional,0.6881172787751468
2019-03-22,Transitional,0.7001443127222889
2019-03-25,Transitional,0.7028063427918226
2019-03-26,Transitional,0.704532546406823
2019-03-27,Transitional,0.6795278751970397
2019-03-28,Transitional,0.657962703653791
2019-04-01,Transitional,0.6424424054194178
2019-04-02,Transitional,0.611465033328867
2019-04-03,Transitional,0.5937982797068091
2019-04-04,Transitional,0.5828020733612254
2019-04-05,Transitional,0.5731532862473657
2019-04-08,Transitional,0.571966933353342
2019-04-09,Transitional,0.5699674090230988
2019-04-10,Transitional,0.5758623410212927
2019-04-11,Transitional,0.5918852235921959
2019-04-12,Transitional,0.6131734301427825
2019-04-15,Transitional,0.64989471555768
2019-04-16,Transitional,0.7096451297008644
2019-04-18,Transitional,0.8009033784708094
2019-04-22,Transitional,0.8261620209408895
2019-04-23,Transitional,0.8364127358264138
2019-04-24,Transitional,0.8413257360427283
2019-04-25,Transitional,0.8422750120574299
2019-04-26,Transitional,0.8460279785375503
2019-04-30,Transitional,0.8505705740161617
2019-05-02,Transitional,0.8624228871427719
2019-05-03,Transitional,0.8802949400796479
2019-05-06,Transitional,0.9078402566880651
2019-05-07,Transitional,0.9299857975842533
2019-05-08,Transitional,0.9346256413673698
2019-05-09,Transitional,0.9354753901162199
2019-05-10,Transitional,0.9278880598607506
2019-05-13,Transitional,0.9182209967893589
2019-05-14,Transitional,0.9078379730497341
2019-05-15,Transitional,0.8886255107053028
2019-05-16,Transitional,0.8745573467111101
2019-05-17,Transitional,0.8529830615156041
2019-05-20,Transitional,0.776857264162614
2019-05-21,Stable,0.6072441555066919
2019-05-22,Stable,0.5266896432418887
2019-05-23,Stable,0.620806700689481
2019-05-24,Stable,0.6803391483946312
2019-05-27,Stable,0.7169153338404153
2019-05-28,Stable,0.7648701595285149
2019-05-29,Stable,0.8013637390828323
2019-05-30,Stable,0.8258563602887707
2019-05-31,Stable,0.8476125815851775
2019-06-03,Stable,0.8590529481923471
2019-06-04,Stable,0.885740794162871
2019-06-06,Stable,0.9020554086202306
2019-06-07,Stable,0.9218464493861298
2019-06-10,Stable,0.9356600690009157
2019-06-11,Stable,0.9436787402771261
2019-06-12,Stable,0.9487047474599938
2019-06-13,Stable,0.9501744119437973
2019-06-14,Stable,0.9482296427452134
2019-06-17,Stable,0.9422002672380765
2019-06-18,Stable,0.947799596991888
2019-06-19,Stable,0.9484016808647763
2019-06-20,Stable,0.9452247152839274
2019-06-21,Stable,0.9430635979467381
2019-06-24,Stable,0.9398101039335967
2019-06-25,Stable,0.9347190339328096
2019-06-26,Stable,0.94277755792184
2019-06-27,Stable,0.9450637929654986
2019-06-28,Stable,0.9476481724435663
2019-07-01,Stable,0.9512884848346986
2019-07-02,Stable,0.9543702601908394
2019-07-03,Stable,0.9552254509101876
2019-07-04,Stable,0.9531065135578215
2019-07-05,Stable,0.9471759067628364
2019-07-08,Stable,0.9421524488968133
2019-07-09,Stable,0.933344310072569
2019-07-10,Stable,0.9326446038636395
2019-07-11,Stable,0.9270885869457467
2019-07-12,Stable,0.9162133278966281
2019-07-15,Stable,0.8975041026088149
2019-07-16,Stable,0.867174161112305
2019-07-17,Stable,0.8343264940512392
2019-07-18,Stable,0.7869826547568528
2019-07-19,Stable,0.7380708686859955
2019-07-22,Stable,0.6703562752056081
2019-07-23,Stable,0.6443123923292078
2019-07-24,Stable,0.6007139712199705
2019-07-25,Stable,0.542733448875518
2019-07-26,Stable,0.5057631723358362
2019-07-29,Stable,0.5324216139186647
2019-07-30,Stable,0.598687052464654
2019-07-31,Stable,0.6365955931375237
2019-08-01,Stable,0.680439779699303
2019-08-02,Stable,0.7286962636697272
2019-08-05,Stable,0.7787333903613286
2019-08-06,Stable,0.7854636723196887
2019-08-07,Stable,0.7528765839100033
2019-08-08,Volatile,0.6176231798956969
2019-08-09,Volatile,0.501099064680947
2019-08-13,Volatile,0.9976926086431454
2019-08-14,Stable,0.4735457690970655
2019-08-16,Stable,0.5752149842966757
2019-08-19,Stable,0.594677937328135
2019-08-20,Stable,0.5985450725017547
2019-08-21,Stable,0.596636448327536
2019-08-22,Stable,0.5841617560321329
2019-08-23,Stable,0.5758702902628868
2019-08-26,Stable,0.5816422806790316
2019-08-27,Stable,0.5790475270707941
2019-08-28,Stable,0.5685987693707023
2019-08-29,Stable,0.5496929252188212
2019-08-30,Stable,0.5319492784481284
2019-09-03,Stable,0.49754976811293883
2019-09-04,Stable,0.5108971290516613
2019-09-05,Stable,0.5112787197640054
2019-09-06,Stable,0.5012195504176147
2019-09-09,Stable,0.49918290393240183
2019-09-11,Stable,0.5114407115212771
2019-09-12,Stable,0.5294181425909286
2019-09-13,Stable,0.5436059768288869
2019-09-16,Stable,0.5597803940711966
2019-09-17,Stable,0.5794485463884556
2019-09-18,Stable,0.5972715249512993
2019-09-19,Stable,0.5767824737436049
2019-09-20,Volatile,0.5536391355499504
2019-09-23,Stable,0.5983740461207268
2019-09-24,Stable,0.6240299422264145
2019-09-25,Stable,0.5845250022449169
2019-09-26,Stable,0.5450757780547569
2019-09-27,Stable,0.5049653104235586
2019-09-30,Stable,0.5215166282394836
2019-10-01,Stable,0.5599546061464976
2019-10-03,Stable,0.6132667667486653
2019-10-04,Stable,0.646406495066472
2019-10-07,Stable,0.664962205943813
2019-10-09,Stable,0.6729223623322984
2019-10-10,Stable,0.6761422913880558
2019-10-11,Stable,0.7160251772378038
2019-10-14,Stable,0.7404384321475419
2019-10-15,Stable,0.7539942962277631
2019-10-16,Stable,0.7597339990331754
2019-10-17,Stable,0.7590676669582065
2019-10-18,Stable,0.7621855431748649
2019-10-22,Stable,0.764947427151211
2019-10-23,Stable,0.758998304583166
2019-10-24,Stable,0.7505627096984291
2019-10-25,Stable,0.7821632431391734
2019-10-27,Stable,0.7979643056435717
2019-10-29,Stable,0.8043176618090266
2019-10-30,Stable,0.8248082020680494
2019-10-31,Stable,0.8380045317891631
2019-11-01,Stable,0.8462583443158187
2019-11-04,Stable,0.8484241455248736
2019-11-05,Stable,0.8444087735844077
2019-11-06,Stable,0.8347282187294155
2019-11-07,Stable,0.818600470524567
2019-11-08,Stable,0.805339517671407
2019-11-11,Stable,0.7839539473218847
2019-11-13,Stable,0.7541657248073929
2019-11-14,Stable,0.7620671472337199
2019-11-15,Stable,0.7604819806026168
2019-11-18,Stable,0.7503235007102547
2019-11-19,Stable,0.7240117644763142
2019-11-20,Stable,0.7540944249333168
2019-11-21,Stable,0.8211178110941335
2019-11-22,Stable,0.860701518173093
2019-11-25,Stable,0.8863683772726891
2019-11-26,Stable,0.9059985941724413
2019-11-27,Stable,0.9172806225507903
2019-11-28,Stable,0.9238710002634989
2019-11-29,Stable,0.9264451149478252
2019-12-02,Stable,0.9315179018440729
2019-12-03,Stable,0.9467638772171298
2019-12-04,Stable,0.955309945906715
2019-12-05,Stable,0.965202389852353
2019-12-06,Stable,0.9706670051277344
2019-12-09,Stable,0.973295778276265
2019-12-10,Stable,0.9755574154562348
2019-12-11,Stable,0.9760793600741366
2019-12-12,Stable,0.9744764522814661
2019-12-13,Stable,0.9706703162284717
2019-12-16,Stable,0.9654752638731194
2019-12-17,Stable,0.9583727372399912
2019-12-18,Stable,0.9461273450501808
2019-12-19,Stable,0.9288566192645322
2019-12-20,Stable,0.921122435251864
2019-12-23,Stable,0.9071516201614239
2019-12-24,Stable,0.8950639874748038
2019-12-26,Stable,0.8828746292743761
2019-12-27,Stable,0.8759030777410824
2019-12-30,Stable,0.8723530086337241
2019-12-31,Stable,0.8615596694052269
2020-01-01,Stable,0.8555276451902525
2020-01-02,Stable,0.841539647829288
2020-01-03,Stable,0.8309831121506814
2020-01-06,Stable,0.8098893838893532
2020-01-07,Stable,0.8014315167136121
2020-01-08,Stable,0.7936537047043839
2020-01-09,Stable,0.7779326886289502
2020-01-10,Stable,0.7755853842245725
2020-01-13,Stable,0.7645918120304972
2020-01-14,Stable,0.743183614291626
2020-01-15,Stable,0.711979901343485
2020-01-16,Stable,0.6601767215554744
2020-01-17,Transitional,0.5851527719682164
2020-01-20,Transitional,0.5646396919087824
2020-01-21,Transitional,0.5786601941131319
2020-01-22,Transitional,0.5784181344337592
2020-01-23,Transitional,0.5680041258607291
2020-01-24,Transitional,0.546411710601364
2020-01-27,Transitional,0.5087002065509182
2020-01-28,Transitional,0.538659437331018
2020-01-29,Transitional,0.5711502455597227
2020-01-30,Transitional,0.6166474736730564
2020-01-31,Transitional,0.6420139260266512
2020-02-03,Transitional,0.6566698686007443
2020-02-04,Transitional,0.6661383050495613
2020-02-05,Transitional,0.6550314067646998
2020-02-06,Transitional,0.6416703801921372
2020-02-07,Transitional,0.6350096678174867
2020-02-10,Transitional,0.6292897070507077
2020-02-11,Transitional,0.6318511479483556
2020-02-12,Transitional,0.6379199606145015
2020-02-13,Transitional,0.6475800165336986
2020-02-14,Transitional,0.6676658636622459
2020-02-17,Transitional,0.6966812368150654
2020-02-18,Transitional,0.7422980369273275
2020-02-19,Transitional,0.80971966680526
2020-02-20,Transitional,0.8435613154154759
2020-02-24,Transitional,0.8825240033897472
2020-02-25,Transitional,0.9013387817105876
2020-02-26,Transitional,0.9145884967601872
2020-02-27,Transitional,0.924346749515641
2020-02-28,Transitional,0.9277998364452652
2020-03-02,Transitional,0.9331222658864018
2020-03-03,Transitional,0.9229550453644614
2020-03-04,Transitional,0.889316543642644
2020-03-05,Transitional,0.7540354373633515
2020-03-06,Transitional,0.5621240775515147
2020-03-09,Volatile,0.9999999791698431
2020-03-11,Volatile,0.9954255582654005
2020-03-12,Volatile,0.9999730719615815
2020-03-13,Volatile,0.9969411435109202
2020-03-16,Volatile,0.9999403122652912
2020-03-17,Volatile,0.9657494986119437
2020-03-18,Volatile,0.985536444455049
2020-03-19,Volatile,0.9978440835577402
2020-03-20,Volatile,0.9999999832762115
2020-03-23,Volatile,0.999999999992724
2020-03-24,Volatile,0.9999110779301653
2020-03-25,Volatile,0.9999999999972715
2020-03-26,Volatile,0.852896436680858
2020-03-27,Volatile,0.8278042059051091
2020-03-30,Volatile,0.9178776414299171
2020-03-31,Volatile,0.9988483343677167
2020-04-01,Volatile,0.9662600708579421
2020-04-03,Volatile,0.9479013875391618
2020-04-07,Volatile,0.9999991601520267
2020-04-08,Transitional,0.500758915070814
2020-04-09,Transitional,0.6083925925806127
2020-04-13,Transitional,0.6495986299377964
2020-04-15,Transitional,0.6507441611268732
2020-04-16,Transitional,0.6483917543250061
2020-04-17,Transitional,0.5530889655216006
2020-04-20,Transitional,0.5472455078279349
2020-04-21,Transitional,0.5297570216953588
2020-04-22,Volatile,0.9988293879484771
2020-04-23,Transitional,0.6379369688682712
2020-04-24,Transitional,0.7894041594659277
2020-04-27,Transitional,0.9063716799085079
2020-04-28,Transitional,0.9366791434377225
2020-04-29,Transitional,0.9499572955677357
2020-04-30,Transitional,0.9632150966231178
2020-05-04,Transitional,0.9680560839851593
2020-05-05,Transitional,0.9700394505472821
2020-05-06,Transitional,0.9652988499874473
2020-05-07,Transitional,0.9336878166523307
2020-05-08,Transitional,0.8853761300619599
2020-05-11,Transitional,0.8418746905153393
2020-05-12,Transitional,0.6462680720544189
2020-05-13,Transitional,0.7812361065271524
2020-05-14,Transitional,0.8230649906889375
2020-05-15,Transitional,0.9176034964969815
2020-05-18,Transitional,0.9416136598861499
2020-05-19,Transitional,0.9461478082982796
2020-05-20,Transitional,0.9451525126061985
2020-05-21,Transitional,0.940871284412748
2020-05-22,Transitional,0.9396285118357752
2020-05-26,Transitional,0.942444335652564
2020-05-27,Transitional,0.9499133540606994
2020-05-28,Transitional,0.9579722249643
2020-05-29,Transitional,0.9642360051520039
2020-06-01,Transitional,0.9710255450351015
2020-06-02,Transitional,0.9743074444857113
2020-06-03,Transitional,0.9746278916110183
2020-06-04,Transitional,0.9757610935637696
2020-06-05,Transitional,0.9756329820277819
2020-06-08,Transitional,0.9773479063151022
2020-06-09,Transitional,0.9809106996043946
2020-06-10,Transitional,0.9840458572932016
2020-06-11,Transitional,0.9845428365132862
2020-06-12,Transitional,0.983213242283306
2020-06-15,Transitional,0.9821438337290119
2020-06-16,Transitional,0.9769340622719157
2020-06-17,Transitional,0.9630313266590459
2020-06-18,Transitional,0.9046354334693495
2020-06-19,Transitional,0.77248857520061
2020-06-22,Transitional,0.8777494937285435
2020-06-23,Transitional,0.8986578367651886
2020-06-24,Transitional,0.902438803829423
2020-06-25,Transitional,0.9047952384676022
2020-06-26,Transitional,0.9111002907839751
2020-06-29,Transitional,0.9188816487244355
2020-06-30,Transitional,0.9311494001397141
2020-07-01,Transitional,0.9483408865681013
2020-07-02,Transitional,0.9614713326364416
2020-07-03,Transitional,0.9724360589447771
2020-07-06,Transitional,0.9803217843921734
2020-07-07,Transitional,0.9854178912443134
2020-07-08,Transitional,0.9879383675069509
2020-07-09,Transitional,0.989939133479106
2020-07-10,Transitional,0.9896535709928315
2020-07-13,Transitional,0.9892865605704686
2020-07-14,Transitional,0.9903190437755507
2020-07-15,Transitional,0.9838960806672638
2020-07-16,Transitional,0.9903495650345191
2020-07-17,Transitional,0.9876842183973288
2020-07-20,Transitional,0.99258218542008
2020-07-21,Transitional,0.9916935197509291
2020-07-22,Transitional,0.9909879719999254
2020-07-23,Transitional,0.9843925332363941
2020-07-24,Transitional,0.9730693389017592
2020-07-27,Transitional,0.9796542547494632
2020-07-28,Transitional,0.9717636320598956
2020-07-29,Transitional,0.9348801890191417
2020-07-30,Transitional,0.9121442556426631
2020-07-31,Transitional,0.8089361288871894
2020-08-03,Transitional,0.5422499029153645
2020-08-04,Volatile,0.8749452767554164
2020-08-05,Stable,0.6664899561134564
2020-08-06,Stable,0.8391489195577806
2020-08-07,Stable,0.8871919751382622
2020-08-10,Stable,0.9097483278705448
2020-08-11,Stable,0.92669917351006
2020-08-12,Stable,0.9375524656788996
2020-08-13,Stable,0.9432544938787114
2020-08-14,Stable,0.9450725240746595
2020-08-17,Stable,0.9434594158284754
2020-08-18,Stable,0.9399536584324346
2020-08-19,Stable,0.9362043720811785
2020-08-20,Stable,0.9286136727083876
2020-08-21,Stable,0.9220307486785063
2020-08-24,Stable,0.9105788180624327
2020-08-25,Stable,0.8929067459261825
2020-08-26,Stable,0.8641687173059807
2020-08-27,Stable,0.858772922088217
2020-08-28,Stable,0.8499618820701078
2020-08-31,Stable,0.8324499718144348
2020-09-01,Stable,0.8164886292235254
2020-09-02,Stable,0.7886232809735404
2020-09-03,Stable,0.7705733588312649
2020-09-04,Stable,0.7395205526301216
2020-09-07,Stable,0.7040504895781214
2020-09-08,Stable,0.6004323630238073
2020-09-09,Volatile,0.46654111114549873
2020-09-10,Volatile,0.9230624232049803
2020-09-11,Stable,0.6996275571066727
2020-09-14,Stable,0.8204538065658619
2020-09-15,Stable,0.853867297797419
2020-09-16,Stable,0.8678152340518847
2020-09-17,Stable,0.8730348852346084
2020-09-18,Stable,0.8750893602800015
2020-09-21,Stable,0.8709670713545873
2020-09-22,Stable,0.8734105561517836
2020-09-23,Stable,0.8801291073028437
2020-09-24,Stable,0.8822995284731671
2020-09-25,Stable,0.8923401893580876
2020-09-28,Stable,0.8983570160779251
2020-09-29,Stable,0.9001555874980218
2020-09-30,Stable,0.901489242388194
2020-10-01,Stable,0.8981669018957098
2020-10-05,Stable,0.8894746113603824
2020-10-06,Stable,0.8742616561138525
2020-10-07,Stable,0.8477635400783285
2020-10-08,Stable,0.83410429300419
2020-10-09,Stable,0.8123113516644008
2020-10-12,Stable,0.7759149662407235
2020-10-13,Stable,0.7161883164277365
2020-10-14,Stable,0.6732053558867352
2020-10-15,Stable,0.5948868891833852
2020-10-16,Stable,0.5983871124674085
2020-10-19,Stable,0.5950915209619169
2020-10-20,Stable,0.5801537444706567
2020-10-21,Stable,0.5559914448877176
2020-10-22,Stable,0.5284143339159143
2020-10-23,Stable,0.5062639343498644
2020-10-26,Stable,0.5598745791559518
2020-10-27,Stable,0.5657479342709891
2020-10-28,Stable,0.5622564071766326
2020-10-29,Stable,0.5426822122487147
2020-10-30,Stable,0.44189907842424686
2020-11-02,Volatile,0.9790603523507724
2020-11-03,Transitional,0.5313176821521607
2020-11-04,Transitional,0.6859303774097357
2020-11-05,Transitional,0.8117394395782257
2020-11-06,Transitional,0.8532679321131131
2020-11-09,Transitional,0.9041010881447193
2020-11-10,Transitional,0.904399892324444
2020-11-11,Transitional,0.8706541030981617
2020-11-12,Transitional,0.8051482436727351
2020-11-13,Transitional,0.7502624762382453
2020-11-14,Transitional,0.708907190625936
2020-11-17,Transitional,0.6832472710540579
2020-11-18,Transitional,0.6681601106032011
2020-11-19,Transitional,0.6572725392384723
2020-11-20,Transitional,0.6322007429794972
2020-11-23,Transitional,0.5711392529124654
2020-11-24,Transitional,0.5673806078618694
2020-11-25,Transitional,0.6801362115763588
2020-11-26,Transitional,0.757054055300564
2020-11-27,Transitional,0.8053732500685656
2020-12-01,Transitional,0.8436464471556302
2020-12-02,Transitional,0.878401946503115
2020-12-03,Transitional,0.8997448664482539
2020-12-04,Transitional,0.9126243077068192
2020-12-07,Transitional,0.9209944344938653
2020-12-08,Transitional,0.9249244145184194
2020-12-09,Transitional,0.9325769445564598
2020-12-10,Transitional,0.9425502303967682
2020-12-11,Transitional,0.9492729399853811
2020-12-14,Transitional,0.951940541221925
2020-12-15,Transitional,0.9520256409277403
2020-12-16,Transitional,0.9499054243286258
2020-12-17,Transitional,0.9440366665028841
2020-12-18,Transitional,0.9337293859344453
2020-12-21,Transitional,0.9154198279002899
2020-12-22,Transitional,0.9120635213358781
2020-12-23,Transitional,0.9018747309856023
2020-12-24,Transitional,0.8832335758088313
2020-12-28,Transitional,0.8819047621111696
2020-12-29,Transitional,0.8744523033794644
2020-12-30,Transitional,0.8607838566609124
2020-12-31,Transitional,0.8375782712506272
2021-01-01,Transitional,0.8009319678794208
2021-01-04,Transitional,0.7420352664104057
2021-01-05,Transitional,0.6475425849674988
2021-01-06,Transitional,0.5286531242472565
2021-01-07,Transitional,0.5163331780127034
2021-01-08,Transitional,0.5990461954141578
2021-01-11,Transitional,0.695795313836672
2021-01-12,Transitional,0.779733747760864
2021-01-13,Transitional,0.8054706271712901
2021-01-14,Transitional,0.8325695753863356
2021-01-15,Transitional,0.864140265230262
2021-01-18,Transitional,0.9038785983965063
2021-01-19,Transitional,0.924981152771613
2021-01-20,Transitional,0.9411152884242098
2021-01-21,Transitional,0.9460878417801288
2021-01-22,Transitional,0.9290978069902961
2021-01-25,Transitional,0.8811110847807119
2021-01-27,Transitional,0.9364537403897123
2021-01-28,Transitional,0.9602684076617719
2021-01-29,Transitional,0.963804003554672
2021-02-01,Transitional,0.9617530348287172
2021-02-02,Transitional,0.9516377580255986
2021-02-03,Transitional,0.9394212066417192
2021-02-04,Transitional,0.9327810726303606
2021-02-05,Transitional,0.9313364505725354
2021-02-08,Transitional,0.9347600372537731
2021-02-09,Transitional,0.9395083420383741
2021-02-10,Transitional,0.948256532467514
2021-02-11,Transitional,0.9551568745012436
2021-02-12,Transitional,0.9563629848989581
2021-02-15,Transitional,0.954680951856602
2021-02-16,Transitional,0.9552475150775165
2021-02-17,Transitional,0.9571783241188356
2021-02-18,Transitional,0.9610711859479603
2021-02-19,Transitional,0.9683184305588599
2021-02-22,Transitional,0.9765529478789471
2021-02-23,Transitional,0.9830357521204018
2021-02-24,Transitional,0.9840711249880776
2021-02-25,Transitional,0.9770271595424006
2021-02-26,Transitional,0.9806715068999201
2021-03-01,Transitional,0.9820898251080298
2021-03-02,Transitional,0.9758191579042336
2021-03-03,Transitional,0.9492115221157263
2021-03-04,Transitional,0.9184156471151458
2021-03-05,Transitional,0.888442991061743
2021-03-08,Transitional,0.8692804947095669
2021-03-09,Transitional,0.8579546344117306
2021-03-10,Transitional,0.8539935697148878
2021-03-12,Transitional,0.8557810066125312
2021-03-15,Transitional,0.8561859936794551
2021-03-16,Transitional,0.8587739938917666
2021-03-17,Transitional,0.865315371689545
2021-03-18,Transitional,0.8658160127334552
2021-03-19,Transitional,0.8569270515072703
2021-03-22,Transitional,0.8135551210789272
2021-03-23,Transitional,0.7791687331317798
2021-03-24,Transitional,0.7463708917008011
2021-03-25,Transitional,0.7044873378745191
2021-03-26,Stable,0.62042147057848
2021-03-30,Stable,0.5651579911395542
2021-03-31,Stable,0.5017343616965184
2021-04-01,Stable,0.547001003337788
2021-04-05,Stable,0.5863237209578509
2021-04-06,Stable,0.6217337556661248
2021-04-07,Stable,0.6421345342837933
2021-04-08,Stable,0.655678572967475
2021-04-09,Stable,0.6584482290201936
2021-04-12,Stable,0.6516101306209784
2021-04-13,Stable,0.7253090804130953
2021-04-15,Stable,0.7758542417208185
2021-04-16,Stable,0.8085921475781157
2021-04-19,Stable,0.8290242054384533
2021-04-20,Stable,0.8495724025968415
2021-04-22,Stable,0.8605731128978018
2021-04-23,Stable,0.8650367602076082
2021-04-26,Stable,0.8630354689842308
2021-04-27,Stable,0.863748209721035
2021-04-28,Stable,0.8831020898970969
2021-04-29,Stable,0.8933845647485298
2021-04-30,Stable,0.9027621445081484
2021-05-03,Stable,0.9111994470280995
2021-05-04,Stable,0.9217725095124658
2021-05-05,Stable,0.9407657953584856
2021-05-06,Stable,0.9516793415979732
2021-05-07,Stable,0.958501558723244
2021-05-10,Stable,0.9616934855428588
2021-05-11,Stable,0.9620311670894036
2021-05-12,Stable,0.9597244445823984
2021-05-14,Stable,0.95576764949854
2021-05-17,Stable,0.9514484533391319
2021-05-18,Stable,0.9462335511607235
2021-05-19,Stable,0.9414378040155006
2021-05-20,Stable,0.9323968092993473
2021-05-21,Stable,0.9175737120219077
2021-05-24,Stable,0.8969590553552073
2021-05-25,Stable,0.8653485527040409
2021-05-26,Stable,0.8161834989691287
2021-05-27,Stable,0.6754883799372955
2021-05-28,Volatile,0.79599088899777
2021-05-31,Volatile,0.5583189553233354
2021-06-01,Stable,0.6209276946521791
2021-06-02,Stable,0.7259732969543933
2021-06-03,Stable,0.7906974660698505
2021-06-04,Stable,0.8239424131411233
2021-06-07,Stable,0.8454391089436157
2021-06-08,Stable,0.8709944949944395
2021-06-09,Stable,0.8864237149246845
2021-06-10,Stable,0.9051808762940993
2021-06-11,Stable,0.915897713148565
2021-06-14,Stable,0.930320386810759
2021-06-15,Stable,0.9448591722890264
2021-06-16,Stable,0.9531576167685906
2021-06-17,Stable,0.9633247180138267
2021-06-18,Stable,0.9690536137361648
2021-06-21,Stable,0.9721323933979693
2021-06-22,Stable,0.9731940558385374
2021-06-23,Stable,0.9720144666177271
2021-06-24,Stable,0.9683220936990103
2021-06-25,Stable,0.9705225988372173
2021-06-28,Stable,0.9783259863285118
2021-06-29,Stable,0.9830740407845643
2021-06-30,Stable,0.9854220758050648
2021-07-01,Stable,0.9875550461480292
2021-07-02,Stable,0.9883723666862576
2021-07-05,Stable,0.9902084821750041
2021-07-06,Stable,0.991679881377241
2021-07-07,Stable,0.9931551113723064
2021-07-08,Stable,0.9939962889137278
2021-07-09,Stable,0.9945140512387803
2021-07-12,Stable,0.9950495811217716
2021-07-13,Stable,0.9952940382851809
2021-07-14,Stable,0.9954462506702048
2021-07-15,Stable,0.9953426646106882
2021-07-16,Stable,0.9946301660890737
2021-07-19,Stable,0.9949209447190058
2021-07-20,Stable,0.9947845738805481
2021-07-22,Stable,0.9939874859389366
2021-07-23,Stable,0.993815138661123
2021-07-26,Stable,0.9930629367836106
2021-07-27,Stable,0.9928227994936208
2021-07-28,Stable,0.992421744699009
2021-07-29,Stable,0.9915752381371324
2021-07-30,Stable,0.9902188496168546
2021-08-02,Stable,0.988001565873788
2021-08-03,Stable,0.9881101516679065
2021-08-04,Stable,0.9872409832037116
2021-08-05,Stable,0.9853660855159727
2021-08-06,Stable,0.9840272994268341
2021-08-09,Stable,0.9861171203104915
2021-08-10,Stable,0.9864661798556122
2021-08-11,Stable,0.9855637732894847
2021-08-12,Stable,0.9854277088374888
2021-08-13,Stable,0.9835099327052047
2021-08-16,Stable,0.9833026264524041
2021-08-17,Stable,0.9833641978609529
2021-08-18,Stable,0.9817779978798622
2021-08-20,Stable,0.9783780785786974
2021-08-23,Stable,0.9741431311016056
2021-08-24,Stable,0.9675700109760648
2021-08-25,Stable,0.9592204697338071
2021-08-26,Stable,0.9477954982362508
2021-08-27,Stable,0.935371390294057
2021-08-30,Stable,0.9142472636667862
2021-08-31,Stable,0.9004583039949818
2021-09-01,Stable,0.8770500579050331
2021-09-02,Stable,0.8348283532380606
2021-09-03,Stable,0.7615474129761015
2021-09-06,Stable,0.8133549858081853
2021-09-07,Stable,0.8464933067665209
2021-09-08,Stable,0.8636248844316049
2021-09-09,Stable,0.8720126353269179
2021-09-13,Stable,0.8736535947687096
2021-09-14,Stable,0.8834063799568577
2021-09-15,Stable,0.8863624719132062
2021-09-16,Stable,0.8839687387188918
2021-09-17,Stable,0.8886841124242582
2021-09-20,Stable,0.8934077146866328
2021-09-21,Stable,0.8926616689577341
2021-09-22,Stable,0.8869507093829158
2021-09-23,Stable,0.8780726713926608
2021-09-24,Stable,0.8817009046739216
2021-09-27,Stable,0.8788991046227416
2021-09-28,Stable,0.8786218315635212
2021-09-29,Stable,0.8751712656152658
2021-09-30,Stable,0.8670410765500944
2021-10-01,Stable,0.851338422165362
2021-10-04,Stable,0.8243817693828532
2021-10-05,Stable,0.793349492770891
2021-10-06,Stable,0.7747331853075179
2021-10-07,Stable,0.7596118823503827
2021-10-08,Stable,0.7221416397831727
2021-10-11,Stable,0.7703299966366344
2021-10-12,Stable,0.7929099638005628
2021-10-13,Stable,0.8048981704391309
2021-10-14,Stable,0.8127271331217955
2021-10-18,Stable,0.8136059571756671
2021-10-19,Stable,0.8078437772520348
2021-10-20,Stable,0.7970840766798238
2021-10-21,Stable,0.7800811340896904
2021-10-22,Stable,0.7867276008700681
2021-10-25,Stable,0.7841040526518698
2021-10-26,Stable,0.7757629471482558
2021-10-27,Stable,0.7790680942767185
2021-10-28,Stable,0.7789989601100826
2021-10-29,Stable,0.7741027738165671
2021-11-01,Stable,0.7810638233634982
2021-11-02,Stable,0.7795488879051793
2021-11-03,Stable,0.7770546601278949
2021-11-04,Stable,0.7679342516904989
2021-11-08,Stable,0.7513027271242182
2021-11-09,Stable,0.7220449073314794
2021-11-10,Stable,0.6803981828754911
2021-11-11,Stable,0.6294662122723044
2021-11-12,Stable,0.5473846936622565
2021-11-15,Stable,0.527808163374087
2021-11-16,Transitional,0.6464435957477838
2021-11-17,Transitional,0.7218662034612167
2021-11-18,Transitional,0.7717311459315918
2021-11-22,Transitional,0.8168181042681126
2021-11-23,Transitional,0.8463827375400916
2021-11-24,Transitional,0.8226262191240874
2021-11-25,Transitional,0.7090172511053131
2021-11-26,Transitional,0.812514226964899
2021-11-29,Transitional,0.9012643223544418
2021-11-30,Transitional,0.9192296431541863
2021-12-01,Transitional,0.9205258613741958
2021-12-02,Transitional,0.9096499909634731
2021-12-03,Transitional,0.8958995403380038
2021-12-06,Transitional,0.865361102939491
2021-12-07,Transitional,0.8294609439010556
2021-12-08,Transitional,0.8029141717914975
2021-12-09,Transitional,0.7764000724470553
2021-12-10,Transitional,0.749267802103593
2021-12-13,Transitional,0.733018568135527
2021-12-14,Transitional,0.7131160977615102
2021-12-15,Transitional,0.6986070330351846
2021-12-16,Transitional,0.6918818373140058
2021-12-17,Transitional,0.6832720430212688
2021-12-20,Transitional,0.6601084446326343
2021-12-21,Transitional,0.6108715096971327
2021-12-22,Transitional,0.5578239103572636
2021-12-23,Transitional,0.5338517120064646
2021-12-24,Transitional,0.5957331314233016
2021-12-27,Transitional,0.6343384256480458
2021-12-28,Transitional,0.6565940976563412
2021-12-29,Transitional,0.6747702810129721
2021-12-30,Transitional,0.682543861093517
2021-12-31,Transitional,0.6935023409067963
2022-01-03,Transitional,0.695760932420197
2022-01-04,Transitional,0.6983213375769082
2022-01-05,Transitional,0.7139813604248056
2022-01-06,Transitional,0.7201200028036867
2022-01-07,Transitional,0.7352023708689733
2022-01-10,Transitional,0.7433064153626058
2022-01-11,Transitional,0.7431500995538621
2022-01-12,Transitional,0.7361766809914932
2022-01-13,Transitional,0.7501701297454811
2022-01-14,Transitional,0.7556743683757228
2022-01-17,Transitional,0.7534467638656902
2022-01-18,Transitional,0.7442583220495159
2022-01-19,Transitional,0.7308533841524821
2022-01-20,Transitional,0.704314464601051
2022-01-21,Transitional,0.6788384496843951
2022-01-24,Transitional,0.6169468922461459
2022-01-25,Transitional,0.6630556065999199
2022-01-27,Transitional,0.6780320393671033
2022-01-28,Transitional,0.6894610652423683
2022-01-31,Transitional,0.6907107360062482
2022-02-01,Transitional,0.7030100804495726
2022-02-02,Transitional,0.7060624937263106
2022-02-03,Transitional,0.7009565676194502
2022-02-04,Transitional,0.6928425010895453
2022-02-07,Transitional,0.6778078425956844
2022-02-08,Transitional,0.6514548445294258
2022-02-09,Transitional,0.6293485398277692
2022-02-10,Transitional,0.60199637921653
2022-02-11,Transitional,0.5553365801159905
2022-02-14,Transitional,0.5144193987139487
2022-02-15,Transitional,0.5892590587719748
2022-02-16,Transitional,0.604779454178713
2022-02-17,Transitional,0.6228930131856395
2022-02-18,Transitional,0.6432429882825114
2022-02-21,Transitional,0.674605316261611
2022-02-22,Transitional,0.7177788042985791
2022-02-23,Transitional,0.7814223444130085
2022-02-24,Transitional,0.8566646234791158
2022-02-25,Transitional,0.9404661384589653
2022-02-28,Transitional,0.9617517886390721
2022-03-02,Transitional,0.9799104583103857
2022-03-03,Transitional,0.9838029595962051
2022-03-04,Transitional,0.9786172326778536
2022-03-07,Transitional,0.9644412927380973
2022-03-08,Transitional,0.96302423481441
2022-03-09,Transitional,0.9259998842600302
2022-03-10,Transitional,0.9563274486485739
2022-03-11,Transitional,0.958935581654144
2022-03-14,Transitional,0.9566852308843954
2022-03-15,Transitional,0.953834224231161
2022-03-16,Transitional,0.9489579375440419
2022-03-17,Transitional,0.9389426793268304
2022-03-21,Transitional,0.908832043070992
2022-03-22,Transitional,0.885414523699711
2022-03-23,Transitional,0.8368113971889137
2022-03-24,Transitional,0.805060796063893
2022-03-25,Transitional,0.7734560713480249
2022-03-28,Transitional,0.7528920573679814
2022-03-29,Transitional,0.7386912786481885
2022-03-30,Transitional,0.7329897824059862
2022-03-31,Transitional,0.7233563868621796
2022-04-01,Transitional,0.7167296341525154
2022-04-04,Transitional,0.7159365425722747
2022-04-05,Transitional,0.7229295223836807
2022-04-06,Transitional,0.7333993509916673
2022-04-07,Transitional,0.7539192868055176
2022-04-08,Transitional,0.7740554519187313
2022-04-11,Transitional,0.7922860924109071
2022-04-12,Transitional,0.8226811223970488
2022-04-13,Transitional,0.8503158015586839
2022-04-18,Transitional,0.8925664497621165
2022-04-19,Transitional,0.9543072085984421
2022-04-20,Transitional,0.971244765295117
2022-04-21,Transitional,0.9808986532053291
2022-04-22,Transitional,0.9845466005235991
2022-04-25,Transitional,0.9849258896716921
2022-04-26,Transitional,0.9848027650818663
2022-04-27,Transitional,0.9837500410749342
2022-04-28,Transitional,0.9828773513864303
2022-04-29,Transitional,0.9825634714566805
2022-05-02,Transitional,0.9836548281204289
2022-05-04,Transitional,0.984258816382
2022-05-05,Transitional,0.9864810802112978
2022-05-06,Transitional,0.9868058438722709
2022-05-09,Transitional,0.9807064063698344
2022-05-10,Transitional,0.9860540920514677
2022-05-11,Transitional,0.9870324259548284
2022-05-12,Transitional,0.9865842354235798
2022-05-13,Transitional,0.9863511840539967
2022-05-16,Transitional,0.9834339927730305
2022-05-17,Transitional,0.9664869689774219
2022-05-18,Transitional,0.9657306362864814
2022-05-19,Transitional,0.9336546793016417
2022-05-20,Transitional,0.8635096387046136
2022-05-23,Transitional,0.9323395765479797
2022-05-24,Transitional,0.9460936126858118
2022-05-25,Transitional,0.9496806514247952
2022-05-26,Transitional,0.9544002833323061
2022-05-27,Transitional,0.961961787681773
2022-05-30,Transitional,0.9724776815115671
2022-05-31,Transitional,0.9765837977810269
2022-06-01,Transitional,0.9789219707096425
2022-06-02,Transitional,0.9800176852184787
2022-06-03,Transitional,0.9804171919831803
2022-06-06,Transitional,0.9781099428287207
2022-06-07,Transitional,0.9773068154025538
2022-06-08,Transitional,0.9777892565980303
2022-06-09,Transitional,0.9772414580571542
2022-06-10,Transitional,0.9733175497661842
2022-06-13,Transitional,0.9676075264960324
2022-06-14,Transitional,0.9595267060432053
2022-06-15,Transitional,0.9528843398132447
2022-06-16,Transitional,0.9485975239763536
2022-06-17,Transitional,0.9462852681752424
2022-06-20,Transitional,0.9450999809054316
2022-06-21,Transitional,0.9437996656264385
2022-06-22,Transitional,0.9393763225306492
2022-06-23,Transitional,0.9294024471219386
2022-06-24,Transitional,0.9183708319343592
2022-06-27,Transitional,0.9059682520339976
2022-06-28,Transitional,0.8892040108996329
2022-06-29,Transitional,0.8389146856340001
2022-06-30,Transitional,0.6992751450005774
2022-07-01,Volatile,0.8938482585232946
2022-07-04,Stable,0.697217997964129
2022-07-05,Stable,0.8211573177307666
2022-07-06,Stable,0.8599631871372623
2022-07-07,Stable,0.87850469977695
2022-07-08,Stable,0.8898224137271401
2022-07-11,Stable,0.8944113636999672
2022-07-12,Stable,0.8988286977614317
2022-07-13,Stable,0.8977754440320947
2022-07-14,Stable,0.8990040118864601
2022-07-15,Stable,0.8968846014518989
2022-07-18,Stable,0.8893281829868197
2022-07-19,Stable,0.8774539443231336
2022-07-20,Stable,0.8570512341116062
2022-07-21,Stable,0.8574098119073144
2022-07-22,Stable,0.8507118407763311
2022-07-25,Stable,0.8341077908635234
2022-07-26,Stable,0.8532332927325795
2022-07-27,Stable,0.8599495209398816
2022-07-28,Stable,0.8594690065967566
2022-07-29,Stable,0.8596950220019239
2022-08-01,Stable,0.8677097071003884
2022-08-02,Stable,0.8993398618387743
2022-08-03,Stable,0.9179535772806307
2022-08-04,Stable,0.9310202645817204
2022-08-05,Stable,0.9422335132326871
2022-08-08,Stable,0.9530244633707404
2022-08-10,Stable,0.9631701918734281
2022-08-11,Stable,0.9696796340266
2022-08-12,Stable,0.9730586468920982
2022-08-16,Stable,0.9782207001404505
2022-08-17,Stable,0.9814834879128929
2022-08-18,Stable,0.9831167362113546
2022-08-19,Stable,0.98288352496615
2022-08-22,Stable,0.9845079996266369
2022-08-23,Stable,0.9842188900411281
2022-08-24,Stable,0.9852015331373831
2022-08-25,Stable,0.984582289796008
2022-08-26,Stable,0.9823577898684249
2022-08-29,Stable,0.9781898255819963
2022-08-30,Stable,0.9711879496454433
2022-09-01,Stable,0.9636549871223049
2022-09-02,Stable,0.9704658090315724
2022-09-05,Stable,0.973984172725763
2022-09-06,Stable,0.9783504898972628
2022-09-07,Stable,0.9817362897701236
2022-09-08,Stable,0.9833744364750522
2022-09-09,Stable,0.9833632335137679
2022-09-12,Stable,0.9820050210018372
2022-09-13,Stable,0.9804469467518896
2022-09-14,Stable,0.9777174696942226
2022-09-15,Stable,0.9742478690853256
2022-09-16,Stable,0.9684309221225043
2022-09-19,Stable,0.9701125026214489
2022-09-20,Stable,0.9684518957635078
2022-09-21,Stable,0.9638223750204044
2022-09-22,Stable,0.9553730667925502
2022-09-23,Stable,0.9427366687120479
2022-09-26,Stable,0.9326958481929536
2022-09-27,Stable,0.933560023507483
2022-09-28,Stable,0.9293136838504948
2022-09-29,Stable,0.9374428720585334
2022-09-30,Stable,0.9391779711779336
2022-10-03,Stable,0.9491438129360049
2022-10-04,Stable,0.9537133737273976
2022-10-06,Stable,0.9620393542343797
2022-10-07,Stable,0.9665235768353346
2022-10-10,Stable,0.9682908461667344
2022-10-11,Stable,0.9687206319295391
2022-10-12,Stable,0.9724560204072655
2022-10-13,Stable,0.9741815240339159
2022-10-14,Stable,0.9737436225596582
2022-10-17,Stable,0.9709925421176236
2022-10-18,Stable,0.9696263768222673
2022-10-19,Stable,0.9704687222269863
2022-10-20,Stable,0.9734633790387086
2022-10-21,Stable,0.9738461936625474
2022-10-24,Stable,0.973580399986016
2022-10-25,Stable,0.9708516945689761
2022-10-27,Stable,0.9685923918239621
2022-10-28,Stable,0.9610306491073619
2022-10-31,Stable,0.9717830346319577
2022-11-01,Stable,0.9781307328141761
2022-11-02,Stable,0.9820001811163291
2022-11-03,Stable,0.9842747218000644
2022-11-04,Stable,0.9849465867551114
2022-11-07,Stable,0.9866521403420816
2022-11-09,Stable,0.9871455047891092
2022-11-10,Stable,0.9860728342713573
2022-11-11,Stable,0.9843958751401399
2022-11-14,Stable,0.9879367250635486
2022-11-15,Stable,0.9895004756540339
2022-11-16,Stable,0.9899252609401903
2022-11-17,Stable,0.9894936403904376
2022-11-18,Stable,0.9879466272119132
2022-11-21,Stable,0.9846256702148766
2022-11-22,Stable,0.9832634811812818
2022-11-23,Stable,0.9802144885346707
2022-11-24,Stable,0.9744146147521741
2022-11-25,Stable,0.9651631669306406
2022-11-28,Stable,0.9523415493341428
2022-11-29,Stable,0.9713857308929353
2022-11-30,Stable,0.9793836531882025
2022-12-01,Stable,0.9844476153056527
2022-12-02,Stable,0.9872819863839097
2022-12-05,Stable,0.9884470001062278
2022-12-06,Stable,0.9902833312254888
2022-12-07,Stable,0.9908237540112605
2022-12-08,Stable,0.9921264913704003
2022-12-09,Stable,0.9922448191267429
2022-12-12,Stable,0.9932790691710326
2022-12-13,Stable,0.9934397697854402
2022-12-14,Stable,0.9930529806767677
2022-12-15,Stable,0.9918141857206709
2022-12-16,Stable,0.9912208649292463
2022-12-19,Stable,0.9895294586080965
2022-12-20,Stable,0.9883504577752442
2022-12-21,Stable,0.9863902699608971
2022-12-22,Stable,0.984655906037568
2022-12-23,Stable,0.9789612054179319
2022-12-26,Stable,0.9850976777215241
2022-12-27,Stable,0.9883061572359192
2022-12-28,Stable,0.9904444967782371
2022-12-29,Stable,0.9913526663885377
2022-12-30,Stable,0.9913074128149121
2023-01-02,Stable,0.9902806019994238
2023-01-03,Stable,0.9893962932836686
2023-01-04,Stable,0.9875072146005417
2023-01-05,Stable,0.9863835287420516
2023-01-06,Stable,0.9833482800273137
2023-01-09,Stable,0.9786310329906323
2023-01-10,Stable,0.9801256791857639
2023-01-11,Stable,0.9814686233094968
2023-01-12,Stable,0.9819965362725943
2023-01-13,Stable,0.9864881002996498
2023-01-16,Stable,0.9885274782710868
2023-01-17,Stable,0.9898319546361086
2023-01-18,Stable,0.9919849808669278
2023-01-19,Stable,0.9929972499619212
2023-01-20,Stable,0.993136499129739
2023-01-23,Stable,0.9935154430770703
2023-01-24,Stable,0.9932276455918987
2023-01-25,Stable,0.9921926433083353
2023-01-27,Stable,0.9914591323113775
2023-01-30,Stable,0.9927400830241757
2023-01-31,Stable,0.9936633432083921
2023-02-01,Stable,0.9937987124274907
2023-02-02,Stable,0.9934591806721306
2023-02-03,Stable,0.992564185713238
2023-02-06,Stable,0.9907245296377387
2023-02-07,Stable,0.9880436210982142
2023-02-08,Stable,0.9831950787223883
2023-02-09,Stable,0.9820178335682179
2023-02-10,Stable,0.9785290686337419
2023-02-13,Stable,0.9730843174764848
2023-02-14,Stable,0.9633040008622513
2023-02-15,Stable,0.961623957491105
2023-02-16,Stable,0.9662104129869987
2023-02-17,Stable,0.9669445236754828
2023-02-20,Stable,0.9651913303240778
2023-02-21,Stable,0.9620355264989429
2023-02-22,Stable,0.956259321828925
2023-02-23,Stable,0.9565713437259945
2023-02-24,Stable,0.9533357839999551
2023-02-27,Stable,0.947258158829199
2023-02-28,Stable,0.9367266480889147
2023-03-01,Stable,0.9299809223323215
2023-03-02,Stable,0.919792680903414
2023-03-03,Stable,0.9028085563846036
2023-03-06,Stable,0.9013421286150397
2023-03-08,Stable,0.896331855485635
2023-03-09,Stable,0.8843558529807816
2023-03-10,Stable,0.8830140915414809
2023-03-13,Stable,0.8811995539836818
2023-03-14,Stable,0.8802090808735725
2023-03-15,Stable,0.8730844151530991
2023-03-16,Stable,0.8677426291061716
2023-03-17,Stable,0.8557657387854358
2023-03-20,Stable,0.8335663670704949
2023-03-21,Stable,0.7997364267120026
2023-03-22,Stable,0.8041136158892348
2023-03-23,Stable,0.7989676984556584
2023-03-24,Stable,0.7902680639233086
2023-03-27,Stable,0.7865161322667743
2023-03-28,Stable,0.7831638430737109
2023-03-29,Stable,0.7674188708979216
2023-03-31,Stable,0.7092030251014733
2023-04-03,Stable,0.842912621607972
2023-04-05,Stable,0.8993042642171065
2023-04-06,Stable,0.9309978672079089
2023-04-10,Stable,0.9525897788859004
2023-04-11,Stable,0.9672298253622454
2023-04-12,Stable,0.9769664378004688
2023-04-13,Stable,0.9833558578379845
2023-04-17,Stable,0.9874237339451952
2023-04-18,Stable,0.990007401764735
2023-04-19,Stable,0.9924135312892808
2023-04-20,Stable,0.9939704547156436
2023-04-21,Stable,0.9948068611720567
2023-04-24,Stable,0.9951042012061297
2023-04-25,Stable,0.9950129803216571
2023-04-26,Stable,0.9948405746349063
2023-04-27,Stable,0.9942423933220772
2023-04-28,Stable,0.9930562451193894
2023-05-02,Stable,0.99394904276376
2023-05-03,Stable,0.9944702898718377
2023-05-04,Stable,0.9947136080493533
2023-05-05,Stable,0.9953525189944167
2023-05-08,Stable,0.9953902002060688
2023-05-09,Stable,0.9960423696598733
2023-05-10,Stable,0.9962989263693799
2023-05-11,Stable,0.9965285532771739
2023-05-12,Stable,0.9966651643951289
2023-05-15,Stable,0.9965376761563125
2023-05-16,Stable,0.9960378513571789
2023-05-17,Stable,0.9963542097358448
2023-05-18,Stable,0.9964105143324857
2023-05-19,Stable,0.9961502299747969
2023-05-22,Stable,0.9956125136163791
2023-05-23,Stable,0.9948403339249688
2023-05-24,Stable,0.9934054083165321
2023-05-25,Stable,0.9911178668676706
2023-05-26,Stable,0.9861016233140281
2023-05-29,Stable,0.989713329401724
2023-05-30,Stable,0.9911048696517674
2023-05-31,Stable,0.9909485972906279
2023-06-01,Stable,0.9933184666070894
2023-06-02,Stable,0.9944662881493422
2023-06-05,Stable,0.994953534140412
2023-06-06,Stable,0.9955140454315371
2023-06-07,Stable,0.9955856996487974
2023-06-08,Stable,0.9956490164100806
2023-06-09,Stable,0.9952581042565977
2023-06-12,Stable,0.9946423485410285
2023-06-13,Stable,0.9932462523880806
2023-06-14,Stable,0.9928706375518543
2023-06-15,Stable,0.9928881097729371
2023-06-16,Stable,0.9919634340617038
2023-06-19,Stable,0.9909451609926715
2023-06-20,Stable,0.9896106598937279
2023-06-21,Stable,0.9869691308603694
2023-06-22,Stable,0.9825166171946962
2023-06-23,Stable,0.9771769084553158
2023-06-26,Stable,0.9694434596049863
2023-06-27,Stable,0.9581467067740873
2023-06-28,Stable,0.9396955780422512
2023-06-30,Stable,0.9199625881796059
2023-07-03,Stable,0.8914420957929423
2023-07-04,Stable,0.8840426494257525
2023-07-05,Stable,0.8715215040318841
2023-07-06,Stable,0.8476821732146139
2023-07-07,Stable,0.8339055599750503
2023-07-10,Stable,0.7960835248189402
2023-07-11,Stable,0.840454437994442
2023-07-12,Stable,0.8654730061079188
2023-07-13,Stable,0.8780774388058326
2023-07-14,Stable,0.8855027452150211
2023-07-17,Stable,0.8867086769016975
2023-07-18,Stable,0.8946531536031025
2023-07-19,Stable,0.8986338166952169
2023-07-20,Stable,0.8985915691290165
2023-07-21,Stable,0.8896452661067096
2023-07-24,Stable,0.9065715600303285
2023-07-25,Stable,0.9284684692981584
2023-07-26,Stable,0.9399971253056558
2023-07-27,Stable,0.9537014845225705
2023-07-28,Stable,0.9633001461124373
2023-07-31,Stable,0.9708347429073444
2023-08-01,Stable,0.9761700405617378
2023-08-02,Stable,0.9815310715244239
2023-08-03,Stable,0.9856997599572285
2023-08-04,Stable,0.987937868990292
2023-08-07,Stable,0.9908186268618521
2023-08-08,Stable,0.9926765301836726
2023-08-09,Stable,0.993809228210285
2023-08-10,Stable,0.9945810286714557
2023-08-11,Stable,0.9949105561339661
2023-08-14,Stable,0.9947907113016339
2023-08-16,Stable,0.9951618786510467
2023-08-17,Stable,0.9948375437275786
2023-08-18,Stable,0.9952999010238264
2023-08-21,Stable,0.9955101942329017
2023-08-22,Stable,0.9959355204871976
2023-08-23,Stable,0.995891070139527
2023-08-24,Stable,0.9952700358005385
2023-08-25,Stable,0.9960045091602222
2023-08-28,Stable,0.9962080305632571
2023-08-29,Stable,0.9965355452047187
2023-08-30,Stable,0.9969988153864245
2023-08-31,Stable,0.9971954461266618
2023-09-01,Stable,0.9973118017006185
2023-09-04,Stable,0.9973255783656413
2023-09-05,Stable,0.9971949664060172
2023-09-06,Stable,0.9970860109794103
2023-09-07,Stable,0.9968193870707327
2023-09-08,Stable,0.996301778311728
2023-09-11,Stable,0.995673285576446
2023-09-12,Stable,0.9952944181486258
2023-09-13,Stable,0.9956954864646096
2023-09-14,Stable,0.9957338740817097
2023-09-15,Stable,0.9953371167932721
2023-09-18,Stable,0.9943569297661151
2023-09-20,Stable,0.992674718701179
2023-09-21,Stable,0.9944160769880609
2023-09-22,Stable,0.9952747825778552
2023-09-25,Stable,0.9955970118030635
2023-09-26,Stable,0.9956637077488694
2023-09-27,Stable,0.9952188312730293
2023-09-28,Stable,0.9950848219531557
2023-09-29,Stable,0.9957628199337045
2023-10-03,Stable,0.995975344499382
2023-10-04,Stable,0.9965303252101347
2023-10-05,Stable,0.9967326723860185
2023-10-06,Stable,0.9966826173727069
2023-10-09,Stable,0.9963710004294475
2023-10-10,Stable,0.9961001822990557
2023-10-11,Stable,0.9954222102244864
2023-10-12,Stable,0.9960865063728785
2023-10-13,Stable,0.99626349327028
2023-10-16,Stable,0.9961002027943139
2023-10-17,Stable,0.9955783566910009
2023-10-18,Stable,0.9946707698428466
2023-10-19,Stable,0.9943060697431579
2023-10-20,Stable,0.993551765355296
2023-10-23,Stable,0.9918461519832537
2023-10-25,Stable,0.9911485475381284
2023-10-26,Stable,0.989023740249738
2023-10-27,Stable,0.9870274784016919
2023-10-30,Stable,0.9867527836493837
2023-10-31,Stable,0.9898535159520795
2023-11-01,Stable,0.9920905714796147
2023-11-02,Stable,0.9932855295959814
2023-11-03,Stable,0.994510015450324
2023-11-06,Stable,0.9950256681028606
2023-11-07,Stable,0.995524369215993
2023-11-08,Stable,0.9957601707552435
2023-11-09,Stable,0.9957190255248858
2023-11-10,Stable,0.9959349331352876
2023-11-13,Stable,0.9957214087476448
2023-11-15,Stable,0.9948417172397263
2023-11-16,Stable,0.9959228502216895
2023-11-17,Stable,0.9963838694952382
2023-11-20,Stable,0.9965093850210546
2023-11-21,Stable,0.9962914605836698
2023-11-22,Stable,0.9967791539506338
2023-11-23,Stable,0.9970447458070691
2023-11-24,Stable,0.9971751630896231
2023-11-28,Stable,0.9971418802454756
2023-11-29,Stable,0.9969365803156724
2023-11-30,Stable,0.9965229676829219
2023-12-01,Stable,0.9962827292367495
2023-12-04,Stable,0.9959526692566076
2023-12-05,Stable,0.9959905395463268
2023-12-06,Stable,0.9959285978824075
2023-12-07,Stable,0.9960922755592467
2023-12-08,Stable,0.9958701693072273
2023-12-11,Stable,0.9952334482622804
2023-12-12,Stable,0.9939597355568524
2023-12-13,Stable,0.9934373520065329
2023-12-14,Stable,0.9920804088058935
2023-12-15,Stable,0.9910965707254269
2023-12-18,Stable,0.9905165382118398
2023-12-19,Stable,0.9896559628555466
2023-12-20,Stable,0.9897029887053829
2023-12-21,Stable,0.9896252144814871
2023-12-22,Stable,0.9903055413772689
2023-12-26,Stable,0.9898166697074645
2023-12-27,Stable,0.9884758088548613
2023-12-28,Stable,0.9858739454788261
2023-12-29,Stable,0.9821343869923506
2024-01-01,Stable,0.9766804919460763
2024-01-02,Stable,0.9677390240923738
2024-01-03,Stable,0.9556498454192056
2024-01-04,Stable,0.9401856630606829
2024-01-05,Stable,0.9168822845256619
2024-01-08,Stable,0.8811725846223434
2024-01-09,Stable,0.8290599130438954
2024-01-10,Stable,0.7419272228526073
2024-01-11,Stable,0.7130636421250865
2024-01-12,Stable,0.7097963994450509
2024-01-15,Stable,0.6981402637716635
2024-01-16,Stable,0.689675009932858
2024-01-17,Stable,0.6787071962967371
2024-01-18,Stable,0.6600036690769866
2024-01-19,Stable,0.6258157409682049
2024-01-23,Stable,0.5480151500283565
2024-01-24,Stable,0.5209355273423227
2024-01-25,Stable,0.43664872011301864
2024-01-29,Volatile,0.8757239147594662
2024-01-30,Volatile,0.5400841404219184
2024-01-31,Stable,0.6144192453899447
2024-02-01,Stable,0.7452418937636712
2024-02-02,Stable,0.7856703064807711
2024-02-05,Stable,0.8447050025040373
2024-02-06,Stable,0.8892606823887363
2024-02-07,Stable,0.9188015025572359
2024-02-08,Stable,0.9419201205694265
2024-02-09,Stable,0.9573757442924865
2024-02-12,Stable,0.9683519893538916
2024-02-13,Stable,0.9753618998933877
2024-02-14,Stable,0.9806000744243114
2024-02-15,Stable,0.9852476562055789
2024-02-16,Stable,0.9883054003041686
2024-02-19,Stable,0.9901903138535695
2024-02-20,Stable,0.9917543746738595
2024-02-21,Stable,0.99233344729421
2024-02-22,Stable,0.9920565521211
2024-02-23,Stable,0.9917260366028626
2024-02-26,Stable,0.9910438164835323
2024-02-27,Stable,0.989346887241677
2024-02-28,Stable,0.985802295630481
2024-02-29,Stable,0.9852236733006772
2024-03-01,Stable,0.9823649137114259
2024-03-04,Stable,0.9837816527135559
2024-03-05,Stable,0.9844162061249673
2024-03-06,Stable,0.9835308570212056
2024-03-07,Stable,0.9807424401062474
2024-03-11,Stable,0.9789851114403345
2024-03-12,Stable,0.9753597520340639
2024-03-13,Stable,0.9675290762973642
2024-03-14,Stable,0.9732486685677446
2024-03-15,Stable,0.9743465758864983
2024-03-18,Stable,0.9738222218024076
2024-03-19,Stable,0.9742836923015031
2024-03-20,Stable,0.9734415414666501
2024-03-21,Stable,0.9727882672393043
2024-03-22,Stable,0.9699007023739904
2024-03-26,Stable,0.962890626798423
2024-03-27,Stable,0.9466360537259775
2024-03-28,Stable,0.9686327719278063
2024-04-01,Stable,0.9781265077889139
2024-04-02,Stable,0.9831665793496145
2024-04-03,Stable,0.9858684622431232
2024-04-04,Stable,0.9879475299685486
2024-04-05,Stable,0.9888517608696679
2024-04-08,Stable,0.9882781601787217
2024-04-09,Stable,0.989703709365625
2024-04-10,Stable,0.9917025884951607
2024-04-12,Stable,0.993558983080584
2024-04-15,Stable,0.9949589571646973
2024-04-16,Stable,0.9957237768624577
2024-04-18,Stable,0.9960685500951578
2024-04-19,Stable,0.9960582061556716
2024-04-22,Stable,0.9957849554669438
2024-04-23,Stable,0.995306370448422
2024-04-24,Stable,0.995523689402051
2024-04-25,Stable,0.9953780848714813
2024-04-26,Stable,0.9950700551185038
2024-04-29,Stable,0.9943269866028979
2024-04-30,Stable,0.9935280014564177
2024-05-02,Stable,0.9918554518614108
2024-05-03,Stable,0.9884290356559382
2024-05-06,Stable,0.9888594128077969
2024-05-07,Stable,0.9883410538398878
2024-05-08,Stable,0.9877642841861013
2024-05-09,Stable,0.9871740601313198
2024-05-10,Stable,0.9880299395574774
2024-05-13,Stable,0.9883559887607231
2024-05-14,Stable,0.987358414704908
2024-05-15,Stable,0.9867134455953659
2024-05-16,Stable,0.9845585757254414
2024-05-17,Stable,0.9811128187486584
2024-05-21,Stable,0.9760919366125133
2024-05-22,Stable,0.9673149158596647
2024-05-23,Stable,0.9609934185882104
2024-05-24,Stable,0.9572459543701868
2024-05-27,Stable,0.9493399389716793
2024-05-28,Stable,0.9375670988566073
2024-05-29,Stable,0.9162849277128957
2024-05-30,Stable,0.8727339895494006
2024-05-31,Stable,0.7415637842818165
2024-06-03,Volatile,0.9827246165491182
2024-06-04,Volatile,0.9959545422636553
2024-06-05,Stable,0.4545662837048348
2024-06-06,Stable,0.621729492349596
2024-06-07,Stable,0.6584225878930539
2024-06-10,Stable,0.7381059175560185
2024-06-11,Stable,0.7705954405434914
2024-06-12,Stable,0.7912386371213317
2024-06-13,Stable,0.8023670889306239
2024-06-14,Stable,0.8058310095694516
2024-06-18,Stable,0.8049574647132001
2024-06-19,Stable,0.7969452932834417
2024-06-20,Stable,0.7884316017247753
2024-06-21,Stable,0.7754741499407357
2024-06-24,Stable,0.758768184116651
2024-06-25,Stable,0.7291423614800926
2024-06-26,Stable,0.6654475874793959
2024-06-27,Stable,0.7312334862872747
2024-06-28,Stable,0.7660774100709367
2024-07-01,Stable,0.8275330166179823
2024-07-02,Stable,0.8633065434663708
2024-07-03,Stable,0.8853686122646877
2024-07-04,Stable,0.9000698071011515
2024-07-05,Stable,0.9073201887337554
2024-07-08,Stable,0.9258375851194014
2024-07-09,Stable,0.9383392236758084
2024-07-10,Stable,0.9459824950508732
2024-07-11,Stable,0.9495746575953401
2024-07-12,Stable,0.949696716731972
2024-07-15,Stable,0.9485503851745986
2024-07-16,Stable,0.9434797027794332
2024-07-18,Stable,0.9370506168110787
2024-07-19,Stable,0.9232293307159105
2024-07-22,Stable,0.9100323964509627
2024-07-23,Stable,0.9394468838658167
2024-07-24,Stable,0.9538512595704628
2024-07-25,Stable,0.9620375855433889
2024-07-26,Stable,0.9661712060209579
2024-07-29,Stable,0.9695612785657965
2024-07-30,Stable,0.971189357712772
2024-07-31,Stable,0.9705891862399936
2024-08-01,Stable,0.9675649177116761
2024-08-02,Stable,0.9611227391700392
2024-08-05,Stable,0.947042422314475
2024-08-06,Stable,0.965146012643985
2024-08-07,Stable,0.9730034925486225
2024-08-08,Stable,0.9773008435402182
2024-08-09,Stable,0.9802380796207271
2024-08-12,Stable,0.9854493936006893
2024-08-13,Stable,0.9892049113627518
2024-08-14,Stable,0.9913801569543921
2024-08-16,Stable,0.9923949037747961
2024-08-19,Stable,0.9936091236570576
2024-08-20,Stable,0.9948960874455234
2024-08-21,Stable,0.9957436419320115
2024-08-22,Stable,0.9961810807702238
2024-08-23,Stable,0.9962794015572647
2024-08-26,Stable,0.9960474109444115
2024-08-27,Stable,0.9959150827156037
2024-08-28,Stable,0.9957043741693142
2024-08-29,Stable,0.9948932861765553
2024-08-30,Stable,0.9952312107855206
2024-09-02,Stable,0.9952579979456961
2024-09-03,Stable,0.9949117118365776
2024-09-04,Stable,0.994098057932237
2024-09-05,Stable,0.9924916218105613
2024-09-06,Stable,0.9913132453410053
2024-09-09,Stable,0.9921387244833281
2024-09-10,Stable,0.9917627264923251
2024-09-11,Stable,0.9903313205137996
2024-09-12,Stable,0.9877352758503835
2024-09-13,Stable,0.9880718469725527
2024-09-16,Stable,0.9870009156646014
2024-09-17,Stable,0.9843853299357717
2024-09-18,Stable,0.9797100180304644
2024-09-19,Stable,0.9725158599910225
2024-09-20,Stable,0.9613756689756492
2024-09-23,Stable,0.9482656007935734
2024-09-24,Stable,0.9283980612527145
2024-09-25,Stable,0.8966590334141693
2024-09-26,Stable,0.8464456046838409
2024-09-27,Stable,0.7610844193996521
2024-09-30,Stable,0.6839740148827348
2024-10-01,Stable,0.6768907545286246
2024-10-03,Stable,0.642914423871088
2024-10-04,Stable,0.7211588664280266
2024-10-07,Stable,0.7699709903877007
2024-10-08,Stable,0.8018408954585214
2024-10-09,Stable,0.8458041873208515
2024-10-10,Stable,0.8896331834458263
2024-10-11,Stable,0.9164153516063802
2024-10-14,Stable,0.9327210289354347
2024-10-15,Stable,0.9418158298908138
2024-10-16,Stable,0.9574265756455042
2024-10-17,Stable,0.9681422817046453
2024-10-18,Stable,0.9745342378058606
2024-10-21,Stable,0.9780253212872563
2024-10-22,Stable,0.9798282256529782
2024-10-23,Stable,0.9841788070804308
2024-10-24,Stable,0.9863513743356974
2024-10-25,Stable,0.9869865936452928
2024-10-28,Stable,0.9869779836089662
2024-10-29,Stable,0.985884671604046
2024-10-30,Stable,0.9834691457850335
2024-10-31,Stable,0.9790767005635133
2024-11-01,Stable,0.9727129336475656
2024-11-04,Stable,0.9614342647277929
2024-11-05,Stable,0.9622899158677519
2024-11-06,Stable,0.9587318718993688
2024-11-07,Stable,0.9561500440487226
2024-11-08,Stable,0.9535654320466789
2024-11-11,Stable,0.9522558422146996
2024-11-12,Stable,0.9483447189020225
2024-11-13,Stable,0.9398217722443479
2024-11-14,Stable,0.9333071876368049
2024-11-18,Stable,0.9256787837204443
2024-11-19,Stable,0.9115831085362317
2024-11-21,Stable,0.8954926218407705
2024-11-22,Stable,0.872992963886753
2024-11-25,Stable,0.8955626561644814
2024-11-26,Stable,0.9164301038400705
2024-11-27,Stable,0.9286522889133974
2024-11-28,Stable,0.9345271904782206
2024-11-29,Stable,0.9422237280052924
2024-12-02,Stable,0.952328956141063
2024-12-03,Stable,0.9617196819651026
2024-12-04,Stable,0.9693293253103169
2024-12-05,Stable,0.975143215016845
2024-12-06,Stable,0.9797228623745708
2024-12-09,Stable,0.9825387051131782
2024-12-10,Stable,0.9851235083911476
2024-12-11,Stable,0.986540410053769
2024-12-12,Stable,0.98663910066995
2024-12-13,Stable,0.9866595778350236
2024-12-16,Stable,0.9859125948139572
2024-12-17,Stable,0.9833942378393352
2024-12-18,Stable,0.9828217704290345
2024-12-19,Stable,0.9803601926875539
2024-12-20,Stable,0.979604832176724
2024-12-23,Stable,0.9818929099046403
2024-12-24,Stable,0.9844741003229727
2024-12-26,Stable,0.9851567986504696
2024-12-27,Stable,0.9845392754681852
2024-12-30,Stable,0.9824790786007592
2024-12-31,Stable,0.979229862663782
2025-01-01,Stable,0.973639613534069
2025-01-02,Stable,0.9646131128193244
2025-01-03,Stable,0.9578239514341444
2025-01-06,Stable,0.9459158061233868
2025-01-07,Stable,0.9461177071090665
2025-01-08,Stable,0.9488978036594066
2025-01-09,Stable,0.956014221307159
2025-01-10,Stable,0.9597867584776707
2025-01-13,Stable,0.9618444295752259
2025-01-14,Stable,0.9609581571725209
2025-01-15,Stable,0.9568697934756387
2025-01-16,Stable,0.9512858493697085
2025-01-17,Stable,0.9428714641004445
2025-01-20,Stable,0.950203590611168
2025-01-21,Stable,0.951389615954991
2025-01-22,Stable,0.9612338703158013
2025-01-23,Stable,0.9660273937191587
2025-01-24,Stable,0.9691245108943363
2025-01-27,Stable,0.972018002126503
2025-01-28,Stable,0.9747595051195833
2025-01-29,Stable,0.9753667946545957
2025-01-30,Stable,0.9736953935265498
2025-01-31,Stable,0.972755475419773
2025-02-01,Stable,0.9706916072673606
2025-02-03,Stable,0.9647916083366325
2025-02-04,Stable,0.9566268014204232
2025-02-05,Stable,0.9700703045998703
2025-02-06,Stable,0.9763742540261705
2025-02-07,Stable,0.9794617932053107
2025-02-10,Stable,0.981856991627067
2025-02-11,Stable,0.9832592691818103
2025-02-12,Stable,0.9852135013054604
2025-02-13,Stable,0.9877042167794017
2025-02-14,Stable,0.9885991090075834
2025-02-17,Stable,0.9882874330504993
2025-02-18,Stable,0.9871969746053179
2025-02-19,Stable,0.9846412981245025
2025-02-20,Stable,0.9801362142473922
2025-02-21,Stable,0.9731382854815019
2025-02-24,Stable,0.9619297441189966
2025-02-25,Stable,0.9477836358904073
2025-02-27,Stable,0.9278532966626933
2025-02-28,Stable,0.8961714909516254
2025-03-03,Stable,0.8462526922115111
2025-03-04,Stable,0.821137973401097
2025-03-05,Stable,0.7812620880237476
2025-03-06,Stable,0.72554904611976
2025-03-07,Stable,0.7147292684216107
2025-03-10,Stable,0.7575486682170884
2025-03-11,Stable,0.7797707782956786
2025-03-12,Stable,0.792370513931544
2025-03-13,Stable,0.7990056838665286
2025-03-17,Stable,0.7997822384671166
2025-03-18,Stable,0.7948704105855592
2025-03-19,Stable,0.7817723696187516
2025-03-20,Stable,0.7603171165057394
2025-03-21,Stable,0.7441818038962246
2025-03-24,Stable,0.7170354372908572
2025-03-25,Stable,0.701085214056044
2025-03-26,Stable,0.6805072377682888
2025-03-27,Stable,0.6504421266795287
2025-03-28,Stable,0.6024149225502121
2025-04-01,Stable,0.5239487462406099
2025-04-02,Stable,0.5425183588690146
2025-04-03,Stable,0.6540317447784069
2025-04-04,Transitional,0.8244181125128147
2025-04-07,Transitional,0.8748267243439042
2025-04-08,Transitional,0.9061892662090757
2025-04-09,Transitional,0.9190099522014359
2025-04-11,Transitional,0.9305853659143657
2025-04-15,Transitional,0.9332014968269806
2025-04-16,Transitional,0.9334412170729163
2025-04-17,Transitional,0.9357751141096554
2025-04-21,Transitional,0.931611511383474
2025-04-22,Transitional,0.9263607800240999
2025-04-23,Transitional,0.9253160589998176
2025-04-24,Transitional,0.9263829984924071
2025-04-25,Transitional,0.9235615422612287
2025-04-28,Transitional,0.8834998356022203
2025-04-29,Transitional,0.8932035147378204
2025-04-30,Transitional,0.8653900049125263
2025-05-02,Transitional,0.8417434998380349
2025-05-05,Transitional,0.8225706823312899
2025-05-06,Transitional,0.8100108261294474
2025-05-07,Transitional,0.8037082219023557
2025-05-08,Transitional,0.7995871976222029
2025-05-09,Transitional,0.7880297929129565
2025-05-12,Transitional,0.7471929702741515
2025-05-13,Stable,0.6269918181425644
2025-05-14,Stable,0.5134574882525424
2025-05-15,Stable,0.5584569350989805
2025-05-16,Stable,0.6850107267415526
2025-05-19,Stable,0.7631257512138159
2025-05-20,Stable,0.8225107894556756
2025-05-21,Stable,0.8687063547110365
2025-05-22,Stable,0.8979645389664419
2025-05-23,Stable,0.9241393561693648
2025-05-26,Stable,0.9472403777803717
2025-05-27,Stable,0.9627283178939285
2025-05-28,Stable,0.9739091623718898
2025-05-29,Stable,0.9813777246145927
2025-05-30,Stable,0.9861225886895045
2025-06-02,Stable,0.9889558560935758
2025-06-03,Stable,0.9905610908864556
2025-06-04,Stable,0.991202575114529
2025-06-05,Stable,0.9923116056020642
2025-06-06,Stable,0.994033054981379
2025-06-09,Stable,0.994901200617607
2025-06-10,Stable,0.9953031746341817
2025-06-11,Stable,0.995489237502352
2025-06-12,Stable,0.9955836785173505
2025-06-13,Stable,0.9953107703528471
2025-06-16,Stable,0.9950654386439568
2025-06-17,Stable,0.9946315100857243
2025-06-18,Stable,0.9936871422397264
2025-06-19,Stable,0.9918558186736203
2025-06-20,Stable,0.9883015003265166
2025-06-23,Stable,0.9895486683767317
2025-06-24,Stable,0.9893847524032822
2025-06-25,Stable,0.9879282592383298
2025-06-26,Stable,0.9862193293485116
2025-06-27,Stable,0.9871621767774613
2025-06-30,Stable,0.9883705077621752
2025-07-01,Stable,0.9887064505084069
2025-07-02,Stable,0.9914596015070088
2025-07-03,Stable,0.9930547626915142
2025-07-04,Stable,0.9937363086454464
2025-07-07,Stable,0.9940300251166878
2025-07-08,Stable,0.9943598701120445
2025-07-09,Stable,0.9940007520817088
2025-07-10,Stable,0.9939603881057502
2025-07-11,Stable,0.9930447343941389
2025-07-14,Stable,0.9928814702541469
2025-07-15,Stable,0.9921998052541723
2025-07-16,Stable,0.9905586447492811
2025-07-17,Stable,0.9875371881780356
2025-07-18,Stable,0.9824925888739092
2025-07-21,Stable,0.9706451213969179
2025-07-22,Stable,0.9780030938861025
2025-07-23,Stable,0.9812516007300204
2025-07-24,Stable,0.9826471558784193
2025-07-25,Stable,0.9846873716755631
2025-07-28,Stable,0.9854641826715742
2025-07-29,Stable,0.9843195855943406
2025-07-30,Stable,0.9872548785323291
2025-07-31,Stable,0.9883327059629625
2025-08-01,Stable,0.9898810331106258
2025-08-04,Stable,0.9901273130118707
2025-08-05,Stable,0.9907887793822105
2025-08-06,Stable,0.9919673026523468
2025-08-07,Stable,0.9920946297387817
2025-08-08,Stable,0.9911802525281899
2025-08-11,Stable,0.9911974912848421
2025-08-12,Stable,0.9917998153794051
2025-08-13,Stable,0.9914779985872901
2025-08-14,Stable,0.9901844576798299
2025-08-18,Stable,0.987452684516355
2025-08-19,Stable,0.9819841183784149
2025-08-20,Stable,0.9864773163327684
2025-08-21,Stable,0.988081038675054
2025-08-22,Stable,0.9888765235610645
2025-08-25,Stable,0.9893927605778626
2025-08-26,Stable,0.9884226882157943
2025-08-28,Stable,0.9899244631214087
2025-08-29,Stable,0.9895786247894435
2025-09-01,Stable,0.9922044143158656
2025-09-02,Stable,0.9933564581090325
2025-09-03,Stable,0.9944062612515294
2025-09-04,Stable,0.9948979876832935
2025-09-05,Stable,0.995346147428323
2025-09-08,Stable,0.9962304965822837
2025-09-09,Stable,0.9967324139045923
2025-09-10,Stable,0.9969784064973123
2025-09-11,Stable,0.997020015030895
2025-09-12,Stable,0.9969800222684332
2025-09-15,Stable,0.9971677747012624
2025-09-16,Stable,0.9972178882580052
2025-09-17,Stable,0.9972129327946783
2025-09-18,Stable,0.9972689418291683
2025-09-19,Stable,0.9971517937835574
2025-09-22,Stable,0.9969139901523558
2025-09-23,Stable,0.9971856062366725
2025-09-24,Stable,0.9972015266585714
2025-09-25,Stable,0.9971241211880133
2025-09-26,Stable,0.997132078859916
2025-09-29,Stable,0.9970325355399402
2025-09-30,Stable,0.9967632580448876
2025-10-01,Stable,0.9964354728423355
2025-10-03,Stable,0.995862676652345
2025-10-06,Stable,0.9948886802627677
2025-10-07,Stable,0.9938562156643703
2025-10-08,Stable,0.9923936229724436
2025-10-09,Stable,0.9911818772735795
2025-10-10,Stable,0.9893922287996433
2025-10-13,Stable,0.9862485993965123
2025-10-14,Stable,0.9812553733487378
2025-10-15,Stable,0.9730384286582483
2025-10-16,Stable,0.9590024708513306
2025-10-17,Stable,0.9472105191162563
2025-10-20,Stable,0.9288148139954276
2025-10-21,Stable,0.9507966873162866
2025-10-23,Stable,0.9592170433272311
2025-10-24,Stable,0.9649998169007612
2025-10-27,Stable,0.9669103215989815
2025-10-28,Stable,0.9757557857229548
2025-10-29,Stable,0.980600839518244
2025-10-30,Stable,0.9850193390284192
2025-10-31,Stable,0.9885217509090474
2025-11-03,Stable,0.9904080514954666
2025-11-04,Stable,0.9911116427283267
2025-11-06,Stable,0.9911192606063126
2025-11-07,Stable,0.9923627885254743
2025-11-10,Stable,0.9936362333733247
2025-11-11,Stable,0.9945416962777774
2025-11-12,Stable,0.994808759837912
2025-11-13,Stable,0.9956306597276479
2025-11-14,Stable,0.9959264628682462
2025-11-17,Stable,0.9960504028742814
2025-11-18,Stable,0.9958104669304164
2025-11-19,Stable,0.9951353728413405
2025-11-20,Stable,0.9935729416491565
2025-11-21,Stable,0.9946744535646341
2025-11-24,Stable,0.9948505599983011
2025-11-25,Stable,0.9946864740482367
2025-11-26,Stable,0.993672847063777
2025-11-27,Stable,0.9952088416032154
2025-11-28,Stable,0.9959566922948676
2025-12-01,Stable,0.9963122532025588
2025-12-02,Stable,0.9962555323665745
2025-12-03,Stable,0.9967612164571783
2025-12-04,Stable,0.9970334639895582
2025-12-05,Stable,0.9971035272880362
2025-12-08,Stable,0.997067105293787
2025-12-09,Stable,0.9968295852887964
2025-12-10,Stable,0.9967396601787236
2025-12-11,Stable,0.9965207745867024
2025-12-12,Stable,0.9961738621550144
2025-12-15,Stable,0.9958505017545431
2025-12-16,Stable,0.9950571686850624
2025-12-17,Stable,0.9941977329444786
2025-12-18,Stable,0.9926000093998111
2025-12-19,Stable,0.9898274869403957
2025-12-22,Stable,0.9876865839484663
2025-12-23,Stable,0.984388740353577
2025-12-24,Stable,0.9788149197065336
2025-12-26,Stable,0.970887118193796
2025-12-29,Stable,0.9579911079712105
2025-12-30,Stable,0.939975480865358
2025-12-31,Stable,0.9109623851303258
2026-01-01,Stable,0.892166201104153
2026-01-02,Stable,0.8596491673466882
2026-01-05,Stable,0.8089853792169748
2026-01-06,Stable,0.6817752789639088
2026-01-07,Stable,0.7789790956535984
2026-01-08,Stable,0.8044660381874433
2026-01-09,Stable,0.8403466652350983
2026-01-12,Stable,0.858445966869612
2026-01-13,Stable,0.8682106111954918
2026-01-14,Stable,0.8848537742685388
2026-01-15,Stable,0.8939053989550203
2026-01-16,Stable,0.8967325638083414
2026-01-19,Stable,0.8917688550419243
2026-01-20,Stable,0.9116346508107132
2026-01-21,Stable,0.9271293358635695
2026-01-22,Stable,0.9370941797279861
2026-01-23,Stable,0.9418805115400241
2026-01-27,Stable,0.9451659012873432
2026-01-28,Stable,0.9448982608120526
2026-01-29,Stable,0.9439418433463848
2026-01-30,Stable,0.9392610603016875
2026-02-02,Stable,0.9294006438255998
2026-02-03,Stable,0.9077140183560604
2026-02-04,Stable,0.9214280000211866
2026-02-05,Stable,0.9309004826471957
2026-02-06,Stable,0.9359833259148097
2026-02-09,Stable,0.9373665127460862
2026-02-10,Stable,0.9361803065285803
2026-02-11,Stable,0.9308495762386916
2026-02-12,Stable,0.9216376299680372
2026-02-13,Stable,0.9106553506402344
2026-02-16,Stable,0.904842127625407
2026-02-17,Stable,0.8974500454900304
2026-02-18,Stable,0.8856739488573334
2026-02-19,Stable,0.871993466442414
2026-02-20,Stable,0.8667990770232205
2026-02-23,Stable,0.8560421816134273
2026-02-24,Stable,0.8381589031323634
2026-02-25,Stable,0.8070830699763615
2026-02-26,Stable,0.7875719157474339
2026-02-27,Stable,0.7561818321424143
2026-03-02,Stable,0.7090850043480305
2026-03-04,Stable,0.6908201652234974
2026-03-05,Stable,0.6587715108038296
2026-03-06,Stable,0.6742866118563526
2026-03-09,Stable,0.681857342702697
2026-03-10,Stable,0.6876295005523851
2026-03-11,Stable,0.688225404214193
2026-03-12,Stable,0.6861422720578491
2026-03-13,Stable,0.6751431981261106
2026-03-16,Stable,0.6559232311763111
2026-03-17,Stable,0.6303759112782479
2026-03-18,Stable,0.5873013491252158
2026-03-19,Stable,0.5249786629166213
2026-03-20,Stable,0.5307308768924616
2026-03-23,Stable,0.5697686915556563
2026-03-24,Stable,0.6283063237490453
2026-03-25,Stable,0.7173458291449523
2026-03-27,Stable,0.8461745804283595
2026-03-30,Stable,0.9137167351753133
2026-04-01,Stable,0.9349303376233955
2026-04-02,Stable,0.9439036812729145
2026-04-06,Stable,0.9476778683427022
2026-04-07,Stable,0.9485827958088177
2026-04-08,Stable,0.9441588321550278
2026-04-09,Stable,0.9273887571576755
2026-04-10,Stable,0.911003300831244
2026-04-13,Stable,0.8908631058575424
2026-04-15,Stable,0.8555831125823502
2026-04-16,Stable,0.7992290064102762
2026-04-17,Stable,0.7634306988026732
2026-04-20,Stable,0.7263459192637504
2026-04-21,Stable,0.7047477362771865
2026-04-22,Stable,0.6927189682005949
2026-04-23,Stable,0.6876297490926873
2026-04-24,Stable,0.6852343975807523
2026-04-27,Stable,0.68470927719275
2026-04-28,Stable,0.664205877138565
2026-04-29,Stable,0.6369924117695697
2026-04-30,Stable,0.5739355536219967
2026-05-01,Stable,0.5328543228875072
2026-05-04,Stable,0.5067742302982123
2026-05-05,Stable,0.5353111988376189
2026-05-06,Stable,0.5624924689768513
2026-05-07,Stable,0.5929748924423445
2026-05-08,Stable,0.6086350847285258
2026-05-11,Stable,0.6105832341370334
2026-05-12,Stable,0.6741497261531002
2026-05-13,Stable,0.7377916538202687
2026-05-14,Stable,0.7757014434204308
2026-05-15,Stable,0.7981212451637423
2026-05-18,Stable,0.826312261168103
2026-05-19,Stable,0.8419120873832951
2026-05-20,Stable,0.8508961566680511
2026-05-21,Stable,0.8956335792490989
2026-05-22,Stable,0.9244630469133559
2026-05-25,Stable,0.9426434031460449
2026-05-26,Stable,0.9564877891804253
2026-05-27,Stable,0.9659179658392075
2026-05-28,Stable,0.9714549065209889
2026-05-29,Stable,0.9736193470065508
2026-06-01,Stable,0.9807263340784681
2026-06-02,Stable,0.9845411788136965
2026-06-03,Stable,0.9865604216059218
2026-06-04,Stable,0.987091008967168
2026-06-05,Stable,0.9866624572843413
2026-06-08,Stable,0.9845374248153367
2026-06-09,Stable,0.9860460872523532
2026-06-10,Stable,0.9858811268621336
2026-06-11,Stable,0.9846959180083139
2026-06-12,Stable,0.9811964734390058
2026-06-15,Stable,0.9837292176503596
2026-06-16,Stable,0.9852105506665214
2026-06-17,Stable,0.9883556814900313
2026-06-18,Stable,0.9898840373511918
2026-06-19,Stable,0.9901726140243033
2026-06-22,Stable,0.9909394523105721
2026-06-23,Stable,0.992109679459812
2026-06-24,Stable,0.9935111891709265
2026-06-25,Stable,0.9941319630229647
2026-06-26,Stable,0.9942122683373301
2026-06-29,Stable,0.9935783877886859
2026-06-30,Stable,0.9934053824123713
2026-07-01,Stable,0.9925288024178753
2026-07-02,Stable,0.9918392050489734
2026-07-03,Stable,0.9901701538828378
2026-07-06,Stable,0.9870100762238162
2026-07-07,Stable,0.9841765688530993
2026-07-08,Stable,0.979402005914287
2026-07-09,Stable,0.981201116423494
2026-07-10,Stable,0.9799294048097552
2026-07-13,Stable,0.9833915660896958
2026-07-14,Stable,0.9851635265261355
2026-07-15,Stable,0.9853371397549296
2026-07-16,Stable,0.9839934970877524
2026-07-17,Stable,0.9802126769764866
2026-07-20,Stable,0.982486242679541
2026-07-21,Stable,0.9822779438498046
2026-07-22,Stable,0.9825305858687341
2026-07-23,Stable,0.9822447798149158
2026-07-24,Stable,0.9818656005003326
2026-07-27,Stable,0.9798946621594103
2026-07-28,Stable,0.9757137827805433
2026-07-29,Stable,0.9699216627321954
2026-07-30,Stable,0.9611114393340852
2026-07-31,Stable,0.9521034809843975
2026-08-03,Stable,0.9413229301245848
2026-08-04,Stable,0.9252360545208085
2026-08-05,Stable,0.9157460190620987
2026-08-06,Stable,0.8946124717367827
2026-08-07,Stable,0.9178739996877955
2026-08-10,Stable,0.9288754399542734
2026-08-11,Stable,0.9340854456825062
2026-08-12,Stable,0.9350144275710391
2026-08-13,Stable,0.93227627184832
2026-08-14,Stable,0.9262789936040785
