date,regime_label,regime_probability
2014-10-06,Transitional,0.9999089411928167
2014-10-07,Transitional,0.995683053602126
2014-10-08,Transitional,0.9911608153963871
2014-10-09,Transitional,0.9888741309020074
2014-10-10,Transitional,0.9940194794998267
2014-10-13,Transitional,0.9857485392340591
2014-10-14,Transitional,0.9852791337576258
2014-10-15,Transitional,0.9922162818031067
2014-10-16,Transitional,0.9896671709580445
2014-10-17,Transitional,0.9906679791383105
2014-10-20,Transitional,0.9855464702098301
2014-10-21,Transitional,0.9701500969134618
2014-10-22,Transitional,0.9147531498606475
2014-10-23,Transitional,0.8882925439067633
2014-10-24,Transitional,0.8658744892242917
2014-10-27,Transitional,0.855485504742909
2014-10-28,Transitional,0.8472631665765156
2014-10-29,Transitional,0.8034398321882736
2014-10-30,Transitional,0.7905896921946803
2014-10-31,Transitional,0.8007195380703523
2014-11-03,Transitional,0.7196782077489349
2014-11-04,Transitional,0.6546334042210165
2014-11-05,Transitional,0.5938078719369775
2014-11-06,Transitional,0.5202205560828806
2014-11-07,Transitional,0.5818767504518999
2014-11-10,Transitional,0.6398352375337313
2014-11-11,Transitional,0.6667726496785262
2014-11-12,Transitional,0.66686132739219
2014-11-13,Transitional,0.726680622563273
2014-11-14,Transitional,0.7513782190908533
2014-11-17,Transitional,0.7520989560180297
2014-11-18,Transitional,0.7333487371940343
2014-11-19,Transitional,0.7352117357370789
2014-11-20,Transitional,0.7128937256905868
2014-11-21,Transitional,0.6538922702796356
2014-11-24,Transitional,0.7444550823536656
2014-11-25,Transitional,0.7897930503195552
2014-11-26,Transitional,0.8141352584951927
2014-11-27,Transitional,0.8195565322217305
2014-11-28,Transitional,0.8090604382213367
2014-12-01,Transitional,0.7732947852865647
2014-12-02,Transitional,0.6972348807709196
2014-12-03,Transitional,0.5536354205914586
2014-12-04,Transitional,0.7361657072449288
2014-12-05,Transitional,0.9365269180765226
2014-12-08,Transitional,0.9538491956859549
2014-12-09,Transitional,0.9805179474791111
2014-12-10,Transitional,0.9745823099020413
2014-12-11,Transitional,0.9772523027084086
2014-12-12,Transitional,0.9874089444476588
2014-12-15,Transitional,0.9859135457737724
2014-12-16,Transitional,0.9870097912632824
2014-12-17,Transitional,0.9849843296670459
2014-12-18,Transitional,0.9868597610110884
2014-12-19,Transitional,0.9373084917949149
2014-12-22,Transitional,0.9143238352637605
2014-12-23,Transitional,0.9052168636905186
2014-12-29,Transitional,0.9113830974156255
2014-12-30,Transitional,0.9385564201929019
2015-01-02,Transitional,0.9562319195502351
2015-01-05,Transitional,0.9916185832106386
2015-01-06,Transitional,0.9845527231569444
2015-01-07,Transitional,0.9838875240221143
2015-01-08,Transitional,0.9886099965054258
2015-01-09,Transitional,0.9898498399753124
2015-01-12,Transitional,0.9858301304822684
2015-01-13,Transitional,0.9817162363174157
2015-01-14,Transitional,0.9733130335566325
2015-01-15,Transitional,0.9599859599206993
2015-01-16,Transitional,0.8694239041493714
2015-01-19,Transitional,0.7666276788220304
2015-01-20,Transitional,0.709180930617416
2015-01-21,Transitional,0.6895386362762356
2015-01-22,Transitional,0.6952617901847483
2015-01-23,Transitional,0.698527125653026
2015-01-26,Transitional,0.6395391622357077
2015-01-27,Transitional,0.565496127926923
2015-01-28,Stable,0.6537079170552172
2015-01-29,Stable,0.7874274881488952
2015-01-30,Stable,0.8508865700685865
2015-02-02,Stable,0.8861093769854778
2015-02-03,Stable,0.9235561367255675
2015-02-04,Stable,0.9424830263604581
2015-02-05,Stable,0.948332612358384
2015-02-06,Stable,0.9447710063685243
2015-02-09,Stable,0.9355005153424935
2015-02-10,Stable,0.954216519808057
2015-02-11,Stable,0.9660202862161535
2015-02-12,Stable,0.9692991383174351
2015-02-13,Stable,0.982280240960437
2015-02-16,Stable,0.9885251006122439
2015-02-17,Stable,0.992118950097512
2015-02-18,Stable,0.9938839581846535
2015-02-19,Stable,0.994735426660758
2015-02-20,Stable,0.9944844538764781
2015-02-23,Stable,0.9931367528515596
2015-02-24,Stable,0.9911331010480301
2015-02-25,Stable,0.9875884957142304
2015-02-26,Stable,0.9794319350500199
2015-02-27,Stable,0.9705910624410412
2015-03-02,Stable,0.9542377029260108
2015-03-03,Stable,0.9190794021987059
2015-03-04,Stable,0.8954554926823544
2015-03-05,Stable,0.8625795473928662
2015-03-06,Stable,0.818130630970981
2015-03-09,Stable,0.7259727129131415
2015-03-10,Stable,0.5341110980615891
2015-03-11,Transitional,0.7232159704595753
2015-03-12,Transitional,0.7138737063185114
2015-03-13,Transitional,0.7296897556708065
2015-03-16,Transitional,0.7638889273740836
2015-03-17,Transitional,0.7314953079600508
2015-03-18,Transitional,0.6328861404712051
2015-03-19,Transitional,0.576266667078121
2015-03-20,Transitional,0.5549390195735786
2015-03-23,Transitional,0.5378073842498697
2015-03-24,Transitional,0.5056922805515247
2015-03-25,Transitional,0.5096412623916596
2015-03-26,Transitional,0.5388886230859037
2015-03-27,Transitional,0.5412554551463452
2015-03-30,Transitional,0.5150818776639382
2015-03-31,Transitional,0.5274040396041287
2015-04-01,Transitional,0.5416369246836041
2015-04-02,Transitional,0.5289762048151643
2015-04-07,Transitional,0.511300542799032
2015-04-08,Transitional,0.5480984935563334
2015-04-09,Transitional,0.6012236797689997
2015-04-10,Transitional,0.66896313023983
2015-04-13,Transitional,0.6952471028644639
2015-04-14,Transitional,0.7560262684468331
2015-04-15,Transitional,0.823289665426254
2015-04-16,Transitional,0.968236515718113
2015-04-17,Transitional,0.9918269470716743
2015-04-20,Transitional,0.9856913275855349
2015-04-21,Transitional,0.9721507052317598
2015-04-22,Transitional,0.9702921808928942
2015-04-23,Transitional,0.9752427214841434
2015-04-24,Transitional,0.9779811992671008
2015-04-27,Transitional,0.9886535135901412
2015-04-28,Transitional,0.9907624235394961
2015-04-29,Transitional,0.9896027751868101
2015-04-30,Transitional,0.9875623727115773
2015-05-04,Transitional,0.9899045183181969
2015-05-05,Transitional,0.9927902457598763
2015-05-06,Transitional,0.9855611596323556
2015-05-07,Transitional,0.9858657091395462
2015-05-08,Transitional,0.9932499855206633
2015-05-11,Transitional,0.9900410858844245
2015-05-12,Transitional,0.9922008533730143
2015-05-13,Transitional,0.9898252848957073
2015-05-14,Transitional,0.988828872072827
2015-05-15,Transitional,0.9833237624632687
2015-05-18,Transitional,0.9798599169622474
2015-05-19,Transitional,0.9783841308878759
2015-05-20,Transitional,0.9478230582257432
2015-05-21,Transitional,0.9376600047353503
2015-05-22,Transitional,0.9429899936757613
2015-05-26,Transitional,0.9617997496098861
2015-05-27,Transitional,0.9639573954864015
2015-05-28,Transitional,0.9685250278695553
2015-05-29,Transitional,0.9782585934792639
2015-06-01,Transitional,0.9509217432500945
2015-06-02,Transitional,0.9428637062808597
2015-06-03,Transitional,0.937657178608516
2015-06-04,Transitional,0.9432227782006041
2015-06-05,Transitional,0.9571611875689008
2015-06-08,Transitional,0.9651353851062794
2015-06-09,Transitional,0.9707426209510428
2015-06-10,Transitional,0.9850929042251093
2015-06-11,Transitional,0.9790400143231957
2015-06-12,Transitional,0.9813646658082017
2015-06-15,Transitional,0.9826791168702919
2015-06-16,Transitional,0.966575208171962
2015-06-17,Transitional,0.9627752970006224
2015-06-18,Transitional,0.9661653989556883
2015-06-19,Transitional,0.9735352779354273
2015-06-22,Transitional,0.9886375394197808
2015-06-23,Transitional,0.9671249089764286
2015-06-24,Transitional,0.9572001541952022
2015-06-25,Transitional,0.9542650752998754
2015-06-26,Transitional,0.9631249091104575
2015-06-29,Transitional,0.9884500729790825
2015-06-30,Transitional,0.9898184206118178
2015-07-01,Transitional,0.9907418928920918
2015-07-02,Transitional,0.9867180079169227
2015-07-03,Transitional,0.9860728607250937
2015-07-06,Transitional,0.99138771018948
2015-07-07,Transitional,0.9932155389069873
2015-07-08,Transitional,0.990704343322378
2015-07-09,Transitional,0.9922654258059982
2015-07-10,Transitional,0.9910911122231741
2015-07-13,Transitional,0.9292382977622654
2015-07-14,Transitional,0.8403738739754749
2015-07-15,Transitional,0.801266387884827
2015-07-16,Transitional,0.7913220835651873
2015-07-17,Transitional,0.7683836221537919
2015-07-20,Transitional,0.7661552310134374
2015-07-21,Transitional,0.7864387118976679
2015-07-22,Transitional,0.8005617754064493
2015-07-23,Transitional,0.8260861751611256
2015-07-24,Transitional,0.88917944946385
2015-07-27,Transitional,0.9167057904485704
2015-07-28,Transitional,0.7948601073604152
2015-07-29,Transitional,0.6995265170009449
2015-07-30,Transitional,0.6577139876062776
2015-07-31,Transitional,0.6468649037316279
2015-08-03,Transitional,0.6607921762325881
2015-08-04,Transitional,0.6781947170879151
2015-08-05,Transitional,0.7317255985674423
2015-08-06,Transitional,0.7592797957095911
2015-08-07,Transitional,0.8125658952416125
2015-08-10,Transitional,0.8716171459346446
2015-08-11,Transitional,0.9404942598359355
2015-08-12,Transitional,0.9207239432469266
2015-08-13,Transitional,0.8976844488368785
2015-08-14,Transitional,0.874197677534689
2015-08-17,Transitional,0.8388914720670863
2015-08-18,Transitional,0.7655065143684965
2015-08-19,Transitional,0.593093871004494
2015-08-20,Transitional,0.6122283592804191
2015-08-21,Transitional,0.8023714583714707
2015-08-24,Transitional,0.9049166889206574
2015-08-25,Transitional,0.903428309507255
2015-08-26,Transitional,0.7153600806904745
2015-08-27,Transitional,0.6073718706026433
2015-08-28,Transitional,0.6356506651049977
2015-08-31,Transitional,0.7425262899787002
2015-09-01,Transitional,0.792830542825109
2015-09-02,Transitional,0.8443666091081903
2015-09-03,Transitional,0.8690213955479099
2015-09-04,Transitional,0.9022323631929242
2015-09-07,Transitional,0.8794856085734556
2015-09-08,Transitional,0.8604308439025024
2015-09-09,Transitional,0.7998813915478884
2015-09-10,Transitional,0.7740038918941965
2015-09-11,Transitional,0.7496090442469903
2015-09-14,Transitional,0.7303182131326492
2015-09-15,Transitional,0.7360055927724591
2015-09-16,Transitional,0.7653991539291427
2015-09-17,Transitional,0.8349889040315581
2015-09-18,Transitional,0.9812140274900554
2015-09-21,Transitional,0.9764412359183281
2015-09-22,Transitional,0.9718796073836631
2015-09-23,Transitional,0.97497522568978
2015-09-24,Transitional,0.9783228726435185
2015-09-25,Transitional,0.9794878931419776
2015-09-28,Transitional,0.9837698243584883
2015-09-29,Transitional,0.9846134173394544
2015-09-30,Transitional,0.9876808864650387
2015-10-01,Transitional,0.9845870270550686
2015-10-02,Transitional,0.9709051645930333
2015-10-05,Transitional,0.9681389420440464
2015-10-06,Transitional,0.7805806137971905
2015-10-07,Transitional,0.6551462079894111
2015-10-08,Transitional,0.5865281318441102
2015-10-09,Transitional,0.5607904295862094
2015-10-12,Transitional,0.5460732901170626
2015-10-13,Transitional,0.558944156569713
2015-10-14,Transitional,0.5770939696849707
2015-10-15,Transitional,0.5840097929794666
2015-10-16,Transitional,0.5777604799701516
2015-10-19,Transitional,0.598167395082209
2015-10-20,Transitional,0.6500922346863666
2015-10-21,Transitional,0.7605778416849758
2015-10-22,Transitional,0.9276503940222197
2015-10-23,Transitional,0.9355398555267895
2015-10-26,Transitional,0.7053705127549661
2015-10-27,Transitional,0.5962610544935064
2015-10-28,Transitional,0.5205963669838324
2015-10-29,Transitional,0.6486576153892034
2015-10-30,Transitional,0.715240315858922
2015-11-02,Transitional,0.7444509519404453
2015-11-03,Transitional,0.7606153089608811
2015-11-04,Transitional,0.7546804376914308
2015-11-05,Transitional,0.7505294608851018
2015-11-06,Transitional,0.7226256435388705
2015-11-09,Transitional,0.6778522036078407
2015-11-10,Transitional,0.6773550048951898
2015-11-11,Transitional,0.6501601610818997
2015-11-12,Transitional,0.5940971170926851
2015-11-13,Transitional,0.5548656473739192
2015-11-16,Transitional,0.5024900040091577
2015-11-17,Transitional,0.6300891650378406
2015-11-18,Transitional,0.6179930951124014
2015-11-19,Transitional,0.6318745325172027
2015-11-20,Transitional,0.6516781974073407
2015-11-23,Transitional,0.7090831582460273
2015-11-24,Transitional,0.8252153997959981
2015-11-25,Transitional,0.8782321752605411
2015-11-26,Transitional,0.8762552530293096
2015-11-27,Transitional,0.8727352523516889
2015-11-30,Transitional,0.8871839553940644
2015-12-01,Transitional,0.9193042625677479
2015-12-02,Transitional,0.9474245882500028
2015-12-03,Transitional,0.9907181722221846
2015-12-04,Transitional,0.9870973568897082
2015-12-07,Transitional,0.9879714666720449
2015-12-08,Transitional,0.9906630547691527
2015-12-09,Transitional,0.9863090688650318
2015-12-10,Transitional,0.9849390151404795
2015-12-11,Transitional,0.9894403562770547
2015-12-14,Transitional,0.9878221739179259
2015-12-15,Transitional,0.9863040838435374
2015-12-16,Transitional,0.9862605315198464
2015-12-17,Transitional,0.9890423448853287
2015-12-18,Transitional,0.9877695301449448
2015-12-21,Transitional,0.9853434334452714
2015-12-22,Transitional,0.9834418976521856
2015-12-23,Transitional,0.9874601629831719
2015-12-28,Transitional,0.9843896927640212
2015-12-29,Transitional,0.9826228046519274
2015-12-30,Transitional,0.9779797973675627
2016-01-04,Transitional,0.9702110999537006
2016-01-05,Transitional,0.9766085842230343
2016-01-06,Transitional,0.9827589749679869
2016-01-07,Transitional,0.9886341455528977
2016-01-08,Transitional,0.987216851498783
2016-01-11,Transitional,0.9827305165005934
2016-01-12,Transitional,0.9848595362863839
2016-01-13,Transitional,0.9848724497198837
2016-01-14,Transitional,0.9918373890587137
2016-01-15,Transitional,0.9931879703983514
2016-01-18,Transitional,0.989637815430264
2016-01-19,Transitional,0.9903649588697069
2016-01-20,Transitional,0.9913009265481647
2016-01-21,Transitional,0.9911511331281957
2016-01-22,Transitional,0.9891627523429647
2016-01-25,Transitional,0.977968917382254
2016-01-26,Transitional,0.975785082489543
2016-01-27,Transitional,0.9797659961314963
2016-01-28,Transitional,0.9935261118927586
2016-01-29,Transitional,0.9917877704007418
2016-02-01,Transitional,0.9894778028872647
2016-02-02,Transitional,0.9917684330971237
2016-02-03,Transitional,0.98975557719458
2016-02-04,Transitional,0.984971568442028
2016-02-05,Transitional,0.9829979778925503
2016-02-08,Transitional,0.9779900443565994
2016-02-09,Transitional,0.9765041054307886
2016-02-10,Transitional,0.9736468540813717
2016-02-11,Transitional,0.9693785936946578
2016-02-12,Transitional,0.9698269094017986
2016-02-15,Transitional,0.9727048928518424
2016-02-16,Transitional,0.9777994846111652
2016-02-17,Transitional,0.9815057993363239
2016-02-18,Transitional,0.9822027372198916
2016-02-19,Transitional,0.9844141026968999
2016-02-22,Transitional,0.9880805189860069
2016-02-23,Transitional,0.9893079927643404
2016-02-24,Transitional,0.9895805936468327
2016-02-25,Transitional,0.9890447534269234
2016-02-26,Transitional,0.9860620371246946
2016-02-29,Transitional,0.9716116254480456
2016-03-01,Transitional,0.9682009482643271
2016-03-02,Transitional,0.9073922194109904
2016-03-03,Transitional,0.8777589100107865
2016-03-04,Transitional,0.8693358804461084
2016-03-07,Transitional,0.8757064901227328
2016-03-08,Transitional,0.8982323305919538
2016-03-09,Transitional,0.9255962570578284
2016-03-10,Transitional,0.988451632219315
2016-03-11,Transitional,0.9897090250506617
2016-03-14,Transitional,0.9139069486880042
2016-03-15,Transitional,0.7758011387483345
2016-03-16,Transitional,0.6875109054809192
2016-03-17,Transitional,0.6467171233971599
2016-03-18,Transitional,0.6095824031945248
2016-03-21,Transitional,0.599418292900884
2016-03-22,Transitional,0.616320530837054
2016-03-23,Transitional,0.667638997873665
2016-03-24,Transitional,0.7814148191487895
2016-03-29,Transitional,0.8052449849963853
2016-03-30,Transitional,0.865791123036349
2016-03-31,Transitional,0.8996802864727875
2016-04-01,Transitional,0.9438296134581426
2016-04-04,Transitional,0.9515825074020597
2016-04-05,Transitional,0.9776838273822543
2016-04-06,Transitional,0.9362047384445018
2016-04-07,Transitional,0.9170171415589009
2016-04-08,Transitional,0.8992916867612732
2016-04-11,Transitional,0.8920578748742108
2016-04-12,Transitional,0.9003644772109586
2016-04-13,Transitional,0.9231190805275078
2016-04-14,Transitional,0.8421570204402085
2016-04-15,Transitional,0.7998751301161561
2016-04-18,Transitional,0.7817152126949802
2016-04-19,Transitional,0.7827164377907292
2016-04-20,Transitional,0.6842253153955518
2016-04-21,Transitional,0.6314860433217239
2016-04-22,Transitional,0.6153438572363362
2016-04-25,Transitional,0.6147303572137712
2016-04-26,Transitional,0.6233310577048454
2016-04-27,Transitional,0.6572992506171592
2016-04-28,Transitional,0.7375105210386352
2016-04-29,Transitional,0.910064908461418
2016-05-02,Transitional,0.8707306979245059
2016-05-03,Transitional,0.8502241040337019
2016-05-04,Transitional,0.6803658560368143
2016-05-05,Transitional,0.5030046103730005
2016-05-06,Transitional,0.5796473199268531
2016-05-09,Transitional,0.6139687604539672
2016-05-10,Transitional,0.6413073980613889
2016-05-11,Transitional,0.6466541017657963
2016-05-12,Transitional,0.6419708519523516
2016-05-13,Transitional,0.6470815765716441
2016-05-17,Transitional,0.639795441371829
2016-05-18,Transitional,0.6190581035224549
2016-05-19,Transitional,0.5664116683967162
2016-05-20,Transitional,0.555552114622133
2016-05-23,Transitional,0.5438790784216576
2016-05-24,Transitional,0.5220163478041882
2016-05-25,Transitional,0.578492255733157
2016-05-26,Transitional,0.6606103097736216
2016-05-27,Transitional,0.7034658128221126
2016-05-30,Transitional,0.7156514005008225
2016-05-31,Transitional,0.7060494652632258
2016-06-01,Transitional,0.6857242389153911
2016-06-02,Transitional,0.6471945257834621
2016-06-03,Transitional,0.5581635600733383
2016-06-06,Transitional,0.5208828488341541
2016-06-07,Transitional,0.692016530860789
2016-06-08,Transitional,0.7811273307855635
2016-06-09,Transitional,0.9038529603549189
2016-06-10,Transitional,0.9765278883556002
2016-06-13,Transitional,0.9710535635141624
2016-06-14,Transitional,0.958871203940365
2016-06-15,Transitional,0.9373975636926267
2016-06-16,Transitional,0.9063190270281867
2016-06-17,Transitional,0.8453058112667369
2016-06-20,Transitional,0.7200952774204245
2016-06-21,Transitional,0.6732392727774464
2016-06-22,Transitional,0.5756823238499865
2016-06-23,Transitional,0.6364811283886677
2016-06-24,Volatile,0.9222059134292556
2016-06-27,Volatile,0.7874924747569731
2016-06-28,Transitional,0.5208378511919642
2016-06-29,Transitional,0.6872924345171704
2016-06-30,Transitional,0.8283130415809953
2016-07-01,Transitional,0.8954750583713459
2016-07-04,Transitional,0.9325703142553857
2016-07-05,Transitional,0.9557146877100369
2016-07-06,Transitional,0.9659913501873304
2016-07-07,Transitional,0.9616820331418008
2016-07-08,Transitional,0.9633570274048002
2016-07-11,Transitional,0.9285402572315413
2016-07-12,Transitional,0.7352435115978895
2016-07-13,Stable,0.5170890474139099
2016-07-14,Stable,0.6018263275374711
2016-07-15,Stable,0.7491085031576687
2016-07-18,Stable,0.8196328529191198
2016-07-19,Stable,0.8514175162981482
2016-07-20,Stable,0.878110230395314
2016-07-21,Stable,0.9329557076832791
2016-07-22,Stable,0.9588000579378614
2016-07-25,Stable,0.9707260152995527
2016-07-26,Stable,0.9754017827295254
2016-07-27,Stable,0.974852213161579
2016-07-28,Stable,0.9703695053207979
2016-07-29,Stable,0.9608156161723955
2016-08-01,Stable,0.941672145676926
2016-08-02,Stable,0.9013436166626903
2016-08-03,Stable,0.9070934503960124
2016-08-04,Stable,0.899133828679914
2016-08-05,Stable,0.8764558713247945
2016-08-08,Stable,0.8607850987640838
2016-08-09,Stable,0.8259914392500912
2016-08-10,Stable,0.8916193002544769
2016-08-11,Stable,0.9287089836939845
2016-08-12,Stable,0.9530863770828145
2016-08-15,Stable,0.9651154649578828
2016-08-16,Stable,0.9683187249069809
2016-08-17,Stable,0.9686542858994419
2016-08-18,Stable,0.9789892710002859
2016-08-19,Stable,0.984141848718024
2016-08-22,Stable,0.9874884715256707
2016-08-23,Stable,0.989180165749091
2016-08-24,Stable,0.9907967785250691
2016-08-25,Stable,0.9899128928950945
2016-08-26,Stable,0.9909899346555494
2016-08-29,Stable,0.9902802978536942
2016-08-30,Stable,0.9881856067487633
2016-08-31,Stable,0.9870441959601313
2016-09-01,Stable,0.985262757589638
2016-09-02,Stable,0.9820554450344041
2016-09-05,Stable,0.9839318523045139
2016-09-06,Stable,0.981892868456607
2016-09-07,Stable,0.974409634778998
2016-09-08,Stable,0.9600294874346875
2016-09-09,Stable,0.9421560168798502
2016-09-12,Stable,0.9265931568615547
2016-09-13,Stable,0.9259381904361874
2016-09-14,Stable,0.9169091623294623
2016-09-15,Stable,0.891517194686425
2016-09-16,Stable,0.8395995429160221
2016-09-19,Stable,0.8257539217781884
2016-09-20,Stable,0.8021727591072826
2016-09-21,Stable,0.7443184085854736
2016-09-22,Stable,0.6250255729986371
2016-09-23,Stable,0.6284006262548365
2016-09-26,Stable,0.613237294437719
2016-09-27,Stable,0.767146633621241
2016-09-28,Stable,0.8503451403247748
2016-09-29,Stable,0.8993667161957238
2016-09-30,Stable,0.9248534437180894
2016-10-04,Stable,0.9444239163132889
2016-10-05,Stable,0.960158841719731
2016-10-06,Stable,0.9673356826396972
2016-10-07,Stable,0.9676968613940405
2016-10-10,Stable,0.9671788176781085
2016-10-11,Stable,0.96962585089363
2016-10-12,Stable,0.96791147520538
2016-10-13,Stable,0.9623244819399962
2016-10-14,Stable,0.9608451941746401
2016-10-17,Stable,0.9699578973125393
2016-10-18,Stable,0.9774965445578937
2016-10-19,Stable,0.9871305066727305
2016-10-20,Stable,0.9915196909117577
2016-10-21,Stable,0.9937147258586161
2016-10-24,Stable,0.9941737990537225
2016-10-25,Stable,0.9935277339729902
2016-10-26,Stable,0.991169676152304
2016-10-27,Stable,0.9875485753252117
2016-10-28,Stable,0.9792288617808352
2016-10-31,Stable,0.9629726938248796
2016-11-01,Stable,0.932919097118956
2016-11-02,Stable,0.9200544614590312
2016-11-03,Stable,0.9271714656432364
2016-11-04,Stable,0.9261959168697883
2016-11-07,Stable,0.9205562318513224
2016-11-08,Stable,0.9439858524630654
2016-11-09,Stable,0.9529546001168082
2016-11-10,Stable,0.9748008837873864
2016-11-11,Stable,0.9858594575726101
2016-11-14,Stable,0.9912171943555315
2016-11-15,Stable,0.9935130519625072
2016-11-16,Stable,0.9941952674021142
2016-11-17,Stable,0.9956646474629918
2016-11-18,Stable,0.9961782386575811
2016-11-21,Stable,0.9963480279241659
2016-11-22,Stable,0.9959243728437129
2016-11-23,Stable,0.9947123392107025
2016-11-24,Stable,0.9934736977540893
2016-11-25,Stable,0.9902842744592597
2016-11-28,Stable,0.9833291781532199
2016-11-29,Stable,0.9810029766779212
2016-11-30,Stable,0.9733096456174077
2016-12-01,Stable,0.9556764983389597
2016-12-02,Stable,0.9417555519989813
2016-12-05,Stable,0.9121529213193389
2016-12-06,Stable,0.9019355384732017
2016-12-07,Stable,0.8823489243521764
2016-12-08,Stable,0.8968812136726279
2016-12-09,Stable,0.944408984548792
2016-12-12,Stable,0.9669461490314036
2016-12-13,Stable,0.9776554377942571
2016-12-14,Stable,0.984827201631015
2016-12-15,Stable,0.9885092263201016
2016-12-16,Stable,0.9930665332927664
2016-12-19,Stable,0.995320763581372
2016-12-20,Stable,0.9963688182927727
2016-12-21,Stable,0.9968851476612846
2016-12-22,Stable,0.9970835827658069
2016-12-23,Stable,0.9972059269832151
2016-12-27,Stable,0.9972512237914376
2016-12-28,Stable,0.9971509680765793
2016-12-29,Stable,0.9968804703710628
2016-12-30,Stable,0.9965912825347905
2017-01-02,Stable,0.9958351062491981
2017-01-03,Stable,0.9965303694857047
2017-01-04,Stable,0.9968904307081331
2017-01-05,Stable,0.9969640775706354
2017-01-06,Stable,0.9967876509574328
2017-01-09,Stable,0.9962127117973436
2017-01-10,Stable,0.9955310077110355
2017-01-11,Stable,0.993798457361545
2017-01-12,Stable,0.9907543500929257
2017-01-13,Stable,0.9915937561817492
2017-01-16,Stable,0.9927252779357375
2017-01-17,Stable,0.9942489882607843
2017-01-18,Stable,0.9945340425155804
2017-01-19,Stable,0.9939404767093561
2017-01-20,Stable,0.9917729579121912
2017-01-23,Stable,0.9868278215423778
2017-01-24,Stable,0.9818718252606747
2017-01-25,Stable,0.970928509556257
2017-01-26,Stable,0.975297659362253
2017-01-27,Stable,0.973962982170864
2017-01-30,Stable,0.9674762148226042
2017-01-31,Stable,0.9667323519745513
2017-02-01,Stable,0.9747621159500169
2017-02-02,Stable,0.9824699136823353
2017-02-03,Stable,0.9857938514192112
2017-02-06,Stable,0.9851896802332635
2017-02-07,Stable,0.9908368603461606
2017-02-08,Stable,0.993387097971132
2017-02-09,Stable,0.9941766235918175
2017-02-10,Stable,0.9952658574881121
2017-02-13,Stable,0.9952813388427741
2017-02-14,Stable,0.9961421094653219
2017-02-15,Stable,0.9963719661084575
2017-02-16,Stable,0.9960190207224299
2017-02-17,Stable,0.9955249130347043
2017-02-20,Stable,0.9940786289518228
2017-02-21,Stable,0.9916831577645305
2017-02-22,Stable,0.9914280741373899
2017-02-23,Stable,0.988733679374999
2017-02-24,Stable,0.9840690038298096
2017-02-27,Stable,0.9855084847846527
2017-02-28,Stable,0.9829933301540783
2017-03-01,Stable,0.975125906321095
2017-03-02,Stable,0.9855307767967938
2017-03-03,Stable,0.9904152392425659
2017-03-06,Stable,0.9928786100493958
2017-03-07,Stable,0.9952404165126313
2017-03-08,Stable,0.9963584625619963
2017-03-09,Stable,0.9968864873818679
2017-03-10,Stable,0.9970718615669002
2017-03-13,Stable,0.9971992504582531
2017-03-14,Stable,0.9971630794929799
2017-03-15,Stable,0.9969888349680857
2017-03-16,Stable,0.996520494176284
2017-03-17,Stable,0.9961225009998798
2017-03-20,Stable,0.994987716499244
2017-03-21,Stable,0.9933940907146424
2017-03-22,Stable,0.9930259966209809
2017-03-23,Stable,0.9923009181804482
2017-03-24,Stable,0.9934041622748467
2017-03-27,Stable,0.9927576346103919
2017-03-28,Stable,0.9921101922935647
2017-03-29,Stable,0.9944535434875384
2017-03-30,Stable,0.9955591069723652
2017-03-31,Stable,0.9959540052149198
2017-04-03,Stable,0.9958699754918569
2017-04-04,Stable,0.9960430692848384
2017-04-05,Stable,0.9954872323413484
2017-04-06,Stable,0.9953640612752147
2017-04-07,Stable,0.994191248303311
2017-04-10,Stable,0.991462401493116
2017-04-11,Stable,0.9862174136097607
2017-04-12,Stable,0.9784760439336344
2017-04-13,Stable,0.9616101466682888
2017-04-18,Stable,0.932094837307012
2017-04-19,Stable,0.9021796836260711
2017-04-20,Stable,0.8376161548325752
2017-04-21,Stable,0.7024029518647446
2017-04-24,Stable,0.5787672234612432
2017-04-25,Stable,0.7140622359905091
2017-04-26,Stable,0.85522420958182
2017-04-27,Stable,0.923315047449035
2017-04-28,Stable,0.9589661303550677
2017-05-02,Stable,0.976259423811907
2017-05-03,Stable,0.9854199980154721
2017-05-04,Stable,0.9892232816497848
2017-05-05,Stable,0.9928763530979463
2017-05-08,Stable,0.9948749783983564
2017-05-09,Stable,0.9958727006597454
2017-05-10,Stable,0.9962734421366666
2017-05-11,Stable,0.9960587941383227
2017-05-12,Stable,0.9958740583609129
2017-05-15,Stable,0.9951800048594996
2017-05-16,Stable,0.9933522381928558
2017-05-17,Stable,0.989431804954462
2017-05-18,Stable,0.9929428807034754
2017-05-19,Stable,0.9950836464629427
2017-05-22,Stable,0.9961271637896183
2017-05-23,Stable,0.9966885998796782
2017-05-24,Stable,0.9968802549710224
2017-05-25,Stable,0.9969258033269136
2017-05-26,Stable,0.9969069116344106
2017-05-29,Stable,0.9967945585243485
2017-05-30,Stable,0.996301633695013
2017-05-31,Stable,0.9955894693671371
2017-06-01,Stable,0.9938463755441629
2017-06-02,Stable,0.9903793049307285
2017-06-06,Stable,0.9896196267525657
2017-06-07,Stable,0.9923782691461517
2017-06-08,Stable,0.993216801657561
2017-06-09,Stable,0.9923562293927194
2017-06-12,Stable,0.9911105183920774
2017-06-13,Stable,0.9927636114627403
2017-06-14,Stable,0.9931750058794372
2017-06-15,Stable,0.9918581629666494
2017-06-16,Stable,0.992690002242823
2017-06-19,Stable,0.991974078772622
2017-06-20,Stable,0.9925255769281888
2017-06-21,Stable,0.9930925916832218
2017-06-22,Stable,0.992623531636868
2017-06-23,Stable,0.9900135595278858
2017-06-26,Stable,0.9860451227081691
2017-06-27,Stable,0.9769667762307398
2017-06-28,Stable,0.967403452882183
2017-06-29,Stable,0.947431520694319
2017-06-30,Stable,0.959870888976227
2017-07-03,Stable,0.969933904732166
2017-07-04,Stable,0.981940339993884
2017-07-05,Stable,0.9884269408643147
2017-07-06,Stable,0.9909078561486141
2017-07-07,Stable,0.993023098793754
2017-07-10,Stable,0.9932086581833887
2017-07-11,Stable,0.9919434420456757
2017-07-12,Stable,0.9883685894618932
2017-07-13,Stable,0.9908011318324659
2017-07-14,Stable,0.990599433733816
2017-07-17,Stable,0.9878899740569731
2017-07-18,Stable,0.9825776438991615
2017-07-19,Stable,0.9842181067949924
2017-07-20,Stable,0.9816188093952238
2017-07-21,Stable,0.9735923168456827
2017-07-24,Stable,0.9838932856126549
2017-07-25,Stable,0.9891728656352334
2017-07-26,Stable,0.9913560892226531
2017-07-27,Stable,0.9912284537163696
2017-07-28,Stable,0.9921307440822641
2017-07-31,Stable,0.9920963575718866
2017-08-01,Stable,0.9909425036654165
2017-08-02,Stable,0.9911942076792867
2017-08-03,Stable,0.9912004290800459
2017-08-04,Stable,0.9892920336442786
2017-08-07,Stable,0.989382516608881
2017-08-08,Stable,0.9875545819931935
2017-08-09,Stable,0.9818430363854358
2017-08-10,Stable,0.9812433803413607
2017-08-11,Stable,0.9861495638915607
2017-08-14,Stable,0.9870734541121401
2017-08-15,Stable,0.9907969920699528
2017-08-16,Stable,0.9917076484170066
2017-08-17,Stable,0.9916715324327624
2017-08-18,Stable,0.9910353852836876
2017-08-21,Stable,0.9887356746087862
2017-08-22,Stable,0.987722081661387
2017-08-23,Stable,0.9906134758367918
2017-08-24,Stable,0.9922940031396984
2017-08-25,Stable,0.9918627402076353
2017-08-28,Stable,0.9893357370600973
2017-08-29,Stable,0.9846394557130335
2017-08-30,Stable,0.9903887918790834
2017-08-31,Stable,0.9932201422039372
2017-09-01,Stable,0.9943811939197653
2017-09-04,Stable,0.9952431508414953
2017-09-05,Stable,0.9957441672472505
2017-09-06,Stable,0.9953807273011003
2017-09-07,Stable,0.995150759621436
2017-09-08,Stable,0.9947075267888978
2017-09-11,Stable,0.9929281106393893
2017-09-12,Stable,0.9951411228748689
2017-09-13,Stable,0.9962799595151034
2017-09-14,Stable,0.9967625784909369
2017-09-15,Stable,0.9970020200047652
2017-09-18,Stable,0.9972172066536419
2017-09-19,Stable,0.9973405767513142
2017-09-20,Stable,0.9973984639921979
2017-09-21,Stable,0.9974022109738224
2017-09-22,Stable,0.9973602823986142
2017-09-25,Stable,0.9973287245498549
2017-09-26,Stable,0.9972254020790225
2017-09-27,Stable,0.9969637205588733
2017-09-28,Stable,0.9965820494613677
2017-09-29,Stable,0.9958324241127574
2017-10-02,Stable,0.99631614651896
2017-10-04,Stable,0.9967027153467598
2017-10-05,Stable,0.997042501865105
2017-10-06,Stable,0.9971863002671285
2017-10-09,Stable,0.9972857925690853
2017-10-10,Stable,0.9972523957490076
2017-10-11,Stable,0.9973785623422122
2017-10-12,Stable,0.9974221065515109
2017-10-13,Stable,0.997412746700305
2017-10-16,Stable,0.9973529258344083
2017-10-17,Stable,0.997202337793726
2017-10-18,Stable,0.99698361678739
2017-10-19,Stable,0.9965975140417793
2017-10-20,Stable,0.996556115027281
2017-10-23,Stable,0.9960596202146191
2017-10-24,Stable,0.9947878165814417
2017-10-25,Stable,0.9920365348780907
2017-10-26,Stable,0.9882226393816795
2017-10-27,Stable,0.9887294236478326
2017-10-30,Stable,0.9872994075173576
2017-11-01,Stable,0.9819306747088706
2017-11-02,Stable,0.9882323252891254
2017-11-03,Stable,0.9910619475280975
2017-11-06,Stable,0.9913598808748375
2017-11-07,Stable,0.9894236261425962
2017-11-08,Stable,0.987545072140723
2017-11-09,Stable,0.9817330740931164
2017-11-10,Stable,0.9876345373151171
2017-11-13,Stable,0.9911100414725107
2017-11-14,Stable,0.9931519116452833
2017-11-15,Stable,0.994064819099067
2017-11-16,Stable,0.9946500495043903
2017-11-17,Stable,0.9944772091688295
2017-11-20,Stable,0.9939952438984727
2017-11-21,Stable,0.9923626850834708
2017-11-22,Stable,0.9904453078814277
2017-11-23,Stable,0.9933419420617491
2017-11-24,Stable,0.9944020097227407
2017-11-27,Stable,0.9942668342808477
2017-11-28,Stable,0.9939553877395593
2017-11-29,Stable,0.9923865774463987
2017-11-30,Stable,0.9884179268077491
2017-12-01,Stable,0.981146291087074
2017-12-04,Stable,0.981210604832804
2017-12-05,Stable,0.9885131793359452
2017-12-06,Stable,0.9918252909118658
2017-12-07,Stable,0.9937698938587852
2017-12-08,Stable,0.9941742590761024
2017-12-11,Stable,0.9947553376700272
2017-12-12,Stable,0.994542012287283
2017-12-13,Stable,0.9932862860129175
2017-12-14,Stable,0.9914381998944621
2017-12-15,Stable,0.9884627654811287
2017-12-18,Stable,0.9813971151459455
2017-12-19,Stable,0.9825642189318751
2017-12-20,Stable,0.9836877364678654
2017-12-21,Stable,0.9896409311564945
2017-12-22,Stable,0.9921079567394937
2017-12-27,Stable,0.9930269099102603
2017-12-28,Stable,0.99216693608003
2017-12-29,Stable,0.9919676503064303
2018-01-02,Stable,0.9911589351332529
2018-01-03,Stable,0.9888981551974273
2018-01-04,Stable,0.9856117128495739
2018-01-05,Stable,0.987767693369332
2018-01-08,Stable,0.991566335283788
2018-01-09,Stable,0.9929157073688804
2018-01-10,Stable,0.9923326995595168
2018-01-11,Stable,0.9930578037770318
2018-01-12,Stable,0.9939711472198458
2018-01-15,Stable,0.993433049762013
2018-01-16,Stable,0.9919797782662328
2018-01-17,Stable,0.9881499410314543
2018-01-18,Stable,0.9822936791489651
2018-01-19,Stable,0.9726397576834289
2018-01-22,Stable,0.9637409588118429
2018-01-23,Stable,0.9427586136686714
2018-01-24,Stable,0.9065491204998628
2018-01-25,Stable,0.8784926933507781
2018-01-26,Stable,0.8481574231180062
2018-01-29,Stable,0.7812733169551905
2018-01-30,Stable,0.6455105789324252
2018-01-31,Stable,0.5092766926440062
2018-02-01,Transitional,0.7686518424470877
2018-02-02,Transitional,0.9042480336575948
2018-02-05,Transitional,0.9405758149794639
2018-02-06,Transitional,0.9894996504539065
2018-02-07,Transitional,0.9901463338848165
2018-02-08,Transitional,0.9902911451729558
2018-02-09,Transitional,0.891274188320844
2018-02-12,Transitional,0.738729397757082
2018-02-13,Transitional,0.5351398264810424
2018-02-14,Transitional,0.6146389198207692
2018-02-15,Transitional,0.7508071003604476
2018-02-16,Transitional,0.8149003131949618
2018-02-19,Transitional,0.8555215648602781
2018-02-20,Transitional,0.8793897738808624
2018-02-21,Transitional,0.8917044519439178
2018-02-22,Transitional,0.8897762766890329
2018-02-23,Transitional,0.8720371432594349
2018-02-26,Transitional,0.8279134507948778
2018-02-27,Transitional,0.7350173018588964
2018-02-28,Transitional,0.5612411297737709
2018-03-01,Transitional,0.732945168614181
2018-03-02,Transitional,0.7690930804856325
2018-03-05,Transitional,0.6815104722265148
2018-03-06,Transitional,0.5559706363060114
2018-03-07,Transitional,0.4997414651660548
2018-03-08,Transitional,0.5436582664721418
2018-03-09,Transitional,0.5682829891256039
2018-03-12,Transitional,0.5658696766418464
2018-03-13,Transitional,0.5391744700316203
2018-03-14,Transitional,0.5547554592086189
2018-03-15,Transitional,0.5430332262439553
2018-03-16,Transitional,0.5144236419831791
2018-03-19,Transitional,0.5565334559510048
2018-03-20,Transitional,0.5860946247305354
2018-03-21,Transitional,0.645706746008486
2018-03-22,Transitional,0.7766808118246725
2018-03-23,Transitional,0.8069442562164265
2018-03-26,Transitional,0.7917070978712073
2018-03-27,Transitional,0.7829698574496445
2018-03-28,Transitional,0.7598850683315553
2018-03-29,Transitional,0.7597133766585175
2018-04-03,Transitional,0.7585771514148637
2018-04-04,Transitional,0.7657195596458996
2018-04-05,Transitional,0.7948881638520972
2018-04-06,Stable,0.513910285411451
2018-04-09,Stable,0.6615735913363883
2018-04-10,Stable,0.7444655045900527
2018-04-11,Stable,0.8141116590050319
2018-04-12,Stable,0.8744558178276464
2018-04-13,Stable,0.9191564806002804
2018-04-16,Stable,0.9391229591783784
2018-04-17,Stable,0.9489122431890563
2018-04-18,Stable,0.9723712613219464
2018-04-19,Stable,0.9834657927196875
2018-04-20,Stable,0.9889184488831937
2018-04-23,Stable,0.9913435801465824
2018-04-24,Stable,0.991332675082676
2018-04-25,Stable,0.9892914775575218
2018-04-26,Stable,0.9906456643712296
2018-04-27,Stable,0.990423344717705
2018-04-30,Stable,0.9886089488871815
2018-05-02,Stable,0.9831426561217219
2018-05-03,Stable,0.9841368478840423
2018-05-04,Stable,0.9868131758181101
2018-05-07,Stable,0.9897582875623897
2018-05-08,Stable,0.9930661650266535
2018-05-09,Stable,0.9949018046055611
2018-05-10,Stable,0.9954679443671417
2018-05-11,Stable,0.9957435268173009
2018-05-14,Stable,0.9954499915799091
2018-05-15,Stable,0.9944797740803695
2018-05-16,Stable,0.9921263800639245
2018-05-17,Stable,0.9869480490769381
2018-05-18,Stable,0.9805908334020764
2018-05-22,Stable,0.9683404218317503
2018-05-23,Stable,0.9473653565674485
2018-05-24,Stable,0.9455533277790569
2018-05-25,Stable,0.9457604278467534
2018-05-28,Stable,0.9383184464353403
2018-05-29,Stable,0.9246008970688606
2018-05-30,Stable,0.9328408578245139
2018-05-31,Stable,0.93633079153838
2018-06-01,Stable,0.9576473339677752
2018-06-04,Stable,0.9733398332708008
2018-06-05,Stable,0.9802080028588118
2018-06-06,Stable,0.9814989312097999
2018-06-07,Stable,0.978177259736896
2018-06-08,Stable,0.9689456425139354
2018-06-11,Stable,0.9515577242329591
2018-06-12,Stable,0.9189858612600015
2018-06-13,Stable,0.8512348083181979
2018-06-14,Stable,0.714331149069998
2018-06-15,Stable,0.6489333122003464
2018-06-18,Stable,0.5623492765013933
2018-06-19,Stable,0.5210452435175932
2018-06-20,Stable,0.5009665134558223
2018-06-21,Stable,0.5642137025619598
2018-06-22,Stable,0.5848552118758278
2018-06-25,Stable,0.6387765474814208
2018-06-26,Stable,0.5070512719516377
2018-06-27,Stable,0.5835422163924874
2018-06-28,Stable,0.6344767621045044
2018-06-29,Stable,0.7441570568999788
2018-07-02,Stable,0.831385334355088
2018-07-03,Stable,0.8872009375868073
2018-07-04,Stable,0.9252803161649957
2018-07-05,Stable,0.9441847802937378
2018-07-06,Stable,0.9636392072397421
2018-07-09,Stable,0.9716612055124779
2018-07-10,Stable,0.9729863230903764
2018-07-11,Stable,0.9689984896227802
2018-07-12,Stable,0.9807561868104591
2018-07-13,Stable,0.9870365763349064
2018-07-16,Stable,0.9893792447397639
2018-07-17,Stable,0.9887140738614019
2018-07-18,Stable,0.9869662487854126
2018-07-19,Stable,0.9839143431812776
2018-07-20,Stable,0.9797650466556271
2018-07-23,Stable,0.9786470420137465
2018-07-24,Stable,0.972165870942262
2018-07-25,Stable,0.9661331468474492
2018-07-26,Stable,0.9609984941087517
2018-07-27,Stable,0.9732355150766413
2018-07-30,Stable,0.9779338178025087
2018-07-31,Stable,0.9796240717017705
2018-08-01,Stable,0.9761563848815259
2018-08-02,Stable,0.9696884669867243
2018-08-03,Stable,0.9775224461394318
2018-08-06,Stable,0.9802421427323054
2018-08-07,Stable,0.9784237726826835
2018-08-08,Stable,0.9710359147688179
2018-08-09,Stable,0.9544235643508547
2018-08-10,Stable,0.9195710942507392
2018-08-13,Stable,0.936301193772815
2018-08-14,Stable,0.9452527660692401
2018-08-15,Stable,0.9439880046068698
2018-08-16,Stable,0.9669762023488541
2018-08-17,Stable,0.9794307320698596
2018-08-20,Stable,0.985450830136041
2018-08-21,Stable,0.9909447252086249
2018-08-22,Stable,0.9935890124142907
2018-08-23,Stable,0.9944434011049391
2018-08-24,Stable,0.994237585381156
2018-08-27,Stable,0.9925446388422359
2018-08-28,Stable,0.992856793343874
2018-08-29,Stable,0.9914234077373894
2018-08-30,Stable,0.9873161643840519
2018-08-31,Stable,0.9815321532179545
2018-09-03,Stable,0.979644956449438
2018-09-04,Stable,0.972560177807418
2018-09-05,Stable,0.9707351234352878
2018-09-06,Stable,0.9806420796513751
2018-09-07,Stable,0.9891657443770845
2018-09-10,Stable,0.9932332682041813
2018-09-11,Stable,0.9950636247433075
2018-09-12,Stable,0.9959006022210706
2018-09-13,Stable,0.996333240683737
2018-09-14,Stable,0.9961656105529426
2018-09-17,Stable,0.9958396525017188
2018-09-18,Stable,0.9950984764952792
2018-09-19,Stable,0.9935819389250148
2018-09-20,Stable,0.9906095073296546
2018-09-21,Stable,0.9871466723735141
2018-09-24,Stable,0.9823050416835145
2018-09-25,Stable,0.9761167611355955
2018-09-26,Stable,0.961401372338344
2018-09-27,Stable,0.9299404299146181
2018-09-28,Stable,0.8667238608449558
2018-10-01,Stable,0.8484391468739179
2018-10-02,Stable,0.8129576847055717
2018-10-04,Stable,0.7484465957381301
2018-10-05,Stable,0.6304116642035426
2018-10-08,Stable,0.5323786293752591
2018-10-09,Stable,0.5146717812315248
2018-10-10,Stable,0.6225730897844852
2018-10-11,Stable,0.5924730747501415
2018-10-12,Stable,0.5063062845081631
2018-10-15,Stable,0.5311342020829048
2018-10-16,Stable,0.5470681728730767
2018-10-17,Stable,0.5722128594536714
2018-10-18,Stable,0.5791026962461623
2018-10-19,Stable,0.5925662249651097
2018-10-22,Stable,0.5839263338243217
2018-10-23,Stable,0.5485547498505119
2018-10-24,Stable,0.6398812484229272
2018-10-25,Stable,0.7086776127917447
2018-10-26,Stable,0.7608158453592997
2018-10-29,Stable,0.8130789238686615
2018-10-30,Stable,0.8636745645227983
2018-10-31,Stable,0.8915551032653218
2018-11-01,Stable,0.9315135749479706
2018-11-02,Stable,0.9493295118828913
2018-11-05,Stable,0.9558503991323017
2018-11-06,Stable,0.9545754245047915
2018-11-07,Stable,0.9441424298043816
2018-11-08,Stable,0.9261288254371164
2018-11-09,Stable,0.8941884905547124
2018-11-12,Stable,0.8260520616907429
2018-11-13,Stable,0.8229142680247086
2018-11-14,Stable,0.8233854238970653
2018-11-15,Stable,0.8121283545570788
2018-11-16,Stable,0.7864686505057856
2018-11-19,Stable,0.7269057228201675
2018-11-20,Stable,0.6588764540098129
2018-11-21,Stable,0.6469461815175953
2018-11-22,Stable,0.6556390560737003
2018-11-23,Stable,0.6643116350283318
2018-11-26,Stable,0.6502361636532276
2018-11-27,Stable,0.6474853378130002
2018-11-28,Stable,0.6245770673957474
2018-11-29,Stable,0.5646400270147583
2018-11-30,Stable,0.564730201479882
2018-12-03,Transitional,0.7984416296410703
2018-12-04,Transitional,0.8817545380249842
2018-12-05,Transitional,0.9465030883817249
2018-12-06,Transitional,0.992077732850907
2018-12-07,Transitional,0.9678492217522138
2018-12-10,Transitional,0.9585868971231492
2018-12-11,Transitional,0.9280979285133839
2018-12-12,Transitional,0.8849225919594954
2018-12-13,Transitional,0.8338537981251111
2018-12-14,Transitional,0.8153794095223665
2018-12-17,Transitional,0.8123884925893996
2018-12-18,Transitional,0.8146750770744591
2018-12-19,Transitional,0.8381776865847966
2018-12-20,Transitional,0.8989928755238519
2018-12-21,Transitional,0.9251095371277964
2018-12-27,Transitional,0.9871106575028654
2018-12-28,Transitional,0.9871613705365354
2019-01-02,Transitional,0.9844375433263072
2019-01-03,Transitional,0.9899679754686439
2019-01-04,Transitional,0.9909890833437259
2019-01-07,Stable,0.5577858719426825
2019-01-08,Stable,0.6647897683448648
2019-01-09,Stable,0.7812254266591712
2019-01-10,Stable,0.8548899690866819
2019-01-11,Stable,0.8886654483392866
2019-01-14,Stable,0.9042246046908383
2019-01-15,Stable,0.9072346408865612
2019-01-16,Stable,0.8966626596272318
2019-01-17,Stable,0.8672046027894108
2019-01-18,Stable,0.804476748471934
2019-01-21,Stable,0.8665224118243869
2019-01-22,Stable,0.9087880249096488
2019-01-23,Stable,0.9323157817765715
2019-01-24,Stable,0.9416254278598397
2019-01-25,Stable,0.9416450065792724
2019-01-28,Stable,0.9468985946080682
2019-01-29,Stable,0.948362206889703
2019-01-30,Stable,0.9398321398637646
2019-01-31,Stable,0.9203703799478747
2019-02-01,Stable,0.8779338635436728
2019-02-04,Stable,0.7882402176763772
2019-02-05,Stable,0.6045223419339106
2019-02-06,Stable,0.5203752672229642
2019-02-07,Stable,0.6310162684581296
2019-02-08,Stable,0.5179040860793798
2019-02-11,Stable,0.6101087765982487
2019-02-12,Stable,0.704054968911438
2019-02-13,Stable,0.77447033727701
2019-02-14,Stable,0.8056974725046276
2019-02-15,Stable,0.8265174724184021
2019-02-18,Stable,0.9113461113222031
2019-02-19,Stable,0.9525362332648759
2019-02-20,Stable,0.9720389796144243
2019-02-21,Stable,0.9849515747039809
2019-02-22,Stable,0.991083172959076
2019-02-25,Stable,0.9939646005583255
2019-02-26,Stable,0.9953178813209875
2019-02-27,Stable,0.995665851507022
2019-02-28,Stable,0.996239460769291
2019-03-01,Stable,0.9961893410669446
2019-03-04,Stable,0.9965116531954903
2019-03-05,Stable,0.9964493568458886
2019-03-06,Stable,0.9958541258433322
2019-03-07,Stable,0.9949663906571861
2019-03-08,Stable,0.994716851528553
2019-03-11,Stable,0.994680431528223
2019-03-12,Stable,0.9945807990030346
2019-03-13,Stable,0.9934641696537899
2019-03-14,Stable,0.9907035123580854
2019-03-15,Stable,0.984480122809428
2019-03-18,Stable,0.9758142640474748
2019-03-19,Stable,0.9589633170500806
2019-03-20,Stable,0.9411969007100138
2019-03-21,Stable,0.9456042910328019
2019-03-22,Stable,0.9438085500820222
2019-03-25,Stable,0.9673502750006978
2019-03-26,Stable,0.9788788853423939
2019-03-27,Stable,0.9850113515280455
2019-03-28,Stable,0.9866911236436614
2019-03-29,Stable,0.9847284485926853
2019-04-01,Stable,0.9813743857747107
2019-04-02,Stable,0.9821549557400108
2019-04-03,Stable,0.979660387477542
2019-04-04,Stable,0.987735468585656
2019-04-05,Stable,0.9912889503966354
2019-04-08,Stable,0.9921829396483145
2019-04-09,Stable,0.9920739884019045
2019-04-10,Stable,0.99455628901735
2019-04-11,Stable,0.9958603716562717
2019-04-12,Stable,0.9963255010198717
2019-04-15,Stable,0.9966228579433222
2019-04-16,Stable,0.9964522583077634
2019-04-17,Stable,0.9965127023961603
2019-04-18,Stable,0.996273811679144
2019-04-23,Stable,0.9959161328397624
2019-04-24,Stable,0.994729000246554
2019-04-25,Stable,0.9929712726972647
2019-04-26,Stable,0.9896207911042582
2019-04-29,Stable,0.9823184012478802
2019-04-30,Stable,0.966913713721751
2019-05-02,Stable,0.9347467638040418
2019-05-03,Stable,0.8685080163183911
2019-05-06,Stable,0.7435470422238776
2019-05-07,Stable,0.6292934660228631
2019-05-08,Stable,0.5968793924949817
2019-05-09,Stable,0.5333508331325999
2019-05-10,Stable,0.5328965868167556
2019-05-13,Stable,0.5118337431290517
2019-05-14,Stable,0.526750948406583
2019-05-15,Stable,0.5294173184698212
2019-05-16,Stable,0.5176539813776954
2019-05-17,Stable,0.5365933752756409
2019-05-20,Stable,0.5396252600178619
2019-05-21,Stable,0.596425114506832
2019-05-22,Stable,0.6289530746734435
2019-05-23,Stable,0.6326559244865252
2019-05-24,Stable,0.7180662615492157
2019-05-27,Stable,0.7588045356484336
2019-05-28,Stable,0.7735070610934981
2019-05-29,Stable,0.7712914149547442
2019-05-30,Stable,0.8084222888699996
2019-05-31,Stable,0.8226539031892893
2019-06-03,Stable,0.874519350677437
2019-06-04,Stable,0.9002443850724937
2019-06-05,Stable,0.9442275578871617
2019-06-06,Stable,0.9648540514380183
2019-06-07,Stable,0.9749301885986391
2019-06-11,Stable,0.9806776562059145
2019-06-12,Stable,0.9848356411090429
2019-06-13,Stable,0.9859850561884028
2019-06-14,Stable,0.9837774710522094
2019-06-17,Stable,0.980304751041274
2019-06-18,Stable,0.9709771854236308
2019-06-19,Stable,0.983465416958404
2019-06-20,Stable,0.9898347216019943
2019-06-21,Stable,0.9927680958221974
2019-06-24,Stable,0.9938285096037222
2019-06-25,Stable,0.9948962049080814
2019-06-26,Stable,0.9956181200258556
2019-06-27,Stable,0.9954147188929873
2019-06-28,Stable,0.9941857663109136
2019-07-01,Stable,0.9942781008069616
2019-07-02,Stable,0.9953901590465091
2019-07-03,Stable,0.9954961298169932
2019-07-04,Stable,0.995646959554394
2019-07-05,Stable,0.9948869995770169
2019-07-08,Stable,0.9942132750514353
2019-07-09,Stable,0.9924106056921503
2019-07-10,Stable,0.9924676237139061
2019-07-11,Stable,0.9921713143357569
2019-07-12,Stable,0.9906241472373865
2019-07-15,Stable,0.986290644359599
2019-07-16,Stable,0.9776791677490518
2019-07-17,Stable,0.9597688007434739
2019-07-18,Stable,0.9375366506666475
2019-07-19,Stable,0.9162131976965591
2019-07-22,Stable,0.869088670736409
2019-07-23,Stable,0.7700192895864926
2019-07-24,Stable,0.72026061091804
2019-07-25,Stable,0.6116827795352947
2019-07-26,Stable,0.548948728146359
2019-07-29,Stable,0.5793755095018754
2019-07-30,Transitional,0.8462116232067123
2019-07-31,Transitional,0.8609735201882568
2019-08-01,Transitional,0.9043102253015622
2019-08-02,Transitional,0.9925776842327793
2019-08-05,Transitional,0.9861118081424907
2019-08-06,Transitional,0.9514511148816402
2019-08-07,Transitional,0.9260721537301508
2019-08-08,Transitional,0.9165645720349858
2019-08-09,Transitional,0.8916307804797561
2019-08-12,Transitional,0.8490132124918218
2019-08-13,Transitional,0.8345760884584221
2019-08-14,Transitional,0.8389225429481024
2019-08-15,Stable,0.7002921185780453
2019-08-16,Stable,0.6002000388169556
2019-08-19,Stable,0.508943807271074
2019-08-20,Stable,0.6306511785207466
2019-08-21,Stable,0.707170192020296
2019-08-22,Stable,0.7911047097346877
2019-08-23,Stable,0.840559514064005
2019-08-26,Stable,0.9102097270971793
2019-08-27,Stable,0.9445216883423904
2019-08-28,Stable,0.9629010435598842
2019-08-29,Stable,0.9715056167303934
2019-08-30,Stable,0.9813309189042371
2019-09-02,Stable,0.9881665431581932
2019-09-03,Stable,0.9908486395260172
2019-09-04,Stable,0.9919663762679664
2019-09-05,Stable,0.9935424103901556
2019-09-06,Stable,0.995150351214881
2019-09-09,Stable,0.9960567882504329
2019-09-10,Stable,0.9962666228650018
2019-09-11,Stable,0.9959598813657732
2019-09-12,Stable,0.9959163484735019
2019-09-13,Stable,0.9952914413372561
2019-09-16,Stable,0.9938906792505792
2019-09-17,Stable,0.9934946645556241
2019-09-18,Stable,0.9914555991896503
2019-09-19,Stable,0.9864720863764469
2019-09-20,Stable,0.9771404620224746
2019-09-23,Stable,0.9573760127397595
2019-09-24,Stable,0.9417013781632007
2019-09-25,Stable,0.910703679480993
2019-09-26,Stable,0.8643560502019954
2019-09-27,Stable,0.7714323616988793
2019-09-30,Stable,0.6162145762595908
2019-10-01,Transitional,0.6962307829225143
2019-10-02,Transitional,0.8740168866448337
2019-10-04,Transitional,0.8148190927489255
2019-10-07,Transitional,0.784592801075641
2019-10-08,Transitional,0.7755158511498449
2019-10-09,Transitional,0.7637507228433981
2019-10-10,Transitional,0.7616411184083798
2019-10-11,Transitional,0.781338979490567
2019-10-14,Stable,0.5374757590047856
2019-10-15,Stable,0.7021203820149364
2019-10-16,Stable,0.847668563768212
2019-10-17,Stable,0.9187560046540965
2019-10-18,Stable,0.9541783547788697
2019-10-21,Stable,0.9719189579027645
2019-10-22,Stable,0.984786673065035
2019-10-23,Stable,0.990911009418897
2019-10-24,Stable,0.9938116040455554
2019-10-25,Stable,0.995533514135061
2019-10-28,Stable,0.9962082825971781
2019-10-29,Stable,0.9963511578369975
2019-10-30,Stable,0.9959701166888237
2019-10-31,Stable,0.9952143090051662
2019-11-01,Stable,0.994076175025152
2019-11-04,Stable,0.9925808518280155
2019-11-05,Stable,0.9947304349528064
2019-11-06,Stable,0.9954850299092943
2019-11-07,Stable,0.9952857539173445
2019-11-08,Stable,0.9955301819355155
2019-11-11,Stable,0.9959472045973324
2019-11-12,Stable,0.9959997013671367
2019-11-13,Stable,0.996037625104549
2019-11-14,Stable,0.996218341077667
2019-11-15,Stable,0.9965221844616201
2019-11-18,Stable,0.9965945433124352
2019-11-19,Stable,0.9966402154462993
2019-11-20,Stable,0.9962263228987321
2019-11-21,Stable,0.9962625660532364
2019-11-22,Stable,0.9959199283279292
2019-11-25,Stable,0.9947560866249463
2019-11-26,Stable,0.9930072809940301
2019-11-27,Stable,0.9891757631125258
2019-11-28,Stable,0.9813382550323331
2019-11-29,Stable,0.9672530306048843
2019-12-02,Stable,0.9384694917436582
2019-12-03,Stable,0.9592469291919045
2019-12-04,Stable,0.9676219851521262
2019-12-05,Stable,0.9768938656559075
2019-12-06,Stable,0.9839846149572435
2019-12-09,Stable,0.9890034808138716
2019-12-10,Stable,0.9922480865358426
2019-12-11,Stable,0.9938032797511792
2019-12-12,Stable,0.9943873958204323
2019-12-13,Stable,0.9941965596423976
2019-12-16,Stable,0.9928563960176126
2019-12-17,Stable,0.992006352601555
2019-12-18,Stable,0.9933310181574151
2019-12-19,Stable,0.9943705683837946
2019-12-20,Stable,0.9941610036388255
2019-12-23,Stable,0.9940262977647664
2019-12-27,Stable,0.992603650886548
2019-12-30,Stable,0.9888959034087175
2020-01-02,Stable,0.9849292993582193
2020-01-03,Stable,0.9811112244205603
2020-01-06,Stable,0.9843479965278789
2020-01-07,Stable,0.9872918213455928
2020-01-08,Stable,0.9885747506585648
2020-01-09,Stable,0.9882235580949812
2020-01-10,Stable,0.9912896917199387
2020-01-13,Stable,0.9919971900431916
2020-01-14,Stable,0.9910943322263897
2020-01-15,Stable,0.9875216507305066
2020-01-16,Stable,0.9800070265055736
2020-01-17,Stable,0.9641284914920542
2020-01-20,Stable,0.9375184382624366
2020-01-21,Stable,0.8815292896796725
2020-01-22,Stable,0.7653485574092312
2020-01-23,Stable,0.5503836286984668
2020-01-24,Stable,0.6680202112789014
2020-01-27,Stable,0.8426806207889571
2020-01-28,Stable,0.774662812851942
2020-01-29,Stable,0.7323324692012898
2020-01-30,Stable,0.7217695962302307
2020-01-31,Stable,0.6828933341160917
2020-02-03,Stable,0.6070391839577556
2020-02-04,Stable,0.574016684669385
2020-02-05,Stable,0.5266846049021946
2020-02-06,Stable,0.671348839302213
2020-02-07,Stable,0.7546231556492357
2020-02-10,Stable,0.8022011412174423
2020-02-11,Stable,0.821497462033382
2020-02-12,Stable,0.8328550785672126
2020-02-13,Stable,0.8347977807798522
2020-02-14,Stable,0.8179676202507871
2020-02-17,Stable,0.7733840503396121
2020-02-18,Stable,0.6778483413657221
2020-02-19,Stable,0.557314362385977
2020-02-20,Stable,0.5855082457665383
2020-02-21,Transitional,0.6823393523679232
2020-02-24,Volatile,0.641153552706135
2020-02-25,Volatile,0.5963570090635057
2020-02-26,Volatile,0.5378102237818458
2020-02-27,Volatile,0.5957335259798957
2020-02-28,Volatile,0.6511935815580643
2020-03-02,Volatile,0.6511180339502775
2020-03-03,Volatile,0.6720257513998125
2020-03-04,Volatile,0.7189671839827819
2020-03-05,Volatile,0.8084072259382213
2020-03-06,Volatile,0.9503525594120098
2020-03-09,Volatile,0.9999779613763357
2020-03-10,Volatile,0.9969488611201343
2020-03-11,Volatile,0.9966142267524132
2020-03-12,Volatile,1.0
2020-03-13,Volatile,0.9987540872413533
2020-03-16,Volatile,0.9999208492448043
2020-03-17,Volatile,0.9993605064643131
2020-03-18,Volatile,0.9999538191682253
2020-03-19,Volatile,0.9989311679364653
2020-03-20,Volatile,0.9993425237716157
2020-03-23,Volatile,0.9990280269653047
2020-03-24,Volatile,0.9999999999090505
2020-03-25,Volatile,0.9951642732632352
2020-03-26,Volatile,0.9929516563517778
2020-03-27,Volatile,0.9941678374790028
2020-03-30,Volatile,0.990725623201038
2020-03-31,Volatile,0.9896344056816304
2020-04-01,Volatile,0.9926045895415773
2020-04-02,Volatile,0.9886227243222699
2020-04-03,Volatile,0.9901261628749848
2020-04-06,Volatile,0.9979399800902939
2020-04-07,Volatile,0.9846806114306812
2020-04-08,Volatile,0.9648784218603251
2020-04-09,Volatile,0.9586294965391055
2020-04-14,Volatile,0.9535312975452208
2020-04-15,Volatile,0.9554251858096847
2020-04-16,Volatile,0.9361993729931548
2020-04-17,Volatile,0.9315044624122801
2020-04-20,Volatile,0.9152887193880666
2020-04-21,Volatile,0.9129086809952357
2020-04-22,Volatile,0.8670018374136421
2020-04-23,Volatile,0.8383236204712213
2020-04-24,Volatile,0.8281066361473376
2020-04-27,Volatile,0.8253604414180715
2020-04-28,Volatile,0.8069569043515623
2020-04-29,Volatile,0.8018596372526384
2020-04-30,Volatile,0.7857027785142823
2020-05-04,Volatile,0.7704126136543661
2020-05-05,Volatile,0.6938276623955248
2020-05-06,Volatile,0.600742759227854
2020-05-07,Volatile,0.5520637829627705
2020-05-08,Volatile,0.5252614257881545
2020-05-11,Volatile,0.5146995825550607
2020-05-12,Volatile,0.5221448633362057
2020-05-13,Volatile,0.5554937987822638
2020-05-14,Volatile,0.579522809808517
2020-05-15,Volatile,0.6106742546928503
2020-05-18,Volatile,0.6712667817062512
2020-05-19,Transitional,0.5035245919177989
2020-05-20,Transitional,0.5648587847319747
2020-05-21,Transitional,0.605123948356117
2020-05-22,Transitional,0.625654605050227
2020-05-25,Transitional,0.6297257713493493
2020-05-26,Transitional,0.639150512724807
2020-05-27,Transitional,0.6358511962131674
2020-05-28,Transitional,0.6205492906243759
2020-05-29,Transitional,0.5851151939622944
2020-06-02,Transitional,0.528019889099511
2020-06-03,Transitional,0.5243411624209968
2020-06-04,Transitional,0.5726750750532874
2020-06-05,Transitional,0.591833600804798
2020-06-08,Transitional,0.6522699048726728
2020-06-09,Transitional,0.6777224495275346
2020-06-10,Transitional,0.6903413209888379
2020-06-11,Transitional,0.6890681794300649
2020-06-12,Transitional,0.7945742840577157
2020-06-15,Transitional,0.8421189177221439
2020-06-16,Transitional,0.8666556662330912
2020-06-17,Transitional,0.9098229970047177
2020-06-18,Transitional,0.930366587717881
2020-06-19,Transitional,0.9405398052178653
2020-06-22,Transitional,0.9537222042948126
2020-06-23,Transitional,0.9719867890471315
2020-06-24,Transitional,0.9761477885323661
2020-06-25,Transitional,0.9539748192520497
2020-06-26,Transitional,0.9430400722051919
2020-06-29,Transitional,0.9371090601903486
2020-06-30,Transitional,0.9340605097776882
2020-07-01,Transitional,0.9430179187800147
2020-07-02,Transitional,0.9660604384635892
2020-07-03,Transitional,0.9139768814022239
2020-07-06,Transitional,0.8805950486532579
2020-07-07,Transitional,0.8169381085933197
2020-07-08,Transitional,0.7584186091871404
2020-07-09,Transitional,0.7004307317837597
2020-07-10,Transitional,0.6797207911098436
2020-07-13,Transitional,0.6646493704880944
2020-07-14,Transitional,0.6470049426942798
2020-07-15,Transitional,0.637393779113194
2020-07-16,Transitional,0.5811179532620893
2020-07-17,Transitional,0.5542885964114731
2020-07-20,Transitional,0.5556379864241947
2020-07-21,Transitional,0.5688909060944023
2020-07-22,Transitional,0.5966273886515024
2020-07-23,Transitional,0.6503441951215876
2020-07-24,Transitional,0.7694577324896877
2020-07-27,Transitional,0.7691765145891362
2020-07-28,Transitional,0.794494095432395
2020-07-29,Transitional,0.8585508846944626
2020-07-30,Transitional,0.9921088734307562
2020-07-31,Transitional,0.9738493150653481
2020-08-03,Transitional,0.9650242730025006
2020-08-04,Transitional,0.67743242616233
2020-08-05,Transitional,0.51657150057761
2020-08-06,Transitional,0.5627005429730145
2020-08-07,Transitional,0.6104713166675304
2020-08-10,Transitional,0.6306623652566833
2020-08-11,Transitional,0.6244107751494283
2020-08-12,Transitional,0.683679492516223
2020-08-13,Transitional,0.719437562494443
2020-08-14,Transitional,0.7359699100699227
2020-08-17,Transitional,0.7436284023310915
2020-08-18,Transitional,0.7282560102655162
2020-08-19,Transitional,0.6878151665132466
2020-08-20,Transitional,0.6145603058010044
2020-08-21,Transitional,0.5603906310671539
2020-08-24,Transitional,0.5308905635522255
2020-08-25,Transitional,0.5085236168684739
2020-08-26,Transitional,0.5136187888097709
2020-08-27,Transitional,0.5307615244741489
2020-08-28,Transitional,0.5608053551966261
2020-08-31,Transitional,0.6193597313534747
2020-09-01,Transitional,0.7046724554479838
2020-09-02,Transitional,0.8873964388151068
2020-09-03,Transitional,0.9262245372044319
2020-09-04,Transitional,0.943710444107092
2020-09-07,Transitional,0.941059079589585
2020-09-08,Transitional,0.9092601946999302
2020-09-09,Transitional,0.8768175197388712
2020-09-10,Transitional,0.7197687894151468
2020-09-11,Transitional,0.6411306442397326
2020-09-14,Transitional,0.6087632803218608
2020-09-15,Transitional,0.6054100141181988
2020-09-16,Transitional,0.6304368411347552
2020-09-17,Transitional,0.6967560700887704
2020-09-18,Transitional,0.8198802699268865
2020-09-21,Transitional,0.9846025260122924
2020-09-22,Transitional,0.9533881180040972
2020-09-23,Transitional,0.9407899127159355
2020-09-24,Transitional,0.9417278158901106
2020-09-25,Transitional,0.9553007252763581
2020-09-28,Transitional,0.9672487903624905
2020-09-29,Transitional,0.6279336790658159
2020-09-30,Transitional,0.5603744303761641
2020-10-01,Transitional,0.6770283673585934
2020-10-02,Transitional,0.7356808911775441
2020-10-05,Transitional,0.7636954885872584
2020-10-06,Transitional,0.7856784870733149
2020-10-07,Transitional,0.7891463124210711
2020-10-08,Transitional,0.7710248470881234
2020-10-09,Transitional,0.7379959456546351
2020-10-12,Transitional,0.6609809661533764
2020-10-13,Transitional,0.522113001479498
2020-10-14,Transitional,0.624953310382764
2020-10-15,Transitional,0.933448781806079
2020-10-16,Transitional,0.9360098030375112
2020-10-19,Transitional,0.9307521997266924
2020-10-20,Transitional,0.9364264172811516
2020-10-21,Transitional,0.9433422293587672
2020-10-22,Transitional,0.9378864600294826
2020-10-23,Transitional,0.9374098915696867
2020-10-26,Transitional,0.9323099410301188
2020-10-27,Transitional,0.92742345167477
2020-10-28,Transitional,0.9161094183743228
2020-10-29,Transitional,0.9288824464600872
2020-10-30,Transitional,0.9359790424675455
2020-11-02,Transitional,0.941507430499206
2020-11-03,Transitional,0.9416653359414768
2020-11-04,Transitional,0.9430701229148832
2020-11-05,Transitional,0.9431692395351375
2020-11-06,Transitional,0.9413177680417361
2020-11-09,Transitional,0.9351372656387769
2020-11-10,Stable,0.617799561032817
2020-11-11,Stable,0.5642634497918189
2020-11-12,Stable,0.6671178854460745
2020-11-13,Stable,0.8281398585370676
2020-11-16,Stable,0.9059498093775664
2020-11-17,Stable,0.9457366786133551
2020-11-18,Stable,0.9646354160466597
2020-11-19,Stable,0.9736009578136293
2020-11-20,Stable,0.9836054202764776
2020-11-23,Stable,0.9880502042571179
2020-11-24,Stable,0.9891328352289491
2020-11-25,Stable,0.9930539985047355
2020-11-26,Stable,0.9948037510888869
2020-11-27,Stable,0.9953249777166399
2020-11-30,Stable,0.994966347537908
2020-12-01,Stable,0.9941675363764181
2020-12-02,Stable,0.9928736473105602
2020-12-03,Stable,0.9912819519809367
2020-12-04,Stable,0.9886566221909261
2020-12-07,Stable,0.9823041640208318
2020-12-08,Stable,0.9697841385303674
2020-12-09,Stable,0.943387687414013
2020-12-10,Stable,0.891723650512286
2020-12-11,Stable,0.7982601976755516
2020-12-14,Stable,0.7532083760162763
2020-12-15,Stable,0.6796794745718607
2020-12-16,Stable,0.5862976555240579
2020-12-17,Stable,0.5271532333879171
2020-12-18,Stable,0.5763075670908657
2020-12-21,Stable,0.7752971863078143
2020-12-22,Stable,0.6682906625254191
2020-12-23,Stable,0.5543835437983511
2020-12-28,Stable,0.5608991453115879
2020-12-29,Stable,0.7297846289684868
2020-12-30,Stable,0.8163900979265009
2021-01-04,Stable,0.8620561375193071
2021-01-05,Stable,0.8804638788310097
2021-01-06,Stable,0.8888065226262745
2021-01-07,Stable,0.9265686185034312
2021-01-08,Stable,0.9453835971327299
2021-01-11,Stable,0.9534120817444255
2021-01-12,Stable,0.9606264903137546
2021-01-13,Stable,0.9598550817722996
2021-01-14,Stable,0.9501536794479019
2021-01-15,Stable,0.9268190558077102
2021-01-18,Stable,0.9239051428671513
2021-01-19,Stable,0.9084530496620188
2021-01-20,Stable,0.8745548730447744
2021-01-21,Stable,0.8174081353328936
2021-01-22,Stable,0.7007855735916734
2021-01-25,Stable,0.5221060094543977
2021-01-26,Stable,0.5832796535388163
2021-01-27,Stable,0.6084785368573159
2021-01-28,Stable,0.5720186042540628
2021-01-29,Stable,0.5660640360314572
2021-02-01,Stable,0.5096186389258606
2021-02-02,Stable,0.6074135779709561
2021-02-03,Stable,0.7691053887216303
2021-02-04,Stable,0.8631626446633618
2021-02-05,Stable,0.9278978854336815
2021-02-08,Stable,0.959312494883792
2021-02-09,Stable,0.9740179646263412
2021-02-10,Stable,0.9818115221972649
2021-02-11,Stable,0.9871515272947223
2021-02-12,Stable,0.9905246636920675
2021-02-15,Stable,0.9910950172508042
2021-02-16,Stable,0.9895061555742866
2021-02-17,Stable,0.985745680188854
2021-02-18,Stable,0.9865202764089336
2021-02-19,Stable,0.9840738802688646
2021-02-22,Stable,0.9792904918748482
2021-02-23,Stable,0.9693296961500901
2021-02-24,Stable,0.9551707068415126
2021-02-25,Stable,0.9322653058618353
2021-02-26,Stable,0.9016819520749155
2021-03-01,Stable,0.8592707952442413
2021-03-02,Stable,0.8427214642761717
2021-03-03,Stable,0.7989308155273039
2021-03-04,Stable,0.7044700928222419
2021-03-05,Stable,0.5172524917159907
2021-03-08,Stable,0.6672929739627855
2021-03-09,Stable,0.6435101697536857
2021-03-10,Stable,0.7989080969803661
2021-03-11,Stable,0.8893268149907341
2021-03-12,Stable,0.9323061015439282
2021-03-15,Stable,0.9580129761244393
2021-03-16,Stable,0.9712521190803575
2021-03-17,Stable,0.9780550674082654
2021-03-18,Stable,0.979040885313603
2021-03-19,Stable,0.9823539173178643
2021-03-22,Stable,0.9896777531945917
2021-03-23,Stable,0.9930356047205185
2021-03-24,Stable,0.9942878131206121
2021-03-25,Stable,0.9949278000455322
2021-03-26,Stable,0.9943824462723162
2021-03-29,Stable,0.9942609735030049
2021-03-30,Stable,0.9930283042056232
2021-03-31,Stable,0.9948581053416522
2021-04-01,Stable,0.995444703861165
2021-04-06,Stable,0.9958584693213268
2021-04-07,Stable,0.9963648703910739
2021-04-08,Stable,0.9966877728466295
2021-04-09,Stable,0.9965741108505621
2021-04-12,Stable,0.9959688390931607
2021-04-13,Stable,0.994760351048167
2021-04-14,Stable,0.992060160726563
2021-04-15,Stable,0.9868979556894042
2021-04-16,Stable,0.9762097646657237
2021-04-19,Stable,0.9699409636724954
2021-04-20,Stable,0.9601848173407426
2021-04-21,Stable,0.9681759433129008
2021-04-22,Stable,0.9692629992220362
2021-04-23,Stable,0.9670224570743093
2021-04-26,Stable,0.9582510291258334
2021-04-27,Stable,0.9366894423008204
2021-04-28,Stable,0.8961323133783495
2021-04-29,Stable,0.8115962234662599
2021-04-30,Stable,0.7221699618614238
2021-05-03,Stable,0.541886435903435
2021-05-04,Stable,0.7765380345973679
2021-05-05,Stable,0.7642401861602556
2021-05-06,Stable,0.6566465728261907
2021-05-07,Stable,0.6097348605850528
2021-05-10,Stable,0.556085960859257
2021-05-11,Stable,0.5390526982921022
2021-05-12,Stable,0.5991928498543916
2021-05-13,Stable,0.6629838212860781
2021-05-14,Stable,0.6881050501558434
2021-05-17,Stable,0.7262048271127409
2021-05-18,Stable,0.7373100034164635
2021-05-19,Stable,0.7262290985289247
2021-05-20,Stable,0.7750057408495901
2021-05-21,Stable,0.8840707374985771
2021-05-25,Stable,0.9392067859872765
2021-05-26,Stable,0.9654500354602463
2021-05-27,Stable,0.9780884487804435
2021-05-28,Stable,0.9844634983033436
2021-05-31,Stable,0.9880488769688058
2021-06-01,Stable,0.991149704491248
2021-06-02,Stable,0.9943412541735565
2021-06-03,Stable,0.9958242616400536
2021-06-04,Stable,0.9964091829626662
2021-06-07,Stable,0.9965774434227261
2021-06-08,Stable,0.9964215647486236
2021-06-09,Stable,0.996100819330977
2021-06-10,Stable,0.9958718495969335
2021-06-11,Stable,0.9949408961568235
2021-06-14,Stable,0.9941320456693159
2021-06-15,Stable,0.9919656467264067
2021-06-16,Stable,0.9872181488675358
2021-06-17,Stable,0.9776346233639372
2021-06-18,Stable,0.9574724387822388
2021-06-21,Stable,0.9654489586025045
2021-06-22,Stable,0.9716022981675718
2021-06-23,Stable,0.9709830841375411
2021-06-24,Stable,0.976502412008203
2021-06-25,Stable,0.9795279714156806
2021-06-28,Stable,0.9773483453642153
2021-06-29,Stable,0.970776611878595
2021-06-30,Stable,0.9606564488527403
2021-07-01,Stable,0.954405573601668
2021-07-02,Stable,0.9378238445924276
2021-07-05,Stable,0.9011651674348622
2021-07-06,Stable,0.8237586610853431
2021-07-07,Stable,0.7484920489205401
2021-07-08,Stable,0.6659916383129978
2021-07-09,Stable,0.6593705409068282
2021-07-12,Stable,0.6825642499358502
2021-07-13,Stable,0.6853395540995737
2021-07-14,Stable,0.662994904269488
2021-07-15,Stable,0.603443734552243
2021-07-16,Stable,0.5490951371456142
2021-07-19,Stable,0.537709674959692
2021-07-20,Stable,0.6363123808874622
2021-07-21,Stable,0.7274019167212323
2021-07-22,Stable,0.8352522509304777
2021-07-23,Stable,0.8932624472024431
2021-07-26,Stable,0.9371110079881131
2021-07-27,Stable,0.9608609351059442
2021-07-28,Stable,0.9781597107364742
2021-07-29,Stable,0.9863854111330634
2021-07-30,Stable,0.9902094824105881
2021-08-02,Stable,0.9936039000603452
2021-08-03,Stable,0.9950020430414571
2021-08-04,Stable,0.9953627909948901
2021-08-05,Stable,0.9963871917112334
2021-08-06,Stable,0.9968919628198586
2021-08-09,Stable,0.9970546757621996
2021-08-10,Stable,0.9971184820519345
2021-08-11,Stable,0.9969611686322121
2021-08-12,Stable,0.9966074214145718
2021-08-13,Stable,0.9966270247577702
2021-08-16,Stable,0.9962069398847958
2021-08-17,Stable,0.9957474817534522
2021-08-18,Stable,0.9944598671034695
2021-08-19,Stable,0.9916080336496783
2021-08-20,Stable,0.994509566307498
2021-08-23,Stable,0.9958450033763169
2021-08-24,Stable,0.9963575667065149
2021-08-25,Stable,0.996373592501492
2021-08-26,Stable,0.9963246873149569
2021-08-27,Stable,0.9965796645793183
2021-08-30,Stable,0.9964819515697275
2021-08-31,Stable,0.9958559016491536
2021-09-01,Stable,0.9950603031014126
2021-09-02,Stable,0.99315770646301
2021-09-03,Stable,0.9889447715897653
2021-09-06,Stable,0.9820069654754999
2021-09-07,Stable,0.9735388115125752
2021-09-08,Stable,0.9607999913132378
2021-09-09,Stable,0.9635871152049591
2021-09-10,Stable,0.958549401369376
2021-09-13,Stable,0.9435325814642977
2021-09-14,Stable,0.9139579157992221
2021-09-15,Stable,0.8507319342202094
2021-09-16,Stable,0.7641238688289723
2021-09-17,Stable,0.5831900304314529
2021-09-20,Stable,0.5786899923637667
2021-09-21,Stable,0.5515109080892332
2021-09-22,Stable,0.5116999439781498
2021-09-23,Stable,0.5145820006921082
2021-09-24,Stable,0.5248379488383298
2021-09-27,Stable,0.5245554143121861
2021-09-28,Stable,0.5041048141344798
2021-09-29,Stable,0.5776291112989389
2021-09-30,Stable,0.6239744828118549
2021-10-01,Stable,0.6541812494678931
2021-10-04,Stable,0.6716481557546794
2021-10-05,Stable,0.6823524273422102
2021-10-06,Stable,0.6856193482288588
2021-10-07,Stable,0.7223112350461759
2021-10-08,Stable,0.8415453366507157
2021-10-11,Stable,0.9055763867487356
2021-10-12,Stable,0.9361092435604919
2021-10-13,Stable,0.9519754184817476
2021-10-14,Stable,0.9593156505862606
2021-10-15,Stable,0.9730407957779637
2021-10-18,Stable,0.9817173851487611
2021-10-19,Stable,0.9894887204916308
2021-10-20,Stable,0.9931331391738482
2021-10-21,Stable,0.9946275231814782
2021-10-22,Stable,0.9954925198550321
2021-10-25,Stable,0.9956721519939894
2021-10-26,Stable,0.9950975590671461
2021-10-27,Stable,0.995807756637479
2021-10-28,Stable,0.9963288965612966
2021-10-29,Stable,0.9963581691563786
2021-11-01,Stable,0.9958967512307596
2021-11-02,Stable,0.9957194800806337
2021-11-03,Stable,0.9965579106399752
2021-11-04,Stable,0.9969038673940858
2021-11-05,Stable,0.9971359637264372
2021-11-08,Stable,0.9971545350143199
2021-11-09,Stable,0.9970654279731073
2021-11-10,Stable,0.9968108059153087
2021-11-11,Stable,0.9961645602771658
2021-11-12,Stable,0.9947699779895777
2021-11-15,Stable,0.9918609922127909
2021-11-16,Stable,0.9860079561674983
2021-11-17,Stable,0.975787322810623
2021-11-18,Stable,0.9544346406877054
2021-11-19,Stable,0.9128162425726223
2021-11-22,Stable,0.8398347656666119
2021-11-23,Stable,0.7031357076901918
2021-11-24,Stable,0.5946643823899553
2021-11-25,Stable,0.5965731853392864
2021-11-26,Transitional,0.9901066036681244
2021-11-29,Transitional,0.9876302527245556
2021-11-30,Transitional,0.9898955476589684
2021-12-01,Transitional,0.9921308318833312
2021-12-02,Transitional,0.9865701684709571
2021-12-03,Transitional,0.9758348782677553
2021-12-06,Transitional,0.9719921723408999
2021-12-07,Transitional,0.9681503692757742
2021-12-08,Stable,0.7070713562926749
2021-12-09,Stable,0.5075115311833348
2021-12-10,Stable,0.6230798735978669
2021-12-13,Stable,0.6773297934513871
2021-12-14,Stable,0.6967440130730936
2021-12-15,Stable,0.7240556637209982
2021-12-16,Stable,0.7258088511558274
2021-12-17,Stable,0.720279084030781
2021-12-20,Stable,0.7042881165424422
2021-12-21,Stable,0.761685783519789
2021-12-22,Stable,0.8318966301823173
2021-12-23,Stable,0.8813200115618698
2021-12-27,Stable,0.9205457349349582
2021-12-28,Stable,0.9394094748950342
2021-12-29,Stable,0.95002792973333
2021-12-30,Stable,0.9574977649349773
2022-01-03,Stable,0.956139546887345
2022-01-04,Stable,0.9505872776524987
2022-01-05,Stable,0.9392384707046999
2022-01-06,Stable,0.9178236157505579
2022-01-07,Stable,0.9134991076694451
2022-01-10,Stable,0.9036849280016896
2022-01-11,Stable,0.901519434282228
2022-01-12,Stable,0.8974842585995254
2022-01-13,Stable,0.8782204606984126
2022-01-14,Stable,0.8318150837301552
2022-01-17,Stable,0.7849177813589859
2022-01-18,Stable,0.6847363949357025
2022-01-19,Stable,0.5929788535679411
2022-01-20,Stable,0.5986687883508061
2022-01-21,Transitional,0.9410458071502518
2022-01-24,Transitional,0.9886031865067662
2022-01-25,Transitional,0.9832774394230743
2022-01-26,Transitional,0.9827483055707961
2022-01-27,Transitional,0.9598478829815185
2022-01-28,Transitional,0.9526521820879155
2022-01-31,Transitional,0.9366317418073208
2022-02-01,Transitional,0.9291327654303791
2022-02-02,Transitional,0.9302267625504493
2022-02-03,Transitional,0.948385160246922
2022-02-04,Transitional,0.9494003413936923
2022-02-07,Transitional,0.9246390269483906
2022-02-08,Transitional,0.9156020783064645
2022-02-09,Transitional,0.9232438842589956
2022-02-10,Transitional,0.9231742218757816
2022-02-11,Transitional,0.9393471857876627
2022-02-14,Transitional,0.9714687376434749
2022-02-15,Transitional,0.9664459399674284
2022-02-16,Transitional,0.952296326080303
2022-02-17,Transitional,0.9343721370498836
2022-02-18,Transitional,0.8971640196672792
2022-02-21,Transitional,0.829238490504428
2022-02-22,Transitional,0.7475856877949493
2022-02-23,Transitional,0.5688542586247366
2022-02-24,Volatile,0.8305465697200505
2022-02-25,Volatile,0.8990370337883489
2022-02-28,Volatile,0.9143525773139501
2022-03-01,Volatile,0.9516722627169895
2022-03-02,Volatile,0.9563519180962761
2022-03-03,Volatile,0.9727476759518116
2022-03-04,Volatile,0.9912578950618522
2022-03-07,Volatile,0.9908009683461642
2022-03-08,Volatile,0.9922546231406836
2022-03-09,Volatile,0.999867274552689
2022-03-10,Volatile,0.8835484620135445
2022-03-11,Volatile,0.6728426063048283
2022-03-14,Volatile,0.5480437360099331
2022-03-15,Volatile,0.5706690292278599
2022-03-16,Volatile,0.6228981879470129
2022-03-17,Transitional,0.7740501145366264
2022-03-18,Transitional,0.818596591356327
2022-03-21,Transitional,0.8374099591667874
2022-03-22,Transitional,0.8473354088354086
2022-03-23,Transitional,0.8571813964172278
2022-03-24,Transitional,0.8513699388879337
2022-03-25,Transitional,0.862836520181528
2022-03-28,Transitional,0.899085352045957
2022-03-29,Transitional,0.9626127524490782
2022-03-30,Transitional,0.9462966405392124
2022-03-31,Transitional,0.9063006978003518
2022-04-01,Transitional,0.8365821920696326
2022-04-04,Transitional,0.8082054222511492
2022-04-05,Transitional,0.8034642380071709
2022-04-06,Transitional,0.8107342069335235
2022-04-07,Transitional,0.7520465294673617
2022-04-08,Transitional,0.7201349002380906
2022-04-11,Transitional,0.6738838256171976
2022-04-12,Transitional,0.6468544132944254
2022-04-13,Transitional,0.640214643806294
2022-04-14,Transitional,0.6556590421121825
2022-04-19,Transitional,0.6991595444175461
2022-04-20,Transitional,0.7971219517958265
2022-04-21,Transitional,0.8675015112887049
2022-04-22,Transitional,0.967217145475311
2022-04-25,Transitional,0.9604214628646262
2022-04-26,Transitional,0.9358052502460728
2022-04-27,Transitional,0.9007705408931218
2022-04-28,Transitional,0.8902737063962353
2022-04-29,Transitional,0.878538893663381
2022-05-02,Transitional,0.8796767772090066
2022-05-03,Transitional,0.8771806236758956
2022-05-04,Transitional,0.8899860845498782
2022-05-05,Transitional,0.9201328420032242
2022-05-06,Transitional,0.9749335604315927
2022-05-09,Transitional,0.9913680179671959
2022-05-10,Transitional,0.9901660097431858
2022-05-11,Transitional,0.9919494097126986
2022-05-12,Transitional,0.9871649069296028
2022-05-13,Transitional,0.9871480087135729
2022-05-16,Transitional,0.9756745007133489
2022-05-17,Transitional,0.9730187788768603
2022-05-18,Transitional,0.9667097144842205
2022-05-19,Transitional,0.9559439396717999
2022-05-20,Transitional,0.9489192240936658
2022-05-23,Transitional,0.9528447456432095
2022-05-24,Transitional,0.9563028717689092
2022-05-25,Transitional,0.9348397837290678
2022-05-26,Transitional,0.9287485971318102
2022-05-27,Transitional,0.9137705368978487
2022-05-30,Transitional,0.8836992218579213
2022-05-31,Transitional,0.8709482726350681
2022-06-01,Transitional,0.8445125149657821
2022-06-02,Transitional,0.8384300884292941
2022-06-03,Transitional,0.8418980224311173
2022-06-06,Transitional,0.8676258717258882
2022-06-07,Transitional,0.8907687285584357
2022-06-08,Transitional,0.9280993465638885
2022-06-09,Transitional,0.9773814842996885
2022-06-10,Transitional,0.9866777839329662
2022-06-13,Transitional,0.9870797922117887
2022-06-14,Transitional,0.9869225188561981
2022-06-15,Transitional,0.9873630082498905
2022-06-16,Transitional,0.988460046060622
2022-06-17,Transitional,0.9705777159283911
2022-06-20,Transitional,0.9633187699281239
2022-06-21,Transitional,0.960838078070601
2022-06-22,Transitional,0.9704741799171185
2022-06-23,Transitional,0.9790536749284303
2022-06-24,Transitional,0.9746363422336298
2022-06-27,Transitional,0.9661259958876884
2022-06-28,Transitional,0.9685818355147514
2022-06-29,Transitional,0.9841348849175966
2022-06-30,Transitional,0.986006907873777
2022-07-01,Transitional,0.9797286779652398
2022-07-04,Transitional,0.9825108571435001
2022-07-05,Transitional,0.9938434942721867
2022-07-06,Transitional,0.9930414152430501
2022-07-07,Transitional,0.9929833181241242
2022-07-08,Transitional,0.9906251730109409
2022-07-11,Transitional,0.9897651922257007
2022-07-12,Transitional,0.986558770296694
2022-07-13,Transitional,0.9901212314555454
2022-07-14,Transitional,0.9937519078913665
2022-07-15,Transitional,0.9931655674217921
2022-07-18,Transitional,0.9623296856019332
2022-07-19,Transitional,0.9472072111222731
2022-07-20,Stable,0.5235795069787434
2022-07-21,Stable,0.6950852370709341
2022-07-22,Stable,0.8113100100147244
2022-07-25,Stable,0.8661472943565757
2022-07-26,Stable,0.8944916836715437
2022-07-27,Stable,0.9205373156113882
2022-07-28,Stable,0.931497992387551
2022-07-29,Stable,0.936508043548653
2022-08-01,Stable,0.952402050136718
2022-08-02,Stable,0.9572984910237217
2022-08-03,Stable,0.9547922905085832
2022-08-04,Stable,0.950656257090435
2022-08-05,Stable,0.9374160628755811
2022-08-08,Stable,0.9180845192112093
2022-08-09,Stable,0.8868047845879011
2022-08-10,Stable,0.8655226054773058
2022-08-11,Stable,0.8453015330144464
2022-08-12,Stable,0.7965690227190787
2022-08-15,Stable,0.7123877785868622
2022-08-16,Stable,0.5345274481698916
2022-08-17,Transitional,0.7777744217088576
2022-08-18,Transitional,0.8097135619615138
2022-08-19,Transitional,0.8806309056651315
2022-08-22,Transitional,0.9380878452318518
2022-08-23,Transitional,0.9196696494045516
2022-08-24,Transitional,0.9173873903754214
2022-08-25,Transitional,0.9328597563845289
2022-08-26,Transitional,0.9731194315495539
2022-08-29,Transitional,0.9655807408652622
2022-08-30,Transitional,0.965353332450082
2022-08-31,Transitional,0.9760704583580029
2022-09-01,Transitional,0.987709888608529
2022-09-02,Transitional,0.9894745628842433
2022-09-05,Transitional,0.9902183984836043
2022-09-06,Transitional,0.971600879278416
2022-09-07,Transitional,0.9620548595520594
2022-09-08,Transitional,0.9642112594591369
2022-09-09,Transitional,0.9790708357554998
2022-09-12,Transitional,0.9919339470364502
2022-09-13,Transitional,0.991615673577915
2022-09-14,Transitional,0.9872193484526791
2022-09-15,Transitional,0.9816213258621368
2022-09-16,Transitional,0.9825632133155793
2022-09-19,Transitional,0.9736975950359119
2022-09-20,Transitional,0.9752077080104896
2022-09-21,Transitional,0.9780431512330084
2022-09-22,Transitional,0.9896225170401741
2022-09-23,Transitional,0.98969908192009
2022-09-26,Transitional,0.9736037069878324
2022-09-27,Transitional,0.9678142033075684
2022-09-28,Transitional,0.9679303895219895
2022-09-29,Transitional,0.9801426783248184
2022-09-30,Transitional,0.9795458972829757
2022-10-03,Transitional,0.9819326271702264
2022-10-04,Transitional,0.9905795913338679
2022-10-05,Transitional,0.9017664128276829
2022-10-06,Transitional,0.7701926399457544
2022-10-07,Transitional,0.698552688844169
2022-10-10,Stable,0.5186383719087206
2022-10-11,Stable,0.6230488516482335
2022-10-12,Stable,0.6816173616879906
2022-10-13,Stable,0.7104915542445367
2022-10-14,Stable,0.7601165042427662
2022-10-17,Stable,0.7839051104261819
2022-10-18,Stable,0.8463700680605575
2022-10-19,Stable,0.8891882700421079
2022-10-20,Stable,0.9087619931045458
2022-10-21,Stable,0.9126882756161218
2022-10-24,Stable,0.9056744084964526
2022-10-25,Stable,0.911806157054266
2022-10-26,Stable,0.9126701303459381
2022-10-27,Stable,0.9118298831242656
2022-10-28,Stable,0.8965716109378072
2022-10-31,Stable,0.8585739984142918
2022-11-01,Stable,0.7765769453819041
2022-11-02,Stable,0.6285421204364858
2022-11-03,Stable,0.5887701919479157
2022-11-04,Transitional,0.807380470147617
2022-11-07,Transitional,0.8111424271761198
2022-11-08,Transitional,0.8371018112967991
2022-11-09,Transitional,0.869982771535332
2022-11-10,Transitional,0.9427926983326687
2022-11-11,Stable,0.5454026363471551
2022-11-14,Stable,0.6660620999224827
2022-11-15,Stable,0.7824600753518327
2022-11-16,Stable,0.8403004941806086
2022-11-17,Stable,0.9042126644780489
2022-11-18,Stable,0.9339951303889357
2022-11-21,Stable,0.9623123804292626
2022-11-22,Stable,0.9782636893607111
2022-11-23,Stable,0.9855990409759222
2022-11-24,Stable,0.9882258210867133
2022-11-25,Stable,0.9894680676168564
2022-11-28,Stable,0.9878384794218028
2022-11-29,Stable,0.990379491957779
2022-11-30,Stable,0.9906670737741747
2022-12-01,Stable,0.9883861980760758
2022-12-02,Stable,0.9837474998474489
2022-12-05,Stable,0.973078296444916
2022-12-06,Stable,0.9574054263886136
2022-12-07,Stable,0.9378369738797149
2022-12-08,Stable,0.9078859345732804
2022-12-09,Stable,0.844185101061524
2022-12-12,Stable,0.737241705116496
2022-12-13,Stable,0.5565288547519226
2022-12-14,Stable,0.6019278428463924
2022-12-15,Stable,0.9033126014035558
2022-12-16,Stable,0.696184615375191
2022-12-19,Stable,0.5494778386770616
2022-12-20,Stable,0.5191427823846679
2022-12-21,Stable,0.5543062601163491
2022-12-22,Stable,0.6156161330998058
2022-12-23,Stable,0.725784812629509
2022-12-27,Stable,0.7760757912373238
2022-12-28,Stable,0.7958340172943505
2022-12-29,Stable,0.8014240384488842
2022-12-30,Stable,0.8015184688619669
2023-01-02,Stable,0.8071605267223962
2023-01-03,Stable,0.8073181541500939
2023-01-04,Stable,0.7948709199473197
2023-01-05,Stable,0.8511106623402401
2023-01-06,Stable,0.8810759581516239
2023-01-09,Stable,0.910904649583218
2023-01-10,Stable,0.9431466732609822
2023-01-11,Stable,0.9581348917219332
2023-01-12,Stable,0.9736061710686525
2023-01-13,Stable,0.9828489517563364
2023-01-16,Stable,0.9863158669681947
2023-01-17,Stable,0.9860906392834103
2023-01-18,Stable,0.9821338033929156
2023-01-19,Stable,0.9722894535740875
2023-01-20,Stable,0.9829773616808605
2023-01-23,Stable,0.9898050377569738
2023-01-24,Stable,0.9932619322336322
2023-01-25,Stable,0.9947712924716556
2023-01-26,Stable,0.9951341005250294
2023-01-27,Stable,0.9945009222570167
2023-01-30,Stable,0.9923956992865229
2023-01-31,Stable,0.9881137169510508
2023-02-01,Stable,0.9790273508901728
2023-02-02,Stable,0.9605002758881394
2023-02-03,Stable,0.9728022386946014
2023-02-06,Stable,0.9779661055370313
2023-02-07,Stable,0.9840059757612162
2023-02-08,Stable,0.9858379829283761
2023-02-09,Stable,0.9849226391129073
2023-02-10,Stable,0.9817164828519566
2023-02-13,Stable,0.9881523373305926
2023-02-14,Stable,0.9914864801660003
2023-02-15,Stable,0.9925116559777013
2023-02-16,Stable,0.993270756997853
2023-02-17,Stable,0.9922267420499274
2023-02-20,Stable,0.9898557160519741
2023-02-21,Stable,0.9841133433103146
2023-02-22,Stable,0.9755760472563881
2023-02-23,Stable,0.9571051794172305
2023-02-24,Stable,0.9211865552643318
2023-02-27,Stable,0.9230213742792867
2023-02-28,Stable,0.9242151928946809
2023-03-01,Stable,0.9135048078082061
2023-03-02,Stable,0.8900777130957298
2023-03-03,Stable,0.8369455070288122
2023-03-06,Stable,0.8136252392559131
2023-03-07,Stable,0.7609391423077052
2023-03-08,Stable,0.6808753321043166
2023-03-09,Stable,0.5212671729111427
2023-03-10,Transitional,0.8045587463232802
2023-03-13,Transitional,0.9896965405740124
2023-03-14,Transitional,0.9887640508793967
2023-03-15,Transitional,0.9879403440036183
2023-03-16,Transitional,0.9615547114179553
2023-03-17,Transitional,0.9157325582233623
2023-03-20,Transitional,0.8313388104705616
2023-03-21,Transitional,0.7612179344830292
2023-03-22,Stable,0.5965085197056943
2023-03-23,Stable,0.5204487365755642
2023-03-24,Stable,0.5098736345622606
2023-03-27,Stable,0.6432069103065314
2023-03-28,Stable,0.7596154581294958
2023-03-29,Stable,0.8135673787334705
2023-03-30,Stable,0.8680319096178727
2023-03-31,Stable,0.9257275646929913
2023-04-03,Stable,0.9589049985898569
2023-04-04,Stable,0.9769943904375067
2023-04-05,Stable,0.9853067123731705
2023-04-06,Stable,0.9911402962115087
2023-04-11,Stable,0.9942611138374656
2023-04-12,Stable,0.9958081671650456
2023-04-13,Stable,0.9965144923821132
2023-04-14,Stable,0.9966865992465086
2023-04-17,Stable,0.9967541768250064
2023-04-18,Stable,0.9965966860401398
2023-04-19,Stable,0.9964992832285642
2023-04-20,Stable,0.9958762841161177
2023-04-21,Stable,0.9962007515863136
2023-04-24,Stable,0.9963145264068382
2023-04-25,Stable,0.9960025267591565
2023-04-26,Stable,0.9949286607475298
2023-04-27,Stable,0.9939074522494227
2023-04-28,Stable,0.9911569777382361
2023-05-02,Stable,0.9872969012091518
2023-05-03,Stable,0.9895006025274502
2023-05-04,Stable,0.9895387593311736
2023-05-05,Stable,0.9886784013050771
2023-05-08,Stable,0.9927582804894507
2023-05-09,Stable,0.9945941199387238
2023-05-10,Stable,0.9950779948256625
2023-05-11,Stable,0.9952901181567398
2023-05-12,Stable,0.9953500497816703
2023-05-15,Stable,0.9947750794512453
2023-05-16,Stable,0.9929019824343751
2023-05-17,Stable,0.9889816565431392
2023-05-18,Stable,0.9808156778103743
2023-05-19,Stable,0.9766349488183167
2023-05-22,Stable,0.967949748926795
2023-05-23,Stable,0.9508581551070225
2023-05-24,Stable,0.9216144020494825
2023-05-25,Stable,0.9378078387708579
2023-05-26,Stable,0.943575777743366
2023-05-29,Stable,0.9507417921688939
2023-05-30,Stable,0.9494215146568358
2023-05-31,Stable,0.9397263528953645
2023-06-01,Stable,0.9503366973745416
2023-06-02,Stable,0.962467528194427
2023-06-05,Stable,0.9770995432751597
2023-06-06,Stable,0.9870388327070657
2023-06-07,Stable,0.9916149481362397
2023-06-08,Stable,0.993873167359224
2023-06-09,Stable,0.9944311077112824
2023-06-12,Stable,0.9941469762987867
2023-06-13,Stable,0.9945323553836053
2023-06-14,Stable,0.9951423022361108
2023-06-15,Stable,0.9950313583614278
2023-06-16,Stable,0.9939859970827799
2023-06-19,Stable,0.9914842031896622
2023-06-20,Stable,0.9916856481170376
2023-06-21,Stable,0.9916394704110362
2023-06-22,Stable,0.9912935921728316
2023-06-23,Stable,0.989018204985021
2023-06-26,Stable,0.9897776372791119
2023-06-27,Stable,0.9879568776586918
2023-06-28,Stable,0.9822668818721709
2023-06-29,Stable,0.9719090443097705
2023-06-30,Stable,0.9499068389904217
2023-07-03,Stable,0.9308480106217614
2023-07-04,Stable,0.8966967337461467
2023-07-05,Stable,0.8309702894632784
2023-07-06,Stable,0.736266694670565
2023-07-07,Stable,0.8438959903469241
2023-07-10,Stable,0.8985724629945642
2023-07-11,Stable,0.9249277028132391
2023-07-12,Stable,0.9392556718415427
2023-07-13,Stable,0.9647282515540474
2023-07-14,Stable,0.9801305945490394
2023-07-17,Stable,0.9881545989549455
2023-07-18,Stable,0.992350033658369
2023-07-19,Stable,0.9941899601768552
2023-07-20,Stable,0.9946944883335075
2023-07-21,Stable,0.9945871204249908
2023-07-24,Stable,0.9934630516192267
2023-07-25,Stable,0.9903784358241371
2023-07-26,Stable,0.9835895207198864
2023-07-27,Stable,0.9733306506142865
2023-07-28,Stable,0.9750329978544913
2023-07-31,Stable,0.971110462008759
2023-08-01,Stable,0.9598052793970536
2023-08-02,Stable,0.9581888594571707
2023-08-03,Stable,0.9689195892357022
2023-08-04,Stable,0.9788563661142955
2023-08-07,Stable,0.9825349369639146
2023-08-08,Stable,0.9816924040671586
2023-08-09,Stable,0.9855667955376141
2023-08-10,Stable,0.9860327199584035
2023-08-11,Stable,0.9858435759174139
2023-08-14,Stable,0.9891861928580831
2023-08-15,Stable,0.9898139680920628
2023-08-16,Stable,0.9922175721407271
2023-08-17,Stable,0.9923875810202762
2023-08-18,Stable,0.9934038574896128
2023-08-21,Stable,0.9950088720930422
2023-08-22,Stable,0.9953888435076669
2023-08-23,Stable,0.9955786221848452
2023-08-24,Stable,0.9948254179358752
2023-08-25,Stable,0.9950851744403011
2023-08-28,Stable,0.9942202172802355
2023-08-29,Stable,0.9946100257887971
2023-08-30,Stable,0.9954760908781229
2023-08-31,Stable,0.9958211824529052
2023-09-01,Stable,0.995456817333981
2023-09-04,Stable,0.9961659635135345
2023-09-05,Stable,0.9963522468039098
2023-09-06,Stable,0.9965947459593609
2023-09-07,Stable,0.9966665852150086
2023-09-08,Stable,0.9965187974026897
2023-09-11,Stable,0.9958394857676041
2023-09-12,Stable,0.9944402714437139
2023-09-13,Stable,0.9932160410614629
2023-09-14,Stable,0.9911628895863875
2023-09-15,Stable,0.9894742842972684
2023-09-18,Stable,0.9853417303234988
2023-09-19,Stable,0.9850214222989601
2023-09-20,Stable,0.9822597030229924
2023-09-21,Stable,0.9766698358638491
2023-09-22,Stable,0.9802600195074769
2023-09-25,Stable,0.9791186620521873
2023-09-26,Stable,0.9808765604680334
2023-09-27,Stable,0.9854794420872411
2023-09-28,Stable,0.986745224487069
2023-09-29,Stable,0.9859900889475504
2023-10-02,Stable,0.9815643482885734
2023-10-03,Stable,0.9790863736995348
2023-10-04,Stable,0.9807987671528287
2023-10-05,Stable,0.9775528145775236
2023-10-06,Stable,0.9685921239086269
2023-10-09,Stable,0.9585363046199817
2023-10-10,Stable,0.9446624046031484
2023-10-11,Stable,0.955542676316437
2023-10-12,Stable,0.9568297752957583
2023-10-13,Stable,0.950569727850574
2023-10-16,Stable,0.9635809614639282
2023-10-17,Stable,0.9675595654409992
2023-10-18,Stable,0.9643163802841634
2023-10-19,Stable,0.9649599034906307
2023-10-20,Stable,0.9598149738464565
2023-10-23,Stable,0.9764668192281891
2023-10-24,Stable,0.9839992746480176
2023-10-25,Stable,0.9872907163507195
2023-10-26,Stable,0.9869968960030328
2023-10-27,Stable,0.99088966178336
2023-10-30,Stable,0.9927767247263404
2023-10-31,Stable,0.9926636182177264
2023-11-01,Stable,0.9914975577695967
2023-11-02,Stable,0.9895075511394745
2023-11-03,Stable,0.9927700396588247
2023-11-06,Stable,0.9939160326462113
2023-11-07,Stable,0.9943513324860761
2023-11-08,Stable,0.9933648175131362
2023-11-09,Stable,0.990971434315271
2023-11-10,Stable,0.9877393754280916
2023-11-13,Stable,0.98522425255875
2023-11-14,Stable,0.980230062956326
2023-11-15,Stable,0.9867047708663882
2023-11-16,Stable,0.9915146819732081
2023-11-17,Stable,0.9934792239692255
2023-11-20,Stable,0.9953878784374807
2023-11-21,Stable,0.9963652248504211
2023-11-22,Stable,0.9967814386321293
2023-11-23,Stable,0.9969242446785499
2023-11-24,Stable,0.9967656427552717
2023-11-27,Stable,0.9962114317504003
2023-11-28,Stable,0.9958202214684667
2023-11-29,Stable,0.9945486194482343
2023-11-30,Stable,0.994923863532579
2023-12-01,Stable,0.9941776787502842
2023-12-04,Stable,0.9952806221014037
2023-12-05,Stable,0.9953345655730708
2023-12-06,Stable,0.9956406297808202
2023-12-07,Stable,0.9961400046863741
2023-12-08,Stable,0.9962219815221085
2023-12-11,Stable,0.9968080048914632
2023-12-12,Stable,0.9970141550834638
2023-12-13,Stable,0.9970114016870116
2023-12-14,Stable,0.996961570674961
2023-12-15,Stable,0.9967434032639402
2023-12-18,Stable,0.996162999673322
2023-12-19,Stable,0.9965015622548553
2023-12-20,Stable,0.9967945380320287
2023-12-21,Stable,0.996821529841253
2023-12-22,Stable,0.9969393451240895
2023-12-27,Stable,0.9967464512477777
2023-12-28,Stable,0.9961453226983313
2023-12-29,Stable,0.9952563220716575
2024-01-02,Stable,0.9932447060915058
2024-01-03,Stable,0.9889135999612596
2024-01-04,Stable,0.9925254223540195
2024-01-05,Stable,0.9942130663656302
2024-01-08,Stable,0.9946558663470633
2024-01-09,Stable,0.9949796660776737
2024-01-10,Stable,0.9944498979773317
2024-01-11,Stable,0.9925127418025472
2024-01-12,Stable,0.9924609522598888
2024-01-15,Stable,0.9929399294581606
2024-01-16,Stable,0.9930892775367264
2024-01-17,Stable,0.9921514068461855
2024-01-18,Stable,0.9930027011589426
2024-01-19,Stable,0.9937342765121566
2024-01-22,Stable,0.9929999739717013
2024-01-23,Stable,0.9918793966563001
2024-01-24,Stable,0.9893488768410682
2024-01-25,Stable,0.9934502364080059
2024-01-26,Stable,0.9953493209870053
2024-01-29,Stable,0.9961994150215838
2024-01-30,Stable,0.9965568451152367
2024-01-31,Stable,0.9964160288094588
2024-02-01,Stable,0.9965532239036621
2024-02-02,Stable,0.9966509953430422
2024-02-05,Stable,0.9964089165132888
2024-02-06,Stable,0.9957297089502414
2024-02-07,Stable,0.9953309004029212
2024-02-08,Stable,0.9959029466785798
2024-02-09,Stable,0.9957055521269944
2024-02-12,Stable,0.9950245422830006
2024-02-13,Stable,0.9940021481196064
2024-02-14,Stable,0.995419732456413
2024-02-15,Stable,0.9959553820834919
2024-02-16,Stable,0.9963147322535031
2024-02-19,Stable,0.9962675589619773
2024-02-20,Stable,0.9958271632018586
2024-02-21,Stable,0.9947661860244168
2024-02-22,Stable,0.9923343441875982
2024-02-23,Stable,0.9947727041209768
2024-02-26,Stable,0.9958324122462195
2024-02-27,Stable,0.9960800277020226
2024-02-28,Stable,0.9967188950618107
2024-02-29,Stable,0.9969531912909999
2024-03-01,Stable,0.9971013552237743
2024-03-04,Stable,0.9970983722354221
2024-03-05,Stable,0.9970248551885691
2024-03-06,Stable,0.9968356882751822
2024-03-07,Stable,0.9962748428660814
2024-03-08,Stable,0.9959890010297064
2024-03-11,Stable,0.9951997933718517
2024-03-12,Stable,0.9941804239828143
2024-03-13,Stable,0.9957839523345277
2024-03-14,Stable,0.9965309023697285
2024-03-15,Stable,0.9969198171131026
2024-03-18,Stable,0.9970607896047771
2024-03-19,Stable,0.9970220598291414
2024-03-20,Stable,0.996777173295857
2024-03-21,Stable,0.9961225451005977
2024-03-22,Stable,0.9964560822098208
2024-03-25,Stable,0.9962408017731552
2024-03-26,Stable,0.9954326055390607
2024-03-27,Stable,0.9944700344453979
2024-03-28,Stable,0.9924656653393172
2024-04-02,Stable,0.9878833680590329
2024-04-03,Stable,0.9880968187502798
2024-04-04,Stable,0.9854560018484275
2024-04-05,Stable,0.9779946701572703
2024-04-08,Stable,0.9780351350154218
2024-04-09,Stable,0.9754138597634476
2024-04-10,Stable,0.9820677756302806
2024-04-11,Stable,0.9835082178556273
2024-04-12,Stable,0.9856308717909973
2024-04-15,Stable,0.9842734097394595
2024-04-16,Stable,0.9792826156922173
2024-04-17,Stable,0.9854817670637076
2024-04-18,Stable,0.9872620443932968
2024-04-19,Stable,0.9858071400253661
2024-04-22,Stable,0.9831200684744926
2024-04-23,Stable,0.977329782081023
2024-04-24,Stable,0.9793155240254348
2024-04-25,Stable,0.9772118742756555
2024-04-26,Stable,0.9775934847504203
2024-04-29,Stable,0.9823775587165395
2024-04-30,Stable,0.9831959888209663
2024-05-02,Stable,0.9876243429366877
2024-05-03,Stable,0.9889416503596972
2024-05-06,Stable,0.9881237022833396
2024-05-07,Stable,0.9873456251643244
2024-05-08,Stable,0.991105690599161
2024-05-09,Stable,0.9923280849949178
2024-05-10,Stable,0.994439043298853
2024-05-13,Stable,0.9953868503268224
2024-05-14,Stable,0.9956017873743979
2024-05-15,Stable,0.9951385438997419
2024-05-16,Stable,0.995017653191766
2024-05-17,Stable,0.996003097928797
2024-05-20,Stable,0.9965199065083888
2024-05-21,Stable,0.996623118763009
2024-05-22,Stable,0.9966321485272107
2024-05-23,Stable,0.9966004232569801
2024-05-24,Stable,0.9961036539388952
2024-05-27,Stable,0.9949001655400359
2024-05-28,Stable,0.992592772015062
2024-05-29,Stable,0.9897793158716438
2024-05-30,Stable,0.9911270559360255
2024-05-31,Stable,0.9899903283906524
2024-06-03,Stable,0.9858365367782419
2024-06-04,Stable,0.9778775120075203
2024-06-05,Stable,0.9747963409795495
2024-06-06,Stable,0.9698248150199463
2024-06-07,Stable,0.9567308675753925
2024-06-10,Stable,0.9354382819109975
2024-06-11,Stable,0.8959647953403372
2024-06-12,Stable,0.841845241069818
2024-06-13,Stable,0.8027752456749581
2024-06-14,Stable,0.8320082419337056
2024-06-17,Stable,0.9082258820126952
2024-06-18,Stable,0.9455780215206274
2024-06-19,Stable,0.9632175314951993
2024-06-20,Stable,0.9722531637716653
2024-06-21,Stable,0.98005459123586
2024-06-24,Stable,0.984654479282357
2024-06-25,Stable,0.9879858181702971
2024-06-26,Stable,0.9923498762739623
2024-06-27,Stable,0.9944283213622559
2024-06-28,Stable,0.9950959012363303
2024-07-01,Stable,0.9946279419863371
2024-07-02,Stable,0.9928550970979068
2024-07-03,Stable,0.9918166475852673
2024-07-04,Stable,0.9927377720056637
2024-07-05,Stable,0.9919644578929978
2024-07-08,Stable,0.9887708654699895
2024-07-09,Stable,0.9815494893737217
2024-07-10,Stable,0.9821152706246696
2024-07-11,Stable,0.9818506443436881
2024-07-12,Stable,0.9786387179817296
2024-07-15,Stable,0.9767337827766776
2024-07-16,Stable,0.9757780015196788
2024-07-17,Stable,0.9708070837120691
2024-07-18,Stable,0.9607168857885725
2024-07-19,Stable,0.942780800081569
2024-07-22,Stable,0.9284945935467042
2024-07-23,Stable,0.9179799711811867
2024-07-24,Stable,0.8981343197075059
2024-07-25,Stable,0.8789048551796111
2024-07-26,Stable,0.8439405478638087
2024-07-29,Stable,0.7786017971353426
2024-07-30,Stable,0.6738348269402007
2024-07-31,Stable,0.5300336822268995
2024-08-01,Transitional,0.9191955070542965
2024-08-02,Transitional,0.9381566546184498
2024-08-05,Transitional,0.8790182000228869
2024-08-06,Stable,0.5800994870304426
2024-08-07,Stable,0.5621588765426758
2024-08-08,Stable,0.7721649373436397
2024-08-09,Stable,0.8760224697462294
2024-08-12,Stable,0.9257148971347092
2024-08-13,Stable,0.94882822286212
2024-08-14,Stable,0.9590916418244135
2024-08-15,Stable,0.9608404034220371
2024-08-16,Stable,0.9761358451058817
2024-08-19,Stable,0.9857185179472079
2024-08-20,Stable,0.9907366817828998
2024-08-21,Stable,0.9936855824117455
2024-08-22,Stable,0.9951941345851706
2024-08-23,Stable,0.9955808113124597
2024-08-26,Stable,0.9961747282521323
2024-08-27,Stable,0.9962400037943908
2024-08-28,Stable,0.9957737636493054
2024-08-29,Stable,0.994898262920148
2024-08-30,Stable,0.9937665134177759
2024-09-02,Stable,0.9909024275797443
2024-09-03,Stable,0.9845915040779427
2024-09-04,Stable,0.9811326626247331
2024-09-05,Stable,0.9786264305345841
2024-09-06,Stable,0.9702780039430353
2024-09-09,Stable,0.9756552946188579
2024-09-10,Stable,0.9776861640789241
2024-09-11,Stable,0.9824349779141596
2024-09-12,Stable,0.9826358965771903
2024-09-13,Stable,0.9829322376400212
2024-09-16,Stable,0.9828597326149572
2024-09-17,Stable,0.9797080847806576
2024-09-18,Stable,0.9713310091281249
2024-09-19,Stable,0.9529321715352586
2024-09-20,Stable,0.9463009364079836
2024-09-23,Stable,0.9571955914191824
2024-09-24,Stable,0.9611656249620292
2024-09-25,Stable,0.9607257361078457
2024-09-26,Stable,0.9546919577659422
2024-09-27,Stable,0.9622734403329559
2024-09-30,Stable,0.9718600908930946
2024-10-01,Stable,0.9804680483897733
2024-10-02,Stable,0.9864850426767071
2024-10-03,Stable,0.989052048828047
2024-10-04,Stable,0.9925168245309912
2024-10-07,Stable,0.9943081642454533
2024-10-08,Stable,0.9947840154772504
2024-10-09,Stable,0.9944006361086322
2024-10-10,Stable,0.995063857183033
2024-10-11,Stable,0.9950358732323317
2024-10-14,Stable,0.9954635314757154
2024-10-15,Stable,0.9958468437145387
2024-10-16,Stable,0.9956102284068393
2024-10-17,Stable,0.9949860061299403
2024-10-18,Stable,0.9944774077311511
2024-10-21,Stable,0.9927109720247767
2024-10-22,Stable,0.994011578717623
2024-10-23,Stable,0.9941768824312939
2024-10-24,Stable,0.9933509395929525
2024-10-25,Stable,0.9907359556560974
2024-10-28,Stable,0.9847376502189381
2024-10-29,Stable,0.9723958863434428
2024-10-30,Stable,0.9495143009004421
2024-10-31,Stable,0.9352702095195349
2024-11-01,Stable,0.9227025506406338
2024-11-04,Stable,0.9032940850688131
2024-11-05,Stable,0.8715376100884286
2024-11-06,Stable,0.809429783004044
2024-11-07,Stable,0.7636789716664523
2024-11-08,Stable,0.7501255088318116
2024-11-11,Stable,0.7292058130705474
2024-11-12,Stable,0.707746806631352
2024-11-13,Stable,0.8075832303110777
2024-11-14,Stable,0.8567799878144772
2024-11-15,Stable,0.9184234137097904
2024-11-18,Stable,0.9511082295642106
2024-11-19,Stable,0.9667024714712364
2024-11-20,Stable,0.9785786037492786
2024-11-21,Stable,0.9845252590342394
2024-11-22,Stable,0.9878378432122392
2024-11-25,Stable,0.9906320677816977
2024-11-26,Stable,0.9910507258964921
2024-11-27,Stable,0.9911552551226159
2024-11-28,Stable,0.98920704495087
2024-11-29,Stable,0.9864870291451868
2024-12-02,Stable,0.9841554136138546
2024-12-03,Stable,0.9890349302017958
2024-12-04,Stable,0.9907836124476429
2024-12-05,Stable,0.9936757523234194
2024-12-06,Stable,0.9955135157613331
2024-12-09,Stable,0.9962779074667889
2024-12-10,Stable,0.9967101870253033
2024-12-11,Stable,0.9968502470712359
2024-12-12,Stable,0.9967379029654192
2024-12-13,Stable,0.9962044441074203
2024-12-16,Stable,0.9951373915376367
2024-12-17,Stable,0.9940558747408201
2024-12-18,Stable,0.9921623086605353
2024-12-19,Stable,0.9877473930418618
2024-12-20,Stable,0.9910711713208215
2024-12-23,Stable,0.9930834848180948
2024-12-27,Stable,0.9935674134433914
2024-12-30,Stable,0.9934315318894215
2025-01-02,Stable,0.9925646923237835
2025-01-03,Stable,0.9903178525787165
2025-01-06,Stable,0.9876665342616755
2025-01-07,Stable,0.9915924273853028
2025-01-08,Stable,0.9937602981211142
2025-01-09,Stable,0.9943367058899777
2025-01-10,Stable,0.993640186912669
2025-01-13,Stable,0.9928037401057761
2025-01-14,Stable,0.991142851294279
2025-01-15,Stable,0.9880952070016443
2025-01-16,Stable,0.9907114182858431
2025-01-17,Stable,0.9909120986674668
2025-01-20,Stable,0.9933864842642566
2025-01-21,Stable,0.9942361868197834
2025-01-22,Stable,0.9936572930577056
2025-01-23,Stable,0.9941375834055076
2025-01-24,Stable,0.9943757994205636
2025-01-27,Stable,0.9933688223770607
2025-01-28,Stable,0.9922577600575486
2025-01-29,Stable,0.9901616789969448
2025-01-30,Stable,0.9882906604025617
2025-01-31,Stable,0.9830515015385322
2025-02-03,Stable,0.9713000729130824
2025-02-04,Stable,0.9717693803705211
2025-02-05,Stable,0.9658361394542826
2025-02-06,Stable,0.9504946127585389
2025-02-07,Stable,0.9438240151882108
2025-02-10,Stable,0.930485850762197
2025-02-11,Stable,0.9022753720171489
2025-02-12,Stable,0.8479357397872967
2025-02-13,Stable,0.741895888894568
2025-02-14,Stable,0.731177422262293
2025-02-17,Stable,0.7012742973671433
2025-02-18,Stable,0.6734313650645604
2025-02-19,Stable,0.6038499322044426
2025-02-20,Stable,0.6090032871086893
2025-02-21,Stable,0.5980112437965769
2025-02-24,Stable,0.5567516927302565
2025-02-25,Stable,0.5245191910517712
2025-02-26,Transitional,0.6952491048973101
2025-02-27,Transitional,0.7715102578003311
2025-02-28,Transitional,0.8323956223827941
2025-03-03,Transitional,0.9566747465883126
2025-03-04,Transitional,0.9482925555858168
2025-03-05,Transitional,0.9499083534338145
2025-03-06,Transitional,0.9649174616394152
2025-03-07,Transitional,0.9748295358647742
2025-03-10,Transitional,0.9783811413238559
2025-03-11,Transitional,0.9683424814647502
2025-03-12,Transitional,0.9467640411635702
2025-03-13,Transitional,0.9102593913487694
2025-03-14,Transitional,0.8919145600438017
2025-03-17,Transitional,0.829850465615728
2025-03-18,Transitional,0.797568082965956
2025-03-19,Transitional,0.7790206785515879
2025-03-20,Transitional,0.7794849348624053
2025-03-21,Transitional,0.7680767062639451
2025-03-24,Transitional,0.7730745147493442
2025-03-25,Transitional,0.8016986888683187
2025-03-26,Transitional,0.8352177632696245
2025-03-27,Transitional,0.8497280162636048
2025-03-28,Transitional,0.8604144189532793
2025-03-31,Transitional,0.8365763918098389
2025-04-01,Transitional,0.7413292840351448
2025-04-02,Transitional,0.5791082485032377
2025-04-03,Volatile,0.7816136268983489
2025-04-04,Volatile,0.9720267434104823
2025-04-07,Volatile,0.9781147272428545
2025-04-08,Volatile,0.9686914314844374
2025-04-09,Volatile,0.9580784043311907
2025-04-10,Volatile,0.9360859261568771
2025-04-11,Transitional,0.648933153747813
2025-04-14,Transitional,0.5046692290789683
2025-04-15,Transitional,0.7159104605607636
2025-04-16,Transitional,0.8323662200122703
2025-04-17,Transitional,0.8838413861868523
2025-04-22,Transitional,0.910972507156655
2025-04-23,Transitional,0.9356531754204823
2025-04-24,Stable,0.74263978255577
2025-04-25,Stable,0.6400863349936771
2025-04-28,Stable,0.5765469447252177
2025-04-29,Stable,0.5531136089652575
2025-04-30,Stable,0.5509372116352105
2025-05-02,Stable,0.5764766817679601
2025-05-05,Stable,0.6019434607746401
2025-05-06,Stable,0.7545939221627997
2025-05-07,Stable,0.8422275864301348
2025-05-08,Stable,0.8997288324413883
2025-05-09,Stable,0.9446296163324166
2025-05-12,Stable,0.9695505253566132
2025-05-13,Stable,0.9813457062729273
2025-05-14,Stable,0.9864559599766923
2025-05-15,Stable,0.9894671667077942
2025-05-16,Stable,0.9909229348573217
2025-05-19,Stable,0.9899438060398628
2025-05-20,Stable,0.9875076132906556
2025-05-21,Stable,0.9813571537809693
2025-05-22,Stable,0.9681443176396041
2025-05-23,Stable,0.9475219463124613
2025-05-26,Stable,0.9483651947756269
2025-05-27,Stable,0.9645990587818616
2025-05-28,Stable,0.9748404878336767
2025-05-29,Stable,0.9843555729734497
2025-05-30,Stable,0.9902358057984939
2025-06-02,Stable,0.9927197238425494
2025-06-03,Stable,0.9937921175858976
2025-06-04,Stable,0.9942399524672736
2025-06-05,Stable,0.9945875329405345
2025-06-06,Stable,0.9936044467853726
2025-06-09,Stable,0.990946845815587
2025-06-10,Stable,0.9875222043494731
2025-06-11,Stable,0.9848120192983308
2025-06-12,Stable,0.9777893716664748
2025-06-13,Stable,0.969981540970264
2025-06-16,Stable,0.9669897972349861
2025-06-17,Stable,0.9595463705473863
2025-06-18,Stable,0.9580728845824766
2025-06-19,Stable,0.9516519167117384
2025-06-20,Stable,0.9514008600246532
2025-06-23,Stable,0.954140544482237
2025-06-24,Stable,0.9501823109932861
2025-06-25,Stable,0.9576248922976219
2025-06-26,Stable,0.9613148080387449
2025-06-27,Stable,0.9590890750570917
2025-06-30,Stable,0.9682923552607555
2025-07-01,Stable,0.9731235833225841
2025-07-02,Stable,0.9811232270667142
2025-07-03,Stable,0.9841650193545798
2025-07-04,Stable,0.9841370217383398
2025-07-07,Stable,0.9831799912329895
2025-07-08,Stable,0.9843371926159927
2025-07-09,Stable,0.9822553718982118
2025-07-10,Stable,0.9851851132162244
2025-07-11,Stable,0.9855672643004264
2025-07-14,Stable,0.9871457134737037
2025-07-15,Stable,0.9866754261481037
2025-07-16,Stable,0.9841582950210033
2025-07-17,Stable,0.9774995242817813
2025-07-18,Stable,0.9778653740573505
2025-07-21,Stable,0.9742343818426802
2025-07-22,Stable,0.9630726860627342
2025-07-23,Stable,0.9575787946806897
2025-07-24,Stable,0.9469209302722454
2025-07-25,Stable,0.9210046758872085
2025-07-28,Stable,0.8726481294812193
2025-07-29,Stable,0.8307004712214745
2025-07-30,Stable,0.7761586525376687
2025-07-31,Stable,0.6589642731707753
2025-08-01,Stable,0.518449392629333
2025-08-04,Stable,0.644454248965241
2025-08-05,Stable,0.8064704489181947
2025-08-06,Stable,0.8863819414593058
2025-08-07,Stable,0.9247149667006389
2025-08-08,Stable,0.9588523024521498
2025-08-11,Stable,0.9757544993442868
2025-08-12,Stable,0.9851132975968101
2025-08-13,Stable,0.9898201535955656
2025-08-14,Stable,0.9925052243545218
2025-08-15,Stable,0.9946249011917792
2025-08-18,Stable,0.9954678083493707
2025-08-19,Stable,0.9956526538902518
2025-08-20,Stable,0.9952111338765964
2025-08-21,Stable,0.9954511466706075
2025-08-22,Stable,0.9947156203678532
2025-08-25,Stable,0.9926499158676589
2025-08-26,Stable,0.9893420883597889
2025-08-27,Stable,0.9845457523104444
2025-08-28,Stable,0.9765796877805267
2025-08-29,Stable,0.9593889026060888
2025-09-01,Stable,0.9339325784717809
2025-09-02,Stable,0.8857444257553637
2025-09-03,Stable,0.9307549811106853
2025-09-04,Stable,0.952893608757037
2025-09-05,Stable,0.9655423252831823
2025-09-08,Stable,0.9759395708851244
2025-09-09,Stable,0.9832525040370172
2025-09-10,Stable,0.9869471013587702
2025-09-11,Stable,0.9882103062074189
2025-09-12,Stable,0.9863039653483681
2025-09-15,Stable,0.9802308798581214
2025-09-16,Stable,0.9664835418956264
2025-09-17,Stable,0.9767770505123862
2025-09-18,Stable,0.9800955740677871
2025-09-19,Stable,0.9877208889717846
2025-09-22,Stable,0.9913054093639185
2025-09-23,Stable,0.9938225236051116
2025-09-24,Stable,0.9947375211166437
2025-09-25,Stable,0.9943995987129243
2025-09-26,Stable,0.9943714824339794
2025-09-29,Stable,0.9947527419747965
2025-09-30,Stable,0.9939117271182868
2025-10-01,Stable,0.9920668889646745
2025-10-02,Stable,0.9907918776963338
2025-10-03,Stable,0.9925468507668415
2025-10-06,Stable,0.9926433223659573
2025-10-07,Stable,0.990773515416989
2025-10-08,Stable,0.9858767432415202
2025-10-09,Stable,0.9792866763663953
2025-10-10,Stable,0.9645611295250034
2025-10-13,Stable,0.9662866235999782
2025-10-14,Stable,0.9623416281845462
2025-10-15,Stable,0.9551575088509557
2025-10-16,Stable,0.9378115267249407
2025-10-17,Stable,0.9005663877564652
2025-10-20,Stable,0.9088602835777195
2025-10-21,Stable,0.9475798239854261
2025-10-22,Stable,0.965778423344241
2025-10-23,Stable,0.9808834890903837
2025-10-24,Stable,0.9878884908802936
2025-10-27,Stable,0.9906356181452104
2025-10-28,Stable,0.9907513436354213
2025-10-29,Stable,0.9885534500328701
2025-10-30,Stable,0.98604272239504
2025-10-31,Stable,0.9790926953292943
2025-11-03,Stable,0.9703606670201698
2025-11-04,Stable,0.9551040910915821
2025-11-05,Stable,0.9369400776478759
2025-11-06,Stable,0.8987714721617008
2025-11-07,Stable,0.8819306950203543
2025-11-10,Stable,0.8573783819071767
2025-11-11,Stable,0.8537337952015506
2025-11-12,Stable,0.8334406106822395
2025-11-13,Stable,0.8136328619463644
2025-11-14,Stable,0.8166760220481423
2025-11-17,Stable,0.8123595716777974
2025-11-18,Stable,0.8200407366610565
2025-11-19,Stable,0.8957174653713409
2025-11-20,Stable,0.9324531814697878
2025-11-21,Stable,0.9503362905656776
2025-11-24,Stable,0.9662568064926889
2025-11-25,Stable,0.9742919158531265
2025-11-26,Stable,0.9805209083489348
2025-11-27,Stable,0.987386170490916
2025-11-28,Stable,0.9899429693462191
2025-12-01,Stable,0.9897152615934429
2025-12-02,Stable,0.993033029915886
2025-12-03,Stable,0.9947125908526533
2025-12-04,Stable,0.9952011957072079
2025-12-05,Stable,0.9959415640609711
2025-12-08,Stable,0.9965264636776131
2025-12-09,Stable,0.9966019409408048
2025-12-10,Stable,0.9965163541668265
2025-12-11,Stable,0.9961249835078712
2025-12-12,Stable,0.9958664722773439
2025-12-15,Stable,0.995838088508706
2025-12-16,Stable,0.994972627005819
2025-12-17,Stable,0.9948927427227853
2025-12-18,Stable,0.9949106302976812
2025-12-19,Stable,0.996094227083238
2025-12-22,Stable,0.9966581950434967
2025-12-23,Stable,0.9968328903074234
2025-12-29,Stable,0.9966606353113003
2025-12-30,Stable,0.9960530759281877
2026-01-02,Stable,0.9952202377744515
2026-01-05,Stable,0.9931829395060884
2026-01-06,Stable,0.9946688477775285
2026-01-07,Stable,0.9948210540964801
2026-01-08,Stable,0.9957395094616153
2026-01-09,Stable,0.9958198494767847
2026-01-12,Stable,0.995525599156674
2026-01-13,Stable,0.9948225076139005
2026-01-14,Stable,0.9927886279645204
2026-01-15,Stable,0.9904141034295574
2026-01-16,Stable,0.9847278711835749
2026-01-19,Stable,0.9737273412395974
2026-01-20,Stable,0.9731481564648876
2026-01-21,Stable,0.9762940533019442
2026-01-22,Stable,0.9772302625180261
2026-01-23,Stable,0.9801457135733125
2026-01-26,Stable,0.9779804656406922
2026-01-27,Stable,0.9695126720688667
2026-01-28,Stable,0.9512722440091973
2026-01-29,Stable,0.9168540214985769
2026-01-30,Stable,0.9404561186765169
2026-02-02,Stable,0.9572196162906954
2026-02-03,Stable,0.9714598409589238
2026-02-04,Stable,0.9771673812822993
2026-02-05,Stable,0.9820179329764931
2026-02-06,Stable,0.9841135043809929
2026-02-09,Stable,0.985557462525197
2026-02-10,Stable,0.9889607278997513
2026-02-11,Stable,0.989440431493527
2026-02-12,Stable,0.9891094594352974
2026-02-13,Stable,0.985708249515052
2026-02-16,Stable,0.977295572749844
2026-02-17,Stable,0.9635436799625419
2026-02-18,Stable,0.9416961601537334
2026-02-19,Stable,0.9176662593940036
2026-02-20,Stable,0.8947254376714674
2026-02-23,Stable,0.858476853926731
2026-02-24,Stable,0.8302516917254185
2026-02-25,Stable,0.7664252228385647
2026-02-26,Stable,0.6590335437769923
2026-02-27,Stable,0.551951046738717
2026-03-02,Transitional,0.9820894628391333
2026-03-03,Transitional,0.989210573203204
2026-03-04,Transitional,0.9903307643976851
2026-03-05,Transitional,0.9908448261284546
2026-03-06,Transitional,0.9874127348959303
2026-03-09,Transitional,0.985741113766291
2026-03-10,Transitional,0.9876064767469829
2026-03-11,Transitional,0.9696351912372825
2026-03-12,Transitional,0.935140685901264
2026-03-13,Transitional,0.9219469735468607
2026-03-16,Transitional,0.9192134141382404
2026-03-17,Transitional,0.9322133759960785
2026-03-18,Transitional,0.9624563517213768
2026-03-19,Transitional,0.9938840975312346
2026-03-20,Transitional,0.993511129139813
2026-03-23,Transitional,0.9855872141322692
2026-03-24,Transitional,0.9800774267516494
2026-03-25,Transitional,0.9830903203835681
2026-03-26,Transitional,0.9862494378464187
2026-03-27,Transitional,0.9849358575620943
2026-03-30,Transitional,0.9804884324568236
2026-03-31,Transitional,0.9775655642221867
2026-04-01,Transitional,0.9781577190947266
2026-04-02,Transitional,0.9704473651488663
2026-04-07,Transitional,0.9604507218620776
2026-04-08,Transitional,0.9414045770981979
2026-04-09,Transitional,0.8487049368258361
2026-04-10,Transitional,0.6960077004257316
2026-04-13,Transitional,0.6213189654619351
2026-04-14,Transitional,0.5861248716898037
2026-04-15,Transitional,0.5486573999117528
2026-04-16,Transitional,0.5423221987341532
2026-04-17,Transitional,0.562638731590862
2026-04-20,Transitional,0.5094169452195828
2026-04-21,Transitional,0.6087046124745217
2026-04-22,Transitional,0.673523977192674
2026-04-23,Transitional,0.704125323129343
2026-04-24,Transitional,0.70978355869513
2026-04-27,Transitional,0.6924984692030978
2026-04-28,Transitional,0.6452491343542027
2026-04-29,Transitional,0.5501006445506729
2026-04-30,Transitional,0.6317199130621378
2026-05-04,Transitional,0.7762605356427771
2026-05-05,Transitional,0.8708562549749076
2026-05-06,Transitional,0.9148940965874891
2026-05-07,Transitional,0.915093758965946
2026-05-08,Transitional,0.9155382816979584
2026-05-11,Transitional,0.9066145163692928
2026-05-12,Transitional,0.9154509294754575
2026-05-13,Transitional,0.9020073928816454
2026-05-14,Transitional,0.9021541285987967
2026-05-15,Transitional,0.9022841092652991
2026-05-18,Transitional,0.8122389718653504
2026-05-19,Transitional,0.6836493103298873
2026-05-20,Transitional,0.6235945732919393
2026-05-21,Transitional,0.5503989402598833
2026-05-22,Transitional,0.508465191419259
2026-05-25,Transitional,0.5259878575534104
2026-05-26,Stable,0.6910675101388737
2026-05-27,Stable,0.828020446385373
2026-05-28,Stable,0.8944645962426065
2026-05-29,Stable,0.9307135721165878
2026-06-01,Stable,0.946514826170414
2026-06-02,Stable,0.9536523119048002
2026-06-03,Stable,0.9526011287271369
2026-06-04,Stable,0.9629140142644204
2026-06-05,Stable,0.9662666242283355
2026-06-08,Stable,0.9686937390276179
2026-06-09,Stable,0.9682541554134418
2026-06-10,Stable,0.9670532045538353
2026-06-11,Stable,0.9686978707591878
2026-06-12,Stable,0.963242878682111
2026-06-15,Stable,0.9723827376440761
2026-06-16,Stable,0.9805685821799717
2026-06-17,Stable,0.9829567152894098
2026-06-18,Stable,0.9808491666184115
2026-06-19,Stable,0.9734566551934968
2026-06-22,Stable,0.9575449032439555
2026-06-23,Stable,0.9282234586342953
2026-06-24,Stable,0.9021972531204637
2026-06-25,Stable,0.8634915008749429
2026-06-26,Stable,0.8134472734995979
2026-06-29,Stable,0.7890793732255648
2026-06-30,Stable,0.7333672492577991
2026-07-01,Stable,0.6992730864681056
2026-07-02,Stable,0.6189886029120096
2026-07-03,Stable,0.6252943204205541
2026-07-06,Stable,0.614392543884405
2026-07-07,Stable,0.5711613567611962
2026-07-08,Stable,0.5579016149945641
2026-07-09,Stable,0.740627523319749
2026-07-10,Stable,0.8631679825688
2026-07-13,Stable,0.9264473201833218
2026-07-14,Stable,0.9564842527536481
2026-07-15,Stable,0.9700722405055069
2026-07-16,Stable,0.9793064334115628
2026-07-17,Stable,0.983732709813614
2026-07-20,Stable,0.9849824579585963
2026-07-21,Stable,0.9821848902850943
2026-07-22,Stable,0.9758418303364784
2026-07-23,Stable,0.9629257247560334
2026-07-24,Stable,0.9678642303867339
2026-07-27,Stable,0.977642650153735
2026-07-28,Stable,0.986528889202347
2026-07-29,Stable,0.9906943594094896
2026-07-30,Stable,0.9920332670044226
2026-07-31,Stable,0.9919937209125291
2026-08-03,Stable,0.9896910813294635
2026-08-04,Stable,0.9923149653922078
2026-08-05,Stable,0.9942459413472746
2026-08-06,Stable,0.9952823015176893
2026-08-07,Stable,0.9952695869100869
2026-08-10,Stable,0.9951334497732526
2026-08-11,Stable,0.9939029582056365
2026-08-12,Stable,0.9908900850073704
2026-08-13,Stable,0.9852256777031767
2026-08-14,Stable,0.973819633899996
