date,regime_label,regime_probability
2014-10-07,Transitional,1.0
2014-10-08,Transitional,0.9964695345474779
2014-10-09,Transitional,0.9960524711570673
2014-10-10,Transitional,0.9863898817552418
2014-10-13,Transitional,0.9578879204480144
2014-10-14,Transitional,0.927862861809547
2014-10-16,Transitional,0.9172981003840978
2014-10-17,Transitional,0.9022220558841033
2014-10-20,Transitional,0.7641456302599704
2014-10-21,Stable,0.5054107623870356
2014-10-22,Stable,0.733217348686826
2014-10-27,Stable,0.8439201123303932
2014-10-28,Stable,0.9036196978618521
2014-10-29,Stable,0.935204883700216
2014-10-30,Stable,0.9491645881349288
2014-10-31,Stable,0.955213011331596
2014-11-03,Stable,0.9711823681015296
2014-11-05,Stable,0.9783860005793156
2014-11-07,Stable,0.9863087501367802
2014-11-10,Stable,0.9892762871800269
2014-11-11,Stable,0.9902012279353033
2014-11-12,Stable,0.9894591954823242
2014-11-13,Stable,0.9890198816023853
2014-11-14,Stable,0.9880172328377844
2014-11-17,Stable,0.9846328648691758
2014-11-18,Stable,0.9759370037161507
2014-11-19,Stable,0.9569165472566713
2014-11-20,Stable,0.927066231194859
2014-11-21,Stable,0.8635062825929186
2014-11-24,Stable,0.8615142106358616
2014-11-25,Stable,0.8579749761909934
2014-11-26,Stable,0.8623371025141822
2014-11-27,Stable,0.8532177018796245
2014-11-28,Stable,0.8229321005687996
2014-12-01,Stable,0.8790502945949537
2014-12-02,Stable,0.9032011384649887
2014-12-03,Stable,0.9102960312560502
2014-12-04,Stable,0.9059617544203605
2014-12-05,Stable,0.8910498445352613
2014-12-08,Stable,0.8542553517413253
2014-12-09,Stable,0.8285818141678062
2014-12-10,Stable,0.8068183482291261
2014-12-11,Stable,0.7696364899322304
2014-12-12,Stable,0.6920485190011956
2014-12-15,Stable,0.5584077865884656
2014-12-16,Stable,0.7187669756699542
2014-12-17,Stable,0.6895988157368154
2014-12-18,Stable,0.6864186865196047
2014-12-19,Stable,0.5399193658545027
2014-12-22,Stable,0.5453159952617871
2014-12-23,Stable,0.6421590326878313
2014-12-24,Stable,0.707185182227826
2014-12-26,Stable,0.7375542532214311
2014-12-29,Stable,0.7431750209496991
2014-12-30,Stable,0.7287228194309223
2014-12-31,Stable,0.6909918433743366
2015-01-01,Stable,0.6082164585712326
2015-01-02,Stable,0.5728976797407651
2015-01-05,Stable,0.6970430696015031
2015-01-06,Transitional,0.9528061958519979
2015-01-07,Transitional,0.9455423528787704
2015-01-08,Transitional,0.9460261400510702
2015-01-09,Transitional,0.9252465244161117
2015-01-12,Transitional,0.9199582319566825
2015-01-13,Transitional,0.9250431006328881
2015-01-14,Transitional,0.9438812384560505
2015-01-15,Transitional,0.9810072146768296
2015-01-16,Transitional,0.9436603162363445
2015-01-19,Transitional,0.9293749959548808
2015-01-20,Transitional,0.9246681147401248
2015-01-21,Transitional,0.9071258962562401
2015-01-22,Transitional,0.9063747063616981
2015-01-23,Transitional,0.9220722334479791
2015-01-27,Transitional,0.9557293320361494
2015-01-28,Transitional,0.955626816213089
2015-01-29,Transitional,0.9666189553850928
2015-01-30,Transitional,0.9964463171022107
2015-02-02,Transitional,0.9915184094318018
2015-02-03,Transitional,0.9923231239680956
2015-02-04,Transitional,0.9739310937264075
2015-02-05,Transitional,0.9583221632818321
2015-02-06,Transitional,0.9523307783034378
2015-02-09,Transitional,0.9424192334070223
2015-02-10,Transitional,0.884309955178517
2015-02-11,Transitional,0.756273856377273
2015-02-12,Transitional,0.6705838110272865
2015-02-13,Transitional,0.6151860125805584
2015-02-16,Transitional,0.5677176524879377
2015-02-18,Transitional,0.5321696794798727
2015-02-19,Transitional,0.5229714751010089
2015-02-20,Transitional,0.5312254485697923
2015-02-23,Transitional,0.5582810004266129
2015-02-24,Transitional,0.599984029418634
2015-02-25,Transitional,0.6947337849536206
2015-02-26,Transitional,0.8300238634823126
2015-02-27,Transitional,0.9762319983987762
2015-03-02,Transitional,0.9779036698070211
2015-03-03,Transitional,0.9822404445322135
2015-03-04,Transitional,0.9855890407506236
2015-03-05,Transitional,0.9845023435220261
2015-03-09,Transitional,0.988377336697539
2015-03-10,Transitional,0.9021586912908951
2015-03-11,Transitional,0.8564984508276579
2015-03-12,Transitional,0.8401673444832491
2015-03-13,Transitional,0.8421716329818397
2015-03-16,Transitional,0.8114503892680366
2015-03-17,Transitional,0.8051746122453658
2015-03-18,Transitional,0.8057612744970307
2015-03-19,Transitional,0.8272167218009002
2015-03-20,Transitional,0.8244016512497812
2015-03-23,Transitional,0.8239748321363495
2015-03-24,Transitional,0.832392019033097
2015-03-25,Transitional,0.8559672732124256
2015-03-26,Transitional,0.9143375517838587
2015-03-27,Transitional,0.8946499914781516
2015-03-30,Transitional,0.8813369646253947
2015-03-31,Transitional,0.8535378000737004
2015-04-01,Transitional,0.8366034120205021
2015-04-06,Transitional,0.7400013157338353
2015-04-07,Transitional,0.6981612625333231
2015-04-08,Transitional,0.6748185660822639
2015-04-09,Transitional,0.6742650731852691
2015-04-10,Transitional,0.5649587093602753
2015-04-13,Transitional,0.5100928167408191
2015-04-15,Transitional,0.5082290787859727
2015-04-16,Transitional,0.5062921550698646
2015-04-17,Transitional,0.5168463067975633
2015-04-20,Transitional,0.5183864120336762
2015-04-21,Transitional,0.5140412249643241
2015-04-22,Transitional,0.5350982523939154
2015-04-23,Transitional,0.5823790970850526
2015-04-24,Transitional,0.6917445169328873
2015-04-27,Transitional,0.7739383755343231
2015-04-28,Transitional,0.8389491060581489
2015-04-29,Transitional,0.8209353285723495
2015-04-30,Transitional,0.8234153063626867
2015-05-04,Transitional,0.8483546020835341
2015-05-05,Transitional,0.893899830768909
2015-05-06,Transitional,0.991930051405685
2015-05-07,Transitional,0.9920807425122837
2015-05-08,Transitional,0.9918798674256312
2015-05-11,Transitional,0.9915657144951694
2015-05-12,Transitional,0.9908026820358193
2015-05-13,Transitional,0.9581037296178405
2015-05-14,Stable,0.579214438220402
2015-05-15,Stable,0.5960709289676177
2015-05-18,Stable,0.6789626479195152
2015-05-19,Stable,0.757734798387671
2015-05-20,Stable,0.7939470021670144
2015-05-21,Stable,0.8150373730614016
2015-05-22,Stable,0.8177449108801593
2015-05-25,Stable,0.8060537858360213
2015-05-26,Stable,0.7791430048309554
2015-05-27,Stable,0.7141115397596424
2015-05-28,Stable,0.6301867132882695
2015-05-29,Stable,0.5224603849279936
2015-06-01,Stable,0.6548329183842116
2015-06-02,Stable,0.883470899421758
2015-06-03,Stable,0.7807439990632823
2015-06-04,Stable,0.624728670689462
2015-06-05,Stable,0.5541957421114985
2015-06-08,Stable,0.5023259385368002
2015-06-09,Stable,0.5342282820035805
2015-06-10,Stable,0.5386943543013937
2015-06-11,Stable,0.5387145136036027
2015-06-12,Stable,0.6632645480242276
2015-06-15,Stable,0.7742843581337248
2015-06-16,Stable,0.8311122214185842
2015-06-17,Stable,0.8633332279024507
2015-06-18,Stable,0.8743972310748203
2015-06-19,Stable,0.8757862455232422
2015-06-22,Stable,0.8675314728674643
2015-06-23,Stable,0.930945229625645
2015-06-24,Stable,0.9606265505578114
2015-06-25,Stable,0.9743632064226115
2015-06-26,Stable,0.9813744226068779
2015-06-29,Stable,0.98553819226347
2015-06-30,Stable,0.9881226080026646
2015-07-01,Stable,0.987348661367911
2015-07-02,Stable,0.9904690642741326
2015-07-03,Stable,0.9906119818806588
2015-07-06,Stable,0.9892949327536925
2015-07-07,Stable,0.9849846648449014
2015-07-08,Stable,0.9749793075673964
2015-07-09,Stable,0.9781233324962897
2015-07-10,Stable,0.975946811181524
2015-07-13,Stable,0.9731790155744975
2015-07-14,Stable,0.9673691643228819
2015-07-15,Stable,0.9562574719403107
2015-07-16,Stable,0.9300033991516973
2015-07-17,Stable,0.92278659631184
2015-07-20,Stable,0.9034504251206886
2015-07-21,Stable,0.8624818712781492
2015-07-22,Stable,0.8485517745194315
2015-07-23,Stable,0.839214004019777
2015-07-24,Stable,0.819088779571216
2015-07-27,Stable,0.803727947532735
2015-07-28,Stable,0.8586547273175954
2015-07-29,Stable,0.8827413944184422
2015-07-30,Stable,0.8889408129364291
2015-07-31,Stable,0.8837719075541141
2015-08-03,Stable,0.8858077695081326
2015-08-04,Stable,0.8813183363020519
2015-08-05,Stable,0.8600383843601386
2015-08-06,Stable,0.8118342547541997
2015-08-07,Stable,0.7139634485693563
2015-08-10,Stable,0.5639456702138399
2015-08-11,Transitional,0.7510995932300771
2015-08-12,Transitional,0.9779735778396044
2015-08-13,Transitional,0.9789185047632292
2015-08-14,Transitional,0.9851457373402758
2015-08-17,Transitional,0.9680176725242954
2015-08-18,Transitional,0.9578704261943898
2015-08-19,Transitional,0.9460713798463206
2015-08-20,Transitional,0.9144367509193138
2015-08-21,Transitional,0.8486856604030371
2015-08-24,Transitional,0.6971102211419498
2015-08-25,Transitional,0.8178335824428299
2015-08-26,Transitional,0.9015267980534298
2015-08-27,Transitional,0.9409540609864697
2015-08-28,Transitional,0.9586830891784954
2015-08-31,Transitional,0.9686071932870577
2015-09-01,Transitional,0.9797457990858276
2015-09-02,Transitional,0.9855142620287528
2015-09-03,Transitional,0.9883007384222754
2015-09-04,Transitional,0.9899133933329864
2015-09-07,Transitional,0.9910019286998323
2015-09-08,Transitional,0.9914071836190208
2015-09-09,Transitional,0.9849694203457742
2015-09-10,Transitional,0.9716549662397734
2015-09-11,Transitional,0.968712852900067
2015-09-14,Transitional,0.9756926902785504
2015-09-15,Transitional,0.9779276471435228
2015-09-16,Transitional,0.9830574313390431
2015-09-18,Transitional,0.9900943847595813
2015-09-21,Transitional,0.9833330740672572
2015-09-22,Transitional,0.9825742519005555
2015-09-23,Transitional,0.8305513695473774
2015-09-24,Transitional,0.68839652405413
2015-09-28,Transitional,0.6175937341255514
2015-09-29,Transitional,0.5801908578448376
2015-09-30,Transitional,0.5574956390433026
2015-10-01,Transitional,0.5568811270185581
2015-10-05,Transitional,0.5776921322829618
2015-10-06,Stable,0.6905893754525334
2015-10-07,Stable,0.832699061667156
2015-10-08,Stable,0.8982657783076278
2015-10-09,Stable,0.9454151301767091
2015-10-12,Stable,0.9707924037117217
2015-10-13,Stable,0.9824266845504249
2015-10-14,Stable,0.9875090274594662
2015-10-15,Stable,0.9887017658917437
2015-10-16,Stable,0.988284898534512
2015-10-19,Stable,0.9891977677878968
2015-10-20,Stable,0.9876038251301971
2015-10-21,Stable,0.9821610064980986
2015-10-23,Stable,0.9737077376868957
2015-10-26,Stable,0.9656015729154133
2015-10-27,Stable,0.9520725896392888
2015-10-28,Stable,0.9213373862213365
2015-10-29,Stable,0.9463078850266999
2015-10-30,Stable,0.9670348758039159
2015-11-02,Stable,0.9793683207939429
2015-11-03,Stable,0.9843741123075183
2015-11-04,Stable,0.9849949389135846
2015-11-05,Stable,0.9836123527984708
2015-11-06,Stable,0.9862450152682051
2015-11-09,Stable,0.9856644046786425
2015-11-10,Stable,0.9824538613970404
2015-11-13,Stable,0.9797505100785973
2015-11-16,Stable,0.9720778934967129
2015-11-17,Stable,0.9682638333657623
2015-11-18,Stable,0.9569373417268046
2015-11-19,Stable,0.9654012011998154
2015-11-20,Stable,0.9796476594962281
2015-11-23,Stable,0.9858650719356195
2015-11-24,Stable,0.9875250655923785
2015-11-26,Stable,0.9866894721380987
2015-11-27,Stable,0.9818368182013097
2015-11-30,Stable,0.9870513668568986
2015-12-01,Stable,0.9883131902518301
2015-12-02,Stable,0.9865102888795102
2015-12-03,Stable,0.9859090034474552
2015-12-04,Stable,0.9835138753896447
2015-12-07,Stable,0.9843644277848647
2015-12-08,Stable,0.9810326142299257
2015-12-09,Stable,0.9769124596821307
2015-12-10,Stable,0.9713596961523232
2015-12-11,Stable,0.9568415587934003
2015-12-14,Stable,0.9729789226849331
2015-12-15,Stable,0.9794853994372181
2015-12-16,Stable,0.9804811673936548
2015-12-17,Stable,0.9808736947139745
2015-12-18,Stable,0.9796853111373002
2015-12-21,Stable,0.9779675078954703
2015-12-22,Stable,0.9785231154187142
2015-12-23,Stable,0.9752914043407764
2015-12-24,Stable,0.9678996830410724
2015-12-28,Stable,0.9525851423144542
2015-12-29,Stable,0.9303007252321155
2015-12-30,Stable,0.8806333090693517
2015-12-31,Stable,0.7883326041490744
2016-01-01,Stable,0.5897185746622052
2016-01-04,Transitional,0.77325938691092
2016-01-05,Transitional,0.7874024425591781
2016-01-06,Transitional,0.8265754332900955
2016-01-07,Transitional,0.8935383823962395
2016-01-08,Transitional,0.8964540764933133
2016-01-11,Transitional,0.9171454110015584
2016-01-12,Transitional,0.9511304267746606
2016-01-13,Transitional,0.9623863207963986
2016-01-14,Transitional,0.9854254779906073
2016-01-15,Transitional,0.9962537759650885
2016-01-18,Transitional,0.9951229465057674
2016-01-19,Transitional,0.995206785568158
2016-01-20,Transitional,0.9956871123084768
2016-01-21,Transitional,0.9901089534306303
2016-01-22,Transitional,0.988155233181024
2016-01-25,Transitional,0.9525606741261917
2016-01-27,Transitional,0.9385591907213685
2016-01-28,Transitional,0.9385473295993538
2016-01-29,Transitional,0.9428240915651447
2016-02-01,Transitional,0.9567455422597474
2016-02-02,Transitional,0.9674390515541609
2016-02-03,Transitional,0.9706870584922145
2016-02-04,Transitional,0.9692313650969187
2016-02-05,Transitional,0.9783463159476335
2016-02-08,Transitional,0.9797300223713681
2016-02-09,Transitional,0.9862969853176563
2016-02-10,Transitional,0.993711687284773
2016-02-11,Transitional,0.9940766868637714
2016-02-12,Transitional,0.9936245429740954
2016-02-15,Transitional,0.9949980843821318
2016-02-16,Transitional,0.9914442982802232
2016-02-17,Transitional,0.9737230367378668
2016-02-18,Transitional,0.9676101046142741
2016-02-19,Transitional,0.9646491836076005
2016-02-22,Transitional,0.9722506044143987
2016-02-23,Transitional,0.9948259754992448
2016-02-24,Transitional,0.9945534773648999
2016-02-25,Transitional,0.9935227592842985
2016-02-26,Transitional,0.990382090851627
2016-02-29,Transitional,0.9851502042146707
2016-03-01,Transitional,0.9756814584119683
2016-03-02,Transitional,0.969451248581106
2016-03-03,Stable,0.6904345216993122
2016-03-04,Stable,0.5451759896029523
2016-03-08,Stable,0.5586019908699058
2016-03-09,Stable,0.6857118690043479
2016-03-10,Stable,0.7628919287078539
2016-03-11,Stable,0.8093519352836018
2016-03-14,Stable,0.8271977921781849
2016-03-15,Stable,0.830739600202545
2016-03-16,Stable,0.8169358825939457
2016-03-17,Stable,0.7888952321692795
2016-03-18,Stable,0.7236438875075483
2016-03-21,Stable,0.6593033035732009
2016-03-22,Stable,0.6252017395120195
2016-03-23,Stable,0.5427167604411312
2016-03-28,Stable,0.6229405029097578
2016-03-29,Stable,0.6800199528264623
2016-03-30,Stable,0.8046196806029822
2016-03-31,Stable,0.7763306888447387
2016-04-01,Stable,0.7726465858466495
2016-04-04,Stable,0.7913971819795675
2016-04-05,Stable,0.8440881061283603
2016-04-06,Stable,0.6844327258167574
2016-04-07,Stable,0.60305946193808
2016-04-08,Stable,0.5541439977358984
2016-04-11,Stable,0.539138580557502
2016-04-12,Stable,0.5119079631512323
2016-04-13,Stable,0.5103401794301845
2016-04-18,Stable,0.6162618541719692
2016-04-20,Stable,0.6798425494941233
2016-04-21,Stable,0.7133389360878007
2016-04-22,Stable,0.7794074911945469
2016-04-25,Stable,0.8081525901908398
2016-04-26,Stable,0.8154912702738331
2016-04-27,Stable,0.8531942321660252
2016-04-28,Stable,0.8777499330114845
2016-04-29,Stable,0.8969956973044279
2016-05-02,Stable,0.9016581660324875
2016-05-03,Stable,0.9198133763497338
2016-05-04,Stable,0.9344763182204606
2016-05-05,Stable,0.9424530414026131
2016-05-06,Stable,0.9403891731160634
2016-05-09,Stable,0.9269511490543875
2016-05-10,Stable,0.9496767876595656
2016-05-11,Stable,0.9601799938632597
2016-05-12,Stable,0.9623590005360051
2016-05-13,Stable,0.9618362881572657
2016-05-16,Stable,0.9647422929216823
2016-05-17,Stable,0.9602682431261851
2016-05-18,Stable,0.9456587313034257
2016-05-19,Stable,0.9137499319080723
2016-05-20,Stable,0.876977751490392
2016-05-23,Stable,0.8105488515100823
2016-05-24,Stable,0.687607866990312
2016-05-25,Stable,0.5715304168954505
2016-05-26,Stable,0.5138597351276364
2016-05-27,Stable,0.6959264195602269
2016-05-30,Stable,0.8263680177932848
2016-05-31,Stable,0.8863088209539434
2016-06-01,Stable,0.9159975889767886
2016-06-02,Stable,0.9471944686636337
2016-06-03,Stable,0.9656098801018053
2016-06-06,Stable,0.9747018462272967
2016-06-07,Stable,0.976999957455146
2016-06-08,Stable,0.9841250261466996
2016-06-09,Stable,0.9861943040541464
2016-06-10,Stable,0.9851803099121645
2016-06-13,Stable,0.9806170319225107
2016-06-14,Stable,0.9803556984684276
2016-06-15,Stable,0.9753437718197984
2016-06-16,Stable,0.972607114813457
2016-06-17,Stable,0.9753921292299153
2016-06-20,Stable,0.9723428743778726
2016-06-21,Stable,0.9615737570238333
2016-06-22,Stable,0.9424060553896726
2016-06-23,Stable,0.8997285218660256
2016-06-24,Stable,0.8667222093589243
2016-06-27,Stable,0.9265102267273579
2016-06-28,Stable,0.9561057740007313
2016-06-29,Stable,0.9691600297212952
2016-06-30,Stable,0.9755999649395836
2016-07-01,Stable,0.9843486947408449
2016-07-04,Stable,0.9875952143379043
2016-07-05,Stable,0.9880822479528769
2016-07-07,Stable,0.9865804169677308
2016-07-08,Stable,0.9812252203094799
2016-07-11,Stable,0.9702262121226239
2016-07-12,Stable,0.9745976625253139
2016-07-13,Stable,0.9830812289471768
2016-07-14,Stable,0.9864812284232527
2016-07-15,Stable,0.9913703118170019
2016-07-18,Stable,0.9934265068090414
2016-07-19,Stable,0.9935885508644245
2016-07-20,Stable,0.9918568290239874
2016-07-21,Stable,0.987220281911893
2016-07-22,Stable,0.9891310190310104
2016-07-25,Stable,0.9878376587944498
2016-07-26,Stable,0.9908096333303459
2016-07-27,Stable,0.9928082564340829
2016-07-28,Stable,0.9939939683352735
2016-07-29,Stable,0.9933956619044882
2016-08-01,Stable,0.9923075226763072
2016-08-02,Stable,0.9932224334937914
2016-08-03,Stable,0.992279940763507
2016-08-04,Stable,0.9902476159582017
2016-08-05,Stable,0.984899237883656
2016-08-08,Stable,0.9881293140833656
2016-08-09,Stable,0.9878250904635335
2016-08-10,Stable,0.9838890547982969
2016-08-11,Stable,0.9864015447209853
2016-08-12,Stable,0.9851707888534234
2016-08-16,Stable,0.9901367903754944
2016-08-17,Stable,0.9916423789645727
2016-08-18,Stable,0.990612355094689
2016-08-19,Stable,0.9939414407685551
2016-08-22,Stable,0.9951735731383986
2016-08-23,Stable,0.9956312853684715
2016-08-24,Stable,0.9948197875437829
2016-08-25,Stable,0.9922359214454248
2016-08-26,Stable,0.9869152614429004
2016-08-29,Stable,0.9782101388165791
2016-08-30,Stable,0.9588884695600338
2016-08-31,Stable,0.9486482749459282
2016-09-01,Stable,0.9391279481426815
2016-09-02,Stable,0.9141465360283
2016-09-06,Stable,0.8617420796795322
2016-09-07,Stable,0.8890880246732504
2016-09-08,Stable,0.8980097091791591
2016-09-09,Stable,0.8933102892424798
2016-09-12,Stable,0.8837096867948163
2016-09-14,Stable,0.9323697283504598
2016-09-15,Stable,0.9572924302957126
2016-09-16,Stable,0.9695724855787157
2016-09-19,Stable,0.973355436264089
2016-09-20,Stable,0.9710762108447379
2016-09-21,Stable,0.962355116945122
2016-09-22,Stable,0.9416861413493083
2016-09-23,Stable,0.9244333202195979
2016-09-26,Stable,0.9062587201248512
2016-09-27,Stable,0.9032377479301853
2016-09-28,Stable,0.8882047579147279
2016-09-29,Stable,0.8562092612880152
2016-09-30,Stable,0.891545249309911
2016-10-03,Stable,0.9068459675114373
2016-10-04,Stable,0.9313439645221484
2016-10-05,Stable,0.9408987678007216
2016-10-06,Stable,0.9449265617962266
2016-10-07,Stable,0.944663753901116
2016-10-10,Stable,0.9341497906750517
2016-10-13,Stable,0.9076519277111486
2016-10-14,Stable,0.9235340320727953
2016-10-17,Stable,0.9266117960161323
2016-10-18,Stable,0.9183711214958793
2016-10-19,Stable,0.9403396180204506
2016-10-20,Stable,0.9505477833751498
2016-10-21,Stable,0.9606782813853388
2016-10-24,Stable,0.9621956134606346
2016-10-25,Stable,0.9568209821278405
2016-10-26,Stable,0.940371709386529
2016-10-27,Stable,0.9428341567937268
2016-10-28,Stable,0.9353072225559349
2016-11-01,Stable,0.9132457645401827
2016-11-02,Stable,0.8723000511720754
2016-11-03,Stable,0.8362287911609676
2016-11-04,Stable,0.7605934275336665
2016-11-07,Stable,0.6362968435024399
2016-11-08,Stable,0.5421490328171462
2016-11-09,Stable,0.6260353399843624
2016-11-10,Transitional,0.9902466012461939
2016-11-11,Transitional,0.9937683686458254
2016-11-15,Transitional,0.9915575308678717
2016-11-16,Transitional,0.9636050335642921
2016-11-17,Transitional,0.9426018610228842
2016-11-18,Transitional,0.9375291455218818
2016-11-21,Transitional,0.9408666071635079
2016-11-22,Stable,0.812741771799496
2016-11-23,Stable,0.7498686800679135
2016-11-24,Stable,0.725682409707404
2016-11-25,Stable,0.6752468254378106
2016-11-28,Stable,0.6247842357225489
2016-11-29,Stable,0.5757302454851156
2016-11-30,Stable,0.5554862458852727
2016-12-01,Stable,0.5585401181711876
2016-12-02,Stable,0.6658381739129506
2016-12-05,Stable,0.7565664468612022
2016-12-06,Stable,0.8117129422001585
2016-12-07,Stable,0.8338429798275754
2016-12-08,Stable,0.85320964587708
2016-12-09,Stable,0.8817265205271816
2016-12-12,Stable,0.8993102713036518
2016-12-13,Stable,0.9448246332285357
2016-12-14,Stable,0.9663988744950384
2016-12-15,Stable,0.9803686296019685
2016-12-16,Stable,0.9864725776425477
2016-12-19,Stable,0.9894590107564478
2016-12-20,Stable,0.9898163396946988
2016-12-21,Stable,0.9914422157556223
2016-12-22,Stable,0.9904572122680312
2016-12-23,Stable,0.9910606970391647
2016-12-26,Stable,0.9890059480158788
2016-12-27,Stable,0.9902985895446995
2016-12-28,Stable,0.9928612430480261
2016-12-29,Stable,0.9931473283773578
2016-12-30,Stable,0.992879608836387
2017-01-02,Stable,0.9916806661411467
2017-01-03,Stable,0.992629710943527
2017-01-04,Stable,0.9914820698146485
2017-01-05,Stable,0.990269829745535
2017-01-06,Stable,0.9902747396500338
2017-01-09,Stable,0.9889360077098043
2017-01-10,Stable,0.9838507978248217
2017-01-11,Stable,0.9740303005473996
2017-01-12,Stable,0.9835560003529197
2017-01-13,Stable,0.9871456036345978
2017-01-16,Stable,0.9869662320695499
2017-01-17,Stable,0.9858169579819239
2017-01-18,Stable,0.9806023822143499
2017-01-19,Stable,0.9690146729437961
2017-01-20,Stable,0.9446790938092173
2017-01-23,Stable,0.9366841607704071
2017-01-24,Stable,0.9138571169458115
2017-01-25,Stable,0.8785801326733607
2017-01-27,Stable,0.8890381440912299
2017-01-30,Stable,0.8970549021102984
2017-01-31,Stable,0.8968323180042327
2017-02-01,Stable,0.8846910446755711
2017-02-02,Stable,0.9407199128816999
2017-02-03,Stable,0.966681568468067
2017-02-06,Stable,0.9802841645778704
2017-02-07,Stable,0.9889244865972902
2017-02-08,Stable,0.993060158536577
2017-02-09,Stable,0.9952994383515152
2017-02-10,Stable,0.996721839367114
2017-02-13,Stable,0.9972977047324967
2017-02-14,Stable,0.9973107812982345
2017-02-15,Stable,0.9967750830960993
2017-02-16,Stable,0.996057382167762
2017-02-17,Stable,0.9942685095593955
2017-02-20,Stable,0.9954977243625713
2017-02-21,Stable,0.9958997380533483
2017-02-22,Stable,0.9963760611958755
2017-02-23,Stable,0.9958893145363791
2017-02-27,Stable,0.9941396469026061
2017-02-28,Stable,0.9953025562910507
2017-03-01,Stable,0.995099393949599
2017-03-02,Stable,0.9946786779307842
2017-03-03,Stable,0.9960201641806882
2017-03-06,Stable,0.996570065831253
2017-03-07,Stable,0.9971590386491259
2017-03-08,Stable,0.997264676661636
2017-03-09,Stable,0.9968138531352011
2017-03-10,Stable,0.995523212847887
2017-03-14,Stable,0.9925995122917887
2017-03-15,Stable,0.9953127510249353
2017-03-16,Stable,0.9964084798054323
2017-03-17,Stable,0.9967009647779228
2017-03-20,Stable,0.9965858302297206
2017-03-21,Stable,0.9959276715947987
2017-03-22,Stable,0.9947001271084214
2017-03-23,Stable,0.995542669151404
2017-03-24,Stable,0.9954788651154969
2017-03-27,Stable,0.9961397374591646
2017-03-28,Stable,0.9961059627594954
2017-03-29,Stable,0.9959446095004384
2017-03-30,Stable,0.995552139750297
2017-03-31,Stable,0.9958428393828105
2017-04-03,Stable,0.9967835329827969
2017-04-05,Stable,0.997138963787956
2017-04-06,Stable,0.9970972093460339
2017-04-07,Stable,0.9965088252136275
2017-04-10,Stable,0.9969615708526803
2017-04-11,Stable,0.9968530262769004
2017-04-12,Stable,0.9974163375524409
2017-04-13,Stable,0.9977853857433728
2017-04-17,Stable,0.9978374158694115
2017-04-18,Stable,0.9977456802095844
2017-04-19,Stable,0.9973117804820029
2017-04-20,Stable,0.9970509384469864
2017-04-21,Stable,0.9964176930517964
2017-04-24,Stable,0.9947633777069255
2017-04-25,Stable,0.9954668086608797
2017-04-26,Stable,0.9961728949891618
2017-04-27,Stable,0.9968918246926314
2017-04-28,Stable,0.9969665990928221
2017-05-02,Stable,0.9963160251046985
2017-05-03,Stable,0.9946266070668178
2017-05-04,Stable,0.991022172533802
2017-05-05,Stable,0.9938571506254963
2017-05-08,Stable,0.9955597394424501
2017-05-09,Stable,0.9966363034663146
2017-05-10,Stable,0.9970861124054323
2017-05-11,Stable,0.997189901374116
2017-05-12,Stable,0.9967297177252603
2017-05-15,Stable,0.9965429807174644
2017-05-16,Stable,0.9960166786295692
2017-05-17,Stable,0.9945485940524622
2017-05-18,Stable,0.9910096977679536
2017-05-19,Stable,0.9887760779390351
2017-05-22,Stable,0.9825797815942835
2017-05-23,Stable,0.9716096993746551
2017-05-24,Stable,0.9496056080015318
2017-05-25,Stable,0.9042125261000339
2017-05-26,Stable,0.9438514864856294
2017-05-29,Stable,0.9659484297094697
2017-05-30,Stable,0.98166837366036
2017-05-31,Stable,0.9896059861981051
2017-06-01,Stable,0.9935082591696002
2017-06-02,Stable,0.995918122578714
2017-06-05,Stable,0.9969831941942147
2017-06-06,Stable,0.9973927732876271
2017-06-07,Stable,0.9974420739093195
2017-06-08,Stable,0.9974706604089248
2017-06-09,Stable,0.9971297219712024
2017-06-12,Stable,0.9966517393057336
2017-06-13,Stable,0.9974008352001974
2017-06-14,Stable,0.9976272079568425
2017-06-15,Stable,0.9974582734446591
2017-06-16,Stable,0.9973635379947494
2017-06-19,Stable,0.9969504174331888
2017-06-20,Stable,0.9972806814553914
2017-06-21,Stable,0.9972041267637541
2017-06-22,Stable,0.9965157070518393
2017-06-23,Stable,0.9947799051468018
2017-06-27,Stable,0.9934492310547358
2017-06-28,Stable,0.996014422788268
2017-06-29,Stable,0.9971768875891457
2017-06-30,Stable,0.9976947924150336
2017-07-03,Stable,0.9978956849148332
2017-07-04,Stable,0.9978752424339858
2017-07-05,Stable,0.9978051440405108
2017-07-06,Stable,0.997789594712249
2017-07-07,Stable,0.9976779937696996
2017-07-10,Stable,0.9972499071842819
2017-07-11,Stable,0.9974687341651683
2017-07-12,Stable,0.9976324718607719
2017-07-13,Stable,0.9976029528000386
2017-07-14,Stable,0.9979507234143161
2017-07-17,Stable,0.99808010849499
2017-07-18,Stable,0.9981205168709548
2017-07-19,Stable,0.9980469759733892
2017-07-20,Stable,0.9980723721833149
2017-07-21,Stable,0.9979693588952244
2017-07-24,Stable,0.9976543612306238
2017-07-25,Stable,0.997451350949231
2017-07-26,Stable,0.9968897848045215
2017-07-27,Stable,0.9959835515631467
2017-07-28,Stable,0.9956130550845583
2017-07-31,Stable,0.9946398879081504
2017-08-01,Stable,0.9947033204770057
2017-08-02,Stable,0.9931161441357842
2017-08-03,Stable,0.9894343604508605
2017-08-04,Stable,0.9915026448408528
2017-08-07,Stable,0.9916797260887709
2017-08-08,Stable,0.989368659111927
2017-08-09,Stable,0.9899831837097329
2017-08-10,Stable,0.9910827073434096
2017-08-11,Stable,0.9912888531855357
2017-08-14,Stable,0.9923573435336113
2017-08-16,Stable,0.9915949134354046
2017-08-17,Stable,0.9926437242906981
2017-08-18,Stable,0.9938727222805988
2017-08-21,Stable,0.994784606198265
2017-08-22,Stable,0.995240524410221
2017-08-23,Stable,0.994272773710035
2017-08-24,Stable,0.9957262277011091
2017-08-28,Stable,0.9960707449392718
2017-08-29,Stable,0.9955067571546856
2017-08-30,Stable,0.9964427128478102
2017-08-31,Stable,0.9971600989336896
2017-09-01,Stable,0.9972448462694963
2017-09-04,Stable,0.9969647368005975
2017-09-05,Stable,0.9975214716770318
2017-09-06,Stable,0.997723903910255
2017-09-07,Stable,0.9977461951118244
2017-09-08,Stable,0.9974321254181426
2017-09-11,Stable,0.99662898051009
2017-09-12,Stable,0.9973161183282101
2017-09-13,Stable,0.9976234162404395
2017-09-14,Stable,0.9975386985808496
2017-09-15,Stable,0.997073862149996
2017-09-18,Stable,0.9961804751204607
2017-09-19,Stable,0.9951677314841851
2017-09-20,Stable,0.9925083902164568
2017-09-21,Stable,0.9872843805548807
2017-09-22,Stable,0.9796213731944672
2017-09-25,Stable,0.9829183663765376
2017-09-26,Stable,0.9854305148322221
2017-09-27,Stable,0.983903656336938
2017-09-28,Stable,0.9902575345707476
2017-09-29,Stable,0.994354103666698
2017-10-03,Stable,0.9961597321427633
2017-10-04,Stable,0.9967916091250378
2017-10-05,Stable,0.9966328318119451
2017-10-06,Stable,0.9958256088198036
2017-10-09,Stable,0.9941013323724943
2017-10-10,Stable,0.9900816161074302
2017-10-11,Stable,0.9816632686806607
2017-10-12,Stable,0.9732841681995565
2017-10-13,Stable,0.9620812100849846
2017-10-16,Stable,0.9524042937842961
2017-10-17,Stable,0.9283121865746226
2017-10-18,Stable,0.8782532513051761
2017-10-19,Stable,0.8436503478844527
2017-10-23,Stable,0.8166777587371925
2017-10-24,Stable,0.753926825463338
2017-10-25,Stable,0.6280893578642105
2017-10-26,Stable,0.7829743186228937
2017-10-27,Stable,0.8550278358375812
2017-10-30,Stable,0.9026661266289734
2017-10-31,Stable,0.9262501503218272
2017-11-01,Stable,0.9341350099713553
2017-11-02,Stable,0.9619096542925284
2017-11-03,Stable,0.975248625410886
2017-11-06,Stable,0.9835145194052839
2017-11-07,Stable,0.9869902732787929
2017-11-08,Stable,0.9917930813692266
2017-11-09,Stable,0.9944831469730643
2017-11-10,Stable,0.9954925069730696
2017-11-13,Stable,0.9962277515284654
2017-11-14,Stable,0.9968188572617593
2017-11-15,Stable,0.9969343911918104
2017-11-16,Stable,0.9965849111294052
2017-11-17,Stable,0.996531705178458
2017-11-20,Stable,0.9974429835255558
2017-11-21,Stable,0.9978224447744155
2017-11-22,Stable,0.9979436656106666
2017-11-23,Stable,0.9978491233739766
2017-11-24,Stable,0.9975607335814162
2017-11-27,Stable,0.9968169986198746
2017-11-28,Stable,0.9953724938573647
2017-11-29,Stable,0.9924137298033039
2017-11-30,Stable,0.9863716431766262
2017-12-01,Stable,0.9905323354870436
2017-12-04,Stable,0.9928995974351412
2017-12-05,Stable,0.9938912259291152
2017-12-06,Stable,0.9930139351441905
2017-12-07,Stable,0.9939197154187569
2017-12-08,Stable,0.9942256932251291
2017-12-11,Stable,0.9949213427665032
2017-12-12,Stable,0.9941868408273192
2017-12-13,Stable,0.995338055901327
2017-12-14,Stable,0.9959276416221768
2017-12-15,Stable,0.9959994015214495
2017-12-18,Stable,0.9968495402300857
2017-12-19,Stable,0.9973373256475746
2017-12-20,Stable,0.9974923123740328
2017-12-21,Stable,0.9977886335887771
2017-12-22,Stable,0.9978820050825573
2017-12-26,Stable,0.9978110480671114
2017-12-27,Stable,0.9974352362969808
2017-12-28,Stable,0.9976862028344088
2017-12-29,Stable,0.9976039950963762
2018-01-01,Stable,0.9971130607722271
2018-01-02,Stable,0.9976872539069048
2018-01-03,Stable,0.997882256640582
2018-01-04,Stable,0.997876371060882
2018-01-05,Stable,0.9979190547706517
2018-01-08,Stable,0.9980010970676123
2018-01-09,Stable,0.9979324198673148
2018-01-10,Stable,0.9976268684660008
2018-01-11,Stable,0.997255131986671
2018-01-12,Stable,0.99625826709954
2018-01-15,Stable,0.9941400571348924
2018-01-16,Stable,0.9933298296968843
2018-01-17,Stable,0.9909507408818105
2018-01-18,Stable,0.9894501349307453
2018-01-19,Stable,0.9870065011793584
2018-01-22,Stable,0.9869099584885578
2018-01-23,Stable,0.9834933903016981
2018-01-24,Stable,0.9813156153141112
2018-01-25,Stable,0.9734251131154638
2018-01-29,Stable,0.9549385230008525
2018-01-30,Stable,0.91452220949442
2018-01-31,Stable,0.8598817258981843
2018-02-01,Stable,0.7458636434217502
2018-02-02,Stable,0.5528362625246331
2018-02-05,Stable,0.5915123267983625
2018-02-06,Stable,0.6459435863375791
2018-02-07,Stable,0.6991401429150671
2018-02-08,Stable,0.7262989502286363
2018-02-09,Stable,0.7401896441073338
2018-02-12,Stable,0.7989875641620068
2018-02-14,Stable,0.8355468455946986
2018-02-15,Stable,0.8932639186265418
2018-02-16,Stable,0.9192468953668324
2018-02-19,Stable,0.9433298323196155
2018-02-20,Stable,0.9549694372032594
2018-02-21,Stable,0.9619183142683645
2018-02-22,Stable,0.9610077017793067
2018-02-23,Stable,0.9515665471103195
2018-02-26,Stable,0.9445120301321149
2018-02-27,Stable,0.9424665659683515
2018-02-28,Stable,0.9433594343413254
2018-03-01,Stable,0.9454070864392308
2018-03-05,Stable,0.9444092852533827
2018-03-06,Stable,0.9347577165292001
2018-03-07,Stable,0.9354796994774938
2018-03-08,Stable,0.9413821647548646
2018-03-09,Stable,0.9503330382013391
2018-03-12,Stable,0.9549202897707247
2018-03-13,Stable,0.9642869508400127
2018-03-14,Stable,0.9656632662626713
2018-03-15,Stable,0.9603948234579591
2018-03-16,Stable,0.94586239321605
2018-03-19,Stable,0.9354619034869772
2018-03-20,Stable,0.9240131370776486
2018-03-21,Stable,0.8973870187341564
2018-03-22,Stable,0.8390874655350244
2018-03-23,Stable,0.7326280716622461
2018-03-26,Stable,0.7123996161564523
2018-03-27,Stable,0.7577022974049145
2018-03-28,Stable,0.7803122009146515
2018-04-02,Stable,0.7904955906248903
2018-04-03,Stable,0.7816976719325175
2018-04-04,Stable,0.7559762334619127
2018-04-05,Stable,0.7509332203345431
2018-04-06,Stable,0.8674396673679545
2018-04-09,Stable,0.9243612952085658
2018-04-10,Stable,0.9599878338599145
2018-04-11,Stable,0.9778840355372598
2018-04-12,Stable,0.9882169381301279
2018-04-13,Stable,0.993136714602425
2018-04-16,Stable,0.9952402300484763
2018-04-17,Stable,0.9960687381920578
2018-04-18,Stable,0.9957963137351111
2018-04-19,Stable,0.9965867141139929
2018-04-20,Stable,0.9964798970988348
2018-04-23,Stable,0.9968400138239264
2018-04-24,Stable,0.9964293451894829
2018-04-25,Stable,0.9950836313870646
2018-04-26,Stable,0.9946669632640915
2018-04-27,Stable,0.9936954426365163
2018-04-30,Stable,0.9958956893023164
2018-05-02,Stable,0.9970929087876693
2018-05-03,Stable,0.997563710141329
2018-05-04,Stable,0.99759919052371
2018-05-07,Stable,0.9972224180085011
2018-05-08,Stable,0.9970677870975285
2018-05-09,Stable,0.9973956368010528
2018-05-10,Stable,0.997235572782797
2018-05-11,Stable,0.9965436198053896
2018-05-14,Stable,0.9967210818595628
2018-05-15,Stable,0.9960902718515655
2018-05-16,Stable,0.9942734678870955
2018-05-17,Stable,0.9943571150754059
2018-05-18,Stable,0.9934154573812402
2018-05-21,Stable,0.9924764877162102
2018-05-22,Stable,0.9901408215098835
2018-05-23,Stable,0.9839665353565997
2018-05-24,Stable,0.9719590612751177
2018-05-25,Stable,0.9605159305510179
2018-05-28,Stable,0.9435411810954436
2018-05-29,Stable,0.926546761756934
2018-05-30,Stable,0.9176892100636096
2018-05-31,Stable,0.8921699154700592
2018-06-01,Stable,0.9088006054026957
2018-06-04,Stable,0.9229847274515078
2018-06-05,Stable,0.9619411428162199
2018-06-06,Stable,0.9801297696331345
2018-06-07,Stable,0.9889796152295403
2018-06-08,Stable,0.9935818563560243
2018-06-11,Stable,0.995897865203712
2018-06-12,Stable,0.9968561689948326
2018-06-13,Stable,0.9973991300352801
2018-06-14,Stable,0.9974217915291665
2018-06-15,Stable,0.9972480201008188
2018-06-18,Stable,0.9972621157852501
2018-06-19,Stable,0.9967302725013936
2018-06-20,Stable,0.9961930152692738
2018-06-21,Stable,0.9965903854838173
2018-06-22,Stable,0.9963405840413657
2018-06-25,Stable,0.9967073940946002
2018-06-26,Stable,0.9971820179075396
2018-06-27,Stable,0.9970758511005965
2018-06-28,Stable,0.9974200660409582
2018-06-29,Stable,0.9976707014416786
2018-07-02,Stable,0.9975482089642973
2018-07-03,Stable,0.9976406477030741
2018-07-04,Stable,0.9974222802979887
2018-07-05,Stable,0.9976695452000565
2018-07-06,Stable,0.9975745148990862
2018-07-09,Stable,0.9970868123373102
2018-07-10,Stable,0.9972509444207819
2018-07-11,Stable,0.9971243390349082
2018-07-12,Stable,0.9966502438555739
2018-07-13,Stable,0.9961518523429511
2018-07-16,Stable,0.9949617354654821
2018-07-17,Stable,0.9948961439264318
2018-07-18,Stable,0.9961473873821154
2018-07-19,Stable,0.9969775553364759
2018-07-20,Stable,0.997448758502804
2018-07-23,Stable,0.9974886384835465
2018-07-24,Stable,0.9973075003373376
2018-07-25,Stable,0.9966573568228341
2018-07-26,Stable,0.9950522438589036
2018-07-27,Stable,0.9956139296667522
2018-07-30,Stable,0.9959963991163987
2018-07-31,Stable,0.9960897686026755
2018-08-01,Stable,0.9954215146922455
2018-08-02,Stable,0.994542296147145
2018-08-03,Stable,0.9943667973435262
2018-08-06,Stable,0.9955290746611343
2018-08-07,Stable,0.9961656083223525
2018-08-08,Stable,0.9958205436851827
2018-08-09,Stable,0.9948992521765657
2018-08-10,Stable,0.9938943101495978
2018-08-13,Stable,0.9926517231158458
2018-08-14,Stable,0.9937662787955812
2018-08-16,Stable,0.9942039917674131
2018-08-17,Stable,0.9945296564259544
2018-08-20,Stable,0.9954306404465432
2018-08-21,Stable,0.9953295885126912
2018-08-23,Stable,0.9938665639823084
2018-08-24,Stable,0.9926980897959434
2018-08-27,Stable,0.991048953936145
2018-08-28,Stable,0.9928428287262091
2018-08-29,Stable,0.9924257063819356
2018-08-30,Stable,0.9897730492098513
2018-08-31,Stable,0.9844422279517551
2018-09-03,Stable,0.9727022270105415
2018-09-04,Stable,0.9580779897574067
2018-09-05,Stable,0.9515141301001586
2018-09-06,Stable,0.933741117809535
2018-09-07,Stable,0.8940677579493588
2018-09-10,Stable,0.8076618557995289
2018-09-11,Stable,0.7105043989298884
2018-09-12,Stable,0.6512367903865955
2018-09-14,Stable,0.5190104599991835
2018-09-17,Transitional,0.6261464305161444
2018-09-18,Transitional,0.747514976112236
2018-09-19,Transitional,0.8289509173292889
2018-09-21,Transitional,0.9654638995566676
2018-09-24,Transitional,0.9704459985148992
2018-09-25,Transitional,0.9355233402103615
2018-09-26,Transitional,0.8983069096780179
2018-09-27,Transitional,0.8860385756559337
2018-09-28,Transitional,0.8690413628039885
2018-10-01,Transitional,0.8708385557584448
2018-10-03,Transitional,0.8831603256510314
2018-10-04,Transitional,0.8956850500225072
2018-10-05,Transitional,0.9133802824333032
2018-10-08,Transitional,0.9206690353010871
2018-10-09,Transitional,0.9427118397210037
2018-10-10,Transitional,0.9897261710214503
2018-10-11,Transitional,0.9838372792903275
2018-10-12,Transitional,0.9461845544578057
2018-10-15,Stable,0.6782021942963937
2018-10-16,Stable,0.5536507580176069
2018-10-17,Stable,0.5160860211932963
2018-10-19,Stable,0.6540706071715991
2018-10-22,Stable,0.7260238841801187
2018-10-23,Stable,0.7560606928816466
2018-10-24,Stable,0.7660568102488162
2018-10-25,Stable,0.7567301396199893
2018-10-26,Stable,0.743596924439579
2018-10-29,Stable,0.7512671334792157
2018-10-30,Stable,0.8230070934673815
2018-10-31,Stable,0.8653334922013554
2018-11-01,Stable,0.910830851871798
2018-11-02,Stable,0.9345561021549472
2018-11-05,Stable,0.9652449218569685
2018-11-06,Stable,0.9791560154750134
2018-11-07,Stable,0.9871023564603517
2018-11-09,Stable,0.9912658778622885
2018-11-12,Stable,0.992430172699102
2018-11-13,Stable,0.9941583809638861
2018-11-14,Stable,0.9955077990699237
2018-11-15,Stable,0.9960523080544208
2018-11-16,Stable,0.9966298015010419
2018-11-19,Stable,0.9964365657457287
2018-11-20,Stable,0.9952671951610578
2018-11-21,Stable,0.994203816604915
2018-11-22,Stable,0.9916799337161009
2018-11-26,Stable,0.9902818514734353
2018-11-27,Stable,0.9912438245169436
2018-11-28,Stable,0.9896322336867328
2018-11-29,Stable,0.9843734755698924
2018-11-30,Stable,0.9865646096590374
2018-12-03,Stable,0.985587796066459
2018-12-04,Stable,0.9802765756957192
2018-12-05,Stable,0.9711959011676379
2018-12-06,Stable,0.9565759154766698
2018-12-07,Stable,0.9458310985312226
2018-12-10,Stable,0.9400997457427377
2018-12-11,Stable,0.9552669443001836
2018-12-12,Stable,0.9597714013341772
2018-12-13,Stable,0.9777346280509212
2018-12-14,Stable,0.9873358815135257
2018-12-17,Stable,0.9914511486345332
2018-12-18,Stable,0.9935941261478393
2018-12-19,Stable,0.9942351804179556
2018-12-20,Stable,0.9933916588061842
2018-12-21,Stable,0.9903909975616939
2018-12-24,Stable,0.9926349957688174
2018-12-26,Stable,0.9938567842898054
2018-12-27,Stable,0.9952057056735424
2018-12-28,Stable,0.9956958165267563
2018-12-31,Stable,0.9963024881987135
2019-01-01,Stable,0.995900092948652
2019-01-02,Stable,0.9954653510350967
2019-01-03,Stable,0.9955444097867739
2019-01-04,Stable,0.996131494397732
2019-01-07,Stable,0.9967860019458664
2019-01-08,Stable,0.9967840956814806
2019-01-09,Stable,0.9967343806232656
2019-01-10,Stable,0.9966587776225191
2019-01-11,Stable,0.9969874750144563
2019-01-14,Stable,0.9968891641755331
2019-01-15,Stable,0.9974246310555211
2019-01-16,Stable,0.9977725005142726
2019-01-17,Stable,0.9978486212657273
2019-01-18,Stable,0.9976482345404986
2019-01-21,Stable,0.9972927849198239
2019-01-22,Stable,0.9963778775895525
2019-01-23,Stable,0.9945208321180399
2019-01-24,Stable,0.9931559080760308
2019-01-25,Stable,0.9892656994687089
2019-01-28,Stable,0.9828640278502634
2019-01-29,Stable,0.9861140125349025
2019-01-30,Stable,0.9860659453459746
2019-01-31,Stable,0.9847758448615945
2019-02-01,Stable,0.9899765883759127
2019-02-04,Stable,0.9942056650466286
2019-02-05,Stable,0.9962104991292121
2019-02-06,Stable,0.9970776993267657
2019-02-07,Stable,0.9974769692629307
2019-02-08,Stable,0.9974515713550967
2019-02-11,Stable,0.9972966357827341
2019-02-12,Stable,0.9968014997607685
2019-02-14,Stable,0.9970783847070641
2019-02-15,Stable,0.9968203730588648
2019-02-18,Stable,0.9968969418211462
2019-02-19,Stable,0.9969903893232868
2019-02-20,Stable,0.9963694297588078
2019-02-21,Stable,0.9963511908943021
2019-02-22,Stable,0.9954440087504918
2019-02-25,Stable,0.9945937824967823
2019-02-26,Stable,0.9943313438410631
2019-02-27,Stable,0.9942462303890527
2019-02-28,Stable,0.9935870726852655
2019-03-01,Stable,0.9908236572413848
2019-03-05,Stable,0.987119913790153
2019-03-06,Stable,0.9911733227973032
2019-03-07,Stable,0.9922502825103231
2019-03-08,Stable,0.991378201512777
2019-03-11,Stable,0.9876410118855041
2019-03-12,Stable,0.9808158109322909
2019-03-13,Stable,0.9805153430636026
2019-03-14,Stable,0.9843941616931635
2019-03-15,Stable,0.9839095791720024
2019-03-18,Stable,0.9878510628336683
2019-03-19,Stable,0.9893793987879596
2019-03-20,Stable,0.9884947479300147
2019-03-22,Stable,0.983937949785287
2019-03-25,Stable,0.9783910708794581
2019-03-26,Stable,0.9734684914453476
2019-03-27,Stable,0.9823175047204689
2019-03-28,Stable,0.9857487378197411
2019-04-01,Stable,0.9908607290148789
2019-04-02,Stable,0.9931580798358456
2019-04-03,Stable,0.9932522944930323
2019-04-04,Stable,0.993839024996777
2019-04-05,Stable,0.9939670526293635
2019-04-08,Stable,0.9928229782973714
2019-04-09,Stable,0.9917577170385922
2019-04-10,Stable,0.9899162256604309
2019-04-11,Stable,0.9893635802359918
2019-04-12,Stable,0.9855405231850575
2019-04-15,Stable,0.9769385119737253
2019-04-16,Stable,0.9596232687355429
2019-04-18,Stable,0.9455516528298672
2019-04-22,Stable,0.9305001104624436
2019-04-23,Stable,0.9349347658737541
2019-04-24,Stable,0.93421745759568
2019-04-25,Stable,0.9339106691502161
2019-04-26,Stable,0.9331052570708946
2019-04-30,Stable,0.9375633960144385
2019-05-02,Stable,0.9387361918099562
2019-05-03,Stable,0.9301422739661355
2019-05-06,Stable,0.912454913892683
2019-05-07,Stable,0.896327429456668
2019-05-08,Stable,0.8815190105753888
2019-05-09,Stable,0.8645548676807119
2019-05-10,Stable,0.8268766507791364
2019-05-13,Stable,0.7493626167295091
2019-05-14,Stable,0.6907525312566741
2019-05-15,Stable,0.5739588614060513
2019-05-16,Stable,0.6001786134887979
2019-05-17,Transitional,0.8924070672299736
2019-05-20,Transitional,0.9872943148452729
2019-05-21,Transitional,0.9504039072525801
2019-05-22,Transitional,0.8860637951249559
2019-05-23,Transitional,0.8526644148852105
2019-05-24,Transitional,0.8401604348421777
2019-05-27,Transitional,0.6413867130369159
2019-05-28,Stable,0.5639487696206211
2019-05-29,Stable,0.6619654034401292
2019-05-30,Stable,0.742500010364103
2019-05-31,Stable,0.7867532012779502
2019-06-03,Stable,0.8085029483007562
2019-06-04,Stable,0.8174608410078781
2019-06-06,Stable,0.8096494048328169
2019-06-07,Stable,0.8910966507961308
2019-06-10,Stable,0.9349670572911575
2019-06-11,Stable,0.9550284499046011
2019-06-12,Stable,0.9654946934631838
2019-06-13,Stable,0.9749452787638195
2019-06-14,Stable,0.977412685978231
2019-06-17,Stable,0.9823922954764686
2019-06-18,Stable,0.9892199678760589
2019-06-19,Stable,0.99189443792692
2019-06-20,Stable,0.9919942851368719
2019-06-21,Stable,0.9942289553721034
2019-06-24,Stable,0.9954878420042441
2019-06-25,Stable,0.9954830811369979
2019-06-26,Stable,0.9951820767185291
2019-06-27,Stable,0.9952972053909829
2019-06-28,Stable,0.9941061382287025
2019-07-01,Stable,0.9920275525799206
2019-07-02,Stable,0.988843746591153
2019-07-03,Stable,0.9819068342129789
2019-07-04,Stable,0.9667163988294316
2019-07-05,Stable,0.934154921248913
2019-07-08,Stable,0.8641921842469608
2019-07-09,Stable,0.9114102029390257
2019-07-10,Stable,0.9325069139265544
2019-07-11,Stable,0.9398313599697944
2019-07-12,Stable,0.9389472269508032
2019-07-15,Stable,0.9292786709161359
2019-07-16,Stable,0.9086926857430613
2019-07-17,Stable,0.8630896691006511
2019-07-18,Stable,0.7717018236283693
2019-07-19,Stable,0.6655719377386996
2019-07-22,Stable,0.6615701142790625
2019-07-23,Stable,0.6821823012271496
2019-07-24,Stable,0.6855882100732318
2019-07-25,Stable,0.6743772076600507
2019-07-26,Stable,0.6345807906667736
2019-07-29,Stable,0.5710428752114289
2019-07-30,Transitional,0.5673606921912948
2019-07-31,Transitional,0.6199632381775078
2019-08-01,Transitional,0.7387465660289699
2019-08-02,Transitional,0.7803340370940062
2019-08-05,Transitional,0.8563591768373843
2019-08-06,Transitional,0.870127888575951
2019-08-07,Transitional,0.8857550533460633
2019-08-08,Transitional,0.9023253028858673
2019-08-09,Transitional,0.9171095399870889
2019-08-13,Transitional,0.9398076727510694
2019-08-14,Transitional,0.9150844562526459
2019-08-16,Transitional,0.9009320426572553
2019-08-19,Transitional,0.9006176357833754
2019-08-20,Transitional,0.9174152648047418
2019-08-21,Transitional,0.9479632746535382
2019-08-22,Transitional,0.9879707845757265
2019-08-23,Transitional,0.9889434253879952
2019-08-26,Transitional,0.9960814033170692
2019-08-27,Transitional,0.9800234307815989
2019-08-28,Transitional,0.9741486568478754
2019-08-29,Transitional,0.9695885629603143
2019-08-30,Transitional,0.9506318036494894
2019-09-03,Transitional,0.9459787549101745
2019-09-04,Transitional,0.8873276127032942
2019-09-05,Transitional,0.8449743261984612
2019-09-06,Transitional,0.819613899555231
2019-09-09,Transitional,0.8008258952353363
2019-09-11,Transitional,0.7945453827888862
2019-09-12,Transitional,0.7975479134648381
2019-09-13,Transitional,0.8191111585522128
2019-09-16,Transitional,0.8425351258001454
2019-09-17,Transitional,0.8357045584484457
2019-09-18,Transitional,0.7483776030171646
2019-09-19,Transitional,0.5118805249136124
2019-09-20,Volatile,0.9914368883793833
2019-09-23,Volatile,0.9656727528321749
2019-09-24,Transitional,0.5264506611956974
2019-09-25,Transitional,0.7429953727674109
2019-09-26,Transitional,0.8699242819018417
2019-09-27,Transitional,0.9292992328027458
2019-09-30,Transitional,0.9559997851384798
2019-10-01,Transitional,0.973339170224249
2019-10-03,Transitional,0.9811423885332596
2019-10-04,Transitional,0.9855734554759048
2019-10-07,Transitional,0.985410633471225
2019-10-09,Transitional,0.986088436670566
2019-10-10,Transitional,0.9704588989245904
2019-10-11,Stable,0.5639676650719341
2019-10-14,Stable,0.6245601146657893
2019-10-15,Stable,0.7181889820842532
2019-10-16,Stable,0.807884634959581
2019-10-17,Stable,0.8483563682923659
2019-10-18,Stable,0.9055802038440148
2019-10-22,Stable,0.9326579251688452
2019-10-23,Stable,0.9509160806142376
2019-10-24,Stable,0.9570137827336747
2019-10-25,Stable,0.9663004163076032
2019-10-29,Stable,0.9720854743911632
2019-10-30,Stable,0.984707613633951
2019-10-31,Stable,0.9905798829170969
2019-11-01,Stable,0.9928535724220787
2019-11-04,Stable,0.9943853111546738
2019-11-05,Stable,0.99419558939867
2019-11-06,Stable,0.9928052441990591
2019-11-07,Stable,0.992954840769291
2019-11-08,Stable,0.9908745305095802
2019-11-11,Stable,0.9855673624491642
2019-11-13,Stable,0.9804101420827327
2019-11-14,Stable,0.9880023936372647
2019-11-15,Stable,0.9920756301036829
2019-11-18,Stable,0.9947952612276337
2019-11-19,Stable,0.9957679370286618
2019-11-20,Stable,0.9964434917309158
2019-11-21,Stable,0.996296957390134
2019-11-22,Stable,0.9951396212614888
2019-11-25,Stable,0.9942609614634864
2019-11-26,Stable,0.9958047566540976
2019-11-27,Stable,0.9963953470100445
2019-11-28,Stable,0.996299258759151
2019-11-29,Stable,0.9960621766007544
2019-12-02,Stable,0.9956523316282503
2019-12-03,Stable,0.9941880097894833
2019-12-04,Stable,0.9930440613275957
2019-12-05,Stable,0.9926689893785303
2019-12-06,Stable,0.9925786853765409
2019-12-09,Stable,0.9948409118764704
2019-12-10,Stable,0.9954849500938812
2019-12-11,Stable,0.9956481587251687
2019-12-12,Stable,0.9946069481815524
2019-12-13,Stable,0.9952786637304115
2019-12-16,Stable,0.9966779137732732
2019-12-17,Stable,0.9972599932352734
2019-12-18,Stable,0.9975265666601157
2019-12-19,Stable,0.9974140091247236
2019-12-20,Stable,0.9968119646484666
2019-12-23,Stable,0.995547038660665
2019-12-24,Stable,0.9928385951952439
2019-12-26,Stable,0.9872579783114352
2019-12-27,Stable,0.9811380894158381
2019-12-30,Stable,0.9761436004277724
2019-12-31,Stable,0.9637076230707893
2020-01-01,Stable,0.9427891462856018
2020-01-02,Stable,0.8987465070295657
2020-01-03,Stable,0.8382308751451478
2020-01-06,Stable,0.7813735738596922
2020-01-07,Stable,0.8310502716510103
2020-01-08,Stable,0.853021844329415
2020-01-09,Stable,0.8568292384364027
2020-01-10,Stable,0.921014281541727
2020-01-13,Stable,0.9504248776257237
2020-01-14,Stable,0.9630618809177045
2020-01-15,Stable,0.967706727963113
2020-01-16,Stable,0.9698227796781332
2020-01-17,Stable,0.9652263981051419
2020-01-20,Stable,0.9583076172197038
2020-01-21,Stable,0.9627425674186159
2020-01-22,Stable,0.9614098128235715
2020-01-23,Stable,0.9575130218570246
2020-01-24,Stable,0.9498806970551844
2020-01-27,Stable,0.933897077801436
2020-01-28,Stable,0.9242358356361211
2020-01-29,Stable,0.8996182322311642
2020-01-30,Stable,0.84547897725698
2020-01-31,Stable,0.7647435310181359
2020-02-03,Stable,0.608811720298419
2020-02-04,Stable,0.6310418893187916
2020-02-05,Stable,0.7512326266912643
2020-02-06,Stable,0.834840572689066
2020-02-07,Stable,0.8903797835964435
2020-02-10,Stable,0.9176303991982485
2020-02-11,Stable,0.9307202272366487
2020-02-12,Stable,0.9353467425485354
2020-02-13,Stable,0.9314174291113142
2020-02-14,Stable,0.9238098198705206
2020-02-17,Stable,0.9212051138404531
2020-02-18,Stable,0.909477964531738
2020-02-19,Stable,0.8825239014859968
2020-02-20,Stable,0.8382844918618094
2020-02-24,Stable,0.7427133408617584
2020-02-25,Stable,0.696590242932676
2020-02-26,Stable,0.5930829533736913
2020-02-27,Stable,0.5924483312276081
2020-02-28,Transitional,0.9341146772374689
2020-03-02,Transitional,0.9189762914892907
2020-03-03,Transitional,0.8876640663303281
2020-03-04,Transitional,0.8159013047160676
2020-03-05,Transitional,0.6761026611062274
2020-03-06,Volatile,0.6953177268614248
2020-03-09,Volatile,0.8992535177139542
2020-03-11,Volatile,0.9244296325547224
2020-03-12,Volatile,0.9999985528367246
2020-03-13,Volatile,0.9999535579243334
2020-03-16,Volatile,0.9999997620798523
2020-03-17,Volatile,0.9998607863649308
2020-03-18,Volatile,0.999989307571789
2020-03-19,Volatile,0.9980342862646883
2020-03-20,Volatile,0.9975490725718993
2020-03-23,Volatile,1.0
2020-03-24,Volatile,0.9989101521254273
2020-03-25,Volatile,0.9999991490389203
2020-03-26,Volatile,0.9999747677102442
2020-03-27,Volatile,0.9990982727449383
2020-03-30,Volatile,0.9999029309204687
2020-03-31,Volatile,0.9990622455412441
2020-04-01,Volatile,0.9998386818716702
2020-04-03,Volatile,0.9999575629299997
2020-04-07,Volatile,0.9999999966748874
2020-04-08,Volatile,0.9978120085406207
2020-04-09,Volatile,0.9986874006965673
2020-04-13,Volatile,0.9952090444245625
2020-04-15,Volatile,0.9942009717892759
2020-04-16,Volatile,0.9953297195001283
2020-04-17,Volatile,0.9997644954578927
2020-04-20,Volatile,0.9976662629300485
2020-04-21,Volatile,0.9986036822261275
2020-04-22,Volatile,0.9926832479281942
2020-04-23,Volatile,0.9913780970021575
2020-04-24,Volatile,0.990678499326317
2020-04-27,Volatile,0.9888491997011611
2020-04-28,Volatile,0.98874064405224
2020-04-29,Volatile,0.9889812272190973
2020-04-30,Volatile,0.9924564292975158
2020-05-04,Volatile,0.9996592050245621
2020-05-05,Volatile,0.9302468600961779
2020-05-06,Volatile,0.878206527317343
2020-05-07,Volatile,0.8440187497872282
2020-05-08,Volatile,0.8340283015390169
2020-05-11,Volatile,0.8408317883187917
2020-05-12,Volatile,0.8569849627573236
2020-05-13,Volatile,0.9096945233336312
2020-05-14,Volatile,0.9238104552418452
2020-05-15,Volatile,0.9373900065592682
2020-05-18,Volatile,0.973178099366005
2020-05-19,Volatile,0.9290247257016718
2020-05-20,Volatile,0.9151284518751265
2020-05-21,Volatile,0.9094149450420385
2020-05-22,Volatile,0.9172200496535317
2020-05-26,Volatile,0.927926607905367
2020-05-27,Volatile,0.9610379544300259
2020-05-28,Transitional,0.7546006307533222
2020-05-29,Transitional,0.5903630073038818
2020-06-01,Transitional,0.5303819771417846
2020-06-02,Transitional,0.574333692302807
2020-06-03,Transitional,0.6850975235251102
2020-06-04,Transitional,0.7522063685989326
2020-06-05,Transitional,0.8117918022297659
2020-06-08,Transitional,0.8912587960689325
2020-06-09,Transitional,0.9235864280380149
2020-06-10,Transitional,0.9437316611678808
2020-06-11,Transitional,0.9548199151060138
2020-06-12,Transitional,0.9635761095822548
2020-06-15,Transitional,0.9673875828275638
2020-06-16,Transitional,0.9750398131831347
2020-06-17,Transitional,0.9783573793127277
2020-06-18,Transitional,0.9802543407250544
2020-06-19,Transitional,0.9848555421011554
2020-06-22,Transitional,0.9872650041502061
2020-06-23,Transitional,0.9884400681167037
2020-06-24,Transitional,0.9891662299224497
2020-06-25,Transitional,0.9668153852807221
2020-06-26,Transitional,0.9582985273697373
2020-06-29,Transitional,0.9600904707356565
2020-06-30,Transitional,0.9639937370335191
2020-07-01,Transitional,0.9812850102367252
2020-07-02,Transitional,0.967941749536213
2020-07-03,Transitional,0.966180330143074
2020-07-06,Transitional,0.9732303304191806
2020-07-07,Transitional,0.9787244256155029
2020-07-08,Transitional,0.9781771351062507
2020-07-09,Transitional,0.9865056455903863
2020-07-10,Transitional,0.9957553499104627
2020-07-13,Transitional,0.9964128732367796
2020-07-14,Transitional,0.9975737370716833
2020-07-15,Transitional,0.9887767290029665
2020-07-16,Transitional,0.9872475038223726
2020-07-17,Transitional,0.9887978076382185
2020-07-20,Transitional,0.9892024828947071
2020-07-21,Transitional,0.9894271163484518
2020-07-22,Transitional,0.9843600048786765
2020-07-23,Transitional,0.9865758116374942
2020-07-24,Transitional,0.9945721357411279
2020-07-27,Transitional,0.9967525374690879
2020-07-28,Transitional,0.9885912955565241
2020-07-29,Transitional,0.9837450726690609
2020-07-30,Transitional,0.9862283463385141
2020-07-31,Transitional,0.9803221190248094
2020-08-03,Transitional,0.9825660128918197
2020-08-04,Transitional,0.9357215032696352
2020-08-05,Transitional,0.814740599243446
2020-08-06,Transitional,0.7613793841520027
2020-08-07,Transitional,0.7386854220193718
2020-08-10,Transitional,0.7381315030604978
2020-08-11,Transitional,0.7569274502991985
2020-08-12,Transitional,0.7715976714853298
2020-08-13,Transitional,0.8178562573763032
2020-08-14,Transitional,0.9150172038737722
2020-08-17,Transitional,0.9200317763275501
2020-08-18,Transitional,0.9434490285236439
2020-08-19,Transitional,0.9443871539673857
2020-08-20,Transitional,0.9581498177279005
2020-08-21,Transitional,0.9698954373227822
2020-08-24,Transitional,0.9833724111595281
2020-08-25,Transitional,0.9813539481497991
2020-08-26,Transitional,0.9829174667931124
2020-08-27,Transitional,0.985438237187929
2020-08-28,Transitional,0.9930589931295888
2020-08-31,Transitional,0.9940928788554018
2020-09-01,Transitional,0.9823017709756421
2020-09-02,Transitional,0.9795199125338228
2020-09-03,Transitional,0.9846690509044242
2020-09-04,Transitional,0.9878649770481257
2020-09-07,Transitional,0.9776816420732664
2020-09-08,Transitional,0.9766522632126033
2020-09-09,Transitional,0.9800792315884778
2020-09-10,Transitional,0.9686075222841276
2020-09-11,Transitional,0.9652162176343348
2020-09-14,Transitional,0.9727743416917473
2020-09-15,Transitional,0.9729518643566141
2020-09-16,Transitional,0.971159681524861
2020-09-17,Transitional,0.9788832890125193
2020-09-18,Transitional,0.9883434629865323
2020-09-21,Transitional,0.9966328507455027
2020-09-22,Transitional,0.9935384019528889
2020-09-23,Transitional,0.9918095132222334
2020-09-24,Transitional,0.9936701866478128
2020-09-25,Transitional,0.9933181566562067
2020-09-28,Transitional,0.9934758974457674
2020-09-29,Transitional,0.9928043318685127
2020-09-30,Transitional,0.9921676780996286
2020-10-01,Transitional,0.9952940069385031
2020-10-05,Transitional,0.991574580187468
2020-10-06,Transitional,0.9921679691360551
2020-10-07,Transitional,0.9874960008628357
2020-10-08,Transitional,0.9891606254546101
2020-10-09,Transitional,0.9953167477901199
2020-10-12,Transitional,0.9908049943537786
2020-10-13,Transitional,0.9909681781157568
2020-10-14,Transitional,0.9937487201024141
2020-10-15,Transitional,0.9958532601834549
2020-10-16,Transitional,0.9958070468168051
2020-10-19,Transitional,0.9957936989563256
2020-10-20,Transitional,0.9779115246442105
2020-10-21,Transitional,0.9724617881402162
2020-10-22,Transitional,0.9691711690915221
2020-10-23,Transitional,0.9729678073176027
2020-10-26,Transitional,0.9889332018185494
2020-10-27,Transitional,0.9959718690194304
2020-10-28,Transitional,0.9953920074650341
2020-10-29,Transitional,0.9911098936125463
2020-10-30,Transitional,0.9894338061468625
2020-11-02,Transitional,0.987358842157078
2020-11-03,Transitional,0.9886226243209295
2020-11-04,Transitional,0.989342697129603
2020-11-05,Transitional,0.9914485062751047
2020-11-06,Transitional,0.991597159597178
2020-11-09,Transitional,0.9909133552396643
2020-11-10,Transitional,0.9902071922463822
2020-11-11,Transitional,0.9917857369806726
2020-11-12,Transitional,0.9942305683293898
2020-11-13,Transitional,0.9935970152112574
2020-11-17,Transitional,0.9962810423169365
2020-11-18,Transitional,0.9962777277544879
2020-11-19,Transitional,0.9961264686807421
2020-11-20,Transitional,0.9724255188784806
2020-11-23,Transitional,0.9555213469800232
2020-11-24,Transitional,0.9472593226226846
2020-11-25,Transitional,0.8712422530764511
2020-11-26,Stable,0.6444888089555141
2020-11-27,Stable,0.5440161779402097
2020-12-01,Stable,0.6302767899835205
2020-12-02,Stable,0.6748342739406386
2020-12-03,Stable,0.7246387966550177
2020-12-04,Stable,0.7425683847399477
2020-12-07,Stable,0.8164288824677587
2020-12-08,Stable,0.8517798251070124
2020-12-09,Stable,0.8637641514536598
2020-12-10,Stable,0.881103872347572
2020-12-11,Stable,0.8885287487220205
2020-12-14,Stable,0.882105262587547
2020-12-15,Stable,0.8593114242708808
2020-12-16,Stable,0.8073906031981708
2020-12-17,Stable,0.6933723789566976
2020-12-18,Stable,0.5360474166336053
2020-12-21,Transitional,0.9609085412317618
2020-12-22,Stable,0.7556875875739263
2020-12-23,Stable,0.650931940949744
2020-12-24,Stable,0.5888932431057567
2020-12-28,Stable,0.5188602786115539
2020-12-29,Stable,0.6640227292191201
2020-12-30,Stable,0.8223952545005859
2020-12-31,Stable,0.8967583037178734
2021-01-01,Stable,0.9316177682064506
2021-01-04,Stable,0.9468238811916212
2021-01-05,Stable,0.9508177868988719
2021-01-06,Stable,0.9624939637620523
2021-01-07,Stable,0.9652620444527183
2021-01-08,Stable,0.9616119758159724
2021-01-11,Stable,0.9491335912717602
2021-01-12,Stable,0.9220035409698634
2021-01-13,Stable,0.8847714368144501
2021-01-14,Stable,0.8170410427058983
2021-01-15,Stable,0.6758034721975998
2021-01-18,Transitional,0.5149528211180676
2021-01-19,Transitional,0.6544283247877845
2021-01-20,Transitional,0.7087284082008691
2021-01-21,Transitional,0.8228520769340356
2021-01-22,Transitional,0.918088936600366
2021-01-25,Transitional,0.8912473203737653
2021-01-27,Transitional,0.8220331072123221
2021-01-28,Transitional,0.7469214510756675
2021-01-29,Transitional,0.5605163956650572
2021-02-01,Volatile,0.9276263021026733
2021-02-02,Volatile,0.7377939875460059
2021-02-03,Transitional,0.6079123301009037
2021-02-04,Transitional,0.7477231390437186
2021-02-05,Transitional,0.7856647212834311
2021-02-08,Transitional,0.7914951058402936
2021-02-09,Transitional,0.7929063219842122
2021-02-10,Transitional,0.8076098005092612
2021-02-11,Transitional,0.8326072671106327
2021-02-12,Transitional,0.892316549247156
2021-02-15,Transitional,0.9822820202507524
2021-02-16,Transitional,0.9741263142224938
2021-02-17,Transitional,0.9730748446925211
2021-02-18,Transitional,0.9794690446995108
2021-02-19,Transitional,0.9906672422119397
2021-02-22,Transitional,0.9911105042201133
2021-02-23,Transitional,0.9888030059196711
2021-02-24,Transitional,0.9875281813168478
2021-02-25,Transitional,0.9848441502614733
2021-02-26,Transitional,0.9815407176813351
2021-03-01,Transitional,0.9863163820287794
2021-03-02,Transitional,0.9878786765947355
2021-03-03,Transitional,0.9923979447819454
2021-03-04,Transitional,0.9874690071469564
2021-03-05,Transitional,0.9769930669471112
2021-03-08,Transitional,0.9549362720752322
2021-03-09,Transitional,0.9489713636801773
2021-03-10,Transitional,0.9379963076245916
2021-03-12,Transitional,0.9410066216257783
2021-03-15,Transitional,0.9438302109412253
2021-03-16,Transitional,0.9526462576307032
2021-03-17,Transitional,0.9643260397371398
2021-03-18,Transitional,0.967121650752765
2021-03-19,Transitional,0.9722997586560188
2021-03-22,Transitional,0.9857453653973314
2021-03-23,Transitional,0.992006032680009
2021-03-24,Transitional,0.9963581748472047
2021-03-25,Transitional,0.9913230039762836
2021-03-26,Transitional,0.9898165849811376
2021-03-30,Transitional,0.9926479442557102
2021-03-31,Transitional,0.9949025674481328
2021-04-01,Transitional,0.9952580072781213
2021-04-05,Transitional,0.9955035584579597
2021-04-06,Transitional,0.9880529367502144
2021-04-07,Transitional,0.9852041362800765
2021-04-08,Transitional,0.9816935430136051
2021-04-09,Transitional,0.9791523443989887
2021-04-12,Transitional,0.9695467608793361
2021-04-13,Transitional,0.9771430953237329
2021-04-15,Transitional,0.9841010397644571
2021-04-16,Transitional,0.9876618961192015
2021-04-19,Transitional,0.9932382522582016
2021-04-20,Transitional,0.9902428866509342
2021-04-22,Transitional,0.9919897425417635
2021-04-23,Transitional,0.9888831448523314
2021-04-26,Transitional,0.9918289403784953
2021-04-27,Transitional,0.9935759775631077
2021-04-28,Transitional,0.9965329424080637
2021-04-29,Transitional,0.9904555290613063
2021-04-30,Transitional,0.9904750339603523
2021-05-03,Transitional,0.9295037208675337
2021-05-04,Transitional,0.8805492787982269
2021-05-05,Transitional,0.8544498182227532
2021-05-06,Transitional,0.8183673026584827
2021-05-07,Transitional,0.8089944005022438
2021-05-10,Transitional,0.8203868374325171
2021-05-11,Transitional,0.8521090091182044
2021-05-12,Transitional,0.9003175224424221
2021-05-14,Transitional,0.940059465027327
2021-05-17,Transitional,0.9940245986619024
2021-05-18,Transitional,0.9903203024175625
2021-05-19,Transitional,0.9871617621199497
2021-05-20,Transitional,0.9874624877020977
2021-05-21,Transitional,0.9885641061216675
2021-05-24,Stable,0.6320636162897045
2021-05-25,Stable,0.6047886656245961
2021-05-26,Stable,0.7739058825191057
2021-05-27,Stable,0.8517788657478942
2021-05-28,Stable,0.9158016310254291
2021-05-31,Stable,0.9448394598780585
2021-06-01,Stable,0.9670483256579749
2021-06-02,Stable,0.9797611369708465
2021-06-03,Stable,0.9848456919578644
2021-06-04,Stable,0.9871240791675012
2021-06-07,Stable,0.9902999945209022
2021-06-08,Stable,0.9907225576258581
2021-06-09,Stable,0.9923317743708897
2021-06-10,Stable,0.9939982878270115
2021-06-11,Stable,0.995478446933777
2021-06-14,Stable,0.9958541460717734
2021-06-15,Stable,0.9953812666787335
2021-06-16,Stable,0.9947249898717979
2021-06-17,Stable,0.9940291104672738
2021-06-18,Stable,0.9954433821137691
2021-06-21,Stable,0.9956141518380075
2021-06-22,Stable,0.9958580960129207
2021-06-23,Stable,0.9954165085145463
2021-06-24,Stable,0.9944344666047142
2021-06-25,Stable,0.9925660924915005
2021-06-28,Stable,0.9940287417754926
2021-06-29,Stable,0.9936767211777798
2021-06-30,Stable,0.994543436202325
2021-07-01,Stable,0.9952772059094186
2021-07-02,Stable,0.9949238650093399
2021-07-05,Stable,0.9930919516996012
2021-07-06,Stable,0.9919861231440296
2021-07-07,Stable,0.9908880185366408
2021-07-08,Stable,0.9873319738550885
2021-07-09,Stable,0.9884185220117166
2021-07-12,Stable,0.9878461516006183
2021-07-13,Stable,0.9837384711739682
2021-07-14,Stable,0.9814416991129777
2021-07-15,Stable,0.9734658027849679
2021-07-16,Stable,0.957914918840955
2021-07-19,Stable,0.9286922615379151
2021-07-20,Stable,0.927954778690149
2021-07-22,Stable,0.9551424757725995
2021-07-23,Stable,0.9703367033271314
2021-07-26,Stable,0.9814082694108771
2021-07-27,Stable,0.9862695116266866
2021-07-28,Stable,0.9880818449868153
2021-07-29,Stable,0.9891683599194275
2021-07-30,Stable,0.9874622664643674
2021-08-02,Stable,0.9823859607230992
2021-08-03,Stable,0.970599179210473
2021-08-04,Stable,0.9620196125884435
2021-08-05,Stable,0.9785471882627026
2021-08-06,Stable,0.9882620187421534
2021-08-09,Stable,0.9926817149699942
2021-08-10,Stable,0.9949774915851666
2021-08-11,Stable,0.9956260490545508
2021-08-12,Stable,0.9962172843060613
2021-08-13,Stable,0.9958887272407031
2021-08-16,Stable,0.9949528850396216
2021-08-17,Stable,0.992557995744354
2021-08-18,Stable,0.9891375122801915
2021-08-20,Stable,0.9856368703320528
2021-08-23,Stable,0.9878007415055027
2021-08-24,Stable,0.9865118850510272
2021-08-25,Stable,0.9904494993024153
2021-08-26,Stable,0.9919090289240677
2021-08-27,Stable,0.9908887373687647
2021-08-30,Stable,0.9867844939045863
2021-08-31,Stable,0.9925068391461123
2021-09-01,Stable,0.9950100188150477
2021-09-02,Stable,0.9959980060219965
2021-09-03,Stable,0.9965333358310171
2021-09-06,Stable,0.9963473141335629
2021-09-07,Stable,0.9958420708161252
2021-09-08,Stable,0.9945380631412634
2021-09-09,Stable,0.9926418006912472
2021-09-13,Stable,0.9883053534979097
2021-09-14,Stable,0.9812944013824467
2021-09-15,Stable,0.9661733499139196
2021-09-16,Stable,0.9379221919843476
2021-09-17,Stable,0.939866587567819
2021-09-20,Stable,0.9320139984654385
2021-09-21,Stable,0.9425057603586044
2021-09-22,Stable,0.9426067045945633
2021-09-23,Stable,0.939031029096005
2021-09-24,Stable,0.9653212009116554
2021-09-27,Stable,0.9769274568468759
2021-09-28,Stable,0.9842575814943242
2021-09-29,Stable,0.988508339764315
2021-09-30,Stable,0.9905647779109977
2021-10-01,Stable,0.9926227169885358
2021-10-04,Stable,0.9935205522943854
2021-10-05,Stable,0.9942224621531207
2021-10-06,Stable,0.9933936462517061
2021-10-07,Stable,0.9917820861269481
2021-10-08,Stable,0.9880609956566008
2021-10-11,Stable,0.9792433357419239
2021-10-12,Stable,0.9725113542473598
2021-10-13,Stable,0.9580567052533316
2021-10-14,Stable,0.926187030436667
2021-10-18,Stable,0.9142550392494385
2021-10-19,Stable,0.8920752063113823
2021-10-20,Stable,0.8465159796142957
2021-10-21,Stable,0.747747526418169
2021-10-22,Stable,0.6411426189336378
2021-10-25,Stable,0.5502136633555804
2021-10-26,Stable,0.5997293785961197
2021-10-27,Stable,0.7137500042065068
2021-10-28,Stable,0.8641756104754567
2021-10-29,Stable,0.7350738135813205
2021-11-01,Stable,0.6247726787786717
2021-11-02,Stable,0.5405953785453708
2021-11-03,Stable,0.619748999842694
2021-11-04,Stable,0.7279143541766073
2021-11-08,Stable,0.7786237449555563
2021-11-09,Stable,0.8011128554147519
2021-11-10,Stable,0.8040113705718729
2021-11-11,Stable,0.8011623707871443
2021-11-12,Stable,0.8015350184478547
2021-11-15,Stable,0.7836087125508434
2021-11-16,Stable,0.7360245628433519
2021-11-17,Stable,0.6823158084044972
2021-11-18,Stable,0.5964656123975669
2021-11-22,Stable,0.5834894939049128
2021-11-23,Stable,0.5997360474879067
2021-11-24,Stable,0.6487895367656363
2021-11-25,Stable,0.755872392102315
2021-11-26,Transitional,0.977671689508312
2021-11-29,Transitional,0.946011802175697
2021-11-30,Transitional,0.9342726339986824
2021-12-01,Transitional,0.930380170509402
2021-12-02,Transitional,0.9138306505049146
2021-12-03,Transitional,0.9133679702071855
2021-12-06,Transitional,0.9199038387894334
2021-12-07,Transitional,0.9244360255820581
2021-12-08,Transitional,0.8847392675401803
2021-12-09,Transitional,0.806706318894962
2021-12-10,Transitional,0.7648374144473673
2021-12-13,Transitional,0.7528917579050538
2021-12-14,Transitional,0.7584039279805067
2021-12-15,Transitional,0.7895049889844816
2021-12-16,Transitional,0.859647209400781
2021-12-17,Transitional,0.9745157074453713
2021-12-20,Transitional,0.9792039918988052
2021-12-21,Stable,0.6863537049974565
2021-12-22,Stable,0.5418212689983252
2021-12-23,Stable,0.5791949934011451
2021-12-24,Stable,0.6363109978110657
2021-12-27,Stable,0.6819710171528659
2021-12-28,Stable,0.69978945481085
2021-12-29,Stable,0.6957409032609415
2021-12-30,Stable,0.6715524857402564
2021-12-31,Stable,0.6085589842586905
2022-01-03,Stable,0.530777086232928
2022-01-04,Stable,0.5581675431422192
2022-01-05,Stable,0.5762419321058151
2022-01-06,Stable,0.7142811080521457
2022-01-07,Stable,0.7931477691429519
2022-01-10,Stable,0.8338461231418172
2022-01-11,Stable,0.8944252773438559
2022-01-12,Stable,0.9214681803354225
2022-01-13,Stable,0.9350885174937322
2022-01-14,Stable,0.9418260019099766
2022-01-17,Stable,0.9396380628563089
2022-01-18,Stable,0.9286753830556054
2022-01-19,Stable,0.9004086860242957
2022-01-20,Stable,0.8468696516697659
2022-01-21,Stable,0.7508115237051939
2022-01-24,Transitional,0.6059934676069234
2022-01-25,Transitional,0.5450200756217076
2022-01-27,Transitional,0.534754864554432
2022-01-28,Transitional,0.5022070233811696
2022-01-31,Transitional,0.5497275197976352
2022-02-01,Transitional,0.6470380238296336
2022-02-02,Transitional,0.741110124854223
2022-02-03,Transitional,0.7623649211284202
2022-02-04,Transitional,0.7975309504817405
2022-02-07,Transitional,0.8634532072540472
2022-02-08,Transitional,0.8705266980230533
2022-02-09,Transitional,0.9001295469886986
2022-02-10,Transitional,0.9236736018621912
2022-02-11,Transitional,0.9595270902138151
2022-02-14,Transitional,0.9863157956294741
2022-02-15,Transitional,0.9872794118003745
2022-02-16,Transitional,0.9452668486493779
2022-02-17,Transitional,0.9214786618485513
2022-02-18,Transitional,0.8982416227376437
2022-02-21,Transitional,0.892103407748017
2022-02-22,Transitional,0.8977446688211196
2022-02-23,Transitional,0.900344107046049
2022-02-24,Transitional,0.8943314523337353
2022-02-25,Transitional,0.9139961969364255
2022-02-28,Transitional,0.9478539676481043
2022-03-02,Transitional,0.9620254120992943
2022-03-03,Transitional,0.970010328793609
2022-03-04,Transitional,0.9730122504073769
2022-03-07,Transitional,0.9724953631514731
2022-03-08,Transitional,0.9819970872415553
2022-03-09,Transitional,0.9871846757078294
2022-03-10,Transitional,0.9878864185775862
2022-03-11,Transitional,0.9829583780015086
2022-03-14,Transitional,0.9847109793266721
2022-03-15,Transitional,0.976570580645343
2022-03-16,Transitional,0.9734286170521343
2022-03-17,Transitional,0.9569876212641224
2022-03-21,Transitional,0.9191604689217344
2022-03-22,Transitional,0.882887448288038
2022-03-23,Transitional,0.8636251273232746
2022-03-24,Transitional,0.8592779505225049
2022-03-25,Transitional,0.8320510723515513
2022-03-28,Transitional,0.8255801280508102
2022-03-29,Transitional,0.8327559100982562
2022-03-30,Transitional,0.8633586425859601
2022-03-31,Transitional,0.8955635924143083
2022-04-01,Transitional,0.9709655014405845
2022-04-04,Transitional,0.991459013568389
2022-04-05,Transitional,0.9218770799336696
2022-04-06,Transitional,0.8077838719236592
2022-04-07,Transitional,0.6916321430006093
2022-04-08,Transitional,0.6380979253804624
2022-04-11,Transitional,0.6176667761494806
2022-04-12,Transitional,0.6190749576762767
2022-04-13,Transitional,0.6465280918609423
2022-04-18,Transitional,0.6931677135675539
2022-04-19,Transitional,0.6900498984081364
2022-04-20,Transitional,0.6901589928852674
2022-04-21,Transitional,0.715271201730529
2022-04-22,Transitional,0.7405657640998877
2022-04-25,Transitional,0.7151987831730245
2022-04-26,Transitional,0.7150766335408328
2022-04-27,Transitional,0.7299349152212082
2022-04-28,Transitional,0.7493786522204744
2022-04-29,Transitional,0.7811341825747047
2022-05-02,Transitional,0.8247686539051818
2022-05-04,Transitional,0.9252216389825939
2022-05-05,Transitional,0.9250581705958346
2022-05-06,Transitional,0.9400539702226491
2022-05-09,Transitional,0.938439318140993
2022-05-10,Transitional,0.9421327953728984
2022-05-11,Transitional,0.9591925074635591
2022-05-12,Transitional,0.9967431077215853
2022-05-13,Transitional,0.9948392792104889
2022-05-16,Transitional,0.9938330391951495
2022-05-17,Transitional,0.9941327845112016
2022-05-18,Transitional,0.9913051854692334
2022-05-19,Transitional,0.9930929079286603
2022-05-20,Transitional,0.9810203450937912
2022-05-23,Stable,0.7413312156455827
2022-05-24,Stable,0.6292170145689542
2022-05-25,Stable,0.5808127258812992
2022-05-26,Stable,0.566226536629224
2022-05-27,Stable,0.5266508458369531
2022-05-30,Stable,0.6355388805911493
2022-05-31,Stable,0.6897439758099835
2022-06-01,Stable,0.7331808905284489
2022-06-02,Stable,0.7480754947288197
2022-06-03,Stable,0.7422029556565672
2022-06-06,Stable,0.7314850946831952
2022-06-07,Stable,0.6931464533136344
2022-06-08,Stable,0.6415493774150753
2022-06-09,Stable,0.5284919693435353
2022-06-10,Stable,0.7072428976427397
2022-06-13,Stable,0.8020865161934624
2022-06-14,Stable,0.6660976402417772
2022-06-15,Stable,0.6001659853999964
2022-06-16,Stable,0.575426868545805
2022-06-17,Stable,0.6192189356090233
2022-06-20,Stable,0.7118302647779796
2022-06-21,Stable,0.7540328912435613
2022-06-22,Stable,0.811170587130737
2022-06-23,Stable,0.8637460026847292
2022-06-24,Stable,0.8953752884027292
2022-06-27,Stable,0.9349566039144872
2022-06-28,Stable,0.9542909402634966
2022-06-29,Stable,0.964174474588031
2022-06-30,Stable,0.9756221002452724
2022-07-01,Stable,0.9800896155368641
2022-07-04,Stable,0.9795976710608199
2022-07-05,Stable,0.9793284036484525
2022-07-06,Stable,0.9748347855663744
2022-07-07,Stable,0.9741576896303973
2022-07-08,Stable,0.9810666635428797
2022-07-11,Stable,0.9833919649606259
2022-07-12,Stable,0.9843694267993737
2022-07-13,Stable,0.9857395997532512
2022-07-14,Stable,0.9869070129887817
2022-07-15,Stable,0.9858572821939913
2022-07-18,Stable,0.9804159095022166
2022-07-19,Stable,0.9851029408556748
2022-07-20,Stable,0.9885924645282098
2022-07-21,Stable,0.9897552096755986
2022-07-22,Stable,0.9887717743709894
2022-07-25,Stable,0.9908601788791118
2022-07-26,Stable,0.990230476808252
2022-07-27,Stable,0.9898040643667355
2022-07-28,Stable,0.9890794356923558
2022-07-29,Stable,0.9926950788684447
2022-08-01,Stable,0.9938220708824902
2022-08-02,Stable,0.9954533400628275
2022-08-03,Stable,0.9957604011071649
2022-08-04,Stable,0.9949351647554288
2022-08-05,Stable,0.9938065052615668
2022-08-08,Stable,0.9907650601326232
2022-08-10,Stable,0.9860133990592657
2022-08-11,Stable,0.9750283126454106
2022-08-12,Stable,0.9691228212981985
2022-08-16,Stable,0.9542681303249736
2022-08-17,Stable,0.9233727782687403
2022-08-18,Stable,0.8625363666417571
2022-08-19,Stable,0.7397687800697865
2022-08-22,Stable,0.691095124234387
2022-08-23,Stable,0.6832125427693556
2022-08-24,Stable,0.664841026235662
2022-08-25,Stable,0.6274771165238103
2022-08-26,Stable,0.5439148314380885
2022-08-29,Stable,0.6386587403306744
2022-08-30,Stable,0.6962120147207672
2022-09-01,Stable,0.5307728674685175
2022-09-02,Stable,0.6671728326168459
2022-09-05,Stable,0.7295009408517348
2022-09-06,Stable,0.7693653499144354
2022-09-07,Stable,0.7851159669310651
2022-09-08,Stable,0.7864848231605375
2022-09-09,Stable,0.813608597410287
2022-09-12,Stable,0.821069571111036
2022-09-13,Stable,0.8115172011597309
2022-09-14,Stable,0.7854882484866991
2022-09-15,Stable,0.7578000760945409
2022-09-16,Stable,0.702112428942033
2022-09-19,Stable,0.6413577079384841
2022-09-20,Stable,0.5080829899458696
2022-09-21,Stable,0.6223404624122234
2022-09-22,Transitional,0.836167817349535
2022-09-23,Transitional,0.9856821597755715
2022-09-26,Transitional,0.9922723815148908
2022-09-27,Transitional,0.9877354732354647
2022-09-28,Transitional,0.9879219580850089
2022-09-29,Transitional,0.985669506037029
2022-09-30,Transitional,0.9898411235971125
2022-10-03,Transitional,0.9797901562356002
2022-10-04,Transitional,0.9611450569867483
2022-10-06,Stable,0.6236494812121895
2022-10-07,Stable,0.5401214178492815
2022-10-10,Stable,0.6204016539139714
2022-10-11,Stable,0.6558151595457584
2022-10-12,Stable,0.6841621839807586
2022-10-13,Stable,0.7006163802899691
2022-10-14,Stable,0.7243098327523396
2022-10-17,Stable,0.7754663529120837
2022-10-18,Stable,0.8451083521538928
2022-10-19,Stable,0.8922220985708416
2022-10-20,Stable,0.9119987707606542
2022-10-21,Stable,0.9227815724934166
2022-10-24,Stable,0.946932691185553
2022-10-25,Stable,0.9700336816318814
2022-10-27,Stable,0.9825491447987237
2022-10-28,Stable,0.988260673726843
2022-10-31,Stable,0.9926141000197792
2022-11-01,Stable,0.9953641630339369
2022-11-02,Stable,0.9965197654454511
2022-11-03,Stable,0.9971289441550659
2022-11-04,Stable,0.9971965454730582
2022-11-07,Stable,0.9967334851368735
2022-11-09,Stable,0.9970318352417328
2022-11-10,Stable,0.9966643884424722
2022-11-11,Stable,0.9960071658225677
2022-11-14,Stable,0.9969933151184058
2022-11-15,Stable,0.9973590165625896
2022-11-16,Stable,0.9977656329374234
2022-11-17,Stable,0.9979502164408708
2022-11-18,Stable,0.9980488017798927
2022-11-21,Stable,0.9980223682114805
2022-11-22,Stable,0.9979812376164776
2022-11-23,Stable,0.9977626276401226
2022-11-24,Stable,0.9976465622488968
2022-11-25,Stable,0.9979139097564631
2022-11-28,Stable,0.9981026800146428
2022-11-29,Stable,0.9981550946678286
2022-11-30,Stable,0.9981044549989273
2022-12-01,Stable,0.9980441222686468
2022-12-02,Stable,0.9978151190179485
2022-12-05,Stable,0.997651244701481
2022-12-06,Stable,0.9973752950860579
2022-12-07,Stable,0.9971242361258776
2022-12-08,Stable,0.9962809404826014
2022-12-09,Stable,0.9965580749366163
2022-12-12,Stable,0.9959349293273146
2022-12-13,Stable,0.9940309260992756
2022-12-14,Stable,0.990291478258577
2022-12-15,Stable,0.9820324566923982
2022-12-16,Stable,0.9774851042596268
2022-12-19,Stable,0.9694243379796893
2022-12-20,Stable,0.9512801003840768
2022-12-21,Stable,0.9123976344980778
2022-12-22,Stable,0.9017257740780492
2022-12-23,Stable,0.8777847485204556
2022-12-26,Stable,0.878613272475895
2022-12-27,Stable,0.9334219545969944
2022-12-28,Stable,0.9609100040007436
2022-12-29,Stable,0.9732158862804646
2022-12-30,Stable,0.9817548495957193
2023-01-02,Stable,0.9868229121744464
2023-01-03,Stable,0.9882934070577453
2023-01-04,Stable,0.9869293848296778
2023-01-05,Stable,0.987122121685836
2023-01-06,Stable,0.9868951829531549
2023-01-09,Stable,0.9874894028880836
2023-01-10,Stable,0.9869395906745659
2023-01-11,Stable,0.9904690262196243
2023-01-12,Stable,0.9914099976441612
2023-01-13,Stable,0.9904385750319064
2023-01-16,Stable,0.9874711993074023
2023-01-17,Stable,0.9815665075436304
2023-01-18,Stable,0.9677942031406037
2023-01-19,Stable,0.9402478235655332
2023-01-20,Stable,0.8858465287289923
2023-01-23,Stable,0.773541294031335
2023-01-24,Stable,0.5734477993793673
2023-01-25,Transitional,0.8327132736004345
2023-01-27,Transitional,0.8543883179161015
2023-01-30,Stable,0.5219824647760972
2023-01-31,Stable,0.6979053467136177
2023-02-01,Stable,0.7915351470894062
2023-02-02,Stable,0.8385296030531244
2023-02-03,Stable,0.857806486306554
2023-02-06,Stable,0.9288169342091739
2023-02-07,Stable,0.9648564092946156
2023-02-08,Stable,0.9817392703659341
2023-02-09,Stable,0.9894053945404532
2023-02-10,Stable,0.9926151471354311
2023-02-13,Stable,0.993349567804763
2023-02-14,Stable,0.993687208325777
2023-02-15,Stable,0.9936222790259662
2023-02-16,Stable,0.9915270978423367
2023-02-17,Stable,0.9866318093064519
2023-02-20,Stable,0.9845147232846041
2023-02-21,Stable,0.9836288316766766
2023-02-22,Stable,0.9780955115991214
2023-02-23,Stable,0.9823592302284283
2023-02-24,Stable,0.9818939869727619
2023-02-27,Stable,0.9769993468114966
2023-02-28,Stable,0.9696673130685964
2023-03-01,Stable,0.9521099562296483
2023-03-02,Stable,0.928435522719812
2023-03-03,Stable,0.8936996718568021
2023-03-06,Stable,0.8930453410985477
2023-03-08,Stable,0.877534739807655
2023-03-09,Stable,0.8414313856710774
2023-03-10,Stable,0.7879702225011457
2023-03-13,Stable,0.781582139973078
2023-03-14,Stable,0.8640492759680158
2023-03-15,Stable,0.906803407826095
2023-03-16,Stable,0.9410640146901045
2023-03-17,Stable,0.9558023012245849
2023-03-20,Stable,0.968597627758001
2023-03-21,Stable,0.9756859974310197
2023-03-22,Stable,0.9845518433785664
2023-03-23,Stable,0.9878792830175332
2023-03-24,Stable,0.9916848665961451
2023-03-27,Stable,0.9939671976358361
2023-03-28,Stable,0.9942787461885669
2023-03-29,Stable,0.9929461673792109
2023-03-31,Stable,0.9908540530046979
2023-04-03,Stable,0.9941811838381529
2023-04-05,Stable,0.9957315663255055
2023-04-06,Stable,0.9962159608116179
2023-04-10,Stable,0.9956570419170739
2023-04-11,Stable,0.9946471292343504
2023-04-12,Stable,0.9953236424355316
2023-04-13,Stable,0.9948784653885551
2023-04-17,Stable,0.9965730341437393
2023-04-18,Stable,0.9973150718046386
2023-04-19,Stable,0.9975042061525825
2023-04-20,Stable,0.9974803907192372
2023-04-21,Stable,0.9970190070344266
2023-04-24,Stable,0.9962511970494109
2023-04-25,Stable,0.9969088140862372
2023-04-26,Stable,0.9968144314426637
2023-04-27,Stable,0.9960201298824471
2023-04-28,Stable,0.9941267767939492
2023-05-02,Stable,0.9904248134501867
2023-05-03,Stable,0.9823191121264441
2023-05-04,Stable,0.9651581018993224
2023-05-05,Stable,0.9375693176396839
2023-05-08,Stable,0.9549104734052102
2023-05-09,Stable,0.9769797134606354
2023-05-10,Stable,0.9877374015946132
2023-05-11,Stable,0.9927088642246088
2023-05-12,Stable,0.9948534681014003
2023-05-15,Stable,0.9961648721246139
2023-05-16,Stable,0.9968900303024985
2023-05-17,Stable,0.9973073810862078
2023-05-18,Stable,0.997750431917435
2023-05-19,Stable,0.9978531350724462
2023-05-22,Stable,0.997900031312597
2023-05-23,Stable,0.9978465815906007
2023-05-24,Stable,0.9975107734855516
2023-05-25,Stable,0.9976482762607183
2023-05-26,Stable,0.9974201327544583
2023-05-29,Stable,0.997406526137636
2023-05-30,Stable,0.9973964592472226
2023-05-31,Stable,0.996910996999356
2023-06-01,Stable,0.996895418416691
2023-06-02,Stable,0.9975648350934136
2023-06-05,Stable,0.9978598314308929
2023-06-06,Stable,0.9979772760773735
2023-06-07,Stable,0.9978875102896531
2023-06-08,Stable,0.9975615855667556
2023-06-09,Stable,0.9977334335874033
2023-06-12,Stable,0.9975932352793577
2023-06-13,Stable,0.9971103719363377
2023-06-14,Stable,0.995978377832367
2023-06-15,Stable,0.9937178134013784
2023-06-16,Stable,0.9942352440067407
2023-06-19,Stable,0.9955336550167394
2023-06-20,Stable,0.9968942809639899
2023-06-21,Stable,0.9974803672444493
2023-06-22,Stable,0.9975961277071795
2023-06-23,Stable,0.9975990411839305
2023-06-26,Stable,0.9973960533679348
2023-06-27,Stable,0.9966671927738182
2023-06-28,Stable,0.9969054622052648
2023-06-30,Stable,0.9966238677736152
2023-07-03,Stable,0.9967829667633175
2023-07-04,Stable,0.9973292741045229
2023-07-05,Stable,0.9973877551133218
2023-07-06,Stable,0.9972771168527704
2023-07-07,Stable,0.9967392461414316
2023-07-10,Stable,0.9973814905899744
2023-07-11,Stable,0.9976034709022146
2023-07-12,Stable,0.9976508514451166
2023-07-13,Stable,0.9975211049360166
2023-07-14,Stable,0.996933087584392
2023-07-17,Stable,0.9956234249958152
2023-07-18,Stable,0.9965764775318792
2023-07-19,Stable,0.9966952564313899
2023-07-20,Stable,0.9963628390029124
2023-07-21,Stable,0.9970740012020248
2023-07-24,Stable,0.9973338183797404
2023-07-25,Stable,0.9973990444240561
2023-07-26,Stable,0.9970955101231794
2023-07-27,Stable,0.9963355680926674
2023-07-28,Stable,0.9963764970250094
2023-07-31,Stable,0.9961225675776685
2023-08-01,Stable,0.9949112149733652
2023-08-02,Stable,0.9920168806594284
2023-08-03,Stable,0.9925671086179907
2023-08-04,Stable,0.9947812774210317
2023-08-07,Stable,0.996405269256032
2023-08-08,Stable,0.9970478848093821
2023-08-09,Stable,0.9970487709043822
2023-08-10,Stable,0.9965352859994895
2023-08-11,Stable,0.9965961125124553
2023-08-14,Stable,0.9972874032420166
2023-08-16,Stable,0.997620531131871
2023-08-17,Stable,0.9978745277071915
2023-08-18,Stable,0.9979544114630984
2023-08-21,Stable,0.9978823312899193
2023-08-22,Stable,0.9976249600255412
2023-08-23,Stable,0.9969799410292518
2023-08-24,Stable,0.9973682673694833
2023-08-25,Stable,0.9972384294960187
2023-08-28,Stable,0.99741154112435
2023-08-29,Stable,0.9974634658235787
2023-08-30,Stable,0.9970557207973922
2023-08-31,Stable,0.9968755399253378
2023-09-01,Stable,0.9967712716842876
2023-09-04,Stable,0.9973607403940541
2023-09-05,Stable,0.9974758488189194
2023-09-06,Stable,0.9972012520787397
2023-09-07,Stable,0.9965796821250985
2023-09-08,Stable,0.9967521107965207
2023-09-11,Stable,0.9965868139474551
2023-09-12,Stable,0.9967645415404811
2023-09-13,Stable,0.9962503979496482
2023-09-14,Stable,0.995852148412392
2023-09-15,Stable,0.9941919959745233
2023-09-18,Stable,0.9907182076660032
2023-09-20,Stable,0.9850757899887689
2023-09-21,Stable,0.9833462676523238
2023-09-22,Stable,0.9909664915639702
2023-09-25,Stable,0.9944449178102472
2023-09-26,Stable,0.995943354582625
2023-09-27,Stable,0.9966109548485088
2023-09-28,Stable,0.9964744623199256
2023-09-29,Stable,0.9965533066561351
2023-10-03,Stable,0.9962623668880232
2023-10-04,Stable,0.9955159198509848
2023-10-05,Stable,0.9960889055826065
2023-10-06,Stable,0.9959825359846067
2023-10-09,Stable,0.9948012382217407
2023-10-10,Stable,0.99534520852537
2023-10-11,Stable,0.9965400334039382
2023-10-12,Stable,0.996883954041792
2023-10-13,Stable,0.9964795739528011
2023-10-16,Stable,0.9964521286081263
2023-10-17,Stable,0.9955991555126903
2023-10-18,Stable,0.9934904505851694
2023-10-19,Stable,0.9937277994318078
2023-10-20,Stable,0.9924955656793261
2023-10-23,Stable,0.98869308144706
2023-10-25,Stable,0.9886083369075891
2023-10-26,Stable,0.9877843557214036
2023-10-27,Stable,0.9904927973245397
2023-10-30,Stable,0.9938138711637791
2023-10-31,Stable,0.9954852224926602
2023-11-01,Stable,0.9964433777034671
2023-11-02,Stable,0.9968382292460087
2023-11-03,Stable,0.9971703144263224
2023-11-06,Stable,0.9974697552834577
2023-11-07,Stable,0.9978398697514839
2023-11-08,Stable,0.9979556733169341
2023-11-09,Stable,0.9979895888026173
2023-11-10,Stable,0.9978280174391675
2023-11-13,Stable,0.9974259017791081
2023-11-15,Stable,0.996480919657274
2023-11-16,Stable,0.995199366650715
2023-11-17,Stable,0.9922680664620511
2023-11-20,Stable,0.9927551786283456
2023-11-21,Stable,0.9910219859730519
2023-11-22,Stable,0.9860191048646776
2023-11-23,Stable,0.9775325927037656
2023-11-24,Stable,0.9588483332776401
2023-11-28,Stable,0.9203710538094844
2023-11-29,Stable,0.8379884424366723
2023-11-30,Stable,0.7766255605963822
2023-12-01,Stable,0.6481326637913105
2023-12-04,Stable,0.5772194693604795
2023-12-05,Stable,0.6235857720906023
2023-12-06,Stable,0.8023484238207866
2023-12-07,Stable,0.8959664381759489
2023-12-08,Stable,0.9392874310062214
2023-12-11,Stable,0.9666886824445159
2023-12-12,Stable,0.9789607898665159
2023-12-13,Stable,0.9853875418741073
2023-12-14,Stable,0.9871550487973252
2023-12-15,Stable,0.9908728995081398
2023-12-18,Stable,0.9932327881511447
2023-12-19,Stable,0.9946498789456627
2023-12-20,Stable,0.9944410684331293
2023-12-21,Stable,0.9950118973993988
2023-12-22,Stable,0.9952601067103188
2023-12-26,Stable,0.9957225113257623
2023-12-27,Stable,0.9952472772809375
2023-12-28,Stable,0.9958253954971266
2023-12-29,Stable,0.9954674071389729
2024-01-01,Stable,0.9944638783412713
2024-01-02,Stable,0.9916687402330585
2024-01-03,Stable,0.9898442752931574
2024-01-04,Stable,0.9845829348497455
2024-01-05,Stable,0.9777656206449044
2024-01-08,Stable,0.9621373790311474
2024-01-09,Stable,0.9562895017971996
2024-01-10,Stable,0.9422624531697502
2024-01-11,Stable,0.9095937961298183
2024-01-12,Stable,0.8379748614029016
2024-01-15,Stable,0.6981009695060661
2024-01-16,Stable,0.5157354840409522
2024-01-17,Transitional,0.9672002435717211
2024-01-18,Stable,0.6769564513516396
2024-01-19,Stable,0.5211393459479056
2024-01-23,Stable,0.6137164719266659
2024-01-24,Stable,0.774591701278921
2024-01-25,Stable,0.8484487887361326
2024-01-29,Stable,0.8884546578131814
2024-01-30,Stable,0.9258603281273543
2024-01-31,Stable,0.9424913411730487
2024-02-01,Stable,0.9615601848686457
2024-02-02,Stable,0.9694964922586871
2024-02-05,Stable,0.9720753779516588
2024-02-06,Stable,0.969369922126611
2024-02-07,Stable,0.9599626531697044
2024-02-08,Stable,0.9374246298401121
2024-02-09,Stable,0.9359173553044807
2024-02-12,Stable,0.936549162545619
2024-02-13,Stable,0.9529689927905923
2024-02-14,Stable,0.9717026625505463
2024-02-15,Stable,0.9836644212241044
2024-02-16,Stable,0.9901625889080495
2024-02-19,Stable,0.9929027142647496
2024-02-20,Stable,0.9934108936559456
2024-02-21,Stable,0.9949516092121382
2024-02-22,Stable,0.9951015393779968
2024-02-23,Stable,0.9940256240817578
2024-02-26,Stable,0.9911910378292197
2024-02-27,Stable,0.9862757119085336
2024-02-28,Stable,0.9751297642177063
2024-02-29,Stable,0.9696841200458979
2024-03-01,Stable,0.9552520957068847
2024-03-04,Stable,0.976314670275402
2024-03-05,Stable,0.9861735317496292
2024-03-06,Stable,0.9903451200910023
2024-03-07,Stable,0.9927541764668664
2024-03-11,Stable,0.9932441471487772
2024-03-12,Stable,0.995355971320795
2024-03-13,Stable,0.9960499665174181
2024-03-14,Stable,0.9967977013716305
2024-03-15,Stable,0.9972499216762243
2024-03-18,Stable,0.9976130356693823
2024-03-19,Stable,0.9976104515511185
2024-03-20,Stable,0.9976637839052241
2024-03-21,Stable,0.9974663593701959
2024-03-22,Stable,0.9975829876908485
2024-03-26,Stable,0.9973949502665256
2024-03-27,Stable,0.9974843366796344
2024-03-28,Stable,0.9972348882830573
2024-04-01,Stable,0.9970300141683651
2024-04-02,Stable,0.9974143752149502
2024-04-03,Stable,0.9973526127623805
2024-04-04,Stable,0.9967476177494824
2024-04-05,Stable,0.9965139658547589
2024-04-08,Stable,0.996549731687047
2024-04-09,Stable,0.9956739044161315
2024-04-10,Stable,0.9934293448530781
2024-04-12,Stable,0.9889845902795033
2024-04-15,Stable,0.9841964376695354
2024-04-16,Stable,0.98752827035781
2024-04-18,Stable,0.989028278219183
2024-04-19,Stable,0.9906372796903045
2024-04-22,Stable,0.9922327647369109
2024-04-23,Stable,0.9925179912533316
2024-04-24,Stable,0.9904512659319283
2024-04-25,Stable,0.9852516088025015
2024-04-26,Stable,0.9752123592315429
2024-04-29,Stable,0.9588399632576012
2024-04-30,Stable,0.9767462815820448
2024-05-02,Stable,0.984726084716964
2024-05-03,Stable,0.9882424570069597
2024-05-06,Stable,0.9901003102624986
2024-05-07,Stable,0.989093411280846
2024-05-08,Stable,0.9911570535719887
2024-05-09,Stable,0.9918461943773508
2024-05-10,Stable,0.9944532524843377
2024-05-13,Stable,0.9953295928796027
2024-05-14,Stable,0.9955725901868807
2024-05-15,Stable,0.9945282253560033
2024-05-16,Stable,0.9922083154793321
2024-05-17,Stable,0.9876132493903154
2024-05-21,Stable,0.9774175617426777
2024-05-22,Stable,0.956021925538397
2024-05-23,Stable,0.9196007450053388
2024-05-24,Stable,0.9140589913180854
2024-05-27,Stable,0.8942163578382248
2024-05-28,Stable,0.8528691234983564
2024-05-29,Stable,0.7654720209263652
2024-05-30,Stable,0.694125428666962
2024-05-31,Stable,0.5097291954380228
2024-06-03,Volatile,0.8817922681749629
2024-06-04,Volatile,0.9909339414476801
2024-06-05,Volatile,0.9333703036008759
2024-06-06,Stable,0.6052555300483496
2024-06-07,Stable,0.7958275610404084
2024-06-10,Stable,0.9053173262209515
2024-06-11,Stable,0.9510579548558027
2024-06-12,Stable,0.9718643938151772
2024-06-13,Stable,0.9811676916839278
2024-06-14,Stable,0.9844227635142051
2024-06-18,Stable,0.9835293626294261
2024-06-19,Stable,0.9805469705512723
2024-06-20,Stable,0.9868817602665818
2024-06-21,Stable,0.9902233178776221
2024-06-24,Stable,0.9908596580320521
2024-06-25,Stable,0.9887023098708412
2024-06-26,Stable,0.9922675787623848
2024-06-27,Stable,0.9935693357695743
2024-06-28,Stable,0.9930203622896256
2024-07-01,Stable,0.9930893849265278
2024-07-02,Stable,0.9912710585650883
2024-07-03,Stable,0.9891317330026868
2024-07-04,Stable,0.9928898117887631
2024-07-05,Stable,0.9941038590697673
2024-07-08,Stable,0.9957364816839678
2024-07-09,Stable,0.9967203697488889
2024-07-10,Stable,0.9968900256875675
2024-07-11,Stable,0.9976018038319296
2024-07-12,Stable,0.9978794153413132
2024-07-15,Stable,0.9979090389398972
2024-07-16,Stable,0.9977664296190842
2024-07-18,Stable,0.997379411971313
2024-07-19,Stable,0.9966005213116403
2024-07-22,Stable,0.996137865680245
2024-07-23,Stable,0.9945268958653589
2024-07-24,Stable,0.9940352416001283
2024-07-25,Stable,0.9942861022688206
2024-07-26,Stable,0.9950330356249841
2024-07-29,Stable,0.9953529142941829
2024-07-30,Stable,0.9943034455903987
2024-07-31,Stable,0.9912273430263783
2024-08-01,Stable,0.9842147583264824
2024-08-02,Stable,0.9690138380280864
2024-08-05,Stable,0.9408521015144897
2024-08-06,Stable,0.9631100455732889
2024-08-07,Stable,0.9775769670351924
2024-08-08,Stable,0.9856550152141127
2024-08-09,Stable,0.9885468871361383
2024-08-12,Stable,0.9890006790217478
2024-08-13,Stable,0.9861654010670338
2024-08-14,Stable,0.9890475660123753
2024-08-16,Stable,0.9889948560191876
2024-08-19,Stable,0.993046573809544
2024-08-20,Stable,0.9949472252588983
2024-08-21,Stable,0.9964771307279134
2024-08-22,Stable,0.9972144764479357
2024-08-23,Stable,0.9977119049707489
2024-08-26,Stable,0.997923575054995
2024-08-27,Stable,0.9980345740350469
2024-08-28,Stable,0.9979974594944728
2024-08-29,Stable,0.9979853756045266
2024-08-30,Stable,0.9977845940504197
2024-09-02,Stable,0.9973741459048251
2024-09-03,Stable,0.9963944228257275
2024-09-04,Stable,0.9945568248221315
2024-09-05,Stable,0.9919332121779654
2024-09-06,Stable,0.9858230362317988
2024-09-09,Stable,0.9892416682703141
2024-09-10,Stable,0.9923097324191094
2024-09-11,Stable,0.9929133212205095
2024-09-12,Stable,0.9924465600381798
2024-09-13,Stable,0.994955928121869
2024-09-16,Stable,0.995832873925472
2024-09-17,Stable,0.9956907572140868
2024-09-18,Stable,0.9942520218764389
2024-09-19,Stable,0.9932762402432028
2024-09-20,Stable,0.9905192145997739
2024-09-23,Stable,0.9902626540180917
2024-09-24,Stable,0.9876952627682424
2024-09-25,Stable,0.9812831504736121
2024-09-26,Stable,0.9667080772562688
2024-09-27,Stable,0.9373420676964616
2024-09-30,Stable,0.9045089757986353
2024-10-01,Stable,0.8928609138539544
2024-10-03,Stable,0.8614081959491618
2024-10-04,Stable,0.8712354154508597
2024-10-07,Stable,0.8735744112130754
2024-10-08,Stable,0.9156069410351695
2024-10-09,Stable,0.9465786833528791
2024-10-10,Stable,0.9599243924204229
2024-10-11,Stable,0.9691110754235588
2024-10-14,Stable,0.9744341740469928
2024-10-15,Stable,0.9802755145445262
2024-10-16,Stable,0.9807450944123464
2024-10-17,Stable,0.9766465583008705
2024-10-18,Stable,0.9728526797913618
2024-10-21,Stable,0.973885997174596
2024-10-22,Stable,0.9695093587252815
2024-10-23,Stable,0.9705673823009867
2024-10-24,Stable,0.9650471254907901
2024-10-25,Stable,0.9513576322160919
2024-10-28,Stable,0.9468201330320396
2024-10-29,Stable,0.9369780035983951
2024-10-30,Stable,0.9471989591383592
2024-10-31,Stable,0.9563621641841534
2024-11-01,Stable,0.9603474779125003
2024-11-04,Stable,0.9568772254523008
2024-11-05,Stable,0.9516488575226237
2024-11-06,Stable,0.9606442598672617
2024-11-07,Stable,0.9612071125824786
2024-11-08,Stable,0.9589529667540759
2024-11-11,Stable,0.9525595139038063
2024-11-12,Stable,0.9366894831126175
2024-11-13,Stable,0.9294825879824987
2024-11-14,Stable,0.9573180933732202
2024-11-18,Stable,0.9693328125307804
2024-11-19,Stable,0.9732534189120357
2024-11-21,Stable,0.9718391774475504
2024-11-22,Stable,0.9658407087098032
2024-11-25,Stable,0.9641355768344031
2024-11-26,Stable,0.9810350036532511
2024-11-27,Stable,0.9887656950354559
2024-11-28,Stable,0.9919215667018795
2024-11-29,Stable,0.9946037399994762
2024-12-02,Stable,0.995488123917665
2024-12-03,Stable,0.9950396517204453
2024-12-04,Stable,0.9954296930460556
2024-12-05,Stable,0.9965099644687619
2024-12-06,Stable,0.9971338898365015
2024-12-09,Stable,0.997261931209829
2024-12-10,Stable,0.9969802268017979
2024-12-11,Stable,0.9960236807648994
2024-12-12,Stable,0.9942768591931425
2024-12-13,Stable,0.9908915899919665
2024-12-16,Stable,0.9848821435867906
2024-12-17,Stable,0.9716318918585289
2024-12-18,Stable,0.9655598444941215
2024-12-19,Stable,0.9644965474500931
2024-12-20,Stable,0.9647156079166785
2024-12-23,Stable,0.9756445468753847
2024-12-24,Stable,0.9844693757395089
2024-12-26,Stable,0.9880090804253205
2024-12-27,Stable,0.9881435002019677
2024-12-30,Stable,0.9848110767697527
2024-12-31,Stable,0.9795848658241568
2025-01-01,Stable,0.9673381269118835
2025-01-02,Stable,0.941160753975372
2025-01-03,Stable,0.9058230646163196
2025-01-06,Stable,0.8754800589008138
2025-01-07,Stable,0.8876409986607
2025-01-08,Stable,0.8870773512565797
2025-01-09,Stable,0.8796156739098072
2025-01-10,Stable,0.8625285324525876
2025-01-13,Stable,0.8617934702399316
2025-01-14,Stable,0.8718312840884227
2025-01-15,Stable,0.8854578721399584
2025-01-16,Stable,0.88409562264837
2025-01-17,Stable,0.877823127572517
2025-01-20,Stable,0.8842950487610812
2025-01-21,Stable,0.902386177148016
2025-01-22,Stable,0.945481880061381
2025-01-23,Stable,0.9653561818346253
2025-01-24,Stable,0.974514745068805
2025-01-27,Stable,0.9783746356361859
2025-01-28,Stable,0.9794365644193056
2025-01-29,Stable,0.9866828710503797
2025-01-30,Stable,0.990072262461895
2025-01-31,Stable,0.990419110501401
2025-02-03,Stable,0.988486182191072
2025-02-04,Stable,0.985780988855736
2025-02-05,Stable,0.9918073928186228
2025-02-06,Stable,0.9945344407592415
2025-02-07,Stable,0.9953735040194603
2025-02-10,Stable,0.9955458079791011
2025-02-11,Stable,0.9949112978645673
2025-02-12,Stable,0.9964904356821825
2025-02-13,Stable,0.9970427139976187
2025-02-14,Stable,0.9971422405940228
2025-02-17,Stable,0.997351610117989
2025-02-18,Stable,0.9970981960206818
2025-02-19,Stable,0.9965715308283101
2025-02-20,Stable,0.9965885028660503
2025-02-21,Stable,0.9964100310047563
2025-02-24,Stable,0.9966529783612995
2025-02-25,Stable,0.997230012273365
2025-02-27,Stable,0.997280781311207
2025-02-28,Stable,0.996800958605416
2025-03-03,Stable,0.9971661902201374
2025-03-04,Stable,0.9975292744511861
2025-03-05,Stable,0.9974816130600824
2025-03-06,Stable,0.9972144668196348
2025-03-07,Stable,0.9963624689779441
2025-03-10,Stable,0.9947090013733448
2025-03-11,Stable,0.9924282240852043
2025-03-12,Stable,0.9898013506129765
2025-03-13,Stable,0.9835497894882641
2025-03-17,Stable,0.9696130401259784
2025-03-18,Stable,0.9430398248011278
2025-03-19,Stable,0.9384721485977234
2025-03-20,Stable,0.9260653751469349
2025-03-21,Stable,0.90079170613041
2025-03-24,Stable,0.8654176931524957
2025-03-25,Stable,0.8688977355781269
2025-03-26,Stable,0.8577755260098843
2025-03-27,Stable,0.8380109906753944
2025-03-28,Stable,0.797275519133737
2025-04-01,Stable,0.706258784598585
2025-04-02,Stable,0.6491368293530557
2025-04-03,Stable,0.5650197384407074
2025-04-04,Stable,0.6073959922310861
2025-04-07,Transitional,0.9642723558487191
2025-04-08,Transitional,0.9603930050510183
2025-04-09,Transitional,0.9586841412483051
2025-04-11,Transitional,0.9653777379023037
2025-04-15,Transitional,0.9710449974222094
2025-04-16,Transitional,0.9393708155743489
2025-04-17,Transitional,0.9071017711841128
2025-04-21,Transitional,0.7741139660956661
2025-04-22,Stable,0.5050913075072747
2025-04-23,Stable,0.6515108482692427
2025-04-24,Stable,0.7323549541201374
2025-04-25,Stable,0.7706971389307612
2025-04-28,Stable,0.8024196955568645
2025-04-29,Stable,0.8375435757663735
2025-04-30,Stable,0.8494095527919113
2025-05-02,Stable,0.8496675868911937
2025-05-05,Stable,0.8324120067859049
2025-05-06,Stable,0.7924395323702588
2025-05-07,Stable,0.7568236996251997
2025-05-08,Stable,0.6843831150859205
2025-05-09,Stable,0.5488703871431562
2025-05-12,Stable,0.5378736992862918
2025-05-13,Stable,0.6710200492123053
2025-05-14,Stable,0.8196983460708535
2025-05-15,Stable,0.8932608298058508
2025-05-16,Stable,0.9443016956430484
2025-05-19,Stable,0.9678768506354679
2025-05-20,Stable,0.9781734983182426
2025-05-21,Stable,0.9881299305978334
2025-05-22,Stable,0.9927616468663182
2025-05-23,Stable,0.9949170441022931
2025-05-26,Stable,0.9965506765281015
2025-05-27,Stable,0.9972389261727682
2025-05-28,Stable,0.9977716243408237
2025-05-29,Stable,0.997968779146224
2025-05-30,Stable,0.997971559092299
2025-06-02,Stable,0.9978556539334223
2025-06-03,Stable,0.9974961325142346
2025-06-04,Stable,0.9974020544754175
2025-06-05,Stable,0.9967843886377588
2025-06-06,Stable,0.9952621565427695
2025-06-09,Stable,0.9963517326427865
2025-06-10,Stable,0.9966516765776189
2025-06-11,Stable,0.9965588299111643
2025-06-12,Stable,0.9959017860130677
2025-06-13,Stable,0.9953724423864246
2025-06-16,Stable,0.9961988466169382
2025-06-17,Stable,0.9967640207300795
2025-06-18,Stable,0.9970461306853632
2025-06-19,Stable,0.9966597230528221
2025-06-20,Stable,0.9960267614605227
2025-06-23,Stable,0.9967381548224552
2025-06-24,Stable,0.9970210921544448
2025-06-25,Stable,0.9972585474014891
2025-06-26,Stable,0.996961144079753
2025-06-27,Stable,0.9974589895606732
2025-06-30,Stable,0.9976115489206868
2025-07-01,Stable,0.9975592447640544
2025-07-02,Stable,0.9970990277145554
2025-07-03,Stable,0.9974852945307215
2025-07-04,Stable,0.9977855576183835
2025-07-07,Stable,0.99791336207603
2025-07-08,Stable,0.9979057689676025
2025-07-09,Stable,0.9979216391219478
2025-07-10,Stable,0.9977563747279459
2025-07-11,Stable,0.9977777803741202
2025-07-14,Stable,0.9978371055076429
2025-07-15,Stable,0.9976265524208384
2025-07-16,Stable,0.99716050658157
2025-07-17,Stable,0.9960555987481559
2025-07-18,Stable,0.9948285275755757
2025-07-21,Stable,0.9947601055951466
2025-07-22,Stable,0.9957964647087456
2025-07-23,Stable,0.9960624443054096
2025-07-24,Stable,0.99618827125393
2025-07-25,Stable,0.9955420535659474
2025-07-28,Stable,0.9960412088608604
2025-07-29,Stable,0.997097370334508
2025-07-30,Stable,0.9974742878409244
2025-07-31,Stable,0.9974763721676444
2025-08-01,Stable,0.9973561262826625
2025-08-04,Stable,0.9976260160293071
2025-08-05,Stable,0.997520242894934
2025-08-06,Stable,0.9975349511118796
2025-08-07,Stable,0.9971021158551746
2025-08-08,Stable,0.9959649913318493
2025-08-11,Stable,0.995960979303839
2025-08-12,Stable,0.996154670394938
2025-08-13,Stable,0.9971471695129698
2025-08-14,Stable,0.9974922732096063
2025-08-18,Stable,0.9974190818563333
2025-08-19,Stable,0.9974358813438458
2025-08-20,Stable,0.9969756637812883
2025-08-21,Stable,0.9960859336968512
2025-08-22,Stable,0.9939063929248871
2025-08-25,Stable,0.9935238112006284
2025-08-26,Stable,0.9910606001893616
2025-08-28,Stable,0.991600984439789
2025-08-29,Stable,0.9944092769775784
2025-09-01,Stable,0.995700315614467
2025-09-02,Stable,0.9962913596118039
2025-09-03,Stable,0.9969891267876188
2025-09-04,Stable,0.997687548555042
2025-09-05,Stable,0.9980103692588289
2025-09-08,Stable,0.9981412657166059
2025-09-09,Stable,0.9981578873594152
2025-09-10,Stable,0.9980765723884831
2025-09-11,Stable,0.9981699419163608
2025-09-12,Stable,0.9981885373749733
2025-09-15,Stable,0.9981476404523874
2025-09-16,Stable,0.9979962083691322
2025-09-17,Stable,0.9978334526051791
2025-09-18,Stable,0.9977840550075631
2025-09-19,Stable,0.997563792963195
2025-09-22,Stable,0.9975109187658677
2025-09-23,Stable,0.9973166427614146
2025-09-24,Stable,0.9966975694261075
2025-09-25,Stable,0.9965064869791366
2025-09-26,Stable,0.9956642227412139
2025-09-29,Stable,0.9965724531828696
2025-09-30,Stable,0.9965683666583748
2025-10-01,Stable,0.9957329947655598
2025-10-03,Stable,0.9966308652020945
2025-10-06,Stable,0.9968296441278667
2025-10-07,Stable,0.9974534659995209
2025-10-08,Stable,0.9976008896613175
2025-10-09,Stable,0.9977688216479731
2025-10-10,Stable,0.9976723107999156
2025-10-13,Stable,0.9978291913251415
2025-10-14,Stable,0.997709948169524
2025-10-15,Stable,0.997427707950722
2025-10-16,Stable,0.9969301223068424
2025-10-17,Stable,0.9974300392697787
2025-10-20,Stable,0.997674769576875
2025-10-21,Stable,0.9978494597676956
2025-10-23,Stable,0.9977878142023187
2025-10-24,Stable,0.9974085955182713
2025-10-27,Stable,0.9975260626202532
2025-10-28,Stable,0.9977882008208911
2025-10-29,Stable,0.9977414170140018
2025-10-30,Stable,0.9974024830844392
2025-10-31,Stable,0.9974459372997628
2025-11-03,Stable,0.9975292035733779
2025-11-04,Stable,0.9974933387148008
2025-11-06,Stable,0.997579945000658
2025-11-07,Stable,0.9978196311811695
2025-11-10,Stable,0.9980636388184355
2025-11-11,Stable,0.9981458095883243
2025-11-12,Stable,0.99819098986361
2025-11-13,Stable,0.9981706170045999
2025-11-14,Stable,0.9980590435620517
2025-11-17,Stable,0.9978006004400413
2025-11-18,Stable,0.997879470136522
2025-11-19,Stable,0.9977767859251108
2025-11-20,Stable,0.9976322147383856
2025-11-21,Stable,0.9970981359959163
2025-11-24,Stable,0.9974349051320818
2025-11-25,Stable,0.9973280962151103
2025-11-26,Stable,0.9966970105508962
2025-11-27,Stable,0.9974269591433589
2025-11-28,Stable,0.997723536174687
2025-12-01,Stable,0.9976862916969611
2025-12-02,Stable,0.9973731473189471
2025-12-03,Stable,0.9976290888330328
2025-12-04,Stable,0.9974888015510421
2025-12-05,Stable,0.9969514712014595
2025-12-08,Stable,0.9965851949433125
2025-12-09,Stable,0.9973235104570641
2025-12-10,Stable,0.9975276767150654
2025-12-11,Stable,0.9978058079666283
2025-12-12,Stable,0.9979229831234802
2025-12-15,Stable,0.9978542597047444
2025-12-16,Stable,0.9975043576663918
2025-12-17,Stable,0.9978558923853046
2025-12-18,Stable,0.9980670734449831
2025-12-19,Stable,0.9981494844903402
2025-12-22,Stable,0.9981534575541675
2025-12-23,Stable,0.9981627594941077
2025-12-24,Stable,0.9980943172214036
2025-12-26,Stable,0.9980311443148315
2025-12-29,Stable,0.9980432431280873
2025-12-30,Stable,0.9979812113706205
2025-12-31,Stable,0.99783603288869
2026-01-01,Stable,0.9979182435852738
2026-01-02,Stable,0.9977740748087282
2026-01-05,Stable,0.9979090280832701
2026-01-06,Stable,0.9979341363071077
2026-01-07,Stable,0.9977262057678301
2026-01-08,Stable,0.9973420244782684
2026-01-09,Stable,0.9970869825122626
2026-01-12,Stable,0.9974535028962914
2026-01-13,Stable,0.9974115733459815
2026-01-14,Stable,0.9968705641951453
2026-01-16,Stable,0.9955099682078744
2026-01-19,Stable,0.9939472876325817
2026-01-20,Stable,0.990740120876603
2026-01-21,Stable,0.9872014182242849
2026-01-22,Stable,0.9846706076424532
2026-01-23,Stable,0.9786292925426635
2026-01-27,Stable,0.9759100097408554
2026-01-28,Stable,0.9738100519750379
2026-01-29,Stable,0.9666442340698433
2026-01-30,Stable,0.9509213480583714
2026-02-02,Stable,0.9238619137779783
2026-02-03,Stable,0.9175117709812858
2026-02-04,Stable,0.9582585769720139
2026-02-05,Stable,0.9774387501110429
2026-02-06,Stable,0.9870409257822178
2026-02-09,Stable,0.9910924011931042
2026-02-10,Stable,0.9939945104980249
2026-02-11,Stable,0.9949045419113082
2026-02-12,Stable,0.9942850303236609
2026-02-13,Stable,0.9917877326347296
2026-02-16,Stable,0.9898186180008788
2026-02-17,Stable,0.9891034084798768
2026-02-18,Stable,0.9851353110422035
2026-02-19,Stable,0.9768017222332143
2026-02-20,Stable,0.9733239033561059
2026-02-23,Stable,0.9646705805078633
2026-02-24,Stable,0.943694347541694
2026-02-25,Stable,0.9026243269703169
2026-02-26,Stable,0.8141489910860701
2026-02-27,Stable,0.6244956481136944
2026-03-02,Transitional,0.5756326573590221
2026-03-04,Transitional,0.7729660891663719
2026-03-05,Transitional,0.8387117387189225
2026-03-06,Transitional,0.973974598190658
2026-03-09,Transitional,0.9962531181294487
2026-03-10,Transitional,0.996381017684008
2026-03-11,Transitional,0.9970892636353244
2026-03-12,Transitional,0.9961068023355732
2026-03-13,Transitional,0.9964734409499114
2026-03-16,Transitional,0.9901765718746488
2026-03-17,Transitional,0.9864622348973224
2026-03-18,Transitional,0.986720721993774
2026-03-19,Transitional,0.9897399728206487
2026-03-20,Transitional,0.9857671318144853
2026-03-23,Transitional,0.9803531370875507
2026-03-24,Transitional,0.9791619978729037
2026-03-25,Transitional,0.9768627179237848
2026-03-27,Transitional,0.9726620487468975
2026-03-30,Transitional,0.9683224651160312
2026-04-01,Transitional,0.9707340151974467
2026-04-02,Transitional,0.9684201077371045
2026-04-06,Transitional,0.9653627810482943
2026-04-07,Transitional,0.9560936176594891
2026-04-08,Transitional,0.934959174158397
2026-04-09,Transitional,0.9093122164752911
2026-04-10,Transitional,0.8207550020479942
2026-04-13,Stable,0.562259035445184
2026-04-15,Stable,0.587655211732552
2026-04-16,Stable,0.7228496552780995
2026-04-17,Stable,0.7926327829736978
2026-04-20,Stable,0.8335397124542149
2026-04-21,Stable,0.8483219676889082
2026-04-22,Stable,0.8655608260617252
2026-04-23,Stable,0.8692574926761195
2026-04-24,Stable,0.884612456709323
2026-04-27,Stable,0.8870946918081523
2026-04-28,Stable,0.8752914920387029
2026-04-29,Stable,0.8779316889603204
2026-04-30,Stable,0.8654181893894657
2026-05-04,Stable,0.8499013716636211
2026-05-05,Stable,0.8085201539696549
2026-05-06,Stable,0.73772091504093
2026-05-07,Stable,0.759536730011564
2026-05-08,Stable,0.7594769048676822
2026-05-11,Stable,0.7674384597565908
2026-05-12,Stable,0.798193649770225
2026-05-13,Stable,0.8717759725415153
2026-05-14,Stable,0.9063931863349796
2026-05-15,Stable,0.9379236059954343
2026-05-18,Stable,0.9598691685598733
2026-05-19,Stable,0.9702275060077153
2026-05-20,Stable,0.9734701509774012
2026-05-21,Stable,0.9707296035395158
2026-05-22,Stable,0.961086556544878
2026-05-25,Stable,0.9494321378181151
2026-05-26,Stable,0.9639434562408465
2026-05-27,Stable,0.9701209301502025
2026-05-29,Stable,0.9710976429190162
2026-06-01,Stable,0.9739519184501277
2026-06-02,Stable,0.9784125489648786
2026-06-03,Stable,0.9774253026589849
2026-06-04,Stable,0.973630523394198
2026-06-05,Stable,0.9620362071257771
2026-06-08,Stable,0.9361707838243957
2026-06-09,Stable,0.8998900701438917
2026-06-10,Stable,0.8964916134747337
2026-06-11,Stable,0.8784635782470469
2026-06-12,Stable,0.8337878990020238
2026-06-15,Stable,0.9101781204370819
2026-06-16,Stable,0.9514399392315374
2026-06-17,Stable,0.9701813364962323
2026-06-18,Stable,0.9788955479971617
2026-06-19,Stable,0.9826447144737156
2026-06-22,Stable,0.9832355018989261
2026-06-23,Stable,0.9796997599818614
2026-06-24,Stable,0.9802237306362934
2026-06-25,Stable,0.9871182180120479
2026-06-29,Stable,0.9894465124471075
2026-06-30,Stable,0.991226953023414
2026-07-01,Stable,0.9909204179212516
2026-07-02,Stable,0.9895284576077686
2026-07-03,Stable,0.9845930541850075
2026-07-06,Stable,0.9735811125510463
2026-07-07,Stable,0.9523859173838438
2026-07-08,Stable,0.9080434064600345
2026-07-09,Stable,0.9320726550911875
2026-07-10,Stable,0.946277277747071
2026-07-13,Stable,0.9628549722742095
2026-07-14,Stable,0.9687783685812072
2026-07-15,Stable,0.9770574376146247
2026-07-16,Stable,0.9796556943690768
2026-07-17,Stable,0.9779764816787078
2026-07-20,Stable,0.9817099773129874
2026-07-21,Stable,0.9858864238793884
2026-07-22,Stable,0.9862920920208758
2026-07-23,Stable,0.9896853252989369
2026-07-24,Stable,0.993502440568036
2026-07-27,Stable,0.994896894033375
2026-07-28,Stable,0.9954761502783108
2026-07-29,Stable,0.995808416589969
2026-07-30,Stable,0.9959090879163216
2026-07-31,Stable,0.9949335869229268
2026-08-03,Stable,0.9921950277789321
2026-08-04,Stable,0.9943030740839247
2026-08-05,Stable,0.9957514611120583
2026-08-06,Stable,0.9962667901544895
2026-08-07,Stable,0.9961554193578979
2026-08-10,Stable,0.9958908306427405
2026-08-11,Stable,0.9945051403705586
2026-08-12,Stable,0.9919252322093572
2026-08-13,Stable,0.9876086861046252
2026-08-14,Stable,0.9795146096981522
