date,regime_label,regime_probability
2014-10-07,Stable,0.9858650123252634
2014-10-08,Stable,0.8882584801266933
2014-10-09,Stable,0.9169478323703798
2014-10-10,Stable,0.9116735619854275
2014-10-13,Stable,0.8963846682539818
2014-10-14,Stable,0.917112502760692
2014-10-15,Stable,0.8865578789009257
2014-10-16,Stable,0.6882787289120613
2014-10-17,Transitional,0.9805169311369379
2014-10-20,Stable,0.6928884424524713
2014-10-21,Stable,0.886768220701545
2014-10-22,Stable,0.9271537223572971
2014-10-27,Stable,0.9393374310409428
2014-10-28,Stable,0.9136945160947264
2014-10-29,Stable,0.8474021703086317
2014-10-30,Stable,0.732703698005066
2014-10-31,Stable,0.7645529134297269
2014-11-03,Stable,0.8974458977007795
2014-11-05,Stable,0.9355516409828981
2014-11-07,Stable,0.931701516787845
2014-11-10,Stable,0.9493035261173052
2014-11-11,Stable,0.9513691525831827
2014-11-12,Stable,0.9519748352418904
2014-11-13,Stable,0.9525072006302788
2014-11-14,Stable,0.9458175807497036
2014-11-17,Stable,0.9429241573337267
2014-11-18,Stable,0.9198026521592451
2014-11-19,Stable,0.9354139236065243
2014-11-20,Stable,0.9196351744317192
2014-11-21,Stable,0.9309972664291278
2014-11-24,Stable,0.911253030522429
2014-11-25,Stable,0.9307167600840908
2014-11-26,Stable,0.9421973302550963
2014-11-27,Stable,0.9287234442598267
2014-11-28,Stable,0.9187606061247248
2014-12-01,Stable,0.8337430744720901
2014-12-02,Stable,0.8657135294594704
2014-12-03,Stable,0.8927692309771743
2014-12-04,Stable,0.85328273172815
2014-12-05,Stable,0.5777490082710415
2014-12-08,Stable,0.5124862759166191
2014-12-09,Stable,0.8386658339005382
2014-12-10,Stable,0.8919451088489044
2014-12-11,Stable,0.8212310420556547
2014-12-12,Stable,0.5057693668077368
2014-12-15,Transitional,0.9797905595467307
2014-12-16,Transitional,0.9599204379450832
2014-12-17,Stable,0.7141419978580659
2014-12-18,Stable,0.8422150461608185
2014-12-19,Stable,0.8035018048308701
2014-12-22,Stable,0.9168846318967773
2014-12-23,Stable,0.9335653129879046
2014-12-24,Stable,0.8976734430795498
2014-12-26,Stable,0.9208861640476305
2014-12-29,Stable,0.9376043138763869
2014-12-30,Stable,0.9426553345766008
2014-12-31,Stable,0.9192079154104775
2015-01-01,Stable,0.9022320816945243
2015-01-02,Stable,0.7849782893539525
2015-01-05,Stable,0.5468506910842044
2015-01-06,Transitional,0.9086492557067939
2015-01-07,Stable,0.5387143318076587
2015-01-08,Stable,0.6441081026056772
2015-01-09,Stable,0.5116495301241921
2015-01-12,Stable,0.8443649552807451
2015-01-13,Stable,0.9200349366484544
2015-01-14,Stable,0.9299709021512548
2015-01-15,Stable,0.9420055243339674
2015-01-16,Stable,0.9482985402256475
2015-01-19,Stable,0.941311814034807
2015-01-20,Stable,0.9485417369234436
2015-01-21,Stable,0.9500933810224567
2015-01-22,Stable,0.9530412781252339
2015-01-23,Stable,0.9487271336500631
2015-01-27,Stable,0.9376939736903683
2015-01-28,Stable,0.880285088505607
2015-01-29,Stable,0.8596181852241415
2015-01-30,Stable,0.6297332158553729
2015-02-02,Stable,0.7463346978999505
2015-02-03,Stable,0.7318945156083994
2015-02-04,Stable,0.7300590188132117
2015-02-05,Stable,0.7485575538844816
2015-02-06,Stable,0.7074069506073654
2015-02-09,Transitional,0.6341851752494028
2015-02-10,Transitional,0.7207603453412457
2015-02-11,Stable,0.6654078837478508
2015-02-12,Stable,0.6828973550880605
2015-02-13,Stable,0.7305312680314359
2015-02-16,Stable,0.520458971224789
2015-02-18,Stable,0.5965412506121709
2015-02-19,Stable,0.7497154862963996
2015-02-20,Stable,0.9032143114957506
2015-02-23,Stable,0.9308641412700803
2015-02-24,Stable,0.9408535335757399
2015-02-25,Stable,0.9190092132043495
2015-02-26,Stable,0.9284645311302903
2015-02-27,Stable,0.9023293306157569
2015-03-02,Stable,0.7472940654658571
2015-03-03,Transitional,0.9328755605923033
2015-03-04,Stable,0.5391466521133037
2015-03-05,Stable,0.6309220779205919
2015-03-09,Stable,0.7261006156359483
2015-03-10,Stable,0.8850627305823223
2015-03-11,Stable,0.8896926722050383
2015-03-12,Stable,0.9239429442696345
2015-03-13,Stable,0.9006235389411809
2015-03-16,Stable,0.9259024413011848
2015-03-17,Stable,0.9300330599250599
2015-03-18,Stable,0.9210040476591445
2015-03-19,Stable,0.9043912824559937
2015-03-20,Stable,0.9366223214034123
2015-03-23,Stable,0.9420103693633076
2015-03-24,Stable,0.9159013939729134
2015-03-25,Stable,0.8794267638425253
2015-03-26,Stable,0.7186446033813002
2015-03-27,Stable,0.8624716658612428
2015-03-30,Stable,0.8222112716629721
2015-03-31,Stable,0.9185080963341391
2015-04-01,Stable,0.9374500136947083
2015-04-06,Stable,0.9274769271887124
2015-04-07,Stable,0.8482454200939219
2015-04-08,Stable,0.7671654554837564
2015-04-09,Stable,0.8894605324276132
2015-04-10,Stable,0.9274693043698979
2015-04-13,Stable,0.9133846916307664
2015-04-15,Stable,0.7952525252073718
2015-04-16,Stable,0.516454631101205
2015-04-17,Transitional,0.9772199636661401
2015-04-20,Stable,0.5392563380761738
2015-04-21,Stable,0.8358227886234207
2015-04-22,Stable,0.9128827018228554
2015-04-23,Stable,0.9315578151224418
2015-04-24,Stable,0.9089797602204195
2015-04-27,Stable,0.9433198391465638
2015-04-28,Stable,0.9498529652178836
2015-04-29,Stable,0.9445854928322122
2015-04-30,Stable,0.9180661167960764
2015-05-04,Stable,0.8783795883543323
2015-05-05,Stable,0.7095575431796269
2015-05-06,Transitional,0.6076399696478478
2015-05-07,Transitional,0.8174620777578537
2015-05-08,Stable,0.7183486746026222
2015-05-11,Stable,0.8468503710440093
2015-05-12,Stable,0.8871415185412312
2015-05-13,Stable,0.9361017323124642
2015-05-14,Stable,0.9430395494690434
2015-05-15,Stable,0.9482107423078674
2015-05-18,Stable,0.9469010251996809
2015-05-19,Stable,0.9303245433646544
2015-05-20,Stable,0.8568471054001635
2015-05-21,Stable,0.8740496942817417
2015-05-22,Stable,0.7214856491516008
2015-05-25,Stable,0.889491394579202
2015-05-26,Stable,0.93926359665561
2015-05-27,Stable,0.951168356934422
2015-05-28,Stable,0.9537817988605374
2015-05-29,Stable,0.9547551015624454
2015-06-01,Stable,0.9528061452129869
2015-06-02,Stable,0.9469679258822173
2015-06-03,Stable,0.9512737173082513
2015-06-04,Stable,0.9535164744980326
2015-06-05,Stable,0.9528970985791138
2015-06-08,Stable,0.9485355404737581
2015-06-09,Stable,0.925009833033352
2015-06-10,Stable,0.8567594795556773
2015-06-11,Stable,0.8094277919333485
2015-06-12,Stable,0.644322759192675
2015-06-15,Stable,0.8843506781404268
2015-06-16,Stable,0.9376800121588378
2015-06-17,Stable,0.9488861830968894
2015-06-18,Stable,0.9424082952968441
2015-06-19,Stable,0.928139707356594
2015-06-22,Stable,0.888398154462233
2015-06-23,Stable,0.9296953582447572
2015-06-24,Stable,0.9420704279889703
2015-06-25,Stable,0.9229939368803889
2015-06-26,Stable,0.8774723822723663
2015-06-29,Stable,0.9130230410214868
2015-06-30,Stable,0.8536360408694434
2015-07-01,Stable,0.856417794371287
2015-07-02,Stable,0.9166934101474485
2015-07-03,Stable,0.9180152139408442
2015-07-06,Stable,0.909558368452384
2015-07-07,Stable,0.8968706532892116
2015-07-08,Stable,0.7935316466515047
2015-07-09,Stable,0.5717760448216358
2015-07-10,Stable,0.5875018542155923
2015-07-13,Stable,0.7779218875549665
2015-07-14,Stable,0.8804368337352656
2015-07-15,Stable,0.8467251981151837
2015-07-16,Stable,0.9241353512861998
2015-07-17,Stable,0.9291894238392195
2015-07-20,Stable,0.9339149635272738
2015-07-21,Stable,0.927809122404137
2015-07-22,Stable,0.8937301459790263
2015-07-23,Stable,0.8788780344429463
2015-07-24,Stable,0.9300603118893754
2015-07-27,Stable,0.9476227306330859
2015-07-28,Stable,0.9520497499515519
2015-07-29,Stable,0.9484484611662449
2015-07-30,Stable,0.9271702503935544
2015-07-31,Stable,0.9222979327733652
2015-08-03,Stable,0.9449990708409582
2015-08-04,Stable,0.9406410753525811
2015-08-05,Stable,0.8975733633721955
2015-08-06,Stable,0.914507495323143
2015-08-07,Stable,0.9179752997371645
2015-08-10,Stable,0.8932362811644211
2015-08-11,Stable,0.7797616129569155
2015-08-12,Stable,0.5110850418514848
2015-08-13,Stable,0.6015406114790705
2015-08-14,Stable,0.5071942301789789
2015-08-17,Stable,0.7488056175687464
2015-08-18,Stable,0.7196902408924564
2015-08-19,Stable,0.8367523721216282
2015-08-20,Stable,0.7475087922167957
2015-08-21,Stable,0.6827066838326336
2015-08-24,Transitional,0.8458034674367106
2015-08-25,Stable,0.7589692043782864
2015-08-26,Stable,0.9078108951418977
2015-08-27,Stable,0.9436023231122552
2015-08-28,Stable,0.948542216886647
2015-08-31,Stable,0.9368394634448018
2015-09-01,Stable,0.8824023939908983
2015-09-02,Stable,0.7714656793267133
2015-09-03,Stable,0.8486474634002543
2015-09-04,Stable,0.7531381766129472
2015-09-07,Stable,0.9070074824199206
2015-09-08,Stable,0.9443007447937356
2015-09-09,Stable,0.9513313504235587
2015-09-10,Stable,0.9540352498280207
2015-09-11,Stable,0.9543889085229608
2015-09-14,Stable,0.9541347516618662
2015-09-15,Stable,0.9494368130275405
2015-09-16,Stable,0.9506682470825615
2015-09-18,Stable,0.9535557981084182
2015-09-21,Stable,0.9504145803383782
2015-09-22,Stable,0.9330358366367577
2015-09-23,Stable,0.9288803073419756
2015-09-24,Stable,0.8614582483723683
2015-09-28,Stable,0.9244049976091909
2015-09-29,Stable,0.9304039826607652
2015-09-30,Stable,0.879486066539565
2015-10-01,Stable,0.6333355893444207
2015-10-05,Stable,0.5545692358093541
2015-10-06,Stable,0.81393619099537
2015-10-07,Stable,0.8231494985064169
2015-10-08,Stable,0.9007548457439294
2015-10-09,Stable,0.9105803834932914
2015-10-12,Stable,0.8203337592470248
2015-10-13,Stable,0.6968712185391182
2015-10-14,Transitional,0.9778794371937453
2015-10-15,Stable,0.7089001954826308
2015-10-16,Stable,0.8914728585997742
2015-10-19,Stable,0.9197993370441294
2015-10-20,Stable,0.8996434902963014
2015-10-21,Stable,0.9420348515669157
2015-10-23,Stable,0.9492279480742757
2015-10-26,Stable,0.953684942181374
2015-10-27,Stable,0.952604234603567
2015-10-28,Stable,0.9467237542691473
2015-10-29,Stable,0.9176484740352606
2015-10-30,Stable,0.9422408464307086
2015-11-02,Stable,0.9330848238125291
2015-11-03,Stable,0.9221498655998461
2015-11-04,Stable,0.910850569813041
2015-11-05,Stable,0.8071998119720606
2015-11-06,Stable,0.8764622206442393
2015-11-09,Stable,0.8627723261993233
2015-11-10,Stable,0.8541343145786012
2015-11-13,Stable,0.6702678820836797
2015-11-16,Stable,0.8470254452352483
2015-11-17,Stable,0.8998075801370249
2015-11-18,Stable,0.8694746549620677
2015-11-19,Stable,0.9181961777200601
2015-11-20,Stable,0.897509241283408
2015-11-23,Stable,0.9347810682771672
2015-11-24,Stable,0.928976364592558
2015-11-26,Stable,0.9320237213122073
2015-11-27,Stable,0.9460671110153587
2015-11-30,Stable,0.9415380268847019
2015-12-01,Stable,0.9478968511471354
2015-12-02,Stable,0.9514508600218118
2015-12-03,Stable,0.9443798785034114
2015-12-04,Stable,0.935630784949031
2015-12-07,Stable,0.9448150234976549
2015-12-08,Stable,0.9369726002352953
2015-12-09,Stable,0.8912165037628617
2015-12-10,Stable,0.9322878450508113
2015-12-11,Stable,0.9494400558051844
2015-12-14,Stable,0.9499989600195228
2015-12-15,Stable,0.9431122394823274
2015-12-16,Stable,0.9044023386332617
2015-12-17,Stable,0.8990925261388617
2015-12-18,Stable,0.9081235627964196
2015-12-21,Stable,0.8900645829390126
2015-12-22,Stable,0.8596033804672062
2015-12-23,Stable,0.9168135190310764
2015-12-24,Stable,0.938189608227915
2015-12-28,Stable,0.9238549874688984
2015-12-29,Stable,0.9321436788358441
2015-12-30,Stable,0.8905859922856899
2015-12-31,Stable,0.9168091465368249
2016-01-01,Stable,0.8989256144954403
2016-01-04,Stable,0.820886077467391
2016-01-05,Stable,0.8902887783249963
2016-01-06,Stable,0.8940123895329897
2016-01-07,Stable,0.9242391426985684
2016-01-08,Stable,0.8983877168056676
2016-01-11,Stable,0.8478149442179611
2016-01-12,Stable,0.8126501248611865
2016-01-13,Stable,0.7730184769645713
2016-01-14,Stable,0.9097094700534548
2016-01-15,Stable,0.9314394792925486
2016-01-18,Stable,0.9418198428849214
2016-01-19,Stable,0.9507054856215986
2016-01-20,Stable,0.9464260917235089
2016-01-21,Stable,0.9175616340231791
2016-01-22,Stable,0.8642067363788232
2016-01-25,Stable,0.9257691541385211
2016-01-27,Stable,0.9253667314699366
2016-01-28,Stable,0.8834139889442111
2016-01-29,Stable,0.6877680330868967
2016-02-01,Stable,0.8871096888305542
2016-02-02,Stable,0.9346167884228317
2016-02-03,Stable,0.9334001256723178
2016-02-04,Stable,0.9168023988710028
2016-02-05,Stable,0.8041939519743917
2016-02-08,Transitional,0.7015468007567439
2016-02-09,Transitional,0.9258126407841382
2016-02-10,Transitional,0.6197018337395315
2016-02-11,Transitional,0.8040381484462764
2016-02-12,Stable,0.5943918237282811
2016-02-15,Stable,0.7115903102064298
2016-02-16,Stable,0.890335804990944
2016-02-17,Stable,0.9157890237030881
2016-02-18,Stable,0.8653768007339078
2016-02-19,Stable,0.9133301376858387
2016-02-22,Stable,0.8687386991351724
2016-02-23,Stable,0.61744913612625
2016-02-24,Stable,0.5889500118389
2016-02-25,Stable,0.8278451148513014
2016-02-26,Stable,0.8174821481209152
2016-02-29,Stable,0.5328292534010777
2016-03-01,Transitional,0.992668027875265
2016-03-02,Transitional,0.6905387904870943
2016-03-03,Transitional,0.5393784597414039
2016-03-04,Stable,0.8229561216125162
2016-03-08,Stable,0.9247454037579927
2016-03-09,Stable,0.9474634490594277
2016-03-10,Stable,0.9490921340494634
2016-03-11,Stable,0.9441706507820032
2016-03-14,Stable,0.941900588338565
2016-03-15,Stable,0.9193444793553619
2016-03-16,Stable,0.9049368032171825
2016-03-17,Stable,0.7705501387945852
2016-03-18,Stable,0.6061557364702982
2016-03-21,Stable,0.7821429909385581
2016-03-22,Stable,0.8861320372547928
2016-03-23,Stable,0.9393733728812488
2016-03-28,Stable,0.9495782789100534
2016-03-29,Stable,0.9438195898584513
2016-03-30,Stable,0.9093824411523391
2016-03-31,Stable,0.8155961381175078
2016-04-01,Stable,0.608058925707161
2016-04-04,Stable,0.8566134429335889
2016-04-05,Stable,0.9224720062236684
2016-04-06,Stable,0.9204938354933119
2016-04-07,Stable,0.8809856347575254
2016-04-08,Stable,0.6859260608245706
2016-04-11,Stable,0.6023997784125709
2016-04-12,Stable,0.8053999825351507
2016-04-13,Stable,0.8899294726994884
2016-04-18,Stable,0.8456364889399499
2016-04-20,Stable,0.5597850018461252
2016-04-21,Stable,0.8089172350383602
2016-04-22,Stable,0.8997790580739636
2016-04-25,Stable,0.878839818283375
2016-04-26,Stable,0.8746063953105814
2016-04-27,Stable,0.9212199263052292
2016-04-28,Stable,0.9394094183618947
2016-04-29,Stable,0.9448793236130256
2016-05-02,Stable,0.9279709538697714
2016-05-03,Stable,0.8512615185013674
2016-05-04,Stable,0.9307119163288309
2016-05-05,Stable,0.9452701647881747
2016-05-06,Stable,0.9409048476428034
2016-05-09,Stable,0.8989331088152083
2016-05-10,Stable,0.9318080942649841
2016-05-11,Stable,0.9184044836168066
2016-05-12,Stable,0.8163139973629207
2016-05-13,Stable,0.8261980784262675
2016-05-16,Stable,0.8944043090223365
2016-05-17,Stable,0.9286423922649868
2016-05-18,Stable,0.9364652381722363
2016-05-19,Stable,0.9391828379448003
2016-05-20,Stable,0.9033051158184855
2016-05-23,Stable,0.853292726805967
2016-05-24,Stable,0.830774032595091
2016-05-25,Stable,0.6750833311241393
2016-05-26,Stable,0.7948272092023327
2016-05-27,Stable,0.7291991370514127
2016-05-30,Transitional,0.6221901558052234
2016-05-31,Transitional,0.7208770671090157
2016-06-01,Transitional,0.6041890830144372
2016-06-02,Stable,0.8036924791183984
2016-06-03,Stable,0.9040452955807788
2016-06-06,Stable,0.9386866202663562
2016-06-07,Stable,0.9394883692699143
2016-06-08,Stable,0.9326185886047463
2016-06-09,Stable,0.9068409460832365
2016-06-10,Stable,0.929992901024067
2016-06-13,Stable,0.9456974227876703
2016-06-14,Stable,0.9448692017302539
2016-06-15,Stable,0.9334617888479225
2016-06-16,Stable,0.91845495552317
2016-06-17,Stable,0.8101948693160028
2016-06-20,Stable,0.7492260781868693
2016-06-21,Stable,0.8847504546975603
2016-06-22,Stable,0.8779010149304974
2016-06-23,Stable,0.738698242631322
2016-06-24,Transitional,0.7497322836677408
2016-06-27,Transitional,0.8359801855388979
2016-06-28,Stable,0.5434810173556258
2016-06-29,Stable,0.6363671138053653
2016-06-30,Stable,0.624021055378882
2016-07-01,Stable,0.6779715956547189
2016-07-04,Stable,0.8705708790430118
2016-07-05,Stable,0.8845191500604289
2016-07-07,Stable,0.7616198053664315
2016-07-08,Stable,0.8903468207974524
2016-07-11,Stable,0.8791022889827751
2016-07-12,Stable,0.9164686218594507
2016-07-13,Stable,0.8656734903935835
2016-07-14,Stable,0.7477423049519404
2016-07-15,Stable,0.5938411381696996
2016-07-18,Stable,0.7897185671719119
2016-07-19,Stable,0.8574045492476036
2016-07-20,Stable,0.9008830485652226
2016-07-21,Stable,0.9326943812135062
2016-07-22,Stable,0.9219425997394699
2016-07-25,Stable,0.837036763131736
2016-07-26,Stable,0.9111621854819872
2016-07-27,Stable,0.8918012880857514
2016-07-28,Stable,0.8147288046891683
2016-07-29,Stable,0.7521372638852074
2016-08-01,Transitional,0.7259781362731886
2016-08-02,Stable,0.7498990275799523
2016-08-03,Stable,0.8235769032162145
2016-08-04,Stable,0.924915575559074
2016-08-05,Stable,0.9481668345425399
2016-08-08,Stable,0.9525389938811456
2016-08-09,Stable,0.9482851254629713
2016-08-10,Stable,0.9241617727814716
2016-08-11,Stable,0.8892129440151195
2016-08-12,Stable,0.8528848080245647
2016-08-16,Stable,0.7166911094844818
2016-08-17,Stable,0.5820031672878901
2016-08-18,Stable,0.7997209982775457
2016-08-19,Stable,0.7707874608162429
2016-08-22,Stable,0.6527222098337306
2016-08-23,Stable,0.6883692055218866
2016-08-24,Stable,0.8414191977572991
2016-08-25,Stable,0.9024964801217956
2016-08-26,Stable,0.9078318490756908
2016-08-29,Stable,0.898689119092204
2016-08-30,Stable,0.8516189646560548
2016-08-31,Stable,0.8858672775067739
2016-09-01,Stable,0.9273842675090147
2016-09-02,Stable,0.9049467922401782
2016-09-06,Stable,0.7641537243285322
2016-09-07,Stable,0.5475629527876437
2016-09-08,Transitional,0.9956422978406945
2016-09-09,Stable,0.6058285379425367
2016-09-12,Stable,0.8532187840686262
2016-09-14,Stable,0.880865737535422
2016-09-15,Stable,0.9126462797522562
2016-09-16,Stable,0.8492051058849941
2016-09-19,Stable,0.7911785545367245
2016-09-20,Stable,0.9126272926389289
2016-09-21,Stable,0.9318249435854771
2016-09-22,Stable,0.8989904499432639
2016-09-23,Stable,0.927605253396184
2016-09-26,Stable,0.9389878380942857
2016-09-27,Stable,0.9096956666763084
2016-09-28,Stable,0.9382925498495421
2016-09-29,Stable,0.945636174173431
2016-09-30,Stable,0.949388887080464
2016-10-03,Stable,0.9430115847417048
2016-10-04,Stable,0.9487810877135542
2016-10-05,Stable,0.9423452818938381
2016-10-06,Stable,0.9463066200764448
2016-10-07,Stable,0.9263612493711711
2016-10-10,Stable,0.8976568470324483
2016-10-13,Stable,0.752717634102622
2016-10-14,Stable,0.8230001605476674
2016-10-17,Stable,0.9076720242277565
2016-10-18,Stable,0.888257752160211
2016-10-19,Stable,0.9377651361769735
2016-10-20,Stable,0.9453243882513452
2016-10-21,Stable,0.9297832742477066
2016-10-24,Stable,0.9420212222814858
2016-10-25,Stable,0.9228225792169406
2016-10-26,Stable,0.9403025176110533
2016-10-27,Stable,0.9206705694481585
2016-10-28,Stable,0.8791882351536504
2016-11-01,Stable,0.732749516374035
2016-11-02,Stable,0.7366120310811732
2016-11-03,Stable,0.8590941240390617
2016-11-04,Stable,0.8344615420265482
2016-11-07,Stable,0.5808628209892277
2016-11-08,Stable,0.5677376429165713
2016-11-09,Transitional,0.9955284969219147
2016-11-10,Transitional,0.6020376186339641
2016-11-11,Transitional,0.697494304018159
2016-11-15,Transitional,0.5746962935118138
2016-11-16,Transitional,0.8601309028017202
2016-11-17,Transitional,0.6606127910620436
2016-11-18,Stable,0.7917809553092836
2016-11-21,Stable,0.9056633625467199
2016-11-22,Stable,0.9130537015604347
2016-11-23,Stable,0.8223242827594928
2016-11-24,Stable,0.5543597069055128
2016-11-25,Transitional,0.9968750672763498
2016-11-28,Stable,0.669547142101797
2016-11-29,Stable,0.8471669270919552
2016-11-30,Stable,0.9087181321246632
2016-12-01,Stable,0.9051326939825676
2016-12-02,Stable,0.8165303204551999
2016-12-05,Stable,0.8377914414244381
2016-12-06,Stable,0.9078825958107386
2016-12-07,Stable,0.8761426566346997
2016-12-08,Stable,0.8379712831532046
2016-12-09,Stable,0.9264960020104609
2016-12-12,Stable,0.9405340974584402
2016-12-13,Stable,0.938545865319961
2016-12-14,Stable,0.9040551935263231
2016-12-15,Stable,0.7462217846008664
2016-12-16,Stable,0.8618672860816002
2016-12-19,Stable,0.887669742297478
2016-12-20,Stable,0.7756319899342373
2016-12-21,Stable,0.8783405164141059
2016-12-22,Stable,0.9324838913275445
2016-12-23,Stable,0.9350157062992586
2016-12-26,Stable,0.9416852004615376
2016-12-27,Stable,0.9156307668496306
2016-12-28,Stable,0.9274520508803306
2016-12-29,Stable,0.8887284256444196
2016-12-30,Stable,0.9338690917116564
2017-01-02,Stable,0.9470568452549885
2017-01-03,Stable,0.9407627349687584
2017-01-04,Stable,0.9007204629875999
2017-01-05,Stable,0.7396226683787394
2017-01-06,Stable,0.6725400492613935
2017-01-09,Stable,0.8532016456630285
2017-01-10,Stable,0.9093805816766296
2017-01-11,Stable,0.8826725320109899
2017-01-12,Stable,0.6986712501628252
2017-01-13,Transitional,0.9392602814471271
2017-01-16,Stable,0.7292362014014444
2017-01-17,Stable,0.8794727222098554
2017-01-18,Stable,0.9286957513008062
2017-01-19,Stable,0.9469313365987763
2017-01-20,Stable,0.9452496933603667
2017-01-23,Stable,0.9215809659372148
2017-01-24,Stable,0.9259213147545701
2017-01-25,Stable,0.8771691478207451
2017-01-27,Stable,0.8613740354660417
2017-01-30,Stable,0.6424040472992453
2017-01-31,Transitional,0.9930877700813213
2017-02-01,Transitional,0.8848013406799702
2017-02-02,Stable,0.49994474332951633
2017-02-03,Stable,0.7925647892171831
2017-02-06,Stable,0.9022856521274064
2017-02-07,Stable,0.9012021719612686
2017-02-08,Stable,0.7770155808499131
2017-02-09,Transitional,0.5381667461749856
2017-02-10,Transitional,0.8331907959146088
2017-02-13,Stable,0.7400005126310135
2017-02-14,Stable,0.8854199679467518
2017-02-15,Stable,0.888543994663442
2017-02-16,Stable,0.7516550591349956
2017-02-17,Stable,0.511010477141048
2017-02-20,Transitional,0.9627918718693455
2017-02-21,Transitional,0.7073141640852266
2017-02-22,Transitional,0.7283436929162859
2017-02-23,Transitional,0.734472581709868
2017-02-27,Stable,0.7800371781260436
2017-02-28,Stable,0.8880418867427439
2017-03-01,Stable,0.9318515758057303
2017-03-02,Stable,0.9365254233863399
2017-03-03,Stable,0.9452867619881562
2017-03-06,Stable,0.9345773864949322
2017-03-07,Stable,0.9288843159366077
2017-03-08,Stable,0.9434002106762256
2017-03-09,Stable,0.9415910882040257
2017-03-10,Stable,0.9088756229540318
2017-03-14,Stable,0.8284618425085772
2017-03-15,Stable,0.5826528097272439
2017-03-16,Stable,0.8310665949792266
2017-03-17,Stable,0.9005157774160112
2017-03-20,Stable,0.8544891426776884
2017-03-21,Stable,0.9297548557436877
2017-03-22,Stable,0.9431091207619439
2017-03-23,Stable,0.9326966690528371
2017-03-24,Stable,0.9102661297271244
2017-03-27,Stable,0.9355485387418185
2017-03-28,Stable,0.9416981288597807
2017-03-29,Stable,0.9472142979653362
2017-03-30,Stable,0.9522108876291212
2017-03-31,Stable,0.9496764836263325
2017-04-03,Stable,0.9417552962262234
2017-04-05,Stable,0.9479283241416976
2017-04-06,Stable,0.9477958591697514
2017-04-07,Stable,0.9272921756451269
2017-04-10,Stable,0.940714204973828
2017-04-11,Stable,0.9235570698211809
2017-04-12,Stable,0.8259993953791844
2017-04-13,Stable,0.5918685402154723
2017-04-17,Stable,0.8580090274397594
2017-04-18,Stable,0.929322717551958
2017-04-19,Stable,0.9404641426488152
2017-04-20,Stable,0.9276539519014844
2017-04-21,Stable,0.9395336825516352
2017-04-24,Stable,0.9415095186290309
2017-04-25,Stable,0.9431717115661025
2017-04-26,Stable,0.9499340715127605
2017-04-27,Stable,0.941894959240069
2017-04-28,Stable,0.907095444327747
2017-05-02,Stable,0.9026347600589242
2017-05-03,Stable,0.8236126550567655
2017-05-04,Stable,0.9212397610110248
2017-05-05,Stable,0.9408491356355769
2017-05-08,Stable,0.9368180453478673
2017-05-09,Stable,0.9449427329247929
2017-05-10,Stable,0.936572919192885
2017-05-11,Stable,0.9357606109973624
2017-05-12,Stable,0.9211625397078002
2017-05-15,Stable,0.8377791032340508
2017-05-16,Transitional,0.5439944000441463
2017-05-17,Transitional,0.5137807660327631
2017-05-18,Transitional,0.7757194801720988
2017-05-19,Stable,0.6803757061174261
2017-05-22,Stable,0.8433240233593499
2017-05-23,Stable,0.8753278363155529
2017-05-24,Stable,0.7607825854528364
2017-05-25,Stable,0.5648517631101009
2017-05-26,Stable,0.7175898527191069
2017-05-29,Stable,0.8944315888115503
2017-05-30,Stable,0.9257091332285441
2017-05-31,Stable,0.943068529320409
2017-06-01,Stable,0.9315449827364579
2017-06-02,Stable,0.8628886687583831
2017-06-05,Stable,0.5781327653029097
2017-06-06,Transitional,0.960878519956348
2017-06-07,Transitional,0.9728826419544689
2017-06-08,Transitional,0.963493107903013
2017-06-09,Stable,0.7062614916435475
2017-06-12,Stable,0.8709447092967751
2017-06-13,Stable,0.9146408069460502
2017-06-14,Stable,0.8774052217003654
2017-06-15,Stable,0.7165578292105498
2017-06-16,Stable,0.8774903469071984
2017-06-19,Stable,0.8919659485808883
2017-06-20,Stable,0.9185689589672492
2017-06-21,Stable,0.8825611710662304
2017-06-22,Stable,0.9215859208337274
2017-06-23,Stable,0.9023268094368495
2017-06-27,Stable,0.9297445079074395
2017-06-28,Stable,0.9447869108920184
2017-06-29,Stable,0.9373154466068653
2017-06-30,Stable,0.9232330281374922
2017-07-03,Stable,0.9438209488422582
2017-07-04,Stable,0.9475062239651628
2017-07-05,Stable,0.9364102568729985
2017-07-06,Stable,0.8933997301762081
2017-07-07,Stable,0.7073175176982395
2017-07-10,Transitional,0.9810240348349234
2017-07-11,Stable,0.5340852847535286
2017-07-12,Stable,0.7122934994352395
2017-07-13,Stable,0.8518278571025708
2017-07-14,Stable,0.8001089799714309
2017-07-17,Stable,0.9117091008899187
2017-07-18,Stable,0.9190365347608255
2017-07-19,Stable,0.862560208534385
2017-07-20,Stable,0.8856495318152726
2017-07-21,Stable,0.7659262935924979
2017-07-24,Stable,0.7324750042571699
2017-07-25,Stable,0.7579270262900155
2017-07-26,Stable,0.761743248105804
2017-07-27,Stable,0.5169699501892134
2017-07-28,Stable,0.8465429009306288
2017-07-31,Stable,0.9269028482060993
2017-08-01,Stable,0.9402468990799782
2017-08-02,Stable,0.9246852455236534
2017-08-03,Stable,0.9332423010625224
2017-08-04,Stable,0.9143471331037962
2017-08-07,Stable,0.9352708856802406
2017-08-08,Stable,0.9506375779916768
2017-08-09,Stable,0.952462726742302
2017-08-10,Stable,0.9522157082750935
2017-08-11,Stable,0.9425926517864818
2017-08-14,Stable,0.927449130642182
2017-08-16,Stable,0.9334245718015529
2017-08-17,Stable,0.943357159419314
2017-08-18,Stable,0.9282249717495534
2017-08-21,Stable,0.9365454225272134
2017-08-22,Stable,0.92112491405114
2017-08-23,Stable,0.9454924912356895
2017-08-24,Stable,0.9514809300707902
2017-08-28,Stable,0.9503574140781934
2017-08-29,Stable,0.9453069430191154
2017-08-30,Stable,0.9450300622379817
2017-08-31,Stable,0.9359363096900222
2017-09-01,Stable,0.8912630950561035
2017-09-04,Stable,0.9325131689019847
2017-09-05,Stable,0.9180238270537286
2017-09-06,Stable,0.9139953284559467
2017-09-07,Stable,0.9437410088053184
2017-09-08,Stable,0.9468788059217305
2017-09-11,Stable,0.9377258625707113
2017-09-12,Stable,0.9165217895971896
2017-09-13,Stable,0.9463866786001142
2017-09-14,Stable,0.9514783153164792
2017-09-15,Stable,0.946139904120549
2017-09-18,Stable,0.9518431911968492
2017-09-19,Stable,0.9530710190464392
2017-09-20,Stable,0.9472344813315142
2017-09-21,Stable,0.9219522723172511
2017-09-22,Stable,0.9312209902774711
2017-09-25,Stable,0.9370920468618423
2017-09-26,Stable,0.9017287431692018
2017-09-27,Stable,0.9239858748391151
2017-09-28,Stable,0.9207167214291608
2017-09-29,Stable,0.8830036461412976
2017-10-03,Stable,0.934272666286192
2017-10-04,Stable,0.9481826315167221
2017-10-05,Stable,0.9475531160671393
2017-10-06,Stable,0.9453964424784037
2017-10-09,Stable,0.9467444537839461
2017-10-10,Stable,0.9299345077091729
2017-10-11,Stable,0.8485048350304463
2017-10-12,Stable,0.8229433076088779
2017-10-13,Stable,0.9169832301080623
2017-10-16,Stable,0.9289884257522573
2017-10-17,Stable,0.9472822771232474
2017-10-18,Stable,0.952167606962432
2017-10-19,Stable,0.9544687806346461
2017-10-23,Stable,0.9541872742310175
2017-10-24,Stable,0.9504756879218987
2017-10-25,Stable,0.9427745706120583
2017-10-26,Stable,0.9172435938736363
2017-10-27,Stable,0.8582314614277999
2017-10-30,Stable,0.8986530936259847
2017-10-31,Stable,0.9372117980403235
2017-11-01,Stable,0.9349632750224786
2017-11-02,Stable,0.9317400652665246
2017-11-03,Stable,0.9254147856815317
2017-11-06,Stable,0.8498071093913195
2017-11-07,Stable,0.8508617017685943
2017-11-08,Stable,0.910348464953363
2017-11-09,Stable,0.9314811092565691
2017-11-10,Stable,0.8949079867695622
2017-11-13,Stable,0.8183662051044367
2017-11-14,Stable,0.8381463603455609
2017-11-15,Stable,0.9053448683314307
2017-11-16,Stable,0.874735929201127
2017-11-17,Stable,0.8842714851316403
2017-11-20,Stable,0.932428798266016
2017-11-21,Stable,0.9260359473772829
2017-11-22,Stable,0.9480071134742205
2017-11-23,Stable,0.9538552572499474
2017-11-24,Stable,0.9544146005937114
2017-11-27,Stable,0.9542734434419626
2017-11-28,Stable,0.9506978016851433
2017-11-29,Stable,0.9336584714705458
2017-11-30,Stable,0.9392887601749472
2017-12-01,Stable,0.950718795616825
2017-12-04,Stable,0.9543138935499691
2017-12-05,Stable,0.9540713582386735
2017-12-06,Stable,0.9496450942307485
2017-12-07,Stable,0.9296915916046312
2017-12-08,Stable,0.8750750168540825
2017-12-11,Stable,0.6672199125339255
2017-12-12,Stable,0.6890059580592535
2017-12-13,Stable,0.7583092990194616
2017-12-14,Stable,0.5566220695750674
2017-12-15,Stable,0.835750787737346
2017-12-18,Stable,0.8821116018386849
2017-12-19,Stable,0.9353726146281885
2017-12-20,Stable,0.9409798288305836
2017-12-21,Stable,0.927250569102407
2017-12-22,Stable,0.8453757585150805
2017-12-26,Stable,0.9122436089330588
2017-12-27,Stable,0.8826192842347175
2017-12-28,Stable,0.8190076286104946
2017-12-29,Stable,0.5500540909522752
2018-01-01,Stable,0.5961549107771124
2018-01-02,Stable,0.8600297286308982
2018-01-03,Stable,0.927153281370821
2018-01-04,Stable,0.9294899175605189
2018-01-05,Stable,0.9029278704667808
2018-01-08,Stable,0.876266026573014
2018-01-09,Stable,0.7598212466378229
2018-01-10,Transitional,0.8114934554010018
2018-01-11,Stable,0.6985133256046809
2018-01-12,Stable,0.7833265623283336
2018-01-15,Stable,0.6191498697878267
2018-01-16,Transitional,0.9147599039454104
2018-01-17,Stable,0.5188790160927076
2018-01-18,Stable,0.6397358586096646
2018-01-19,Stable,0.5186922706709054
2018-01-22,Transitional,0.9970556529239636
2018-01-23,Stable,0.5333239498857493
2018-01-24,Stable,0.5928504763277865
2018-01-25,Stable,0.5108883467812797
2018-01-29,Stable,0.5399802988555509
2018-01-30,Stable,0.7012874828404726
2018-01-31,Stable,0.8216175153636072
2018-02-01,Stable,0.8786773095835525
2018-02-02,Stable,0.8435279689470057
2018-02-05,Stable,0.5877298656741984
2018-02-06,Transitional,0.8193970775077184
2018-02-07,Stable,0.6376570547982725
2018-02-08,Stable,0.8685559161594336
2018-02-09,Stable,0.9293572698057729
2018-02-12,Stable,0.9268394831936979
2018-02-14,Stable,0.855966327548437
2018-02-15,Stable,0.9260178265677763
2018-02-16,Stable,0.9385834036397035
2018-02-19,Stable,0.91234377400875
2018-02-20,Stable,0.7873604304655254
2018-02-21,Transitional,0.6688684858291396
2018-02-22,Stable,0.7945133419618465
2018-02-23,Stable,0.8853214593495655
2018-02-26,Stable,0.8884675929851367
2018-02-27,Stable,0.9347223598914657
2018-02-28,Stable,0.9364127891533676
2018-03-01,Stable,0.8953657937072743
2018-03-05,Stable,0.6986828131091938
2018-03-06,Stable,0.7165615344086107
2018-03-07,Stable,0.878908369902375
2018-03-08,Stable,0.8985109725900765
2018-03-09,Stable,0.8527454248316294
2018-03-12,Stable,0.6922147360074998
2018-03-13,Transitional,0.9980610604353622
2018-03-14,Stable,0.7190547358645314
2018-03-15,Stable,0.8674433164549343
2018-03-16,Stable,0.8718118367548958
2018-03-19,Stable,0.9288780972613926
2018-03-20,Stable,0.9230783140421495
2018-03-21,Stable,0.9430673113166836
2018-03-22,Stable,0.9377688102315054
2018-03-23,Stable,0.9464019898263292
2018-03-26,Stable,0.9472327640836073
2018-03-27,Stable,0.9262529949379517
2018-03-28,Stable,0.9188976799201763
2018-04-02,Stable,0.8216394752277139
2018-04-03,Stable,0.9208004272309348
2018-04-04,Stable,0.9328977877894291
2018-04-05,Stable,0.88993553552577
2018-04-06,Stable,0.9220308420588187
2018-04-09,Stable,0.883497296856766
2018-04-10,Stable,0.7652238632575917
2018-04-11,Transitional,0.769360131816336
2018-04-12,Transitional,0.9763184984561568
2018-04-13,Stable,0.7050872720680861
2018-04-16,Stable,0.8513202967040442
2018-04-17,Stable,0.9003394365825313
2018-04-18,Stable,0.8725089969732889
2018-04-19,Stable,0.6604590111673693
2018-04-20,Transitional,0.9966920335869984
2018-04-23,Stable,0.6188948753587319
2018-04-24,Stable,0.6771598344750975
2018-04-25,Stable,0.5939686577835617
2018-04-26,Stable,0.6109521577150417
2018-04-27,Stable,0.6747528954266073
2018-04-30,Stable,0.5350029257809918
2018-05-02,Stable,0.7985339189668995
2018-05-03,Stable,0.9066589705786818
2018-05-04,Stable,0.9243940535323661
2018-05-07,Stable,0.869206683863321
2018-05-08,Stable,0.9161022375236948
2018-05-09,Stable,0.8992872448990015
2018-05-10,Stable,0.9166763462576595
2018-05-11,Stable,0.9421729152276136
2018-05-14,Stable,0.934897397964806
2018-05-15,Stable,0.9122696503726581
2018-05-16,Stable,0.9431984883791104
2018-05-17,Stable,0.9479739759189222
2018-05-18,Stable,0.9331668017526673
2018-05-21,Stable,0.8650206162090708
2018-05-22,Stable,0.8350282326224834
2018-05-23,Stable,0.7760880241620214
2018-05-24,Stable,0.6264264998219408
2018-05-25,Stable,0.6878809857399046
2018-05-28,Stable,0.6409124851851558
2018-05-29,Stable,0.8726696019894598
2018-05-30,Stable,0.9348166975825202
2018-05-31,Stable,0.9490400987383562
2018-06-01,Stable,0.9466048404190256
2018-06-04,Stable,0.9386407769164221
2018-06-05,Stable,0.9177926735673048
2018-06-06,Stable,0.9439799074565524
2018-06-07,Stable,0.9431619446283157
2018-06-08,Stable,0.9303002561811761
2018-06-11,Stable,0.8851559593075179
2018-06-12,Stable,0.6620360578182973
2018-06-13,Transitional,0.5890614433910768
2018-06-14,Transitional,0.6319524023332838
2018-06-15,Transitional,0.6965210836159061
2018-06-18,Stable,0.7865947881827356
2018-06-19,Stable,0.9154125151561823
2018-06-20,Stable,0.9456476037865408
2018-06-21,Stable,0.9506628071371053
2018-06-22,Stable,0.9448212086490235
2018-06-25,Stable,0.9314672000470351
2018-06-26,Stable,0.8753674296910215
2018-06-27,Stable,0.9324132372252637
2018-06-28,Stable,0.937752505314174
2018-06-29,Stable,0.9491094200985019
2018-07-02,Stable,0.9470598435919095
2018-07-03,Stable,0.9241244655628459
2018-07-04,Stable,0.9334883501735017
2018-07-05,Stable,0.9040879100834349
2018-07-06,Stable,0.7992959046048925
2018-07-09,Stable,0.7369389212717359
2018-07-10,Stable,0.6394330647331975
2018-07-11,Transitional,0.9984313996213285
2018-07-12,Stable,0.720336840245059
2018-07-13,Stable,0.8943832027649558
2018-07-16,Stable,0.9360346018317615
2018-07-17,Stable,0.9390285124596343
2018-07-18,Stable,0.9475189828100273
2018-07-19,Stable,0.9358760014170244
2018-07-20,Stable,0.9414799787220796
2018-07-23,Stable,0.9483918621267006
2018-07-24,Stable,0.9479469650732482
2018-07-25,Stable,0.9357527223091063
2018-07-26,Stable,0.9320615070747408
2018-07-27,Stable,0.9270597619369099
2018-07-30,Stable,0.9423661482896183
2018-07-31,Stable,0.9243128259405183
2018-08-01,Stable,0.8311595692549979
2018-08-02,Stable,0.8470388227995906
2018-08-03,Stable,0.8662568423383505
2018-08-06,Stable,0.9335874247756982
2018-08-07,Stable,0.9472562172559414
2018-08-08,Stable,0.9517860717765548
2018-08-09,Stable,0.9517749045862325
2018-08-10,Stable,0.9411032076442539
2018-08-13,Stable,0.9508477660322675
2018-08-14,Stable,0.954254694006397
2018-08-16,Stable,0.9546570830765829
2018-08-17,Stable,0.9548050951953703
2018-08-20,Stable,0.954210900837501
2018-08-21,Stable,0.9510018590066562
2018-08-23,Stable,0.943127608824096
2018-08-24,Stable,0.9499353112166925
2018-08-27,Stable,0.9497874834848448
2018-08-28,Stable,0.9422491182000947
2018-08-29,Stable,0.9506861780537808
2018-08-30,Stable,0.9465163261015298
2018-08-31,Stable,0.9332898672839268
2018-09-03,Stable,0.8656214077252553
2018-09-04,Stable,0.7616741267198448
2018-09-05,Stable,0.8860304385928668
2018-09-06,Stable,0.9380790055847682
2018-09-07,Stable,0.9477539591056457
2018-09-10,Stable,0.9392504434957835
2018-09-11,Stable,0.8877414294016329
2018-09-12,Stable,0.934680504341078
2018-09-14,Stable,0.9311279777537246
2018-09-17,Stable,0.9435061859241161
2018-09-18,Stable,0.9357182650424614
2018-09-19,Stable,0.8794430079968589
2018-09-21,Stable,0.6375170601102327
2018-09-24,Transitional,0.9777995360893861
2018-09-25,Transitional,0.4972624759803404
2018-09-26,Transitional,0.5001350795250868
2018-09-27,Transitional,0.5262814630806858
2018-09-28,Transitional,0.518376814968377
2018-10-01,Transitional,0.9337569656807735
2018-10-03,Transitional,0.9823178778400034
2018-10-04,Transitional,0.9827740036657029
2018-10-05,Transitional,0.6019723797175193
2018-10-08,Transitional,0.6311163561672757
2018-10-09,Transitional,0.6463338728417083
2018-10-10,Transitional,0.7084865175183972
2018-10-11,Transitional,0.9299420908135878
2018-10-12,Transitional,0.9058801114795499
2018-10-15,Stable,0.5376888814286251
2018-10-16,Stable,0.7934779671451432
2018-10-17,Stable,0.8011781652543781
2018-10-19,Stable,0.8554332654912383
2018-10-22,Stable,0.7969673024561288
2018-10-23,Stable,0.5485191021911462
2018-10-24,Stable,0.734619791202486
2018-10-25,Stable,0.6760857679318106
2018-10-26,Transitional,0.8763588316206643
2018-10-29,Transitional,0.9814559964747206
2018-10-30,Stable,0.5363538131451298
2018-10-31,Stable,0.5491856448921744
2018-11-01,Stable,0.8336217461395475
2018-11-02,Stable,0.8601061756369852
2018-11-05,Stable,0.8383361944710195
2018-11-06,Stable,0.7482806896393922
2018-11-07,Stable,0.8698795667811978
2018-11-09,Stable,0.8403429922096223
2018-11-12,Stable,0.8879734515187975
2018-11-13,Stable,0.8024559105282194
2018-11-14,Stable,0.5334187196515808
2018-11-15,Stable,0.8342099086569461
2018-11-16,Stable,0.8865166354791159
2018-11-19,Stable,0.8429065421713815
2018-11-20,Stable,0.6355440407945141
2018-11-21,Transitional,0.8630329535577096
2018-11-22,Transitional,0.5224147313787488
2018-11-26,Transitional,0.5962842566515738
2018-11-27,Transitional,0.8249809953545841
2018-11-28,Transitional,0.9968642524057292
2018-11-29,Stable,0.6252720268424655
2018-11-30,Stable,0.8675550734039476
2018-12-03,Stable,0.9135176327220513
2018-12-04,Stable,0.9037213257474624
2018-12-05,Stable,0.9404958390673853
2018-12-06,Stable,0.9423177885346014
2018-12-07,Stable,0.9462927890597574
2018-12-10,Stable,0.9266145499976585
2018-12-11,Stable,0.9122095534166179
2018-12-12,Stable,0.913813476458463
2018-12-13,Stable,0.8743800368379864
2018-12-14,Stable,0.9341044746955793
2018-12-17,Stable,0.9464891237648817
2018-12-18,Stable,0.9378937317663625
2018-12-19,Stable,0.892527636975767
2018-12-20,Stable,0.7947076349508145
2018-12-21,Stable,0.5810313771486145
2018-12-24,Stable,0.7213156193812119
2018-12-26,Stable,0.8085382875830203
2018-12-27,Stable,0.8934945525508363
2018-12-28,Stable,0.9317146485570617
2018-12-31,Stable,0.9471613266263176
2019-01-01,Stable,0.9428205755327277
2019-01-02,Stable,0.921748793274184
2019-01-03,Stable,0.9052481784306164
2019-01-04,Stable,0.9044411031744756
2019-01-07,Stable,0.918725279201927
2019-01-08,Stable,0.9400673265622699
2019-01-09,Stable,0.9273439120836287
2019-01-10,Stable,0.8545703642787328
2019-01-11,Stable,0.520222830454823
2019-01-14,Stable,0.5030887349550254
2019-01-15,Stable,0.66221304230388
2019-01-16,Stable,0.7823565585007557
2019-01-17,Stable,0.850732417895217
2019-01-18,Stable,0.9282331766624268
2019-01-21,Stable,0.943023134874576
2019-01-22,Stable,0.93651695228702
2019-01-23,Stable,0.8922321829776975
2019-01-24,Stable,0.8829907889110168
2019-01-25,Stable,0.8877303204545467
2019-01-28,Stable,0.8384157256716058
2019-01-29,Stable,0.8733685991468709
2019-01-30,Stable,0.9189090603800348
2019-01-31,Stable,0.8818583738322304
2019-02-01,Stable,0.9219080740971597
2019-02-04,Stable,0.9277231579912417
2019-02-05,Stable,0.936997730907025
2019-02-06,Stable,0.9071298737624549
2019-02-07,Stable,0.9370387354974431
2019-02-08,Stable,0.930425944297025
2019-02-11,Stable,0.9443152104512907
2019-02-12,Stable,0.9318280796235473
2019-02-14,Stable,0.8989554134492318
2019-02-15,Stable,0.7380606462389988
2019-02-18,Transitional,0.8345255180836912
2019-02-19,Transitional,0.8967398966752984
2019-02-20,Stable,0.7055990156581066
2019-02-21,Stable,0.8252958862724744
2019-02-22,Stable,0.7149781455185289
2019-02-25,Transitional,0.836512268185563
2019-02-26,Transitional,0.8349863913308282
2019-02-27,Transitional,0.6578347346450677
2019-02-28,Transitional,0.9068241856671739
2019-03-01,Stable,0.7356508622643884
2019-03-05,Stable,0.8991804407954027
2019-03-06,Stable,0.9355469502606619
2019-03-07,Stable,0.9434595346078661
2019-03-08,Stable,0.9492175545792436
2019-03-11,Stable,0.9503038349437214
2019-03-12,Stable,0.9482950946629022
2019-03-13,Stable,0.9280542272008019
2019-03-14,Stable,0.8680830406119853
2019-03-15,Stable,0.6488506919684605
2019-03-18,Stable,0.8608103227779385
2019-03-19,Stable,0.9328840305014722
2019-03-20,Stable,0.94567888012832
2019-03-22,Stable,0.9440723916530478
2019-03-25,Stable,0.9293354595662471
2019-03-26,Stable,0.9385284505105487
2019-03-27,Stable,0.9060483636162453
2019-03-28,Stable,0.8069725760737347
2019-04-01,Stable,0.7238992984906484
2019-04-02,Stable,0.5726613997324829
2019-04-03,Stable,0.6427320565577035
2019-04-04,Stable,0.7273560716558757
2019-04-05,Stable,0.5802040153276445
2019-04-08,Stable,0.7640371329095546
2019-04-09,Stable,0.7699329115656353
2019-04-10,Stable,0.5815018736808205
2019-04-11,Stable,0.7154349279011044
2019-04-12,Stable,0.6369586223676111
2019-04-15,Transitional,0.99416138292788
2019-04-16,Stable,0.6757999706228683
2019-04-18,Stable,0.8674018354522067
2019-04-22,Stable,0.9268517238108686
2019-04-23,Stable,0.9352614505171987
2019-04-24,Stable,0.9014655956491653
2019-04-25,Stable,0.8870706612822244
2019-04-26,Stable,0.7425825316381881
2019-04-30,Stable,0.7071612430141422
2019-05-02,Transitional,0.607638932355549
2019-05-03,Transitional,0.9298620311710637
2019-05-06,Stable,0.6544513579445755
2019-05-07,Stable,0.8809126067130238
2019-05-08,Stable,0.9290832838489136
2019-05-09,Stable,0.913906733500337
2019-05-10,Stable,0.8664335700402267
2019-05-13,Stable,0.9116609186916571
2019-05-14,Stable,0.8703740922328874
2019-05-15,Stable,0.9295913495696485
2019-05-16,Stable,0.926225857882296
2019-05-17,Stable,0.880885472590352
2019-05-20,Stable,0.7020811159435978
2019-05-21,Stable,0.7727607363541987
2019-05-22,Stable,0.8417283796269242
2019-05-23,Stable,0.8817703735894508
2019-05-24,Stable,0.9327514011632027
2019-05-27,Stable,0.9347147126944153
2019-05-28,Stable,0.8924467041891389
2019-05-29,Stable,0.7743345854586388
2019-05-30,Stable,0.6404616253206964
2019-05-31,Stable,0.5017691186700015
2019-06-03,Stable,0.5526032752457896
2019-06-04,Stable,0.6770445193351845
2019-06-06,Stable,0.8461261151074375
2019-06-07,Stable,0.8653253651400679
2019-06-10,Stable,0.7531900339524747
2019-06-11,Stable,0.8856779758750033
2019-06-12,Stable,0.9375397817962973
2019-06-13,Stable,0.9500164908870097
2019-06-14,Stable,0.9542374288149477
2019-06-17,Stable,0.9541831195608163
2019-06-18,Stable,0.9539994775764677
2019-06-19,Stable,0.9490327005966522
2019-06-20,Stable,0.9353724837675924
2019-06-21,Stable,0.9136247660095389
2019-06-24,Stable,0.9216324680381807
2019-06-25,Stable,0.9440299712515595
2019-06-26,Stable,0.9456202635702462
2019-06-27,Stable,0.9474413213659019
2019-06-28,Stable,0.9284038828284477
2019-07-01,Stable,0.9408424296914812
2019-07-02,Stable,0.9353684532729211
2019-07-03,Stable,0.8998720255827514
2019-07-04,Stable,0.7707947536610247
2019-07-05,Transitional,0.8173195992040682
2019-07-08,Stable,0.6651401529880795
2019-07-09,Stable,0.7087859132801657
2019-07-10,Stable,0.8492684046508352
2019-07-11,Stable,0.9208205684222567
2019-07-12,Stable,0.9170390689644387
2019-07-15,Stable,0.8243963251307969
2019-07-16,Stable,0.81537820542491
2019-07-17,Stable,0.8437088644027205
2019-07-18,Stable,0.6857181267950675
2019-07-19,Stable,0.8627063427802857
2019-07-22,Stable,0.8706955060006287
2019-07-23,Stable,0.9292108023112874
2019-07-24,Stable,0.9241253993671363
2019-07-25,Stable,0.8902907221126347
2019-07-26,Stable,0.9000636040879304
2019-07-29,Stable,0.8623676187779692
2019-07-30,Stable,0.7233515635336192
2019-07-31,Stable,0.8343640836149916
2019-08-01,Stable,0.8658597741574044
2019-08-02,Stable,0.8573822623515418
2019-08-05,Stable,0.7842926419400692
2019-08-06,Stable,0.8307721260322165
2019-08-07,Stable,0.886574578948581
2019-08-08,Stable,0.8014014859511779
2019-08-09,Stable,0.8639920546856278
2019-08-13,Stable,0.7801060235248322
2019-08-14,Stable,0.8858713899031895
2019-08-16,Stable,0.8501806055956764
2019-08-19,Stable,0.9243190737408199
2019-08-20,Stable,0.9237966259659142
2019-08-21,Stable,0.9347495903506182
2019-08-22,Stable,0.8948204955410564
2019-08-23,Stable,0.8756909947658972
2019-08-26,Stable,0.8738879876178899
2019-08-27,Stable,0.8519547068681054
2019-08-28,Stable,0.9300266452213188
2019-08-29,Stable,0.9427544583470544
2019-08-30,Stable,0.9286678901745634
2019-09-03,Stable,0.9446089675957606
2019-09-04,Stable,0.9421309130913352
2019-09-05,Stable,0.911295700455618
2019-09-06,Stable,0.9278895947608325
2019-09-09,Stable,0.9303238668031559
2019-09-11,Stable,0.9079858019191431
2019-09-12,Stable,0.9256313738415334
2019-09-13,Stable,0.9433817871887566
2019-09-16,Stable,0.9389238615593047
2019-09-17,Stable,0.9004179191470955
2019-09-18,Stable,0.8820838315429537
2019-09-19,Stable,0.7529371148207433
2019-09-20,Stable,0.6484945962976593
2019-09-23,Stable,0.5249397951506124
2019-09-24,Stable,0.6718050439597261
2019-09-25,Stable,0.6778534973418282
2019-09-26,Stable,0.8379863235955972
2019-09-27,Stable,0.7801650844973581
2019-09-30,Stable,0.6957115565797196
2019-10-01,Stable,0.7508021126218724
2019-10-03,Stable,0.896409538760545
2019-10-04,Stable,0.9046081889674291
2019-10-07,Stable,0.8696631575126644
2019-10-09,Stable,0.8835159363462703
2019-10-10,Stable,0.9160219726060261
2019-10-11,Stable,0.9104828671291979
2019-10-14,Stable,0.8711904227055968
2019-10-15,Stable,0.919373544258293
2019-10-16,Stable,0.9304632496499902
2019-10-17,Stable,0.8944142682795472
2019-10-18,Stable,0.9044214175672196
2019-10-22,Stable,0.9340663469726845
2019-10-23,Stable,0.9189237426016575
2019-10-24,Stable,0.8794801819310201
2019-10-25,Stable,0.6906388068063306
2019-10-27,Stable,0.6255480809550135
2019-10-29,Transitional,0.9543992364905347
2019-10-30,Transitional,0.84394089281738
2019-10-31,Transitional,0.5526237578836293
2019-11-01,Transitional,0.7079703211134365
2019-11-04,Stable,0.7912696079475158
2019-11-05,Stable,0.9031328490000593
2019-11-06,Stable,0.9046300037278445
2019-11-07,Stable,0.8271823236770363
2019-11-08,Transitional,0.560084669941547
2019-11-11,Transitional,0.5860306250789067
2019-11-13,Transitional,0.9019740900030604
2019-11-14,Stable,0.6824189201137406
2019-11-15,Stable,0.8284233864162248
2019-11-18,Stable,0.8533092450715722
2019-11-19,Stable,0.7915355412662395
2019-11-20,Stable,0.9033256149994152
2019-11-21,Stable,0.8965619256973048
2019-11-22,Stable,0.7722895764009731
2019-11-25,Stable,0.8825634898263351
2019-11-26,Stable,0.8596674431965643
2019-11-27,Stable,0.9197333578817923
2019-11-28,Stable,0.9063048819388838
2019-11-29,Stable,0.8825894580612567
2019-12-02,Stable,0.835241371586241
2019-12-03,Stable,0.8223193665176384
2019-12-04,Stable,0.7930657521648495
2019-12-05,Stable,0.679415776682182
2019-12-06,Stable,0.6809928892021782
2019-12-09,Transitional,0.7612726523337271
2019-12-10,Transitional,0.6641011729170305
2019-12-11,Transitional,0.5715751229434518
2019-12-12,Transitional,0.6050096868165074
2019-12-13,Transitional,0.6588857768782516
2019-12-16,Transitional,0.7064040791900165
2019-12-17,Stable,0.5377106081114184
2019-12-18,Stable,0.7028569533847197
2019-12-19,Stable,0.5075767777034447
2019-12-20,Stable,0.8479357755074178
2019-12-23,Stable,0.9252831689833549
2019-12-24,Stable,0.937524919985997
2019-12-26,Stable,0.9442860099294642
2019-12-27,Stable,0.9496746417813674
2019-12-30,Stable,0.9414300433512758
2019-12-31,Stable,0.9329715907161329
2020-01-01,Stable,0.9425041350686567
2020-01-02,Stable,0.9230058933695563
2020-01-03,Stable,0.8406030988760467
2020-01-06,Stable,0.9138076133025721
2020-01-07,Stable,0.8923775825308959
2020-01-08,Stable,0.7250435160476357
2020-01-09,Stable,0.7762761632455518
2020-01-10,Stable,0.9062077863176401
2020-01-13,Stable,0.9179103807192764
2020-01-14,Stable,0.9331892636051765
2020-01-15,Stable,0.9324112336125556
2020-01-16,Stable,0.9311165252168078
2020-01-17,Stable,0.8891505444978315
2020-01-20,Stable,0.7721412664431998
2020-01-21,Stable,0.8924655748792675
2020-01-22,Stable,0.8755840127817157
2020-01-23,Stable,0.9308417059657288
2020-01-24,Stable,0.9445823705131923
2020-01-27,Stable,0.9394447601409086
2020-01-28,Stable,0.9255490705088266
2020-01-29,Stable,0.8698622260063822
2020-01-30,Stable,0.8129703588972778
2020-01-31,Stable,0.5430836763196043
2020-02-03,Stable,0.798946095872056
2020-02-04,Stable,0.8893764686866187
2020-02-05,Stable,0.8464352414534291
2020-02-06,Stable,0.9114984532149377
2020-02-07,Stable,0.9369313188361156
2020-02-10,Stable,0.9255852203379781
2020-02-11,Stable,0.9425832578185162
2020-02-12,Stable,0.9388426898573557
2020-02-13,Stable,0.935156529976556
2020-02-14,Stable,0.9445323962158259
2020-02-17,Stable,0.9354598192443653
2020-02-18,Stable,0.9273345033784435
2020-02-19,Stable,0.8725657900069761
2020-02-20,Stable,0.715201570939843
2020-02-24,Stable,0.6140052981882842
2020-02-25,Stable,0.5828616090550209
2020-02-26,Stable,0.5875794855690945
2020-02-27,Stable,0.5020579054541754
2020-02-28,Volatile,0.6036252968959024
2020-03-02,Volatile,0.6034676212861073
2020-03-03,Volatile,0.6461371573944312
2020-03-04,Volatile,0.7101150010845372
2020-03-05,Volatile,0.7477681529317172
2020-03-06,Volatile,0.7905560413818319
2020-03-09,Volatile,0.9932119625876005
2020-03-11,Volatile,0.9931851875180842
2020-03-12,Volatile,0.9999446561250204
2020-03-13,Volatile,0.9999209415603083
2020-03-16,Volatile,0.9999412119778279
2020-03-17,Volatile,0.9997494883303187
2020-03-18,Volatile,0.9994396735482864
2020-03-19,Volatile,0.999492231649879
2020-03-20,Volatile,0.9999999327228601
2020-03-23,Volatile,0.9999994369519976
2020-03-24,Volatile,0.9999690647765607
2020-03-25,Volatile,0.9999709015842173
2020-03-26,Volatile,0.9999525096208557
2020-03-27,Volatile,0.9999405367324905
2020-03-30,Volatile,0.9999735876404188
2020-03-31,Volatile,0.9999873126548612
2020-04-01,Volatile,0.9999985980003481
2020-04-03,Volatile,0.9999944450236984
2020-04-07,Volatile,0.9999902066963176
2020-04-08,Volatile,0.9998936238547816
2020-04-09,Volatile,0.9996105737079051
2020-04-13,Volatile,0.9977397907621107
2020-04-15,Volatile,0.9973017874267665
2020-04-16,Volatile,0.997208092630918
2020-04-17,Volatile,0.9975525830045971
2020-04-20,Volatile,0.9965915713048661
2020-04-21,Volatile,0.9964038745545016
2020-04-22,Volatile,0.994829425235691
2020-04-23,Volatile,0.9938275467170231
2020-04-24,Volatile,0.9840382398089461
2020-04-27,Volatile,0.9383387313504697
2020-04-28,Volatile,0.9215109712053576
2020-04-29,Volatile,0.9142841274609549
2020-04-30,Volatile,0.90652665563199
2020-05-04,Volatile,0.8612559099653939
2020-05-05,Stable,0.6178272800628711
2020-05-06,Stable,0.7421241246391364
2020-05-07,Stable,0.8646393896495269
2020-05-08,Stable,0.8805817416288811
2020-05-11,Stable,0.7642057550954722
2020-05-12,Stable,0.8674353658306421
2020-05-13,Stable,0.8530800761950036
2020-05-14,Stable,0.627304811907242
2020-05-15,Stable,0.7267249027202136
2020-05-18,Stable,0.5220230073982534
2020-05-19,Stable,0.818022185156394
2020-05-20,Stable,0.8381526636770208
2020-05-21,Stable,0.6393270594535939
2020-05-22,Stable,0.5221061810870669
2020-05-26,Transitional,0.9784663420017863
2020-05-27,Transitional,0.9335458806346438
2020-05-28,Transitional,0.5006280907765914
2020-05-29,Transitional,0.5973302186822516
2020-06-01,Transitional,0.8996796355859716
2020-06-02,Stable,0.7064149127552259
2020-06-03,Stable,0.8023630898430087
2020-06-04,Stable,0.6434223885312891
2020-06-05,Stable,0.6648660131778693
2020-06-08,Stable,0.8298774554498737
2020-06-09,Stable,0.8849843536635744
2020-06-10,Stable,0.7955727549742904
2020-06-11,Stable,0.7600225387700729
2020-06-12,Stable,0.8503361298982461
2020-06-15,Stable,0.923924630509119
2020-06-16,Stable,0.9387593702063566
2020-06-17,Stable,0.9507522125398398
2020-06-18,Stable,0.9498020175905764
2020-06-19,Stable,0.9493981219782145
2020-06-22,Stable,0.9377910225203655
2020-06-23,Stable,0.9312085307404967
2020-06-24,Stable,0.8719241947907613
2020-06-25,Stable,0.6097122026298211
2020-06-26,Transitional,0.9964919456526231
2020-06-29,Stable,0.6190763888143265
2020-06-30,Stable,0.757944332158864
2020-07-01,Stable,0.6972905515728687
2020-07-02,Transitional,0.8020911229489914
2020-07-03,Transitional,0.7245717414277896
2020-07-06,Transitional,0.7522250435714886
2020-07-07,Stable,0.6634751720799207
2020-07-08,Stable,0.6433505356863491
2020-07-09,Stable,0.8520914138820848
2020-07-10,Stable,0.8890159174554476
2020-07-13,Stable,0.844570825272835
2020-07-14,Stable,0.5470106744196359
2020-07-15,Stable,0.5885234039946758
2020-07-16,Stable,0.7941912353347045
2020-07-17,Stable,0.8442461166640867
2020-07-20,Stable,0.9192757441038754
2020-07-21,Stable,0.9156768554549339
2020-07-22,Stable,0.8656115651219624
2020-07-23,Stable,0.863254312183766
2020-07-24,Stable,0.7628529367695263
2020-07-27,Transitional,0.6848017675111464
2020-07-28,Transitional,0.9938323792755162
2020-07-29,Stable,0.5696620058889708
2020-07-30,Stable,0.8640157656741192
2020-07-31,Stable,0.9261158553551457
2020-08-03,Stable,0.9177951411972846
2020-08-04,Stable,0.9375997852424236
2020-08-05,Stable,0.9168199534805679
2020-08-06,Stable,0.8129913994495326
2020-08-07,Stable,0.913680666304584
2020-08-10,Stable,0.9395207847282885
2020-08-11,Stable,0.94762306256563
2020-08-12,Stable,0.9364327472158658
2020-08-13,Stable,0.9496015533969004
2020-08-14,Stable,0.9482360089052368
2020-08-17,Stable,0.94871862897392
2020-08-18,Stable,0.9454134422616094
2020-08-19,Stable,0.9477430226209193
2020-08-20,Stable,0.9533070873652237
2020-08-21,Stable,0.9545234405372893
2020-08-24,Stable,0.9551100085248132
2020-08-25,Stable,0.9538605360770889
2020-08-26,Stable,0.9518946638179181
2020-08-27,Stable,0.952611485595971
2020-08-28,Stable,0.9489351571540585
2020-08-31,Stable,0.9415088442843856
2020-09-01,Stable,0.9424329975684467
2020-09-02,Stable,0.9277825877351152
2020-09-03,Stable,0.8948449837102446
2020-09-04,Stable,0.9176332185606593
2020-09-07,Stable,0.8739425725870124
2020-09-08,Stable,0.9067299936876747
2020-09-09,Stable,0.8970618590406195
2020-09-10,Stable,0.8316599933197176
2020-09-11,Stable,0.5260880045158194
2020-09-14,Transitional,0.9940028322627237
2020-09-15,Stable,0.7152354933056502
2020-09-16,Stable,0.8595093639501519
2020-09-17,Stable,0.8347020024399757
2020-09-18,Stable,0.8790715117059321
2020-09-21,Stable,0.7928357666930788
2020-09-22,Transitional,0.5848824959698591
2020-09-23,Transitional,0.7805173918253372
2020-09-24,Transitional,0.9745457858844893
2020-09-25,Transitional,0.9623163812446558
2020-09-28,Stable,0.48851184293507777
2020-09-29,Stable,0.5502491864831778
2020-09-30,Stable,0.6599007341562512
2020-10-01,Stable,0.5132967001937327
2020-10-05,Transitional,0.9756318957331104
2020-10-06,Stable,0.5836372678091352
2020-10-07,Stable,0.6189965423538718
2020-10-08,Transitional,0.7048965384167482
2020-10-09,Stable,0.7846196063568076
2020-10-12,Stable,0.9030075445167808
2020-10-13,Stable,0.9267099110314309
2020-10-14,Stable,0.8846427401228093
2020-10-15,Stable,0.669366864877762
2020-10-16,Stable,0.8066125733679791
2020-10-19,Stable,0.7592069965656394
2020-10-20,Stable,0.8067301780124205
2020-10-21,Stable,0.7074216718560912
2020-10-22,Stable,0.8928660940868405
2020-10-23,Stable,0.9260007683683361
2020-10-26,Stable,0.9134603136673243
2020-10-27,Stable,0.7974962128765567
2020-10-28,Stable,0.9089819168325701
2020-10-29,Stable,0.9191313988728028
2020-10-30,Stable,0.8556420570203663
2020-11-02,Stable,0.7294896462887692
2020-11-03,Stable,0.8603119100317848
2020-11-04,Stable,0.910546907574067
2020-11-05,Stable,0.9023966761802618
2020-11-06,Stable,0.8980989659268195
2020-11-09,Stable,0.8216896559767668
2020-11-10,Stable,0.5016299572372286
2020-11-11,Stable,0.7553086222088164
2020-11-12,Stable,0.8967079681391045
2020-11-13,Stable,0.935000560912799
2020-11-14,Stable,0.944346249752794
2020-11-17,Stable,0.9403289602603193
2020-11-18,Stable,0.8993439339430254
2020-11-19,Stable,0.9225563498707682
2020-11-20,Stable,0.8797272595135722
2020-11-23,Stable,0.7371069532656389
2020-11-24,Stable,0.8987258964317227
2020-11-25,Stable,0.9223133251759986
2020-11-26,Stable,0.9171711349461836
2020-11-27,Stable,0.8605977492319918
2020-12-01,Stable,0.839601504684707
2020-12-02,Stable,0.8969104664820896
2020-12-03,Stable,0.8858188168405892
2020-12-04,Stable,0.9216950663416447
2020-12-07,Stable,0.9112057501529985
2020-12-08,Stable,0.8046534282238937
2020-12-09,Stable,0.9107797717297199
2020-12-10,Stable,0.9267879942406215
2020-12-11,Stable,0.9442455571849324
2020-12-14,Stable,0.9329024674283104
2020-12-15,Stable,0.8811292057757005
2020-12-16,Stable,0.8302024616077504
2020-12-17,Stable,0.9002170825740284
2020-12-18,Stable,0.9073880681387949
2020-12-21,Stable,0.8584039301577893
2020-12-22,Stable,0.8224787414136135
2020-12-23,Stable,0.8863174391298465
2020-12-24,Stable,0.9367960513702817
2020-12-28,Stable,0.9393402382221591
2020-12-29,Stable,0.9316746397360984
2020-12-30,Stable,0.8630123759476827
2020-12-31,Stable,0.6346397351968772
2021-01-01,Transitional,0.7098712256368408
2021-01-04,Transitional,0.9564672128162969
2021-01-05,Stable,0.5742163304232832
2021-01-06,Stable,0.6464063157130787
2021-01-07,Stable,0.6897882915299646
2021-01-08,Stable,0.6053741863960144
2021-01-11,Stable,0.6319500772037845
2021-01-12,Stable,0.8252572436445431
2021-01-13,Stable,0.7792752683807436
2021-01-14,Stable,0.5768642845549798
2021-01-15,Stable,0.8123052767773016
2021-01-18,Stable,0.9051745402990887
2021-01-19,Stable,0.897681837438508
2021-01-20,Stable,0.884742195628471
2021-01-21,Stable,0.9083677843463653
2021-01-22,Stable,0.9230550940448318
2021-01-25,Stable,0.919452064770024
2021-01-27,Stable,0.8415080806329224
2021-01-28,Stable,0.6121781039077713
2021-01-29,Stable,0.5384638529832784
2021-02-01,Stable,0.7374573132870615
2021-02-02,Stable,0.7518701896691112
2021-02-03,Stable,0.904264607871518
2021-02-04,Stable,0.9299456822282001
2021-02-05,Stable,0.9062272591050491
2021-02-08,Stable,0.8521997135353442
2021-02-09,Stable,0.8902041686485159
2021-02-10,Stable,0.9134376108333998
2021-02-11,Stable,0.9396498978167098
2021-02-12,Stable,0.9306364748074457
2021-02-15,Stable,0.8786016854095303
2021-02-16,Stable,0.9019283043896035
2021-02-17,Stable,0.8968109905971359
2021-02-18,Stable,0.884609652923405
2021-02-19,Stable,0.743412331886153
2021-02-22,Transitional,0.8712680197986143
2021-02-23,Stable,0.6241267006444261
2021-02-24,Stable,0.6780321728390406
2021-02-25,Stable,0.5049830529164535
2021-02-26,Transitional,0.8704589699236627
2021-03-01,Transitional,0.5799291905034807
2021-03-02,Transitional,0.6826196585577249
2021-03-03,Stable,0.6213701134993965
2021-03-04,Stable,0.8553734680041485
2021-03-05,Stable,0.8812466560907719
2021-03-08,Stable,0.92664617188886
2021-03-09,Stable,0.9043068704600726
2021-03-10,Stable,0.9353400846122879
2021-03-12,Stable,0.9441186725589563
2021-03-15,Stable,0.9373424752651097
2021-03-16,Stable,0.8876844487336423
2021-03-17,Stable,0.865900174990432
2021-03-18,Stable,0.642247601772609
2021-03-19,Stable,0.765249921420257
2021-03-22,Stable,0.6090349757300402
2021-03-23,Stable,0.8492350188529576
2021-03-24,Stable,0.8755522840644905
2021-03-25,Stable,0.789427916618908
2021-03-26,Stable,0.7861079972149919
2021-03-30,Stable,0.5359989570170698
2021-03-31,Stable,0.7986849929932044
2021-04-01,Stable,0.8533393738143491
2021-04-05,Stable,0.7330180597522017
2021-04-06,Stable,0.879203214484909
2021-04-07,Stable,0.912422887136356
2021-04-08,Stable,0.8520375400570996
2021-04-09,Stable,0.7750930807930639
2021-04-12,Transitional,0.6956720255161757
2021-04-13,Transitional,0.9961218690456302
2021-04-15,Transitional,0.9731284555391224
2021-04-16,Stable,0.6805783423997729
2021-04-19,Stable,0.8517787872115407
2021-04-20,Stable,0.9215146338544037
2021-04-22,Stable,0.9348226358870454
2021-04-23,Stable,0.9479738157539814
2021-04-26,Stable,0.9479462525491065
2021-04-27,Stable,0.9338920823481075
2021-04-28,Stable,0.9344446668051549
2021-04-29,Stable,0.8881519577585378
2021-04-30,Stable,0.6798345043546192
2021-05-03,Stable,0.8872879672727689
2021-05-04,Stable,0.9244319521780202
2021-05-05,Stable,0.9010419720132926
2021-05-06,Stable,0.9371392108122253
2021-05-07,Stable,0.9431308628059966
2021-05-10,Stable,0.9467109822974615
2021-05-11,Stable,0.9363594615200125
2021-05-12,Stable,0.9186950578323697
2021-05-14,Stable,0.9177076078934229
2021-05-17,Stable,0.940177432922439
2021-05-18,Stable,0.9460483030570139
2021-05-19,Stable,0.9501486920322003
2021-05-20,Stable,0.9435485912676267
2021-05-21,Stable,0.9429055076274905
2021-05-24,Stable,0.937750842503156
2021-05-25,Stable,0.8865189007721174
2021-05-26,Stable,0.89040452334441
2021-05-27,Stable,0.9254557396280254
2021-05-28,Stable,0.9220341299155811
2021-05-31,Stable,0.9439043562537291
2021-06-01,Stable,0.9500436533083046
2021-06-02,Stable,0.9444597440047857
2021-06-03,Stable,0.9499508631834945
2021-06-04,Stable,0.9480457320012207
2021-06-07,Stable,0.9260320459088747
2021-06-08,Stable,0.9438294640110328
2021-06-09,Stable,0.9483708668328117
2021-06-10,Stable,0.9338262850398781
2021-06-11,Stable,0.8811158565330767
2021-06-14,Stable,0.9373784648665998
2021-06-15,Stable,0.9461912037656193
2021-06-16,Stable,0.9436326910131917
2021-06-17,Stable,0.9173032420757165
2021-06-18,Stable,0.931710684314545
2021-06-21,Stable,0.9193996496163622
2021-06-22,Stable,0.8679299193377478
2021-06-23,Stable,0.6895062444700233
2021-06-24,Transitional,0.7557056646453955
2021-06-25,Stable,0.765395636404577
2021-06-28,Stable,0.8608899561497664
2021-06-29,Stable,0.9339642735005738
2021-06-30,Stable,0.9501539120866449
2021-07-01,Stable,0.9523313128919998
2021-07-02,Stable,0.9468568907778718
2021-07-05,Stable,0.9353841600342307
2021-07-06,Stable,0.8730212693889444
2021-07-07,Stable,0.9294410635281343
2021-07-08,Stable,0.9314544440195569
2021-07-09,Stable,0.8958545899987178
2021-07-12,Stable,0.937028675778709
2021-07-13,Stable,0.9484217219161488
2021-07-14,Stable,0.9435265263546937
2021-07-15,Stable,0.9521988658886601
2021-07-16,Stable,0.9531574624644629
2021-07-19,Stable,0.9520413474015639
2021-07-20,Stable,0.9485975791229786
2021-07-22,Stable,0.9526059621179654
2021-07-23,Stable,0.9537647368552309
2021-07-26,Stable,0.9505988740996681
2021-07-27,Stable,0.9499924771911507
2021-07-28,Stable,0.949317749118205
2021-07-29,Stable,0.9441970903884264
2021-07-30,Stable,0.909399024451021
2021-08-02,Stable,0.8355462409070549
2021-08-03,Stable,0.7989986094273654
2021-08-04,Stable,0.9160959045507157
2021-08-05,Stable,0.943023077880389
2021-08-06,Stable,0.9428231821268251
2021-08-09,Stable,0.948679828341663
2021-08-10,Stable,0.9446791879015296
2021-08-11,Stable,0.9184655581045521
2021-08-12,Stable,0.8024166808258898
2021-08-13,Transitional,0.7065215364329975
2021-08-16,Stable,0.6841166200380125
2021-08-17,Stable,0.6600043899822498
2021-08-18,Stable,0.871637672459813
2021-08-20,Stable,0.894946895460696
2021-08-23,Stable,0.7874827222999844
2021-08-24,Stable,0.8924429427756898
2021-08-25,Stable,0.9023276900431267
2021-08-26,Stable,0.9233576220800036
2021-08-27,Stable,0.8776956265344472
2021-08-30,Stable,0.8218165598211639
2021-08-31,Transitional,0.5097175713124743
2021-09-01,Transitional,0.6068476580091793
2021-09-02,Transitional,0.7894510859299763
2021-09-03,Stable,0.7808816851747553
2021-09-06,Stable,0.90622554232736
2021-09-07,Stable,0.9182794001522682
2021-09-08,Stable,0.9180236448252307
2021-09-09,Stable,0.9292075394787084
2021-09-13,Stable,0.8913114690397453
2021-09-14,Stable,0.8839769805325769
2021-09-15,Stable,0.8239147204200161
2021-09-16,Stable,0.834562488341198
2021-09-17,Stable,0.8053588653508312
2021-09-20,Stable,0.9154299924170594
2021-09-21,Stable,0.9282049772041516
2021-09-22,Stable,0.9491206104268701
2021-09-23,Stable,0.9525348193636428
2021-09-24,Stable,0.9488102230034315
2021-09-27,Stable,0.9266415115559254
2021-09-28,Stable,0.8973681132691906
2021-09-29,Stable,0.9370699413438901
2021-09-30,Stable,0.9370932522101909
2021-10-01,Stable,0.9061216932077296
2021-10-04,Stable,0.888625106067845
2021-10-05,Stable,0.842957294834538
2021-10-06,Stable,0.827149685393791
2021-10-07,Stable,0.6004573956779897
2021-10-08,Stable,0.5090210523078815
2021-10-11,Transitional,0.9974836687035507
2021-10-12,Stable,0.6733271923232074
2021-10-13,Stable,0.8807575734331887
2021-10-14,Stable,0.9099210327550898
2021-10-18,Stable,0.9241553647765905
2021-10-19,Stable,0.9342913597910305
2021-10-20,Stable,0.9033950781171303
2021-10-21,Stable,0.7947025975739885
2021-10-22,Stable,0.8939906481647352
2021-10-25,Stable,0.9386695397928021
2021-10-26,Stable,0.9426396238485489
2021-10-27,Stable,0.9208642450960796
2021-10-28,Stable,0.8117653485912193
2021-10-29,Stable,0.851662632387171
2021-11-01,Stable,0.7491649079641715
2021-11-02,Stable,0.9075518146885823
2021-11-03,Stable,0.9434346347567403
2021-11-04,Stable,0.9499381765411984
2021-11-08,Stable,0.9535809828451522
2021-11-09,Stable,0.9536480978007694
2021-11-10,Stable,0.9480891579182954
2021-11-11,Stable,0.9490073604261143
2021-11-12,Stable,0.9327067159447471
2021-11-15,Stable,0.9399038375320956
2021-11-16,Stable,0.9458133044463194
2021-11-17,Stable,0.9265767828920047
2021-11-18,Stable,0.9122577301270528
2021-11-22,Stable,0.9408350030501823
2021-11-23,Stable,0.9505515708126037
2021-11-24,Stable,0.9478364171579896
2021-11-25,Stable,0.9506010806544768
2021-11-26,Stable,0.9399251397613043
2021-11-29,Stable,0.8874810933389511
2021-11-30,Stable,0.9037056642894505
2021-12-01,Stable,0.8548092709573618
2021-12-02,Stable,0.7868476529674228
2021-12-03,Stable,0.7860547655479239
2021-12-06,Stable,0.5307108528587753
2021-12-07,Stable,0.7402219145123641
2021-12-08,Stable,0.8611404456215362
2021-12-09,Stable,0.9176446225427525
2021-12-10,Stable,0.9272001385208773
2021-12-13,Stable,0.9356676239866145
2021-12-14,Stable,0.9378699333880958
2021-12-15,Stable,0.9051657105208739
2021-12-16,Stable,0.9416832046996699
2021-12-17,Stable,0.9476321226411292
2021-12-20,Stable,0.9328182241067865
2021-12-21,Stable,0.9076013466552293
2021-12-22,Stable,0.9354204391526033
2021-12-23,Stable,0.9386880413923575
2021-12-24,Stable,0.9496754076630705
2021-12-27,Stable,0.9472244338376342
2021-12-28,Stable,0.9509109357655974
2021-12-29,Stable,0.9459448636431348
2021-12-30,Stable,0.9235604170684213
2021-12-31,Stable,0.9053366341537592
2022-01-03,Stable,0.7649769640037112
2022-01-04,Stable,0.8025738499184786
2022-01-05,Stable,0.8924272207844723
2022-01-06,Stable,0.8842230028352458
2022-01-07,Stable,0.9046309995151525
2022-01-10,Stable,0.9277542713928386
2022-01-11,Stable,0.917483022577932
2022-01-12,Stable,0.8835204587191269
2022-01-13,Stable,0.8875956334841955
2022-01-14,Stable,0.832521273796161
2022-01-17,Stable,0.8650510400966552
2022-01-18,Stable,0.8706059172749968
2022-01-19,Stable,0.7567346934684452
2022-01-20,Stable,0.6789338254100483
2022-01-21,Stable,0.8391413539807948
2022-01-24,Stable,0.784649398658754
2022-01-25,Stable,0.7465055652268944
2022-01-27,Stable,0.6905623899267217
2022-01-28,Stable,0.6948811966215872
2022-01-31,Stable,0.8006067592721134
2022-02-01,Stable,0.8067050114248995
2022-02-02,Stable,0.8587434645357716
2022-02-03,Stable,0.9167165651001767
2022-02-04,Stable,0.9402621618792297
2022-02-07,Stable,0.9310060222194405
2022-02-08,Stable,0.9304998972409824
2022-02-09,Stable,0.9378808419517219
2022-02-10,Stable,0.9144377598402441
2022-02-11,Stable,0.7909218997299908
2022-02-14,Stable,0.8268556655320415
2022-02-15,Stable,0.7446243081113206
2022-02-16,Stable,0.8912351214879968
2022-02-17,Stable,0.8946070717852913
2022-02-18,Stable,0.8223082662167093
2022-02-21,Transitional,0.5575042192937728
2022-02-22,Transitional,0.9368636153192034
2022-02-23,Transitional,0.7233663833173802
2022-02-24,Transitional,0.9956590014980371
2022-02-25,Transitional,0.9569181889004631
2022-02-28,Stable,0.685672352175828
2022-03-02,Stable,0.8865636918818472
2022-03-03,Stable,0.9239154755691037
2022-03-04,Stable,0.8885248385278711
2022-03-07,Stable,0.7285456553239895
2022-03-08,Transitional,0.6920131074760805
2022-03-09,Stable,0.7631076386178841
2022-03-10,Stable,0.9019885344243231
2022-03-11,Stable,0.9227948879811371
2022-03-14,Stable,0.8987787849144514
2022-03-15,Stable,0.8715010627158922
2022-03-16,Stable,0.8509539051738246
2022-03-17,Stable,0.9056595048124704
2022-03-21,Stable,0.8678673591548102
2022-03-22,Stable,0.8090923863042994
2022-03-23,Stable,0.9128244674063344
2022-03-24,Stable,0.9208280695578919
2022-03-25,Stable,0.9225651366877144
2022-03-28,Stable,0.9478584473958923
2022-03-29,Stable,0.9522184113720632
2022-03-30,Stable,0.9476576956049724
2022-03-31,Stable,0.9519142448629264
2022-04-01,Stable,0.9483768902086009
2022-04-04,Stable,0.9402223585418402
2022-04-05,Stable,0.8974192932724778
2022-04-06,Stable,0.8390542618076515
2022-04-07,Stable,0.814331916979915
2022-04-08,Stable,0.9191698413812519
2022-04-11,Stable,0.9327670089533593
2022-04-12,Stable,0.8962898434013544
2022-04-13,Stable,0.7119976697244892
2022-04-18,Transitional,0.9167118119252619
2022-04-19,Transitional,0.6710815386764962
2022-04-20,Transitional,0.6480768992517333
2022-04-21,Transitional,0.5588426739954508
2022-04-22,Stable,0.8142902204518999
2022-04-25,Stable,0.822551661363074
2022-04-26,Stable,0.9237319545428793
2022-04-27,Stable,0.9428136040215874
2022-04-28,Stable,0.9398155896507824
2022-04-29,Stable,0.9238484890006481
2022-05-02,Stable,0.9205720308521197
2022-05-04,Stable,0.8341515331360085
2022-05-05,Stable,0.8434255432670302
2022-05-06,Stable,0.7329903468583658
2022-05-09,Stable,0.9009689645262114
2022-05-10,Stable,0.9394252595167554
2022-05-11,Stable,0.9398982460408579
2022-05-12,Stable,0.9455880495381006
2022-05-13,Stable,0.9264395943636015
2022-05-16,Stable,0.8330033603596678
2022-05-17,Stable,0.6250969304836964
2022-05-18,Stable,0.5931234789860597
2022-05-19,Transitional,0.9975751929542952
2022-05-20,Stable,0.6032519599691756
2022-05-23,Stable,0.746523226844238
2022-05-24,Stable,0.6574915269447028
2022-05-25,Transitional,0.7496097484455857
2022-05-26,Transitional,0.5917295689857939
2022-05-27,Transitional,0.5269311074628699
2022-05-30,Transitional,0.833092116528981
2022-05-31,Stable,0.7444445136453764
2022-06-01,Stable,0.8619222102064475
2022-06-02,Stable,0.8068637602784156
2022-06-03,Stable,0.9032418669608155
2022-06-06,Stable,0.9013504158280176
2022-06-07,Stable,0.7832139370113231
2022-06-08,Stable,0.8171565745497805
2022-06-09,Stable,0.7653419496225375
2022-06-10,Transitional,0.5945722505590573
2022-06-13,Transitional,0.9722446826956904
2022-06-14,Stable,0.6902854069071713
2022-06-15,Stable,0.8116036921589537
2022-06-16,Stable,0.6881791793424992
2022-06-17,Stable,0.6854490658699096
2022-06-20,Stable,0.6684176417626098
2022-06-21,Stable,0.7163481241030957
2022-06-22,Stable,0.6180465097084024
2022-06-23,Stable,0.5203360197651246
2022-06-24,Stable,0.8428180330094902
2022-06-27,Stable,0.9200623681440474
2022-06-28,Stable,0.941544622528154
2022-06-29,Stable,0.9281060610892967
2022-06-30,Stable,0.9038793127517423
2022-07-01,Stable,0.8068921674923291
2022-07-04,Stable,0.6645145245902738
2022-07-05,Stable,0.8473641608088616
2022-07-06,Stable,0.8526016865324676
2022-07-07,Stable,0.8417992312050875
2022-07-08,Stable,0.6770937949589771
2022-07-11,Transitional,0.9899012661015901
2022-07-12,Stable,0.6057711707190746
2022-07-13,Stable,0.7562081418327631
2022-07-14,Stable,0.8507612334524728
2022-07-15,Stable,0.8623819488638937
2022-07-18,Stable,0.6845515341954295
2022-07-19,Stable,0.7439853346290621
2022-07-20,Stable,0.5217709684181551
2022-07-21,Stable,0.83479383087309
2022-07-22,Stable,0.9124975396737963
2022-07-25,Stable,0.8966110926751404
2022-07-26,Stable,0.7434789592589722
2022-07-27,Stable,0.5611092169356444
2022-07-28,Stable,0.5957586924578955
2022-07-29,Stable,0.813194942606219
2022-08-01,Stable,0.9196877774930464
2022-08-02,Stable,0.9364481449718132
2022-08-03,Stable,0.9105306357615863
2022-08-04,Stable,0.9416090941888989
2022-08-05,Stable,0.9494320865484598
2022-08-08,Stable,0.9455845075375019
2022-08-10,Stable,0.9194871336604142
2022-08-11,Stable,0.8352217787480811
2022-08-12,Stable,0.9191005136565116
2022-08-16,Stable,0.9454887118276813
2022-08-17,Stable,0.9506982512693332
2022-08-18,Stable,0.9456747043011539
2022-08-19,Stable,0.9396338543794643
2022-08-22,Stable,0.8927601850221808
2022-08-23,Stable,0.7827246134411986
2022-08-24,Stable,0.8640101333216716
2022-08-25,Stable,0.8488853718217496
2022-08-26,Stable,0.7679726014241594
2022-08-29,Transitional,0.7235205360311497
2022-08-30,Transitional,0.7448093383613703
2022-09-01,Transitional,0.6195734411557275
2022-09-02,Stable,0.8245005841785552
2022-09-05,Stable,0.924719151294177
2022-09-06,Stable,0.9446319083990921
2022-09-07,Stable,0.9399269956541223
2022-09-08,Stable,0.9289682763328192
2022-09-09,Stable,0.8804549254599635
2022-09-12,Stable,0.8729734595726029
2022-09-13,Stable,0.7494204894590024
2022-09-14,Transitional,0.8169095225981857
2022-09-15,Transitional,0.5352463581417963
2022-09-16,Transitional,0.7224725142646851
2022-09-19,Stable,0.7721364968397288
2022-09-20,Stable,0.898418033450005
2022-09-21,Stable,0.904935977726394
2022-09-22,Stable,0.9401878356173138
2022-09-23,Stable,0.9384822366761585
2022-09-26,Stable,0.9465297368937337
2022-09-27,Stable,0.940848942217201
2022-09-28,Stable,0.93549245160634
2022-09-29,Stable,0.903909026907281
2022-09-30,Stable,0.895404248099397
2022-10-03,Stable,0.7522927875053138
2022-10-04,Transitional,0.7913673677165834
2022-10-06,Stable,0.729066068678034
2022-10-07,Stable,0.8082159905936688
2022-10-10,Stable,0.7968314532330799
2022-10-11,Stable,0.834682136394268
2022-10-12,Stable,0.9058184907237038
2022-10-13,Stable,0.9436632934127948
2022-10-14,Stable,0.949956528595583
2022-10-17,Stable,0.9428051266146694
2022-10-18,Stable,0.9303946415910758
2022-10-19,Stable,0.9340486265000953
2022-10-20,Stable,0.9263318511226811
2022-10-21,Stable,0.9396844413018769
2022-10-24,Stable,0.9432142354850105
2022-10-25,Stable,0.9522721683940556
2022-10-27,Stable,0.9519687051003071
2022-10-28,Stable,0.9434985949591591
2022-10-31,Stable,0.9043392995887308
2022-11-01,Stable,0.8167384355880846
2022-11-02,Stable,0.908638241152028
2022-11-03,Stable,0.9200433946869959
2022-11-04,Stable,0.9426834655882365
2022-11-07,Stable,0.9387351644333192
2022-11-09,Stable,0.9083053760559162
2022-11-10,Stable,0.7900510585224901
2022-11-11,Transitional,0.7244128590716783
2022-11-14,Stable,0.78345594951322
2022-11-15,Stable,0.913546232418227
2022-11-16,Stable,0.9373625414248032
2022-11-17,Stable,0.9457282524868225
2022-11-18,Stable,0.9317928082550698
2022-11-21,Stable,0.8588051581814055
2022-11-22,Stable,0.9038245167971906
2022-11-23,Stable,0.9082209595665028
2022-11-24,Stable,0.808248794747813
2022-11-25,Stable,0.919870807078488
2022-11-28,Stable,0.9441197019754453
2022-11-29,Stable,0.9400697252412322
2022-11-30,Stable,0.8958061530238949
2022-12-01,Stable,0.7004139353445881
2022-12-02,Stable,0.8564663659104353
2022-12-05,Stable,0.9207304985192657
2022-12-06,Stable,0.9166557173699024
2022-12-07,Stable,0.9372327023454541
2022-12-08,Stable,0.9148037279323171
2022-12-09,Stable,0.8651415927492642
2022-12-12,Stable,0.9170100907553885
2022-12-13,Stable,0.8855536953500389
2022-12-14,Stable,0.871222427302702
2022-12-15,Stable,0.7748129301419096
2022-12-16,Stable,0.7486167375550482
2022-12-19,Stable,0.8488695457169688
2022-12-20,Stable,0.8882985588328641
2022-12-21,Stable,0.9288214561820168
2022-12-22,Stable,0.9436954282844969
2022-12-23,Stable,0.9343576159614435
2022-12-26,Stable,0.9422238135800725
2022-12-27,Stable,0.9521456352805652
2022-12-28,Stable,0.9542265801857397
2022-12-29,Stable,0.9526557359512692
2022-12-30,Stable,0.9494799890168452
2023-01-02,Stable,0.9399908774021619
2023-01-03,Stable,0.8901723584137765
2023-01-04,Stable,0.8942826428173687
2023-01-05,Stable,0.7616117371443386
2023-01-06,Transitional,0.8532731363742987
2023-01-09,Transitional,0.9066509306306691
2023-01-10,Stable,0.654189721036902
2023-01-11,Stable,0.8267074719920265
2023-01-12,Stable,0.9150762356772184
2023-01-13,Stable,0.91021379229253
2023-01-16,Stable,0.9154243154183433
2023-01-17,Stable,0.9116273528634258
2023-01-18,Stable,0.9422752828624227
2023-01-19,Stable,0.9453264104559533
2023-01-20,Stable,0.9403749940848897
2023-01-23,Stable,0.90360791713067
2023-01-24,Stable,0.9363174863384991
2023-01-25,Stable,0.9461138463151537
2023-01-27,Stable,0.9345822875718671
2023-01-30,Stable,0.8940718092648138
2023-01-31,Stable,0.7421120239727017
2023-02-01,Stable,0.8133330934079932
2023-02-02,Stable,0.8572573442413418
2023-02-03,Stable,0.9230565156717396
2023-02-06,Stable,0.9381374477201826
2023-02-07,Stable,0.9412757787734631
2023-02-08,Stable,0.9159490504319019
2023-02-09,Stable,0.937986776799723
2023-02-10,Stable,0.9383871329470709
2023-02-13,Stable,0.8961685872365436
2023-02-14,Stable,0.9342947971901373
2023-02-15,Stable,0.9364785968867593
2023-02-16,Stable,0.9137881008520902
2023-02-17,Stable,0.8807087450538879
2023-02-20,Stable,0.9253927670075941
2023-02-21,Stable,0.9129640339506668
2023-02-22,Stable,0.8957801159275137
2023-02-23,Stable,0.929227997705023
2023-02-24,Stable,0.9084911832892493
2023-02-27,Stable,0.7884545067493083
2023-02-28,Stable,0.8339406197249501
2023-03-01,Stable,0.6952391118860322
2023-03-02,Stable,0.7444544476326257
2023-03-03,Stable,0.8910966078732016
2023-03-06,Stable,0.9204141379382852
2023-03-08,Stable,0.9258315052817108
2023-03-09,Stable,0.8816811670929253
2023-03-10,Stable,0.9109491845669818
2023-03-13,Stable,0.8443374503170589
2023-03-14,Stable,0.7891427089289216
2023-03-15,Stable,0.9095099117008204
2023-03-16,Stable,0.9394761477253033
2023-03-17,Stable,0.9435964780173315
2023-03-20,Stable,0.9198722290969705
2023-03-21,Stable,0.9161805265436355
2023-03-22,Stable,0.9364860129202995
2023-03-23,Stable,0.9504991610321184
2023-03-24,Stable,0.9537342115218277
2023-03-27,Stable,0.9530077215331518
2023-03-28,Stable,0.9448314863673547
2023-03-29,Stable,0.9114909214452854
2023-03-31,Stable,0.8123323007898074
2023-04-03,Stable,0.9109000371522609
2023-04-05,Stable,0.9091896822045262
2023-04-06,Stable,0.9230116967475981
2023-04-10,Stable,0.891028000146823
2023-04-11,Stable,0.8680127191540242
2023-04-12,Stable,0.8919656796878804
2023-04-13,Stable,0.8456100585553221
2023-04-17,Stable,0.8593340553506094
2023-04-18,Stable,0.9192532949937424
2023-04-19,Stable,0.9029595419101012
2023-04-20,Stable,0.9195136167490268
2023-04-21,Stable,0.8703814929591801
2023-04-24,Stable,0.9327153167455694
2023-04-25,Stable,0.9486277898113058
2023-04-26,Stable,0.9459894647841889
2023-04-27,Stable,0.9477472083948841
2023-04-28,Stable,0.9367575993554346
2023-05-02,Stable,0.9422711225684061
2023-05-03,Stable,0.9138581930107553
2023-05-04,Stable,0.9140164973339036
2023-05-05,Stable,0.9427142004226354
2023-05-08,Stable,0.9436548203229317
2023-05-09,Stable,0.9373120530588949
2023-05-10,Stable,0.9513056573726444
2023-05-11,Stable,0.9537273161395433
2023-05-12,Stable,0.9523516374890546
2023-05-15,Stable,0.946313657929561
2023-05-16,Stable,0.9409848636653466
2023-05-17,Stable,0.8977379404048892
2023-05-18,Stable,0.9264074017663962
2023-05-19,Stable,0.8939578918238644
2023-05-22,Stable,0.7613098036409947
2023-05-23,Stable,0.9109540998890981
2023-05-24,Stable,0.943696710557774
2023-05-25,Stable,0.9470313729801769
2023-05-26,Stable,0.9350244724752815
2023-05-29,Stable,0.9488990925622841
2023-05-30,Stable,0.9501237893690049
2023-05-31,Stable,0.9380505268880565
2023-06-01,Stable,0.930416071992251
2023-06-02,Stable,0.9375040839955711
2023-06-05,Stable,0.9239585253226529
2023-06-06,Stable,0.8550745093422568
2023-06-07,Stable,0.8798641602008724
2023-06-08,Stable,0.9002203080673058
2023-06-09,Stable,0.9219176758938711
2023-06-12,Stable,0.9235438376174884
2023-06-13,Stable,0.9474932777688175
2023-06-14,Stable,0.9507606656255115
2023-06-15,Stable,0.9433800020821598
2023-06-16,Stable,0.9128459605221754
2023-06-19,Stable,0.921044812521537
2023-06-20,Stable,0.9394170690076898
2023-06-21,Stable,0.9356169254062826
2023-06-22,Stable,0.9417151081841381
2023-06-23,Stable,0.9401371555306312
2023-06-26,Stable,0.9347506478202467
2023-06-27,Stable,0.9307508694729124
2023-06-28,Stable,0.8681019811022883
2023-06-30,Stable,0.620277449498941
2023-07-03,Stable,0.836826365932601
2023-07-04,Stable,0.9002868533844064
2023-07-05,Stable,0.9403446640337348
2023-07-06,Stable,0.9473858211095791
2023-07-07,Stable,0.9331731404261974
2023-07-10,Stable,0.8621486246754155
2023-07-11,Stable,0.8893460333095994
2023-07-12,Stable,0.7758887265643112
2023-07-13,Transitional,0.738463021104118
2023-07-14,Transitional,0.9980180127013671
2023-07-17,Stable,0.6992226233837008
2023-07-18,Stable,0.8834851563966539
2023-07-19,Stable,0.9020094795664683
2023-07-20,Stable,0.859240578341402
2023-07-21,Stable,0.5883747597724521
2023-07-24,Stable,0.8512737997722064
2023-07-25,Stable,0.9302471567195804
2023-07-26,Stable,0.9441857452245556
2023-07-27,Stable,0.9371338143795547
2023-07-28,Stable,0.8861439737048865
2023-07-31,Stable,0.8253879091222213
2023-08-01,Stable,0.904848666680131
2023-08-02,Stable,0.9315328856956062
2023-08-03,Stable,0.9102679288196285
2023-08-04,Stable,0.9050253587100078
2023-08-07,Stable,0.9173935705298484
2023-08-08,Stable,0.9437354477404881
2023-08-09,Stable,0.9507203908771679
2023-08-10,Stable,0.9488256889004759
2023-08-11,Stable,0.953374248635323
2023-08-14,Stable,0.9531225627680745
2023-08-16,Stable,0.9456789388501018
2023-08-17,Stable,0.9148016192574933
2023-08-18,Stable,0.8218233777095373
2023-08-21,Stable,0.8993473604177942
2023-08-22,Stable,0.9356742723592029
2023-08-23,Stable,0.9477727099536647
2023-08-24,Stable,0.9521787808543294
2023-08-25,Stable,0.9541416722555546
2023-08-28,Stable,0.9545396441930101
2023-08-29,Stable,0.9538783944986928
2023-08-30,Stable,0.9479915621505675
2023-08-31,Stable,0.9327099844697404
2023-09-01,Stable,0.9380105576817569
2023-09-04,Stable,0.9284697127090553
2023-09-05,Stable,0.9474028232362067
2023-09-06,Stable,0.9500488300265827
2023-09-07,Stable,0.9377225724992371
2023-09-08,Stable,0.9158466827087972
2023-09-11,Stable,0.8091215648849687
2023-09-12,Stable,0.5387846605529562
2023-09-13,Stable,0.8525991527548874
2023-09-14,Stable,0.9254463150825718
2023-09-15,Stable,0.9291466340546933
2023-09-18,Stable,0.9488751376991164
2023-09-20,Stable,0.9527006776003273
2023-09-21,Stable,0.9483626880230841
2023-09-22,Stable,0.9483679202410218
2023-09-25,Stable,0.944381336328209
2023-09-26,Stable,0.9501716984813317
2023-09-27,Stable,0.944194250039156
2023-09-28,Stable,0.9081958854716781
2023-09-29,Stable,0.9420198648763667
2023-10-03,Stable,0.9453116117417827
2023-10-04,Stable,0.9353959585410834
2023-10-05,Stable,0.9055438564823208
2023-10-06,Stable,0.9293575000033454
2023-10-09,Stable,0.9447643013404745
2023-10-10,Stable,0.945151311902893
2023-10-11,Stable,0.923968896144696
2023-10-12,Stable,0.8473449238646923
2023-10-13,Stable,0.905807709714266
2023-10-16,Stable,0.9042676834591078
2023-10-17,Stable,0.9359401883933219
2023-10-18,Stable,0.9376125354342527
2023-10-19,Stable,0.9196222331084929
2023-10-20,Stable,0.8516275499981292
2023-10-23,Stable,0.6890030447496764
2023-10-25,Stable,0.8574598636316855
2023-10-26,Stable,0.8642841845908467
2023-10-27,Stable,0.9283583731160953
2023-10-30,Stable,0.9368294116439271
2023-10-31,Stable,0.9432864484798863
2023-11-01,Stable,0.9253284860399309
2023-11-02,Stable,0.9352436749470756
2023-11-03,Stable,0.9468360100798217
2023-11-06,Stable,0.9416456351377912
2023-11-07,Stable,0.9494565741055088
2023-11-08,Stable,0.9473942948230292
2023-11-09,Stable,0.929536198940578
2023-11-10,Stable,0.9271563198631875
2023-11-13,Stable,0.8711386887458539
2023-11-15,Stable,0.6003571736240775
2023-11-16,Stable,0.5130513421137904
2023-11-17,Stable,0.8466979040751835
2023-11-20,Stable,0.9257228409966684
2023-11-21,Stable,0.94541236409301
2023-11-22,Stable,0.9444863509147199
2023-11-23,Stable,0.9344924866014418
2023-11-24,Stable,0.9024392940493211
2023-11-28,Stable,0.9332020776559852
2023-11-29,Stable,0.9188144716292216
2023-11-30,Stable,0.9347682243696066
2023-12-01,Stable,0.942237546402011
2023-12-04,Stable,0.9454292129349797
2023-12-05,Stable,0.9221650935674861
2023-12-06,Stable,0.8357148485019892
2023-12-07,Stable,0.9241693753048278
2023-12-08,Stable,0.9389511533104183
2023-12-11,Stable,0.9187641155007878
2023-12-12,Stable,0.8207114641802292
2023-12-13,Transitional,0.5160021186495918
2023-12-14,Transitional,0.7253139986435492
2023-12-15,Transitional,0.998072602185076
2023-12-18,Stable,0.7098498906899456
2023-12-19,Stable,0.850214338796604
2023-12-20,Stable,0.9093965979783504
2023-12-21,Stable,0.940389152950296
2023-12-22,Stable,0.9349845521557045
2023-12-26,Stable,0.9407052573318105
2023-12-27,Stable,0.9495614184484014
2023-12-28,Stable,0.9516502968118241
2023-12-29,Stable,0.949506489287197
2024-01-01,Stable,0.9334275179686172
2024-01-02,Stable,0.8742425513804863
2024-01-03,Stable,0.6806944792992469
2024-01-04,Stable,0.8182844102295354
2024-01-05,Stable,0.7684418551008281
2024-01-08,Stable,0.8213575315218068
2024-01-09,Stable,0.9041950309707337
2024-01-10,Stable,0.8811773718603313
2024-01-11,Stable,0.7264504000002968
2024-01-12,Transitional,0.9068947804300731
2024-01-15,Stable,0.7180172575975514
2024-01-16,Stable,0.8564191824119642
2024-01-17,Stable,0.9147953696848516
2024-01-18,Stable,0.9072224839081535
2024-01-19,Stable,0.8033060206847312
2024-01-23,Stable,0.7458320840093798
2024-01-24,Stable,0.8977484066797363
2024-01-25,Stable,0.928214006950091
2024-01-29,Stable,0.9459199807749439
2024-01-30,Stable,0.9434185864598451
2024-01-31,Stable,0.9091381865809739
2024-02-01,Stable,0.7677394065139566
2024-02-02,Transitional,0.6519777725795032
2024-02-05,Transitional,0.5378889549754965
2024-02-06,Transitional,0.961427371661764
2024-02-07,Stable,0.5935861312212933
2024-02-08,Stable,0.8164564147479004
2024-02-09,Stable,0.9225399010309452
2024-02-12,Stable,0.9428525956995963
2024-02-13,Stable,0.9387682299852513
2024-02-14,Stable,0.9239741817404674
2024-02-15,Stable,0.9449690376676295
2024-02-16,Stable,0.9386968305357972
2024-02-19,Stable,0.9136960179827858
2024-02-20,Stable,0.8187910119036211
2024-02-21,Stable,0.8153120579399878
2024-02-22,Stable,0.67004898151358
2024-02-23,Stable,0.8065561715946438
2024-02-26,Stable,0.7731485030304878
2024-02-27,Stable,0.6298628438197293
2024-02-28,Stable,0.8751027411163993
2024-02-29,Stable,0.9289247424969933
2024-03-01,Stable,0.9443200309274795
2024-03-04,Stable,0.9310680214622339
2024-03-05,Stable,0.8650374766167712
2024-03-06,Stable,0.8874724006304487
2024-03-07,Stable,0.9101425996718724
2024-03-11,Stable,0.9225587264595757
2024-03-12,Stable,0.8650195736706566
2024-03-13,Stable,0.8838733927079161
2024-03-14,Stable,0.858020774799816
2024-03-15,Stable,0.8276571260596262
2024-03-18,Stable,0.5327667751545722
2024-03-19,Transitional,0.9682243732064394
2024-03-20,Stable,0.729510456499073
2024-03-21,Stable,0.8795306011037448
2024-03-22,Stable,0.8672332046693711
2024-03-26,Stable,0.9121188800540844
2024-03-27,Stable,0.9218969566808058
2024-03-28,Stable,0.9259597080815063
2024-04-01,Stable,0.9202912108582022
2024-04-02,Stable,0.9125482522168852
2024-04-03,Stable,0.8687898692480867
2024-04-04,Stable,0.8877651785933072
2024-04-05,Stable,0.9321022757020587
2024-04-08,Stable,0.9468578832599304
2024-04-09,Stable,0.9413830559261149
2024-04-10,Stable,0.9317704252346328
2024-04-12,Stable,0.9278215279714058
2024-04-15,Stable,0.8676109865038862
2024-04-16,Stable,0.8484688672544973
2024-04-18,Stable,0.9232234955399806
2024-04-19,Stable,0.9268709721225857
2024-04-22,Stable,0.9305421058907374
2024-04-23,Stable,0.9428024501675051
2024-04-24,Stable,0.9263975606383551
2024-04-25,Stable,0.9387248532706914
2024-04-26,Stable,0.9284931591194818
2024-04-29,Stable,0.9043616988412876
2024-04-30,Stable,0.8958497479033624
2024-05-02,Stable,0.9052500865784554
2024-05-03,Stable,0.9025792817864882
2024-05-06,Stable,0.8062802164494514
2024-05-07,Stable,0.8610097546494688
2024-05-08,Stable,0.9268574019746163
2024-05-09,Stable,0.9234031262488627
2024-05-10,Stable,0.8584738024200242
2024-05-13,Stable,0.8755176325155405
2024-05-14,Stable,0.8985984947626524
2024-05-15,Stable,0.9220801840878184
2024-05-16,Stable,0.8931367617728025
2024-05-17,Stable,0.8619198536694989
2024-05-21,Stable,0.9266812103572339
2024-05-22,Stable,0.9323646211489414
2024-05-23,Stable,0.8871231068683798
2024-05-24,Stable,0.9113494487228797
2024-05-27,Stable,0.9423392036115324
2024-05-28,Stable,0.9398997272649637
2024-05-29,Stable,0.9004153841656768
2024-05-30,Stable,0.8160579269452712
2024-05-31,Stable,0.8196221633078253
2024-06-03,Stable,0.9021546710130857
2024-06-04,Stable,0.9244650456667257
2024-06-05,Stable,0.8812680049077256
2024-06-06,Stable,0.7333122140422819
2024-06-07,Stable,0.8060342389336791
2024-06-10,Stable,0.8992594139899587
2024-06-11,Stable,0.9387719104765683
2024-06-12,Stable,0.9384440890991393
2024-06-13,Stable,0.9173621615810191
2024-06-14,Stable,0.9170499804611663
2024-06-18,Stable,0.9426391792583844
2024-06-19,Stable,0.9498092131796241
2024-06-20,Stable,0.9506634822244411
2024-06-21,Stable,0.9487384101555919
2024-06-24,Stable,0.9510903230688474
2024-06-25,Stable,0.9421802172887068
2024-06-26,Stable,0.918443880543673
2024-06-27,Stable,0.8155057587025961
2024-06-28,Stable,0.8713280482953756
2024-07-01,Stable,0.8215596814463081
2024-07-02,Stable,0.884958585358572
2024-07-03,Stable,0.8851951386806471
2024-07-04,Stable,0.8954931878832203
2024-07-05,Stable,0.9365023328949532
2024-07-08,Stable,0.9345233386913994
2024-07-09,Stable,0.8980544325900319
2024-07-10,Stable,0.7197515499346111
2024-07-11,Stable,0.6354674634873073
2024-07-12,Transitional,0.997221147658431
2024-07-15,Stable,0.6054508725793829
2024-07-16,Stable,0.6653122079132472
2024-07-18,Transitional,0.6914761445163843
2024-07-19,Stable,0.8063875528102743
2024-07-22,Stable,0.9180157521368626
2024-07-23,Stable,0.9448858197714198
2024-07-24,Stable,0.950466295038989
2024-07-25,Stable,0.9424217461023301
2024-07-26,Stable,0.9081886908013765
2024-07-29,Stable,0.9417131915064907
2024-07-30,Stable,0.9418514137190597
2024-07-31,Stable,0.9173447994178756
2024-08-01,Stable,0.8114191591070585
2024-08-02,Transitional,0.6564389452708285
2024-08-05,Transitional,0.7405367031360092
2024-08-06,Stable,0.7811121802560753
2024-08-07,Stable,0.8971800615130608
2024-08-08,Stable,0.9197622685414991
2024-08-09,Stable,0.8983686790076505
2024-08-12,Stable,0.8994621729721041
2024-08-13,Stable,0.8358661011349212
2024-08-14,Stable,0.5148475271300995
2024-08-16,Stable,0.6470541913394229
2024-08-19,Stable,0.6544032942792842
2024-08-20,Stable,0.8650264574376404
2024-08-21,Stable,0.9198132260457151
2024-08-22,Stable,0.919244885220138
2024-08-23,Stable,0.9307896892685537
2024-08-26,Stable,0.9384232419000804
2024-08-27,Stable,0.9513021199646976
2024-08-28,Stable,0.9535902483296642
2024-08-29,Stable,0.9517119890353122
2024-08-30,Stable,0.9395616564976482
2024-09-02,Stable,0.942577249670628
2024-09-03,Stable,0.9499520143707705
2024-09-04,Stable,0.9453087179987101
2024-09-05,Stable,0.9521617854292913
2024-09-06,Stable,0.9500587665475683
2024-09-09,Stable,0.946377083239727
2024-09-10,Stable,0.9205641960036258
2024-09-11,Stable,0.9368634090870078
2024-09-12,Stable,0.9378185221778624
2024-09-13,Stable,0.9423002329540321
2024-09-16,Stable,0.9132655822926827
2024-09-17,Stable,0.7793834735576664
2024-09-18,Transitional,0.8069037104316595
2024-09-19,Stable,0.6951318974991458
2024-09-20,Stable,0.8932609470586089
2024-09-23,Stable,0.9386516857398728
2024-09-24,Stable,0.9517460773720616
2024-09-25,Stable,0.9540898157967143
2024-09-26,Stable,0.9519501082093575
2024-09-27,Stable,0.9490224202121954
2024-09-30,Stable,0.9363115204184718
2024-10-01,Stable,0.9403754310626657
2024-10-03,Stable,0.9188387129900271
2024-10-04,Stable,0.9433304065429097
2024-10-07,Stable,0.9486978252106614
2024-10-08,Stable,0.9491852763056183
2024-10-09,Stable,0.9478486070027448
2024-10-10,Stable,0.9258578276252628
2024-10-11,Stable,0.8599320295916175
2024-10-14,Stable,0.9303836137372524
2024-10-15,Stable,0.9445124460532801
2024-10-16,Stable,0.947360159908154
2024-10-17,Stable,0.9490025601499902
2024-10-18,Stable,0.9394888246389383
2024-10-21,Stable,0.9106064888303643
2024-10-22,Stable,0.8730719578773258
2024-10-23,Stable,0.901610953785799
2024-10-24,Stable,0.9383503906861823
2024-10-25,Stable,0.9473120790874626
2024-10-28,Stable,0.9375353819887616
2024-10-29,Stable,0.9266371550250817
2024-10-30,Stable,0.8567505435574873
2024-10-31,Stable,0.53814913199232
2024-11-01,Stable,0.8252946468534725
2024-11-04,Stable,0.8556484805674601
2024-11-05,Stable,0.7209213538887013
2024-11-06,Transitional,0.9545734755856371
2024-11-07,Stable,0.7380537662478706
2024-11-08,Stable,0.893282017360873
2024-11-11,Stable,0.9050751525882023
2024-11-12,Stable,0.9273455396318968
2024-11-13,Stable,0.8833050114838653
2024-11-14,Stable,0.8046561481610373
2024-11-18,Stable,0.6243758358052379
2024-11-19,Stable,0.667557861632359
2024-11-21,Stable,0.5843322518868604
2024-11-22,Transitional,0.9696129280771172
2024-11-25,Stable,0.5169652924669349
2024-11-26,Stable,0.8058357197699326
2024-11-27,Stable,0.874533523682827
2024-11-28,Stable,0.8059223896203335
2024-11-29,Stable,0.911450343525171
2024-12-02,Stable,0.9377474074846933
2024-12-03,Stable,0.9209071840846675
2024-12-04,Stable,0.8463128395939782
2024-12-05,Stable,0.6883918905808881
2024-12-06,Stable,0.889029169542175
2024-12-09,Stable,0.9393811294870843
2024-12-10,Stable,0.9481164771598966
2024-12-11,Stable,0.9513180790883601
2024-12-12,Stable,0.9440853680487427
2024-12-13,Stable,0.9306192198156953
2024-12-16,Stable,0.8654891899680881
2024-12-17,Stable,0.786959243563497
2024-12-18,Stable,0.8515900570913534
2024-12-19,Stable,0.7384540223067998
2024-12-20,Stable,0.6577568152240068
2024-12-23,Stable,0.8833862225913912
2024-12-24,Stable,0.9346389184796677
2024-12-26,Stable,0.9490134001370502
2024-12-27,Stable,0.9507015749537117
2024-12-30,Stable,0.9401375401303826
2024-12-31,Stable,0.8906738102889359
2025-01-01,Stable,0.9118031827863508
2025-01-02,Stable,0.8483962165120316
2025-01-03,Stable,0.8029840195624779
2025-01-06,Stable,0.8531211023282476
2025-01-07,Stable,0.7087046091205089
2025-01-08,Stable,0.5254009304378606
2025-01-09,Stable,0.6418985165687854
2025-01-10,Transitional,0.9982982132845403
2025-01-13,Stable,0.6753399664651126
2025-01-14,Stable,0.8207631898407085
2025-01-15,Stable,0.914167946007989
2025-01-16,Stable,0.9201685475783112
2025-01-17,Stable,0.9288291734603138
2025-01-20,Stable,0.875297584533752
2025-01-21,Stable,0.7761491951664745
2025-01-22,Stable,0.5316797917505259
2025-01-23,Stable,0.8204933952543229
2025-01-24,Stable,0.879227493393505
2025-01-27,Stable,0.7859002114358218
2025-01-28,Stable,0.8911599680745308
2025-01-29,Stable,0.8937770510845938
2025-01-30,Stable,0.9404166556049456
2025-01-31,Stable,0.9472231505529289
2025-02-01,Stable,0.937058619117491
2025-02-03,Stable,0.9477698829649597
2025-02-04,Stable,0.9392274039720152
2025-02-05,Stable,0.9469546174559482
2025-02-06,Stable,0.9435794632353314
2025-02-07,Stable,0.9124944651499987
2025-02-10,Stable,0.9235184878614715
2025-02-11,Stable,0.860720245126703
2025-02-12,Stable,0.9248288075333276
2025-02-13,Stable,0.9252896215199249
2025-02-14,Stable,0.9353163175879257
2025-02-17,Stable,0.9220057198596933
2025-02-18,Stable,0.8788937212013354
2025-02-19,Stable,0.7295845342774839
2025-02-20,Stable,0.8576206003112983
2025-02-21,Stable,0.7995341783378008
2025-02-24,Stable,0.596292454371899
2025-02-25,Stable,0.6201782757257616
2025-02-27,Stable,0.6188551602931774
2025-02-28,Transitional,0.8404616537950903
2025-03-03,Stable,0.7493506690685658
2025-03-04,Stable,0.8685990443742067
2025-03-05,Stable,0.918669294362974
2025-03-06,Stable,0.8970481809082776
2025-03-07,Stable,0.9380688140054069
2025-03-10,Stable,0.9387352760404567
2025-03-11,Stable,0.924789080047033
2025-03-12,Stable,0.8484572441388711
2025-03-13,Stable,0.9301728922744017
2025-03-17,Stable,0.9462420148674022
2025-03-18,Stable,0.9488836960193882
2025-03-19,Stable,0.9336649160049924
2025-03-20,Stable,0.8605251733390858
2025-03-21,Stable,0.9182705238905065
2025-03-24,Stable,0.9026688783113552
2025-03-25,Stable,0.9297738725936359
2025-03-26,Stable,0.9378706376986273
2025-03-27,Stable,0.9299963570759342
2025-03-28,Stable,0.8701044618474556
2025-04-01,Stable,0.7827383883120574
2025-04-02,Stable,0.6765425023904083
2025-04-03,Transitional,0.9798216965044522
2025-04-04,Transitional,0.8987744294392105
2025-04-07,Stable,0.7056311863851447
2025-04-08,Stable,0.8713300746754838
2025-04-09,Stable,0.8855141776268813
2025-04-11,Stable,0.933468217890884
2025-04-15,Stable,0.9436493314602471
2025-04-16,Stable,0.9394692827020773
2025-04-17,Stable,0.9347431589452994
2025-04-21,Stable,0.9178942869584785
2025-04-22,Stable,0.8457601504352331
2025-04-23,Stable,0.5060862951561167
2025-04-24,Stable,0.8276843655893654
2025-04-25,Stable,0.8798876132090551
2025-04-28,Stable,0.9346496995638374
2025-04-29,Stable,0.9382302355287275
2025-04-30,Stable,0.9445377358415877
2025-05-02,Stable,0.9441613957858225
2025-05-05,Stable,0.9458071746629393
2025-05-06,Stable,0.9498875851049855
2025-05-07,Stable,0.9398256098804214
2025-05-08,Stable,0.9037609779406487
2025-05-09,Stable,0.7332956505243009
2025-05-12,Transitional,0.997961380292309
2025-05-13,Transitional,0.881612970055148
2025-05-14,Stable,0.6946143719650779
2025-05-15,Stable,0.8686029953097191
2025-05-16,Stable,0.9206498150210412
2025-05-19,Stable,0.915203099805416
2025-05-20,Stable,0.9342753421257072
2025-05-21,Stable,0.9285266627688591
2025-05-22,Stable,0.9007503616654764
2025-05-23,Stable,0.9179551309480715
2025-05-26,Stable,0.9348232375529599
2025-05-27,Stable,0.9285166864118674
2025-05-28,Stable,0.9484788197576381
2025-05-29,Stable,0.949532875306028
2025-05-30,Stable,0.9342604694924848
2025-06-02,Stable,0.940046399893466
2025-06-03,Stable,0.919308310248497
2025-06-04,Stable,0.946395056586653
2025-06-05,Stable,0.9502327089550021
2025-06-06,Stable,0.9460995117364135
2025-06-09,Stable,0.9255469121436353
2025-06-10,Stable,0.9212820339193896
2025-06-11,Stable,0.940680606756037
2025-06-12,Stable,0.9265218701983955
2025-06-13,Stable,0.9348907802277655
2025-06-16,Stable,0.8993465283454023
2025-06-17,Stable,0.9130850943065678
2025-06-18,Stable,0.8528065708641523
2025-06-19,Stable,0.9149859413094615
2025-06-20,Stable,0.9364490470548315
2025-06-23,Stable,0.9181440473682358
2025-06-24,Stable,0.9339429926674907
2025-06-25,Stable,0.8983015629100985
2025-06-26,Stable,0.9420363701328236
2025-06-27,Stable,0.9506139637513918
2025-06-30,Stable,0.945833620937512
2025-07-01,Stable,0.9377637750691189
2025-07-02,Stable,0.9490532452495748
2025-07-03,Stable,0.9459178354088121
2025-07-04,Stable,0.9485126975198326
2025-07-07,Stable,0.9504706730588605
2025-07-08,Stable,0.9430478153846504
2025-07-09,Stable,0.9048124777621303
2025-07-10,Stable,0.7832916447426379
2025-07-11,Transitional,0.7757126044854811
2025-07-14,Stable,0.6621757516390678
2025-07-15,Stable,0.8615921636687915
2025-07-16,Stable,0.9292966969491063
2025-07-17,Stable,0.9371127654220854
2025-07-18,Stable,0.9406419336311822
2025-07-21,Stable,0.9339941310091099
2025-07-22,Stable,0.9482253275494315
2025-07-23,Stable,0.943002303159148
2025-07-24,Stable,0.9289510065719008
2025-07-25,Stable,0.9252272382133824
2025-07-28,Stable,0.8613661979598625
2025-07-29,Stable,0.9197053360201821
2025-07-30,Stable,0.9408359127801025
2025-07-31,Stable,0.9258389329614519
2025-08-01,Stable,0.8632993879005372
2025-08-04,Stable,0.7339953662767881
2025-08-05,Stable,0.8935317901128093
2025-08-06,Stable,0.9182046715311567
2025-08-07,Stable,0.9433787779893464
2025-08-08,Stable,0.9508479841879307
2025-08-11,Stable,0.9543002565063465
2025-08-12,Stable,0.954469085847926
2025-08-13,Stable,0.9535834459128573
2025-08-14,Stable,0.9466898781890384
2025-08-18,Stable,0.9318334270262988
2025-08-19,Stable,0.8676856866293027
2025-08-20,Stable,0.5771195610818277
2025-08-21,Stable,0.7665355143698537
2025-08-22,Stable,0.655246361209007
2025-08-25,Stable,0.5484979113470809
2025-08-26,Stable,0.758497829588285
2025-08-28,Stable,0.7552444238392824
2025-08-29,Stable,0.9027541320606003
2025-09-01,Stable,0.9291927706817039
2025-09-02,Stable,0.9480661771328992
2025-09-03,Stable,0.9471671902131485
2025-09-04,Stable,0.9391890539626079
2025-09-05,Stable,0.8887132005136678
2025-09-08,Stable,0.9051645769499734
2025-09-09,Stable,0.8934440794240593
2025-09-10,Stable,0.8329348842097846
2025-09-11,Stable,0.9226990957882116
2025-09-12,Stable,0.9436030049053857
2025-09-15,Stable,0.9386383078433209
2025-09-16,Stable,0.9269373367330582
2025-09-17,Stable,0.9297658941344904
2025-09-18,Stable,0.9220197040090037
2025-09-19,Stable,0.8319483486274782
2025-09-22,Stable,0.565515184250714
2025-09-23,Stable,0.7560859395358495
2025-09-24,Stable,0.7508171276899125
2025-09-25,Stable,0.5116233573885898
2025-09-26,Stable,0.6504078548081406
2025-09-29,Stable,0.8805729138396238
2025-09-30,Stable,0.9246914250137829
2025-10-01,Stable,0.9034777237430519
2025-10-03,Stable,0.8282738991025421
2025-10-06,Stable,0.5224116750595895
2025-10-07,Stable,0.7808768081833859
2025-10-08,Stable,0.7954026326443183
2025-10-09,Stable,0.8742199044767562
2025-10-10,Stable,0.901692519632591
2025-10-13,Stable,0.9170873143438405
2025-10-14,Stable,0.8872988115166661
2025-10-15,Stable,0.9304920437332441
2025-10-16,Stable,0.9446121810676706
2025-10-17,Stable,0.9306294951050944
2025-10-20,Stable,0.8600343311826685
2025-10-21,Stable,0.8895419591704764
2025-10-23,Stable,0.7888518685135725
2025-10-24,Stable,0.911107433891155
2025-10-27,Stable,0.9336793003849517
2025-10-28,Stable,0.9362058219158885
2025-10-29,Stable,0.9480501080717111
2025-10-30,Stable,0.9401422895216447
2025-10-31,Stable,0.9327617553015537
2025-11-03,Stable,0.9071854079220462
2025-11-04,Stable,0.9258478243539837
2025-11-06,Stable,0.936366135991639
2025-11-07,Stable,0.9309762350351092
2025-11-10,Stable,0.898238024890171
2025-11-11,Stable,0.8404508399305317
2025-11-12,Stable,0.5826485176355845
2025-11-13,Stable,0.84310399240415
2025-11-14,Stable,0.9281988478625282
2025-11-17,Stable,0.9424950736038339
2025-11-18,Stable,0.925281270048295
2025-11-19,Stable,0.853002779605782
2025-11-20,Stable,0.9317460929237469
2025-11-21,Stable,0.9485819549509831
2025-11-24,Stable,0.9482571737298863
2025-11-25,Stable,0.9354298777572244
2025-11-26,Stable,0.91026147582229
2025-11-27,Stable,0.9320573769142284
2025-11-28,Stable,0.9496875027369064
2025-12-01,Stable,0.9512287496766078
2025-12-02,Stable,0.9423835608649161
2025-12-03,Stable,0.8983499327504856
2025-12-04,Stable,0.8897195395045969
2025-12-05,Stable,0.9388025500656002
2025-12-08,Stable,0.9483980260455537
2025-12-09,Stable,0.9394368154831242
2025-12-10,Stable,0.9453219674104707
2025-12-11,Stable,0.9503609976629136
2025-12-12,Stable,0.9414570422657343
2025-12-15,Stable,0.9474292789951587
2025-12-16,Stable,0.9369132634497431
2025-12-17,Stable,0.925539234481807
2025-12-18,Stable,0.8498494561720114
2025-12-19,Stable,0.9220087302036691
2025-12-22,Stable,0.9144294827158268
2025-12-23,Stable,0.9405447119514129
2025-12-24,Stable,0.944181436897275
2025-12-26,Stable,0.9224594544226884
2025-12-29,Stable,0.9317896119526452
2025-12-30,Stable,0.9417469382344762
2025-12-31,Stable,0.9188525088275274
2026-01-01,Stable,0.9354657970003424
2026-01-02,Stable,0.9314973737406911
2026-01-05,Stable,0.9044172946068706
2026-01-06,Stable,0.8629217373171743
2026-01-07,Stable,0.7755445055378847
2026-01-08,Stable,0.531825319565197
2026-01-09,Stable,0.8378685445693078
2026-01-12,Stable,0.8797046456328314
2026-01-13,Stable,0.8542203948590181
2026-01-14,Stable,0.6959617104136925
2026-01-15,Stable,0.8118969132791969
2026-01-16,Stable,0.6803460427712651
2026-01-19,Stable,0.7670286169907427
2026-01-20,Stable,0.7698920083033195
2026-01-21,Stable,0.8983955611124447
2026-01-22,Stable,0.92717115035773
2026-01-23,Stable,0.9431716860874398
2026-01-27,Stable,0.9362073324903
2026-01-28,Stable,0.881446693374268
2026-01-29,Stable,0.8235083831197023
2026-01-30,Stable,0.8465015524612082
2026-02-02,Stable,0.7102856627633695
2026-02-03,Stable,0.5559759395544752
2026-02-04,Transitional,0.9917647296895489
2026-02-05,Stable,0.6402404456898745
2026-02-06,Stable,0.7266399513789634
2026-02-09,Stable,0.8110036399541538
2026-02-10,Stable,0.6536071196292972
2026-02-11,Transitional,0.7913493202329572
2026-02-12,Transitional,0.9938586197045627
2026-02-13,Transitional,0.6306153701908136
2026-02-16,Stable,0.805189337960618
2026-02-17,Stable,0.9124341094566771
2026-02-18,Stable,0.9269893223708778
2026-02-19,Stable,0.928947295491817
2026-02-20,Stable,0.8998934086160902
2026-02-23,Stable,0.7401856742876157
2026-02-24,Transitional,0.9333495527766664
2026-02-25,Transitional,0.6049753295172128
2026-02-26,Stable,0.8022665988660048
2026-02-27,Stable,0.9098660229484412
2026-03-02,Stable,0.9232689419556536
2026-03-04,Stable,0.9278477531009318
2026-03-05,Stable,0.9416821134556003
2026-03-06,Stable,0.9302970983112702
2026-03-09,Stable,0.9108600624239095
2026-03-10,Stable,0.9079162995636257
2026-03-11,Stable,0.8265352575862581
2026-03-12,Stable,0.888315753562956
2026-03-13,Stable,0.8889711198826348
2026-03-16,Stable,0.905358992110236
2026-03-17,Stable,0.809935562521149
2026-03-18,Transitional,0.5421334590709891
2026-03-19,Transitional,0.8659584651429105
2026-03-20,Stable,0.6239585888696362
2026-03-23,Stable,0.871761252350958
2026-03-24,Stable,0.9227301958019164
2026-03-25,Stable,0.9242990258450702
2026-03-27,Stable,0.916992847592077
2026-03-30,Stable,0.8378427431343923
2026-04-01,Stable,0.7081685476681563
2026-04-02,Stable,0.719792334104169
2026-04-06,Stable,0.7421025135019034
2026-04-07,Stable,0.532817923924527
2026-04-08,Stable,0.7337870573233818
2026-04-09,Stable,0.6645993748995719
2026-04-10,Transitional,0.6705135093464721
2026-04-13,Transitional,0.7374137914586685
2026-04-15,Transitional,0.8550827758953995
2026-04-16,Stable,0.7181449594122425
2026-04-17,Stable,0.8821432821732392
2026-04-20,Stable,0.8856306959853253
2026-04-21,Stable,0.7363621827770516
2026-04-22,Transitional,0.6487729628688609
2026-04-23,Transitional,0.5766801071908412
2026-04-24,Transitional,0.9969323414568295
2026-04-27,Transitional,0.6178689579838791
2026-04-28,Stable,0.8056281613452344
2026-04-29,Stable,0.8829531274193205
2026-04-30,Stable,0.9345966709481941
2026-05-01,Stable,0.9339197867861959
2026-05-04,Stable,0.8788974469613854
2026-05-05,Stable,0.9334125818997386
2026-05-06,Stable,0.9351345594920796
2026-05-07,Stable,0.8928042404994482
2026-05-08,Stable,0.8893076113078499
2026-05-11,Stable,0.7475277208867064
2026-05-12,Transitional,0.9125117320987863
2026-05-13,Stable,0.6193351041682326
2026-05-14,Stable,0.8135308795718713
2026-05-15,Stable,0.896126308208347
2026-05-18,Stable,0.901900023113201
2026-05-19,Stable,0.8485852399107419
2026-05-20,Stable,0.9308746099898279
2026-05-21,Stable,0.947895167024011
2026-05-22,Stable,0.9446539386360754
2026-05-25,Stable,0.9268823931575304
2026-05-26,Stable,0.9047825749603848
2026-05-27,Stable,0.9326510965627338
2026-05-28,Stable,0.9133482660453711
2026-05-29,Stable,0.7880742334489722
2026-06-01,Stable,0.4838066147004377
2026-06-02,Transitional,0.8633628751698708
2026-06-03,Transitional,0.8636300105824385
2026-06-04,Stable,0.5627057196908615
2026-06-05,Stable,0.5850417188265835
2026-06-08,Stable,0.6350872786195433
2026-06-09,Stable,0.8788382536866796
2026-06-10,Stable,0.9312598316933449
2026-06-11,Stable,0.9272181936265169
2026-06-12,Stable,0.9146593847879115
2026-06-15,Stable,0.9190518886116177
2026-06-16,Stable,0.8374970596912676
2026-06-17,Stable,0.816822758755154
2026-06-18,Stable,0.6675948163890977
2026-06-19,Transitional,0.8918564196162023
2026-06-22,Transitional,0.6195278861961101
2026-06-23,Transitional,0.8785042943220491
2026-06-24,Transitional,0.6650033506349534
2026-06-25,Stable,0.7555985302214341
2026-06-26,Stable,0.8441050782078786
2026-06-29,Stable,0.72794817838753
2026-06-30,Transitional,0.8925946993186933
2026-07-01,Transitional,0.9195649836899804
2026-07-02,Transitional,0.9908138018848303
2026-07-03,Stable,0.5138350014837723
2026-07-06,Stable,0.5850498586137225
2026-07-07,Stable,0.6300823230242902
2026-07-08,Stable,0.6839014190059981
2026-07-09,Stable,0.7834079021534622
2026-07-10,Stable,0.6223758255260838
2026-07-13,Transitional,0.997079842596332
2026-07-14,Stable,0.6563637751385165
2026-07-15,Stable,0.8321191634837278
2026-07-16,Stable,0.7799903909635657
2026-07-17,Stable,0.5884796095716278
2026-07-20,Stable,0.7662321048354593
2026-07-21,Stable,0.8418177775348546
2026-07-22,Stable,0.889323398505915
2026-07-23,Stable,0.8338795724707972
2026-07-24,Stable,0.7938882971274583
2026-07-27,Stable,0.5339082422545312
2026-07-28,Transitional,0.9824458778052164
2026-07-29,Transitional,0.7357261026040274
2026-07-30,Transitional,0.5743141943986562
2026-07-31,Transitional,0.8818659996386017
2026-08-03,Transitional,0.9849086157951247
2026-08-04,Transitional,0.513299557055322
2026-08-05,Transitional,0.5483592023457639
2026-08-06,Transitional,0.6140545628718272
2026-08-07,Transitional,0.8572674137484901
2026-08-10,Transitional,0.4987744329038669
2026-08-11,Transitional,0.500895719316164
2026-08-12,Transitional,0.9331775782217835
2026-08-13,Stable,0.6403981380874868
2026-08-14,Stable,0.8233610253007053
