date,regime_label,regime_probability
2014-10-07,Volatile,1.0
2014-10-08,Volatile,0.7864773316752408
2014-10-09,Transitional,0.7370291557944375
2014-10-10,Transitional,0.869120661801744
2014-10-13,Transitional,0.875873220387288
2014-10-14,Transitional,0.845780097139193
2014-10-15,Transitional,0.8206205542206281
2014-10-16,Transitional,0.8067346645660618
2014-10-17,Transitional,0.801023283600079
2014-10-20,Transitional,0.8049321041655374
2014-10-21,Transitional,0.8191656984067732
2014-10-22,Transitional,0.841888771811957
2014-10-27,Transitional,0.8636784164053715
2014-10-28,Transitional,0.8347420577567515
2014-10-29,Transitional,0.9117334914279643
2014-10-30,Transitional,0.9223398593766454
2014-10-31,Transitional,0.9151417573169224
2014-11-03,Transitional,0.9115953032654501
2014-11-05,Transitional,0.8970556448340227
2014-11-07,Transitional,0.8784472290905462
2014-11-10,Transitional,0.8490395916693346
2014-11-11,Transitional,0.7978955554404389
2014-11-12,Transitional,0.7600836486702464
2014-11-13,Transitional,0.7245519061444408
2014-11-14,Transitional,0.697301076533366
2014-11-17,Transitional,0.633019263637059
2014-11-18,Transitional,0.5858637379059045
2014-11-19,Transitional,0.5034883622659504
2014-11-20,Stable,0.6448216613825426
2014-11-21,Stable,0.7399279252057963
2014-11-24,Stable,0.8293153492011534
2014-11-25,Stable,0.8902694408518598
2014-11-26,Stable,0.9276040653509235
2014-11-27,Stable,0.9494561905050081
2014-11-28,Stable,0.9619987317102896
2014-12-01,Stable,0.9690612337723082
2014-12-02,Stable,0.9728992277529105
2014-12-03,Stable,0.9739548962242656
2014-12-04,Stable,0.972035097854073
2014-12-05,Stable,0.9671616854846222
2014-12-08,Stable,0.9711840504645437
2014-12-09,Stable,0.9727786862939765
2014-12-10,Stable,0.975049071216895
2014-12-11,Stable,0.9758618701551276
2014-12-12,Stable,0.9738049893091173
2014-12-15,Stable,0.9704560507798541
2014-12-16,Stable,0.9629840980353934
2014-12-17,Stable,0.9602666072128608
2014-12-18,Stable,0.9695352082862232
2014-12-19,Stable,0.9741736252783456
2014-12-22,Stable,0.9763582659868427
2014-12-23,Stable,0.9767682189927445
2014-12-24,Stable,0.9744912442048937
2014-12-26,Stable,0.9729586809383618
2014-12-29,Stable,0.9698331693843023
2014-12-30,Stable,0.9659479514704593
2014-12-31,Stable,0.9575408550349689
2015-01-01,Stable,0.9442073835910704
2015-01-02,Stable,0.923514845369672
2015-01-05,Stable,0.889255505275066
2015-01-06,Stable,0.8304321548194232
2015-01-07,Stable,0.8116250814567275
2015-01-08,Stable,0.7762621769532784
2015-01-09,Stable,0.7304132769038659
2015-01-12,Stable,0.6809939051753618
2015-01-13,Stable,0.6016692799046502
2015-01-14,Stable,0.5175294418645583
2015-01-15,Stable,0.6226677799180217
2015-01-16,Transitional,0.769886947527744
2015-01-19,Transitional,0.8158126731666303
2015-01-20,Transitional,0.8479604632083965
2015-01-21,Transitional,0.8705325480833533
2015-01-22,Transitional,0.8485496526248553
2015-01-23,Transitional,0.899143023196754
2015-01-27,Transitional,0.9016012788738341
2015-01-28,Transitional,0.8976143320528852
2015-01-29,Transitional,0.8946539646120131
2015-01-30,Transitional,0.8976207297743832
2015-02-02,Transitional,0.9046539015328069
2015-02-03,Transitional,0.9161168968548072
2015-02-04,Transitional,0.9274596594427252
2015-02-05,Transitional,0.9374899137798085
2015-02-06,Transitional,0.9138797423483889
2015-02-09,Transitional,0.9469784172013367
2015-02-10,Transitional,0.9492312454446012
2015-02-11,Transitional,0.9580234538566708
2015-02-12,Transitional,0.9565352926810409
2015-02-13,Transitional,0.946835517401475
2015-02-16,Transitional,0.9340463915684923
2015-02-18,Transitional,0.9390007323085788
2015-02-19,Transitional,0.9351339068050551
2015-02-20,Transitional,0.9340147503029187
2015-02-23,Transitional,0.9367158298099523
2015-02-24,Transitional,0.9384946738741918
2015-02-25,Transitional,0.9104520650057166
2015-02-26,Transitional,0.8225124946183584
2015-02-27,Transitional,0.7009792771971382
2015-03-02,Volatile,0.8120208749368225
2015-03-03,Volatile,0.7690157958113198
2015-03-04,Volatile,0.9747090330033364
2015-03-05,Transitional,0.5273811395132135
2015-03-09,Transitional,0.8659905557624461
2015-03-10,Transitional,0.9389260414040252
2015-03-11,Transitional,0.9560397007595884
2015-03-12,Transitional,0.9440065353726547
2015-03-13,Transitional,0.9473129883315934
2015-03-16,Transitional,0.9527963514036373
2015-03-17,Transitional,0.950892089511189
2015-03-18,Transitional,0.9471711865847992
2015-03-19,Transitional,0.9446904836583204
2015-03-20,Transitional,0.9410090880912586
2015-03-23,Transitional,0.9467588728874738
2015-03-24,Transitional,0.9483780917828432
2015-03-25,Transitional,0.9502585697094914
2015-03-26,Transitional,0.9449285930725378
2015-03-27,Transitional,0.9444411502441278
2015-03-30,Transitional,0.917211140444351
2015-03-31,Transitional,0.7436864595349547
2015-04-01,Volatile,0.9568107075702783
2015-04-06,Volatile,0.999377203419892
2015-04-07,Transitional,0.6937169199280053
2015-04-08,Transitional,0.8779058583607651
2015-04-09,Transitional,0.8717070079486973
2015-04-10,Transitional,0.9150089140055435
2015-04-13,Transitional,0.839482267971149
2015-04-15,Transitional,0.7376113987439584
2015-04-16,Transitional,0.604212975185595
2015-04-17,Transitional,0.6719504251542202
2015-04-20,Transitional,0.629817901530856
2015-04-21,Volatile,0.9994027183356403
2015-04-22,Transitional,0.6493720691386986
2015-04-23,Transitional,0.8224920409477655
2015-04-24,Transitional,0.9235684988599078
2015-04-27,Transitional,0.929665303042617
2015-04-28,Transitional,0.9240471635696308
2015-04-29,Transitional,0.9103762741737836
2015-04-30,Transitional,0.9007356309007203
2015-05-04,Transitional,0.89419339438017
2015-05-05,Transitional,0.8913977356373435
2015-05-06,Transitional,0.886983642591337
2015-05-07,Transitional,0.8860675558146579
2015-05-08,Transitional,0.8787317164695597
2015-05-11,Transitional,0.864449504768066
2015-05-12,Transitional,0.8527329413769863
2015-05-13,Transitional,0.8307064210910617
2015-05-14,Transitional,0.8161655902795691
2015-05-15,Transitional,0.8074616351557512
2015-05-18,Transitional,0.8068543575682072
2015-05-19,Transitional,0.8140871813082952
2015-05-20,Transitional,0.8302143868181885
2015-05-21,Transitional,0.8539874658249317
2015-05-22,Transitional,0.8742699895983134
2015-05-25,Transitional,0.8940871093363909
2015-05-26,Transitional,0.9094587226978346
2015-05-27,Transitional,0.9096552428888702
2015-05-28,Transitional,0.859360736026205
2015-05-29,Transitional,0.7031417735518377
2015-06-01,Volatile,0.9995870724580637
2015-06-02,Transitional,0.6399774980178459
2015-06-03,Transitional,0.8524944263744479
2015-06-04,Transitional,0.9376333268046005
2015-06-05,Transitional,0.950372984779931
2015-06-08,Transitional,0.9494048697484109
2015-06-09,Transitional,0.9451465298394749
2015-06-10,Transitional,0.9367735551867641
2015-06-11,Transitional,0.922142757791373
2015-06-12,Transitional,0.9066425062005089
2015-06-15,Transitional,0.8792612988266891
2015-06-16,Transitional,0.8479050536035214
2015-06-17,Transitional,0.8209283158429547
2015-06-18,Transitional,0.8030476235622672
2015-06-19,Transitional,0.7896910855011628
2015-06-22,Transitional,0.7782503534237194
2015-06-23,Transitional,0.7722058063971462
2015-06-24,Transitional,0.7723429154794313
2015-06-25,Transitional,0.7774071822905332
2015-06-26,Transitional,0.787393112401671
2015-06-29,Transitional,0.7999543771309405
2015-06-30,Transitional,0.7954667588687945
2015-07-01,Transitional,0.7921841503446536
2015-07-02,Transitional,0.7836188275292592
2015-07-03,Transitional,0.7821730685683249
2015-07-06,Transitional,0.789903421287469
2015-07-07,Transitional,0.806859952095109
2015-07-08,Transitional,0.833053908605703
2015-07-09,Transitional,0.8534052037800628
2015-07-10,Transitional,0.8595323896963541
2015-07-13,Transitional,0.8854432094370098
2015-07-14,Transitional,0.8922330119264538
2015-07-15,Transitional,0.8932987642654069
2015-07-16,Transitional,0.8923510717497903
2015-07-17,Transitional,0.8733862799527508
2015-07-20,Transitional,0.7433402522159815
2015-07-21,Volatile,0.9999999999990905
2015-07-22,Volatile,0.6344316271671041
2015-07-23,Transitional,0.8024905355525488
2015-07-24,Transitional,0.8676309368869459
2015-07-27,Transitional,0.8648854220648708
2015-07-28,Transitional,0.8476471305256185
2015-07-29,Transitional,0.8328773928932185
2015-07-30,Transitional,0.8205165553014656
2015-07-31,Transitional,0.8050914191005378
2015-08-03,Transitional,0.7942110347596963
2015-08-04,Transitional,0.7901630554364635
2015-08-05,Transitional,0.7929801569651402
2015-08-06,Transitional,0.8022100088222859
2015-08-07,Transitional,0.8204554380392277
2015-08-10,Transitional,0.8498401737008652
2015-08-11,Transitional,0.8795910740844031
2015-08-12,Transitional,0.9107828057929908
2015-08-13,Transitional,0.9357100747297608
2015-08-14,Transitional,0.9427977205843644
2015-08-17,Transitional,0.9486025841756899
2015-08-18,Transitional,0.9157192998897485
2015-08-19,Transitional,0.8019845249893013
2015-08-20,Transitional,0.9035991865380926
2015-08-21,Transitional,0.8815999473171519
2015-08-24,Transitional,0.6439087874745981
2015-08-25,Transitional,0.8890579158146517
2015-08-26,Transitional,0.9182379353883643
2015-08-27,Transitional,0.9022388806000557
2015-08-28,Transitional,0.9493006321372787
2015-08-31,Transitional,0.9630369771599139
2015-09-01,Transitional,0.9668256435705225
2015-09-02,Transitional,0.9638428753114002
2015-09-03,Transitional,0.9595565483649907
2015-09-04,Transitional,0.9264065941030686
2015-09-07,Transitional,0.9332817440026481
2015-09-08,Transitional,0.9286638029351494
2015-09-09,Transitional,0.9144814213415952
2015-09-10,Transitional,0.9039698913420962
2015-09-11,Transitional,0.8995398449422158
2015-09-14,Transitional,0.8998370639615636
2015-09-15,Transitional,0.9033822361497668
2015-09-16,Transitional,0.9019688976480338
2015-09-18,Transitional,0.9065607305241841
2015-09-21,Transitional,0.9123440532469276
2015-09-22,Transitional,0.9154248094792861
2015-09-23,Transitional,0.922069503930708
2015-09-24,Transitional,0.9286211674069983
2015-09-28,Transitional,0.9047907541502708
2015-09-29,Transitional,0.9366621201065143
2015-09-30,Transitional,0.9296349683510463
2015-10-01,Transitional,0.919075366563813
2015-10-05,Transitional,0.8963503160843933
2015-10-06,Transitional,0.8691374572202887
2015-10-07,Transitional,0.8425205361425184
2015-10-08,Transitional,0.8137124942234591
2015-10-09,Transitional,0.7861429764077018
2015-10-12,Transitional,0.7618568988776304
2015-10-13,Transitional,0.7340790196653278
2015-10-14,Transitional,0.7098284759553151
2015-10-15,Transitional,0.698696240665298
2015-10-16,Transitional,0.6984343874405969
2015-10-19,Transitional,0.7071823445606189
2015-10-20,Transitional,0.7187613878543
2015-10-21,Transitional,0.7383963789737835
2015-10-23,Transitional,0.7630235340062526
2015-10-26,Transitional,0.801257342516707
2015-10-27,Transitional,0.8586129432064374
2015-10-28,Transitional,0.8953695470504837
2015-10-29,Transitional,0.9245954433848597
2015-10-30,Transitional,0.9416175918627094
2015-11-02,Transitional,0.9311056422421842
2015-11-03,Transitional,0.9326535890185876
2015-11-04,Transitional,0.8359942434447479
2015-11-05,Transitional,0.5363247481459247
2015-11-06,Transitional,0.5180228871908874
2015-11-09,Transitional,0.8253324824474092
2015-11-10,Transitional,0.519867247678898
2015-11-13,Transitional,0.8662825098855853
2015-11-16,Transitional,0.9486558713581965
2015-11-17,Transitional,0.9586433397495221
2015-11-18,Transitional,0.9696567852261446
2015-11-19,Transitional,0.9672559684675021
2015-11-20,Transitional,0.960064209454254
2015-11-23,Transitional,0.9628475096964291
2015-11-24,Transitional,0.9383672558908276
2015-11-26,Transitional,0.8465894613602822
2015-11-27,Transitional,0.944736577415186
2015-11-30,Transitional,0.9597096285864499
2015-12-01,Transitional,0.9642290336816688
2015-12-02,Transitional,0.9620664254575377
2015-12-03,Transitional,0.945325150199125
2015-12-04,Transitional,0.852276952593148
2015-12-07,Transitional,0.8970700285839496
2015-12-08,Transitional,0.9470972325065485
2015-12-09,Transitional,0.9496496161583391
2015-12-10,Transitional,0.9473779414080911
2015-12-11,Transitional,0.944691370850761
2015-12-14,Transitional,0.9435248000693915
2015-12-15,Transitional,0.9478741619340476
2015-12-16,Transitional,0.9480469015098257
2015-12-17,Transitional,0.9308131534948126
2015-12-18,Transitional,0.8955704861273166
2015-12-21,Transitional,0.729737802188517
2015-12-22,Transitional,0.8719165784147745
2015-12-23,Transitional,0.8662630616298271
2015-12-24,Transitional,0.9010164524659876
2015-12-28,Transitional,0.8754106110600847
2015-12-29,Transitional,0.8030735541151801
2015-12-30,Transitional,0.7515495704077144
2015-12-31,Transitional,0.7194275982033953
2016-01-01,Transitional,0.6956191776383195
2016-01-04,Transitional,0.6782252777282061
2016-01-05,Transitional,0.648850736381955
2016-01-06,Transitional,0.6316813490473282
2016-01-07,Transitional,0.6190420022650445
2016-01-08,Transitional,0.6101799358786916
2016-01-11,Transitional,0.6048542042666589
2016-01-12,Transitional,0.5980676411805469
2016-01-13,Transitional,0.599016181459937
2016-01-14,Transitional,0.607570025810372
2016-01-15,Transitional,0.6261179092542852
2016-01-18,Transitional,0.6580629126798183
2016-01-19,Transitional,0.7121333009800647
2016-01-20,Transitional,0.7823527444323067
2016-01-21,Transitional,0.8845433325589837
2016-01-22,Transitional,0.9160769320067443
2016-01-25,Transitional,0.9278582194141254
2016-01-27,Transitional,0.9283540819908068
2016-01-28,Transitional,0.883208519884732
2016-01-29,Transitional,0.6896990915684357
2016-02-01,Transitional,0.8325004712443204
2016-02-02,Transitional,0.7650961427494273
2016-02-03,Transitional,0.9335868861359945
2016-02-04,Transitional,0.962445542456754
2016-02-05,Transitional,0.9446591939528464
2016-02-08,Transitional,0.9434309798302986
2016-02-09,Transitional,0.9558285132777876
2016-02-10,Transitional,0.9679447617816236
2016-02-11,Transitional,0.9411710460373733
2016-02-12,Transitional,0.9571511382049113
2016-02-15,Transitional,0.9658651010199562
2016-02-16,Transitional,0.9314907532693877
2016-02-17,Transitional,0.9070775379829817
2016-02-18,Transitional,0.9537194335469813
2016-02-19,Transitional,0.969795362156699
2016-02-22,Transitional,0.9644780559986033
2016-02-23,Transitional,0.9685554927509059
2016-02-24,Transitional,0.9625490537059627
2016-02-25,Transitional,0.9561582878175343
2016-02-26,Transitional,0.9655184039387256
2016-02-29,Transitional,0.9566482308207883
2016-03-01,Transitional,0.9535446374748927
2016-03-02,Transitional,0.945381497109921
2016-03-03,Transitional,0.932635554160347
2016-03-04,Transitional,0.9187739052984558
2016-03-08,Transitional,0.8963456261707495
2016-03-09,Transitional,0.8820337944817495
2016-03-10,Transitional,0.8765666691206686
2016-03-11,Transitional,0.8791294725150687
2016-03-14,Transitional,0.8888827606659544
2016-03-15,Transitional,0.9001556275416284
2016-03-16,Transitional,0.9132602677758109
2016-03-17,Transitional,0.9228806906537488
2016-03-18,Transitional,0.9311273121700594
2016-03-21,Transitional,0.930624148881939
2016-03-22,Transitional,0.9406452148367459
2016-03-23,Transitional,0.9235033421049855
2016-03-28,Transitional,0.7967557467286405
2016-03-29,Transitional,0.8521365964544814
2016-03-30,Transitional,0.7857491608948602
2016-03-31,Stable,0.6065559692281262
2016-04-01,Stable,0.5306533486715118
2016-04-04,Stable,0.6329789718310759
2016-04-05,Stable,0.6923413873968726
2016-04-06,Stable,0.7861085047402726
2016-04-07,Stable,0.8587116982282382
2016-04-08,Stable,0.9014623634328012
2016-04-11,Stable,0.9262089601261595
2016-04-12,Stable,0.9417060930787683
2016-04-13,Stable,0.9514016543086707
2016-04-18,Stable,0.9591026632754981
2016-04-20,Stable,0.9626511991556016
2016-04-21,Stable,0.9661163670195273
2016-04-22,Stable,0.9663287016676672
2016-04-25,Stable,0.9695762851193332
2016-04-26,Stable,0.9747981206221892
2016-04-27,Stable,0.9774082907328677
2016-04-28,Stable,0.977279940965054
2016-04-29,Stable,0.9795311693156142
2016-05-02,Stable,0.9813763469373588
2016-05-03,Stable,0.980825544621323
2016-05-04,Stable,0.9838260952833566
2016-05-05,Stable,0.9852566068482997
2016-05-06,Stable,0.9854395312235478
2016-05-09,Stable,0.9848679538210751
2016-05-10,Stable,0.9821596324457778
2016-05-11,Stable,0.9771364277924335
2016-05-12,Stable,0.9700949995197069
2016-05-13,Stable,0.9600414436466873
2016-05-16,Stable,0.9489470553782893
2016-05-17,Stable,0.9294832831387738
2016-05-18,Stable,0.8960300529100216
2016-05-19,Stable,0.8460647640754568
2016-05-20,Stable,0.765758775651337
2016-05-23,Stable,0.6312333244304513
2016-05-24,Stable,0.5233194207753721
2016-05-25,Stable,0.626292362368018
2016-05-26,Stable,0.6212743121857908
2016-05-27,Volatile,0.8789028502656492
2016-05-30,Volatile,0.7586102812096248
2016-05-31,Volatile,0.9075897886969023
2016-06-01,Transitional,0.6838106572734028
2016-06-02,Transitional,0.7413219292803285
2016-06-03,Transitional,0.6957607469004894
2016-06-06,Transitional,0.6260807710895545
2016-06-07,Transitional,0.5124782993626227
2016-06-08,Stable,0.6604637307738133
2016-06-09,Stable,0.7721372572309602
2016-06-10,Stable,0.8430701792340056
2016-06-13,Stable,0.8853582572367417
2016-06-14,Stable,0.9122433780346004
2016-06-15,Stable,0.9315680384950866
2016-06-16,Stable,0.9424982215410623
2016-06-17,Stable,0.9474862414671527
2016-06-20,Stable,0.956125389515346
2016-06-21,Stable,0.960568932850281
2016-06-22,Stable,0.9617980038011198
2016-06-23,Stable,0.959552686419732
2016-06-24,Stable,0.9601256992741749
2016-06-27,Stable,0.956694240093413
2016-06-28,Stable,0.9662841662053341
2016-06-29,Stable,0.975552332290598
2016-06-30,Stable,0.9813241121726214
2016-07-01,Stable,0.9863168307079357
2016-07-04,Stable,0.9888773173802503
2016-07-05,Stable,0.9908275669366241
2016-07-07,Stable,0.991561777982734
2016-07-08,Stable,0.991258546123644
2016-07-11,Stable,0.9897000922743155
2016-07-12,Stable,0.989302676408867
2016-07-13,Stable,0.9884353027467511
2016-07-14,Stable,0.9865658781110056
2016-07-15,Stable,0.9859221351596701
2016-07-18,Stable,0.9832800777838261
2016-07-19,Stable,0.9790197453760849
2016-07-20,Stable,0.9721552445607791
2016-07-21,Stable,0.9698475502438269
2016-07-22,Stable,0.9643832622661095
2016-07-25,Stable,0.9576786779691249
2016-07-26,Stable,0.9594350865400713
2016-07-27,Stable,0.9588957750660054
2016-07-28,Stable,0.9574840712293036
2016-07-29,Stable,0.9640617291974699
2016-08-01,Stable,0.9668719898458888
2016-08-02,Stable,0.9669249386534835
2016-08-03,Stable,0.9654923466063968
2016-08-04,Stable,0.9639382454412472
2016-08-05,Stable,0.9609424865292207
2016-08-08,Stable,0.9558756452385543
2016-08-09,Stable,0.9503630212859331
2016-08-10,Stable,0.9399080236561607
2016-08-11,Stable,0.9321769500977686
2016-08-12,Stable,0.9241801080684189
2016-08-16,Stable,0.9137349178610371
2016-08-17,Stable,0.9187606748609979
2016-08-18,Stable,0.9177158637261836
2016-08-19,Stable,0.9107810443204433
2016-08-22,Stable,0.8984452258058502
2016-08-23,Stable,0.8943663458236084
2016-08-24,Stable,0.8883227824653069
2016-08-25,Stable,0.8775453986078825
2016-08-26,Stable,0.8594303461803248
2016-08-29,Stable,0.8421362097598578
2016-08-30,Stable,0.8114934547219967
2016-08-31,Stable,0.797053098881312
2016-09-01,Stable,0.7679394744377789
2016-09-02,Stable,0.725601768796672
2016-09-06,Stable,0.6880439179552936
2016-09-07,Stable,0.6212446359493701
2016-09-08,Stable,0.5128432096265221
2016-09-09,Stable,0.5509056342805991
2016-09-12,Stable,0.5904834888111504
2016-09-14,Stable,0.6314853482548656
2016-09-15,Stable,0.662579117939539
2016-09-16,Stable,0.6812051799982353
2016-09-19,Stable,0.6878375203602497
2016-09-20,Stable,0.6833126939686612
2016-09-21,Stable,0.6685112295746849
2016-09-22,Stable,0.6370620639949095
2016-09-23,Stable,0.5927105397800754
2016-09-26,Stable,0.5329414263760328
2016-09-27,Stable,0.4978651287004286
2016-09-28,Stable,0.5431353892402737
2016-09-29,Stable,0.5840448323784512
2016-09-30,Stable,0.567494934425356
2016-10-03,Stable,0.5316827412355456
2016-10-04,Stable,0.517713947330995
2016-10-05,Stable,0.5639654357088082
2016-10-06,Stable,0.5935899499349551
2016-10-07,Stable,0.6141976976225328
2016-10-10,Stable,0.6213540918422137
2016-10-13,Stable,0.6175258503615613
2016-10-14,Stable,0.6344551990578158
2016-10-17,Stable,0.6411363375819537
2016-10-18,Stable,0.6541650347457877
2016-10-19,Stable,0.6642031702948368
2016-10-20,Stable,0.6662881715711955
2016-10-21,Stable,0.6600400750554126
2016-10-24,Stable,0.6404338611474325
2016-10-25,Stable,0.6020106068478281
2016-10-26,Stable,0.5334729687260129
2016-10-27,Stable,0.530289880999175
2016-10-28,Stable,0.6216954898219067
2016-11-01,Transitional,0.7435465113702298
2016-11-02,Transitional,0.7786682250594684
2016-11-03,Transitional,0.6460525562511651
2016-11-04,Volatile,0.9802390518002677
2016-11-07,Transitional,0.584520224771762
2016-11-08,Transitional,0.6431402404156765
2016-11-09,Transitional,0.6677035233933197
2016-11-10,Transitional,0.8732875840318365
2016-11-11,Transitional,0.8863398657113045
2016-11-15,Transitional,0.9538951685309658
2016-11-16,Transitional,0.9586760073729081
2016-11-17,Transitional,0.9689033139425698
2016-11-18,Transitional,0.9494330561441684
2016-11-21,Transitional,0.9695876349874556
2016-11-22,Transitional,0.9678908579524761
2016-11-23,Transitional,0.9393582709279801
2016-11-24,Transitional,0.8506066680612543
2016-11-25,Transitional,0.7218148264757859
2016-11-28,Transitional,0.9158471687197564
2016-11-29,Transitional,0.9476086445847443
2016-11-30,Transitional,0.9531425546260628
2016-12-01,Transitional,0.9494647829106483
2016-12-02,Transitional,0.9486754361987709
2016-12-05,Transitional,0.9251501286668898
2016-12-06,Transitional,0.8125695196986776
2016-12-07,Volatile,0.7055359933326659
2016-12-08,Transitional,0.7820301955991705
2016-12-09,Transitional,0.9313224110700276
2016-12-12,Transitional,0.9593884862401616
2016-12-13,Transitional,0.9600755549467862
2016-12-14,Transitional,0.9432176724632595
2016-12-15,Transitional,0.8461152652522712
2016-12-16,Transitional,0.938832669268469
2016-12-19,Transitional,0.9430435963156861
2016-12-20,Transitional,0.9457812291357379
2016-12-21,Transitional,0.9309799491352575
2016-12-22,Transitional,0.9135968995485385
2016-12-23,Transitional,0.8857171922071145
2016-12-26,Transitional,0.8460802162545007
2016-12-27,Transitional,0.7664387844490911
2016-12-28,Transitional,0.6762345073679187
2016-12-29,Transitional,0.6191029760560607
2016-12-30,Transitional,0.5651400202954122
2017-01-02,Transitional,0.5590528086925848
2017-01-03,Transitional,0.6500748778441379
2017-01-04,Transitional,0.7031891866033791
2017-01-05,Transitional,0.7325239886293007
2017-01-06,Transitional,0.7518444953402772
2017-01-09,Transitional,0.760355459722319
2017-01-10,Transitional,0.771081241608702
2017-01-11,Transitional,0.7760482822133681
2017-01-12,Transitional,0.7821657515856822
2017-01-13,Transitional,0.7804820865766038
2017-01-16,Transitional,0.7765268880285883
2017-01-17,Transitional,0.7763351140063326
2017-01-18,Transitional,0.7701300857674903
2017-01-19,Transitional,0.7519483807633625
2017-01-20,Transitional,0.728862490617656
2017-01-23,Transitional,0.6877675758403011
2017-01-24,Transitional,0.6457296889428066
2017-01-25,Transitional,0.5947113759481116
2017-01-27,Transitional,0.5270353423240197
2017-01-30,Transitional,0.5667840375704553
2017-01-31,Transitional,0.7198175615572567
2017-02-01,Transitional,0.794580472215094
2017-02-02,Transitional,0.8651820226375914
2017-02-03,Transitional,0.8849499464104885
2017-02-06,Transitional,0.8203520866974243
2017-02-07,Transitional,0.9283489713105426
2017-02-08,Transitional,0.9466234683798099
2017-02-09,Transitional,0.9483577114471017
2017-02-10,Transitional,0.9472882845525621
2017-02-13,Transitional,0.9373729652404141
2017-02-14,Transitional,0.8747655063247756
2017-02-15,Transitional,0.559470920146632
2017-02-16,Transitional,0.5338637340056545
2017-02-17,Transitional,0.5661844538964289
2017-02-20,Transitional,0.8113496474437889
2017-02-21,Transitional,0.8199733558687825
2017-02-22,Transitional,0.7921983387108517
2017-02-23,Transitional,0.7701679769575744
2017-02-27,Transitional,0.7587156704601404
2017-02-28,Transitional,0.7552010136658325
2017-03-01,Transitional,0.75032720199229
2017-03-02,Transitional,0.7373386378040688
2017-03-03,Transitional,0.6866058051843876
2017-03-06,Transitional,0.6250898110456765
2017-03-07,Transitional,0.583382933732129
2017-03-08,Transitional,0.5583703685586396
2017-03-09,Transitional,0.5471836823274541
2017-03-10,Transitional,0.5420585987209511
2017-03-14,Transitional,0.5220754816726401
2017-03-15,Stable,0.5861342390855722
2017-03-16,Stable,0.6833826502838722
2017-03-17,Stable,0.7458590612250321
2017-03-20,Stable,0.7851056042616429
2017-03-21,Stable,0.8066186436852375
2017-03-22,Stable,0.8274235889469541
2017-03-23,Stable,0.8373352967231359
2017-03-24,Stable,0.8381419299327341
2017-03-27,Stable,0.8299365399574639
2017-03-28,Stable,0.8317469250405821
2017-03-29,Stable,0.8294191853064189
2017-03-30,Stable,0.8325475608177525
2017-03-31,Stable,0.8269088180035068
2017-04-03,Stable,0.8107110433517438
2017-04-05,Stable,0.7819023187603015
2017-04-06,Stable,0.7322084810274213
2017-04-07,Stable,0.655574352903225
2017-04-10,Stable,0.6644795609091263
2017-04-11,Stable,0.6614966862633687
2017-04-12,Stable,0.6462324142251425
2017-04-13,Stable,0.6412426061127451
2017-04-17,Stable,0.6349183190815425
2017-04-18,Stable,0.6555753912238643
2017-04-19,Stable,0.6928886074338177
2017-04-20,Stable,0.7129587708620052
2017-04-21,Stable,0.730270104586161
2017-04-24,Stable,0.8179451930331301
2017-04-25,Stable,0.8715907414627151
2017-04-26,Stable,0.9028297727365797
2017-04-27,Stable,0.9203170172209058
2017-04-28,Stable,0.9338324655898462
2017-05-02,Stable,0.9418646760451204
2017-05-03,Stable,0.9528209629379661
2017-05-04,Stable,0.9596823622138896
2017-05-05,Stable,0.9622650350801342
2017-05-08,Stable,0.9612256295158476
2017-05-09,Stable,0.9588817325795623
2017-05-10,Stable,0.952436928503451
2017-05-11,Stable,0.9399992735639697
2017-05-12,Stable,0.921687940644369
2017-05-15,Stable,0.8970793956721285
2017-05-16,Stable,0.8548611761345892
2017-05-17,Stable,0.7862587351427301
2017-05-18,Stable,0.6727244717825851
2017-05-19,Stable,0.49623146382529887
2017-05-22,Transitional,0.741697058687614
2017-05-23,Transitional,0.7225543704460233
2017-05-24,Transitional,0.7634060061545165
2017-05-25,Transitional,0.6370221869365261
2017-05-26,Volatile,0.7916242086726143
2017-05-29,Volatile,0.9999997984205241
2017-05-30,Transitional,0.7377118189426848
2017-05-31,Transitional,0.9018472323465485
2017-06-01,Transitional,0.9379915046082746
2017-06-02,Transitional,0.943086348610619
2017-06-05,Transitional,0.9450849222297463
2017-06-06,Transitional,0.9402613484207384
2017-06-07,Transitional,0.9324275563687742
2017-06-08,Transitional,0.8996234925463166
2017-06-09,Transitional,0.9024929926826187
2017-06-12,Transitional,0.8822921561921955
2017-06-13,Transitional,0.8613530180845248
2017-06-14,Transitional,0.8470484559767255
2017-06-15,Transitional,0.8382234822677425
2017-06-16,Transitional,0.8243800602864675
2017-06-19,Transitional,0.8037295550996989
2017-06-20,Transitional,0.7820321348687206
2017-06-21,Transitional,0.769171667853031
2017-06-22,Transitional,0.7608254057730763
2017-06-23,Transitional,0.7535092377967364
2017-06-27,Transitional,0.7506766854413892
2017-06-28,Transitional,0.7551345527485775
2017-06-29,Transitional,0.7615600588802419
2017-06-30,Transitional,0.7423541923972773
2017-07-03,Transitional,0.7124045336918908
2017-07-04,Transitional,0.673562172508032
2017-07-05,Transitional,0.6499881672331519
2017-07-06,Transitional,0.6382473542058957
2017-07-07,Transitional,0.6319143011565069
2017-07-10,Transitional,0.6271745725935717
2017-07-11,Transitional,0.6107849921471237
2017-07-12,Transitional,0.6008027242442964
2017-07-13,Transitional,0.6001134414902617
2017-07-14,Transitional,0.6061520424780062
2017-07-17,Transitional,0.6234418915309671
2017-07-18,Transitional,0.6558255003737837
2017-07-19,Transitional,0.6964360389536824
2017-07-20,Transitional,0.7294118647125449
2017-07-21,Transitional,0.7629321372140334
2017-07-24,Transitional,0.8020802441603468
2017-07-25,Transitional,0.849777962925441
2017-07-26,Transitional,0.8961983944382208
2017-07-27,Transitional,0.9054898904166854
2017-07-28,Transitional,0.8262104457835202
2017-07-31,Transitional,0.8456451186734643
2017-08-01,Transitional,0.9476032123961882
2017-08-02,Transitional,0.9598190510859286
2017-08-03,Transitional,0.965824323649082
2017-08-04,Transitional,0.9592876626007432
2017-08-07,Transitional,0.9437107122596814
2017-08-08,Transitional,0.8330768712401816
2017-08-09,Transitional,0.6441976295169616
2017-08-10,Transitional,0.519749612712917
2017-08-11,Transitional,0.5160392800215621
2017-08-14,Transitional,0.6100192722915289
2017-08-16,Transitional,0.6536321733841439
2017-08-17,Transitional,0.8414123893100377
2017-08-18,Transitional,0.8170017549714036
2017-08-21,Transitional,0.9115112361812064
2017-08-22,Transitional,0.9458402245548286
2017-08-23,Transitional,0.9648082437903374
2017-08-24,Transitional,0.9398692141199236
2017-08-28,Transitional,0.9527623579207306
2017-08-29,Transitional,0.9579909874416151
2017-08-30,Transitional,0.9723217071364625
2017-08-31,Transitional,0.972981650057439
2017-09-01,Transitional,0.9656248832098138
2017-09-04,Transitional,0.9320548795990279
2017-09-05,Transitional,0.9343715607707741
2017-09-06,Transitional,0.8903164636582351
2017-09-07,Transitional,0.9451617954659385
2017-09-08,Transitional,0.9415745714409932
2017-09-11,Transitional,0.9071440645974607
2017-09-12,Transitional,0.7040608491434691
2017-09-13,Transitional,0.553627458522016
2017-09-14,Transitional,0.5940229375487072
2017-09-15,Transitional,0.8986922371170091
2017-09-18,Transitional,0.9573849792085665
2017-09-19,Transitional,0.9657247002184675
2017-09-20,Transitional,0.9578707472226939
2017-09-21,Transitional,0.9467372097260548
2017-09-22,Transitional,0.9652377435327324
2017-09-25,Transitional,0.9663243167915195
2017-09-26,Transitional,0.9673894006346971
2017-09-27,Transitional,0.9545710165545317
2017-09-28,Transitional,0.9642250401656216
2017-09-29,Transitional,0.9654213420149077
2017-10-03,Transitional,0.9633672450222239
2017-10-04,Transitional,0.9395264841764163
2017-10-05,Transitional,0.9566728565236636
2017-10-06,Transitional,0.9331437554255166
2017-10-09,Transitional,0.9585900596888741
2017-10-10,Transitional,0.9597936001319046
2017-10-11,Transitional,0.957879709869285
2017-10-12,Transitional,0.9451648617634141
2017-10-13,Transitional,0.9529839926431692
2017-10-16,Transitional,0.9436424423516836
2017-10-17,Transitional,0.9507914179079358
2017-10-18,Transitional,0.9489935934999
2017-10-19,Transitional,0.950100738300125
2017-10-23,Transitional,0.9524054394134546
2017-10-24,Transitional,0.955790462033449
2017-10-25,Transitional,0.9525418533668607
2017-10-26,Transitional,0.9491156622563277
2017-10-27,Transitional,0.9023895510482276
2017-10-30,Transitional,0.9599218814434552
2017-10-31,Transitional,0.9707660986649065
2017-11-01,Transitional,0.9691684814158945
2017-11-02,Transitional,0.9504344034094104
2017-11-03,Transitional,0.9552704770402621
2017-11-06,Transitional,0.9598486919631305
2017-11-07,Transitional,0.9528900825632373
2017-11-08,Transitional,0.9629048847909675
2017-11-09,Transitional,0.9711822677320688
2017-11-10,Transitional,0.9702885769204299
2017-11-13,Transitional,0.9672062315388512
2017-11-14,Transitional,0.9473870887018353
2017-11-15,Transitional,0.862903066521631
2017-11-16,Transitional,0.9487830390584671
2017-11-17,Transitional,0.9589349058914697
2017-11-20,Transitional,0.9527007224872623
2017-11-21,Transitional,0.8734422814703625
2017-11-22,Transitional,0.9395574983440381
2017-11-23,Transitional,0.941487497799226
2017-11-24,Transitional,0.9385308672906233
2017-11-27,Transitional,0.9343684866783165
2017-11-28,Transitional,0.9308215251926661
2017-11-29,Transitional,0.9317441107767039
2017-11-30,Transitional,0.9308384213939388
2017-12-01,Transitional,0.9224070490983234
2017-12-04,Transitional,0.9282006249042907
2017-12-05,Transitional,0.9250563811114411
2017-12-06,Transitional,0.9156814981932445
2017-12-07,Transitional,0.9131565681929334
2017-12-08,Transitional,0.9006115361519809
2017-12-11,Transitional,0.893259979629168
2017-12-12,Transitional,0.882160942620412
2017-12-13,Transitional,0.8689305170964826
2017-12-14,Transitional,0.8593015838024105
2017-12-15,Transitional,0.8548633082550982
2017-12-18,Transitional,0.8517275163833242
2017-12-19,Transitional,0.8547533452641302
2017-12-20,Transitional,0.8579517864936728
2017-12-21,Transitional,0.863432246686929
2017-12-22,Transitional,0.8509114509631573
2017-12-26,Transitional,0.7000174404987537
2017-12-27,Volatile,0.8513322551953278
2017-12-28,Transitional,0.6570815098024033
2017-12-29,Transitional,0.6542458074739663
2018-01-01,Transitional,0.5872811097926963
2018-01-02,Transitional,0.5365644733497558
2018-01-03,Transitional,0.5045065077740029
2018-01-04,Transitional,0.5044818253539566
2018-01-05,Transitional,0.5459657414088824
2018-01-08,Transitional,0.5693888038508877
2018-01-09,Transitional,0.6258878986321689
2018-01-10,Transitional,0.6681130402782849
2018-01-11,Transitional,0.6911765268513977
2018-01-12,Transitional,0.7010858118394189
2018-01-15,Transitional,0.704088169914848
2018-01-16,Transitional,0.706398486653178
2018-01-17,Transitional,0.6972702620228328
2018-01-18,Transitional,0.6813888777995074
2018-01-19,Transitional,0.6646344669154106
2018-01-22,Transitional,0.6388690401784874
2018-01-23,Transitional,0.595799206068158
2018-01-24,Transitional,0.5239799524852418
2018-01-25,Transitional,0.5503087648224966
2018-01-29,Transitional,0.6404693861928301
2018-01-30,Transitional,0.7328527555492111
2018-01-31,Transitional,0.8364600228595349
2018-02-01,Transitional,0.7842922973893011
2018-02-02,Transitional,0.9273856656500001
2018-02-05,Transitional,0.94841887346791
2018-02-06,Transitional,0.9281068456901239
2018-02-07,Transitional,0.8109236900589919
2018-02-08,Volatile,0.7815884809563363
2018-02-09,Transitional,0.8122585322122506
2018-02-12,Transitional,0.9270357424747303
2018-02-14,Transitional,0.9434272846638275
2018-02-15,Transitional,0.9644215710703409
2018-02-16,Transitional,0.9550558959550687
2018-02-19,Transitional,0.8843528350937772
2018-02-20,Transitional,0.7565131754126709
2018-02-21,Volatile,0.9274755206570022
2018-02-22,Volatile,0.8366313087241306
2018-02-23,Volatile,0.8504414586742532
2018-02-26,Transitional,0.633752039732418
2018-02-27,Transitional,0.8560036702585382
2018-02-28,Transitional,0.9371790513064363
2018-03-01,Transitional,0.9634313720626075
2018-03-05,Transitional,0.9440697241863736
2018-03-06,Transitional,0.9289972670801195
2018-03-07,Transitional,0.9576281803595693
2018-03-08,Transitional,0.9564600143898148
2018-03-09,Transitional,0.9536474567697628
2018-03-12,Transitional,0.9458535373228717
2018-03-13,Transitional,0.9337856194233342
2018-03-14,Transitional,0.9279192681471509
2018-03-15,Transitional,0.9189255155784017
2018-03-16,Transitional,0.9008819760577034
2018-03-19,Transitional,0.8855307512331454
2018-03-20,Transitional,0.8586904387335779
2018-03-21,Transitional,0.8192233794419251
2018-03-22,Transitional,0.7855449654465485
2018-03-23,Transitional,0.763638431620333
2018-03-26,Transitional,0.7465581695841469
2018-03-27,Transitional,0.7392578469846824
2018-03-28,Transitional,0.7349889052384297
2018-04-02,Transitional,0.7207794165473763
2018-04-03,Transitional,0.6884202507934802
2018-04-04,Transitional,0.663046123315561
2018-04-05,Transitional,0.6329678399995088
2018-04-06,Transitional,0.6116309376153577
2018-04-09,Transitional,0.5994795014101274
2018-04-10,Transitional,0.5964236498640616
2018-04-11,Transitional,0.5955007050835331
2018-04-12,Transitional,0.5835147332795667
2018-04-13,Transitional,0.5699328272520097
2018-04-16,Transitional,0.5634282036587044
2018-04-17,Transitional,0.5616773745356056
2018-04-18,Transitional,0.5603182461127817
2018-04-19,Transitional,0.5693808642980832
2018-04-20,Transitional,0.5892233476047921
2018-04-23,Transitional,0.6183074259581308
2018-04-24,Transitional,0.6452064067914567
2018-04-25,Transitional,0.6863414195135086
2018-04-26,Transitional,0.7441684984600269
2018-04-27,Transitional,0.8284969671788145
2018-04-30,Transitional,0.8676628674301412
2018-05-02,Transitional,0.8625796334655529
2018-05-03,Transitional,0.7605180566024001
2018-05-04,Transitional,0.8196803082416485
2018-05-07,Transitional,0.9406630072695261
2018-05-08,Transitional,0.9633076864910087
2018-05-09,Transitional,0.9494831393512689
2018-05-10,Transitional,0.8723155273218361
2018-05-11,Transitional,0.6314557251429412
2018-05-14,Transitional,0.9026303423567718
2018-05-15,Transitional,0.9532277375331558
2018-05-16,Transitional,0.9576991251643672
2018-05-17,Transitional,0.915720320603801
2018-05-18,Transitional,0.7789142095891741
2018-05-21,Transitional,0.6503961414576322
2018-05-22,Transitional,0.8466275708713574
2018-05-23,Transitional,0.9135892490331974
2018-05-24,Transitional,0.8579627469741903
2018-05-25,Transitional,0.7263746677240659
2018-05-28,Volatile,0.9483688715872132
2018-05-29,Transitional,0.7731527211317769
2018-05-30,Transitional,0.9116925778298284
2018-05-31,Transitional,0.9239221597750195
2018-06-01,Transitional,0.9617079935551801
2018-06-04,Transitional,0.9597239286673653
2018-06-05,Transitional,0.9241674188572392
2018-06-06,Transitional,0.760931369779878
2018-06-07,Transitional,0.6633399046667742
2018-06-08,Volatile,0.9936564823742039
2018-06-11,Transitional,0.7275267560351353
2018-06-12,Transitional,0.9155211199875201
2018-06-13,Transitional,0.9537412139193074
2018-06-14,Transitional,0.9515617603605228
2018-06-15,Transitional,0.9581496351332469
2018-06-18,Transitional,0.9695629120274109
2018-06-19,Transitional,0.9655426469051006
2018-06-20,Transitional,0.9648711130283688
2018-06-21,Transitional,0.9382654417344812
2018-06-22,Transitional,0.8575574954543504
2018-06-25,Transitional,0.9290480832752595
2018-06-26,Transitional,0.9331299650620808
2018-06-27,Transitional,0.9272711686910613
2018-06-28,Transitional,0.9214963712559016
2018-06-29,Transitional,0.9205334206150122
2018-07-02,Transitional,0.921041794075497
2018-07-03,Transitional,0.9219179108450078
2018-07-04,Transitional,0.9287287908867219
2018-07-05,Transitional,0.9297767565249014
2018-07-06,Transitional,0.9348946030617615
2018-07-09,Transitional,0.9346744195233864
2018-07-10,Transitional,0.9391033524403324
2018-07-11,Transitional,0.9405065548382235
2018-07-12,Transitional,0.9375194687566831
2018-07-13,Transitional,0.9052160844707998
2018-07-16,Transitional,0.7187606637809887
2018-07-17,Transitional,0.8405302161516749
2018-07-18,Transitional,0.8817317697777687
2018-07-19,Transitional,0.8617742822695306
2018-07-20,Transitional,0.8244998635084908
2018-07-23,Transitional,0.7263894210691513
2018-07-24,Transitional,0.6606532660880845
2018-07-25,Transitional,0.6220027447896326
2018-07-26,Transitional,0.5959860709019026
2018-07-27,Transitional,0.5829271961304289
2018-07-30,Transitional,0.5817236832569775
2018-07-31,Transitional,0.5886412773011884
2018-08-01,Transitional,0.6034587395299127
2018-08-02,Transitional,0.6267244886881682
2018-08-03,Transitional,0.6610076081297933
2018-08-06,Transitional,0.7090240246318739
2018-08-07,Transitional,0.7458513322050734
2018-08-08,Transitional,0.7830998341432731
2018-08-09,Transitional,0.8198476224770364
2018-08-10,Transitional,0.7668553886295272
2018-08-13,Transitional,0.6215703137044015
2018-08-14,Volatile,0.9338203042116527
2018-08-16,Transitional,0.5447045959829471
2018-08-17,Transitional,0.8664911921966143
2018-08-20,Transitional,0.9237249054790105
2018-08-21,Transitional,0.9290892386348325
2018-08-23,Transitional,0.9302633387467104
2018-08-24,Transitional,0.92897310001301
2018-08-27,Transitional,0.9307707475606418
2018-08-28,Transitional,0.9344749950296729
2018-08-29,Transitional,0.9373878782212134
2018-08-30,Transitional,0.9247375155974327
2018-08-31,Transitional,0.9412163776972606
2018-09-03,Transitional,0.9532185127135689
2018-09-04,Transitional,0.9566847798820112
2018-09-05,Transitional,0.9564729519823464
2018-09-06,Transitional,0.9470698662168554
2018-09-07,Transitional,0.9232621725350151
2018-09-10,Transitional,0.8437008350003773
2018-09-11,Transitional,0.921103509837621
2018-09-12,Transitional,0.9056243500969957
2018-09-14,Transitional,0.9311043440796072
2018-09-17,Transitional,0.9445215614677186
2018-09-18,Transitional,0.9710158812212312
2018-09-19,Transitional,0.972877982102604
2018-09-21,Transitional,0.9636936868568268
2018-09-24,Transitional,0.9633459552820509
2018-09-25,Transitional,0.9529456783808069
2018-09-26,Transitional,0.9719725227838341
2018-09-27,Transitional,0.9718984366057588
2018-09-28,Transitional,0.9705605230542491
2018-10-01,Transitional,0.9613443973976573
2018-10-03,Transitional,0.9425284183421078
2018-10-04,Transitional,0.909190307167429
2018-10-05,Transitional,0.959378231233324
2018-10-08,Transitional,0.9651152346440327
2018-10-09,Transitional,0.9657410481490979
2018-10-10,Transitional,0.9633975899261487
2018-10-11,Transitional,0.9505464238720178
2018-10-12,Transitional,0.964879439519964
2018-10-15,Transitional,0.9643095564602905
2018-10-16,Transitional,0.966458058625217
2018-10-17,Transitional,0.9540602458498164
2018-10-19,Transitional,0.9111388387752811
2018-10-22,Transitional,0.8746422464465664
2018-10-23,Transitional,0.6044140980195805
2018-10-24,Transitional,0.8782958070391481
2018-10-25,Transitional,0.9282353343422962
2018-10-26,Transitional,0.944763909875442
2018-10-29,Transitional,0.8889658700039298
2018-10-30,Transitional,0.9211618041740774
2018-10-31,Transitional,0.9118030101377005
2018-11-01,Transitional,0.9537745383398317
2018-11-02,Transitional,0.9629772912641061
2018-11-05,Transitional,0.9620662153364254
2018-11-06,Transitional,0.9567302142993652
2018-11-07,Transitional,0.9439141390497794
2018-11-09,Transitional,0.8604256740330934
2018-11-12,Transitional,0.7204883076566603
2018-11-13,Volatile,0.8717124137776953
2018-11-14,Volatile,0.9939368569739786
2018-11-15,Transitional,0.7488955963435603
2018-11-16,Transitional,0.9160945859957375
2018-11-19,Transitional,0.9444510270022547
2018-11-20,Transitional,0.9660922538706653
2018-11-21,Transitional,0.9676582385782114
2018-11-22,Transitional,0.9583883399285452
2018-11-26,Transitional,0.9112032460917276
2018-11-27,Transitional,0.8862624295211768
2018-11-28,Transitional,0.9255387534389491
2018-11-29,Transitional,0.9016369508875244
2018-11-30,Transitional,0.6960099919854607
2018-12-03,Volatile,0.9972756286056316
2018-12-04,Volatile,0.9336771581378948
2018-12-05,Volatile,0.9916752086141059
2018-12-06,Volatile,0.5599472842732862
2018-12-07,Volatile,0.5083181146943363
2018-12-10,Volatile,0.616683110738988
2018-12-11,Volatile,0.8358036309975057
2018-12-12,Transitional,0.6756653038152169
2018-12-13,Transitional,0.8696345894894121
2018-12-14,Transitional,0.9533868521027319
2018-12-17,Transitional,0.9650393505834561
2018-12-18,Transitional,0.9399050118590891
2018-12-19,Transitional,0.9535109630042021
2018-12-20,Transitional,0.9675007685453183
2018-12-21,Transitional,0.9708106648013894
2018-12-24,Transitional,0.9699607778892828
2018-12-26,Transitional,0.9550121027847762
2018-12-27,Transitional,0.9599491826528215
2018-12-28,Transitional,0.9228219377661535
2018-12-31,Transitional,0.9534240570325949
2019-01-01,Transitional,0.9573945111378063
2019-01-02,Transitional,0.9539590197999283
2019-01-03,Transitional,0.9547353401561411
2019-01-04,Transitional,0.9543696489873625
2019-01-07,Transitional,0.9438284000571063
2019-01-08,Transitional,0.8770075966528459
2019-01-09,Transitional,0.9394987132458794
2019-01-10,Transitional,0.9451894633979632
2019-01-11,Transitional,0.943088199782585
2019-01-14,Transitional,0.933866131083665
2019-01-15,Transitional,0.9091656205105699
2019-01-16,Transitional,0.7668011652307128
2019-01-17,Volatile,0.9778359193933643
2019-01-18,Volatile,0.9999167022539955
2019-01-21,Volatile,0.7946431774569604
2019-01-22,Volatile,0.8351874514357354
2019-01-23,Transitional,0.5799609168577892
2019-01-24,Transitional,0.851138575250914
2019-01-25,Transitional,0.9422972240387528
2019-01-28,Transitional,0.9400418087281406
2019-01-29,Transitional,0.9465951014512493
2019-01-30,Transitional,0.967227296801054
2019-01-31,Transitional,0.9697532577965438
2019-02-01,Transitional,0.9715425578022334
2019-02-04,Transitional,0.9635318899050053
2019-02-05,Transitional,0.9607581948316415
2019-02-06,Transitional,0.927495790973578
2019-02-07,Transitional,0.8124780686025225
2019-02-08,Transitional,0.9396291842132237
2019-02-11,Transitional,0.9654190807006854
2019-02-12,Transitional,0.9589675383965438
2019-02-14,Transitional,0.9437255426645436
2019-02-15,Transitional,0.8480702305892397
2019-02-18,Transitional,0.9194836685943728
2019-02-19,Transitional,0.92908580620608
2019-02-20,Transitional,0.9118305926409377
2019-02-21,Transitional,0.8900106590812562
2019-02-22,Transitional,0.8635359466563028
2019-02-25,Transitional,0.8450372069576513
2019-02-26,Transitional,0.8332605756990743
2019-02-27,Transitional,0.8269794336332166
2019-02-28,Transitional,0.8264270690952286
2019-03-01,Transitional,0.8313674827623391
2019-03-05,Transitional,0.8411367866000381
2019-03-06,Transitional,0.8530316054276794
2019-03-07,Transitional,0.862882709802679
2019-03-08,Transitional,0.8718689445645926
2019-03-11,Transitional,0.8774173811294106
2019-03-12,Transitional,0.872483238478143
2019-03-13,Transitional,0.8589951842428338
2019-03-14,Transitional,0.8400888947764672
2019-03-15,Transitional,0.782283940095294
2019-03-18,Transitional,0.7393284633599776
2019-03-19,Transitional,0.7143370643123494
2019-03-20,Transitional,0.6998149249754286
2019-03-22,Transitional,0.691872713880654
2019-03-25,Transitional,0.6896249045500994
2019-03-26,Transitional,0.683887932774848
2019-03-27,Transitional,0.6808415411298911
2019-03-28,Transitional,0.6759031565036905
2019-04-01,Transitional,0.6658111907553053
2019-04-02,Transitional,0.6563552697265854
2019-04-03,Transitional,0.6372843244685581
2019-04-04,Transitional,0.6092997265425257
2019-04-05,Transitional,0.5922260589789002
2019-04-08,Transitional,0.5851887273767306
2019-04-09,Transitional,0.5869806084661611
2019-04-10,Transitional,0.5888409878160695
2019-04-11,Transitional,0.598989181322892
2019-04-12,Transitional,0.6106745759419633
2019-04-15,Transitional,0.6339537991278175
2019-04-16,Transitional,0.6579083087435912
2019-04-18,Transitional,0.6939749574165909
2019-04-22,Transitional,0.7482177338333419
2019-04-23,Transitional,0.7665977359979655
2019-04-24,Transitional,0.7827564520577283
2019-04-25,Transitional,0.7838753759885055
2019-04-26,Transitional,0.7817834267124377
2019-04-30,Transitional,0.7823290520775651
2019-05-02,Transitional,0.7842787691975412
2019-05-03,Transitional,0.7892948915727702
2019-05-06,Transitional,0.8030966964420545
2019-05-07,Transitional,0.827601988932644
2019-05-08,Transitional,0.8474784806827911
2019-05-09,Transitional,0.8415305667757079
2019-05-10,Transitional,0.7228745023713689
2019-05-13,Volatile,0.9999221702267315
2019-05-14,Volatile,0.9481161524901895
2019-05-15,Transitional,0.6456864833803486
2019-05-16,Transitional,0.9027879012463002
2019-05-17,Transitional,0.954514658207609
2019-05-20,Transitional,0.963861576370619
2019-05-21,Transitional,0.9617653632144096
2019-05-22,Transitional,0.9383391938395826
2019-05-23,Transitional,0.9556804467434389
2019-05-24,Transitional,0.9662021109481501
2019-05-27,Transitional,0.9676835088048045
2019-05-28,Transitional,0.9653843809321336
2019-05-29,Transitional,0.9463156512000214
2019-05-30,Transitional,0.9472049630387643
2019-05-31,Transitional,0.9665747185100002
2019-06-03,Transitional,0.9653081081560296
2019-06-04,Transitional,0.9664570083830986
2019-06-06,Transitional,0.9647547761724126
2019-06-07,Transitional,0.9665742299480333
2019-06-10,Transitional,0.9647087697510179
2019-06-11,Transitional,0.9435566615445081
2019-06-12,Transitional,0.9643578894121924
2019-06-13,Transitional,0.9672613954694046
2019-06-14,Transitional,0.966441971120733
2019-06-17,Transitional,0.9562133198872294
2019-06-18,Transitional,0.9633451347761646
2019-06-19,Transitional,0.9479475757707184
2019-06-20,Transitional,0.8563158232717895
2019-06-21,Transitional,0.9339790622431611
2019-06-24,Transitional,0.9664483448870367
2019-06-25,Transitional,0.9634005696139505
2019-06-26,Transitional,0.9200201954465779
2019-06-27,Transitional,0.9618612169749988
2019-06-28,Transitional,0.9694656237844943
2019-07-01,Transitional,0.9666295657495837
2019-07-02,Transitional,0.9526934408141025
2019-07-03,Transitional,0.9516002628233597
2019-07-04,Transitional,0.8847594373396832
2019-07-05,Transitional,0.5773882840726033
2019-07-08,Transitional,0.5606068722684239
2019-07-09,Transitional,0.6385713071599004
2019-07-10,Transitional,0.7850873165723309
2019-07-11,Transitional,0.8904870903385925
2019-07-12,Transitional,0.8853955448243656
2019-07-15,Transitional,0.8420968590836622
2019-07-16,Transitional,0.9152297389823066
2019-07-17,Transitional,0.9602828679306756
2019-07-18,Transitional,0.9671610542080512
2019-07-19,Transitional,0.9661551499365895
2019-07-22,Transitional,0.9608217372872675
2019-07-23,Transitional,0.9676948324992342
2019-07-24,Transitional,0.9629206561763854
2019-07-25,Transitional,0.9371971923345278
2019-07-26,Transitional,0.9292574794585869
2019-07-29,Transitional,0.8095384940949276
2019-07-30,Transitional,0.517027279016621
2019-07-31,Transitional,0.5853290750675455
2019-08-01,Transitional,0.8825445240673211
2019-08-02,Transitional,0.9342435335224184
2019-08-05,Transitional,0.9421480077255817
2019-08-06,Transitional,0.9423720114791806
2019-08-07,Transitional,0.9406230648890863
2019-08-08,Transitional,0.9266854061157475
2019-08-09,Transitional,0.8564763755899658
2019-08-13,Transitional,0.5157521110262637
2019-08-14,Transitional,0.5944763096939535
2019-08-16,Transitional,0.8251993032194517
2019-08-19,Transitional,0.8972902853529128
2019-08-20,Transitional,0.9592582558778746
2019-08-21,Transitional,0.9693961503574374
2019-08-22,Transitional,0.9656801352367786
2019-08-23,Transitional,0.9281509157225942
2019-08-26,Transitional,0.9442952752645115
2019-08-27,Transitional,0.9387451705472049
2019-08-28,Transitional,0.8399199997705993
2019-08-29,Transitional,0.614516662367108
2019-08-30,Transitional,0.5251838086991516
2019-09-03,Transitional,0.7462413654560204
2019-09-04,Transitional,0.8404075282999753
2019-09-05,Transitional,0.8974867711732378
2019-09-06,Transitional,0.8837304194855078
2019-09-09,Transitional,0.8474240360299088
2019-09-11,Transitional,0.8164756327706905
2019-09-12,Transitional,0.7803505934187507
2019-09-13,Transitional,0.7490190741946529
2019-09-16,Transitional,0.7210002055410732
2019-09-17,Transitional,0.7017247054929758
2019-09-18,Transitional,0.681992053922707
2019-09-19,Transitional,0.6671569669692221
2019-09-20,Transitional,0.6536425889960661
2019-09-23,Transitional,0.6494422903672221
2019-09-24,Transitional,0.6508530065571788
2019-09-25,Transitional,0.6626020776981373
2019-09-26,Transitional,0.6803191888858107
2019-09-27,Transitional,0.6910449059626727
2019-09-30,Transitional,0.6772337624195719
2019-10-01,Transitional,0.5806769747982652
2019-10-03,Transitional,0.49647478775653403
2019-10-04,Transitional,0.5485658343606427
2019-10-07,Transitional,0.5819044759725411
2019-10-09,Transitional,0.6282915998903059
2019-10-10,Transitional,0.6623902239344905
2019-10-11,Transitional,0.6829590767886694
2019-10-14,Transitional,0.6904781352505747
2019-10-15,Transitional,0.7168968529094423
2019-10-16,Transitional,0.7298580162964025
2019-10-17,Transitional,0.7335923342148759
2019-10-18,Transitional,0.7270801435167913
2019-10-22,Transitional,0.7077497600121408
2019-10-23,Transitional,0.6779984226538694
2019-10-24,Transitional,0.6242248791452116
2019-10-25,Transitional,0.5301988253314871
2019-10-27,Transitional,0.518143367059662
2019-10-29,Transitional,0.5009129253448223
2019-10-30,Transitional,0.5395575444408911
2019-10-31,Transitional,0.571291915936366
2019-11-01,Transitional,0.6162678580364672
2019-11-04,Transitional,0.6798333935115113
2019-11-05,Transitional,0.780892105048125
2019-11-06,Transitional,0.8353798056800594
2019-11-07,Transitional,0.8511461924069997
2019-11-08,Transitional,0.7922924798278611
2019-11-11,Transitional,0.9336040270339234
2019-11-13,Transitional,0.9510977354998575
2019-11-14,Transitional,0.9679888582049512
2019-11-15,Transitional,0.9601908296737697
2019-11-18,Transitional,0.920855821066295
2019-11-19,Transitional,0.8489053555623272
2019-11-20,Transitional,0.5597292052581182
2019-11-21,Transitional,0.8496580905585202
2019-11-22,Transitional,0.9273199528513293
2019-11-25,Transitional,0.9388991579810597
2019-11-26,Transitional,0.9364516622617467
2019-11-27,Transitional,0.9304690549696002
2019-11-28,Transitional,0.9253366855209304
2019-11-29,Transitional,0.9150075362856962
2019-12-02,Transitional,0.9009851720693937
2019-12-03,Transitional,0.8817147965747644
2019-12-04,Transitional,0.8481383946322292
2019-12-05,Transitional,0.7886706074494294
2019-12-06,Transitional,0.703383021938728
2019-12-09,Stable,0.5589397762628293
2019-12-10,Stable,0.5273078802208929
2019-12-11,Stable,0.58212444050458
2019-12-12,Stable,0.6135375970821095
2019-12-13,Stable,0.6346570910006321
2019-12-16,Stable,0.6498760129572568
2019-12-17,Stable,0.659444679369597
2019-12-18,Stable,0.6720926897889778
2019-12-19,Stable,0.7269960880517649
2019-12-20,Stable,0.7888382806469671
2019-12-23,Stable,0.8333802937264371
2019-12-24,Stable,0.8609676730475709
2019-12-26,Stable,0.8756241613011149
2019-12-27,Stable,0.9034616277920284
2019-12-30,Stable,0.9227333761238856
2019-12-31,Stable,0.9363673426886187
2020-01-01,Stable,0.9436025719177218
2020-01-02,Stable,0.9457235062738527
2020-01-03,Stable,0.9429787027244299
2020-01-06,Stable,0.9497542916419754
2020-01-07,Stable,0.9556320410171911
2020-01-08,Stable,0.9624557033453739
2020-01-09,Stable,0.9717835923580902
2020-01-10,Stable,0.9766512360363175
2020-01-13,Stable,0.9795467414558862
2020-01-14,Stable,0.9798351329459062
2020-01-15,Stable,0.9776583056347775
2020-01-16,Stable,0.973151520521122
2020-01-17,Stable,0.9643654127015969
2020-01-20,Stable,0.9544544921434825
2020-01-21,Stable,0.9441979261047326
2020-01-22,Stable,0.9273084336088865
2020-01-23,Stable,0.8987645207204826
2020-01-24,Stable,0.8561058024388489
2020-01-27,Stable,0.7894485945868952
2020-01-28,Stable,0.6757318791740191
2020-01-29,Stable,0.5214434388977222
2020-01-30,Transitional,0.6800668050016183
2020-01-31,Transitional,0.7988030013904613
2020-02-03,Transitional,0.8195302657377812
2020-02-04,Transitional,0.8753868536776347
2020-02-05,Transitional,0.8836012491366838
2020-02-06,Transitional,0.8770627665645307
2020-02-07,Transitional,0.8724441996992591
2020-02-10,Transitional,0.8643445465444212
2020-02-11,Transitional,0.8597868610507842
2020-02-12,Transitional,0.8540644460560283
2020-02-13,Transitional,0.8519866453883619
2020-02-14,Transitional,0.8560436858366296
2020-02-17,Transitional,0.8647499702496659
2020-02-18,Transitional,0.8759102977527996
2020-02-19,Transitional,0.8906342119833134
2020-02-20,Transitional,0.9045968523666451
2020-02-24,Transitional,0.8997106078681019
2020-02-25,Transitional,0.8105884389669522
2020-02-26,Volatile,0.5626840155464904
2020-02-27,Volatile,0.5816136745899703
2020-02-28,Volatile,0.6590122054461572
2020-03-02,Volatile,0.6122912735912311
2020-03-03,Volatile,0.9420543744206727
2020-03-04,Transitional,0.5186344779856409
2020-03-05,Transitional,0.8573572243326729
2020-03-06,Transitional,0.9071998409350828
2020-03-09,Transitional,0.8476775855348173
2020-03-11,Transitional,0.6410513701105449
2020-03-12,Volatile,0.9996822034901438
2020-03-13,Volatile,0.9999111858439442
2020-03-16,Volatile,0.7551323715849505
2020-03-17,Transitional,0.7792743463025049
2020-03-18,Transitional,0.8695961574488789
2020-03-19,Transitional,0.8747337771907777
2020-03-20,Transitional,0.702235567459899
2020-03-23,Volatile,0.9999994861783718
2020-03-24,Volatile,0.7838552452170275
2020-03-25,Volatile,0.626537865513197
2020-03-26,Volatile,0.6213994962533325
2020-03-27,Volatile,0.7478923076148206
2020-03-30,Volatile,0.6116145608309621
2020-03-31,Volatile,0.9423701052382509
2020-04-01,Volatile,0.8940395064046209
2020-04-03,Volatile,0.9999973374478007
2020-04-07,Volatile,0.9999999812534954
2020-04-08,Volatile,0.9459529506086015
2020-04-09,Volatile,0.7519843652148301
2020-04-13,Transitional,0.6591864075143563
2020-04-15,Transitional,0.7507406415988398
2020-04-16,Transitional,0.807545369216469
2020-04-17,Transitional,0.8978953604821824
2020-04-20,Transitional,0.8833310014149425
2020-04-21,Transitional,0.9532867735499018
2020-04-22,Transitional,0.9639142404476779
2020-04-23,Transitional,0.9647029669429517
2020-04-24,Transitional,0.9619042215197192
2020-04-27,Transitional,0.9610805831384422
2020-04-28,Transitional,0.9313715342411731
2020-04-29,Transitional,0.9615918849386637
2020-04-30,Transitional,0.9505116666550736
2020-05-04,Transitional,0.9704062077717742
2020-05-05,Transitional,0.9668286697409342
2020-05-06,Transitional,0.9716897465123343
2020-05-07,Transitional,0.9626003636410854
2020-05-08,Transitional,0.9083395142905408
2020-05-11,Transitional,0.96001891937824
2020-05-12,Transitional,0.9710251664619745
2020-05-13,Transitional,0.9601036414889589
2020-05-14,Transitional,0.9716784852278882
2020-05-15,Transitional,0.969710969838535
2020-05-18,Transitional,0.9680535446955
2020-05-19,Transitional,0.9676909909037359
2020-05-20,Transitional,0.931796406163715
2020-05-21,Transitional,0.950098828643087
2020-05-22,Transitional,0.9703233046896936
2020-05-26,Transitional,0.9625052778127494
2020-05-27,Transitional,0.9627940459983547
2020-05-28,Transitional,0.9536139689559759
2020-05-29,Transitional,0.9203336486747679
2020-06-01,Transitional,0.9522826484854152
2020-06-02,Transitional,0.9623328039641865
2020-06-03,Transitional,0.9563268308964775
2020-06-04,Transitional,0.8864889860753992
2020-06-05,Transitional,0.9570326355755546
2020-06-08,Transitional,0.961447591757459
2020-06-09,Transitional,0.9311448855270998
2020-06-10,Transitional,0.8891045882361236
2020-06-11,Transitional,0.6182360645380179
2020-06-12,Transitional,0.8404233364357445
2020-06-15,Transitional,0.8613908399156505
2020-06-16,Transitional,0.8415817390774335
2020-06-17,Transitional,0.8229461771685099
2020-06-18,Transitional,0.8138121104086762
2020-06-19,Transitional,0.8127480631333412
2020-06-22,Transitional,0.8181173125796393
2020-06-23,Transitional,0.8239615253955752
2020-06-24,Transitional,0.8134702008080394
2020-06-25,Transitional,0.803845797153365
2020-06-26,Transitional,0.7830973312705781
2020-06-29,Transitional,0.7553611301743121
2020-06-30,Transitional,0.73508238046325
2020-07-01,Transitional,0.7058101770876035
2020-07-02,Transitional,0.6806391293149592
2020-07-03,Transitional,0.6645617215994635
2020-07-06,Transitional,0.6583659344738508
2020-07-07,Transitional,0.6623355030868737
2020-07-08,Transitional,0.6779427313501253
2020-07-09,Transitional,0.7070620259990978
2020-07-10,Transitional,0.7509761180095953
2020-07-13,Transitional,0.7754885575110998
2020-07-14,Transitional,0.798352176353757
2020-07-15,Transitional,0.8188810482107547
2020-07-16,Transitional,0.8473067900707061
2020-07-17,Transitional,0.8786559910537168
2020-07-20,Transitional,0.8709807555527519
2020-07-21,Transitional,0.9426539075086195
2020-07-22,Transitional,0.962434588073652
2020-07-23,Transitional,0.9661705328429219
2020-07-24,Transitional,0.9597081418206446
2020-07-27,Transitional,0.9551621646521121
2020-07-28,Transitional,0.947507136433315
2020-07-29,Transitional,0.8937431590315483
2020-07-30,Transitional,0.7624877715825213
2020-07-31,Transitional,0.6944133980597367
2020-08-03,Transitional,0.8605278250850835
2020-08-04,Transitional,0.9370210409425551
2020-08-05,Transitional,0.9643235291916942
2020-08-06,Transitional,0.9665937156396924
2020-08-07,Transitional,0.9585502114648583
2020-08-10,Transitional,0.9237256182219176
2020-08-11,Transitional,0.955093261000408
2020-08-12,Transitional,0.9518884818492319
2020-08-13,Transitional,0.9416743690060668
2020-08-14,Transitional,0.9305567471799988
2020-08-17,Transitional,0.9163037722398832
2020-08-18,Transitional,0.9037474988521723
2020-08-19,Transitional,0.8976880222859199
2020-08-20,Transitional,0.8976815330700761
2020-08-21,Transitional,0.8995389776031343
2020-08-24,Transitional,0.9075741307838902
2020-08-25,Transitional,0.9095801097730368
2020-08-26,Transitional,0.895251992130787
2020-08-27,Transitional,0.7708504413599
2020-08-28,Volatile,0.7733973425053853
2020-08-31,Volatile,0.9406550728597846
2020-09-01,Transitional,0.7783229620519605
2020-09-02,Transitional,0.9181027676996218
2020-09-03,Transitional,0.9499532160779276
2020-09-04,Transitional,0.9572005920346551
2020-09-07,Transitional,0.9670673827875368
2020-09-08,Transitional,0.9590594355396314
2020-09-09,Transitional,0.963549425308597
2020-09-10,Transitional,0.9673466610505551
2020-09-11,Transitional,0.9678689084250343
2020-09-14,Transitional,0.962248438489504
2020-09-15,Transitional,0.9575748270869592
2020-09-16,Transitional,0.9538536800190309
2020-09-17,Transitional,0.959819762838397
2020-09-18,Transitional,0.9319487472557247
2020-09-21,Transitional,0.8774042800742781
2020-09-22,Transitional,0.9478340501483603
2020-09-23,Transitional,0.9503151279452091
2020-09-24,Transitional,0.8974249956357144
2020-09-25,Transitional,0.9214530587407623
2020-09-28,Transitional,0.8370452847427378
2020-09-29,Transitional,0.9460953544647667
2020-09-30,Transitional,0.9661819580009264
2020-10-01,Transitional,0.9638398573925089
2020-10-05,Transitional,0.937119765125858
2020-10-06,Transitional,0.9662906018327199
2020-10-07,Transitional,0.9620853157579213
2020-10-08,Transitional,0.9522585638149509
2020-10-09,Transitional,0.9536683644085098
2020-10-12,Transitional,0.9552952470561356
2020-10-13,Transitional,0.9437161313155488
2020-10-14,Transitional,0.9371727506674615
2020-10-15,Transitional,0.9208133168347951
2020-10-16,Transitional,0.9066596588284871
2020-10-19,Transitional,0.8926674748873825
2020-10-20,Transitional,0.884521797242523
2020-10-21,Transitional,0.883310750782606
2020-10-22,Transitional,0.8887132317456055
2020-10-23,Transitional,0.899144625915325
2020-10-26,Transitional,0.912644754342208
2020-10-27,Transitional,0.9270660264102669
2020-10-28,Transitional,0.9375647442428947
2020-10-29,Transitional,0.9453633029394061
2020-10-30,Transitional,0.943868869651541
2020-11-02,Transitional,0.9348213583121942
2020-11-03,Transitional,0.8378115224914113
2020-11-04,Transitional,0.8069650395330275
2020-11-05,Transitional,0.9276845129075311
2020-11-06,Transitional,0.9606299905352004
2020-11-09,Transitional,0.9505698126660912
2020-11-10,Transitional,0.858569329836755
2020-11-11,Transitional,0.8905726351190791
2020-11-12,Transitional,0.9343299449946618
2020-11-13,Transitional,0.933058163711276
2020-11-14,Transitional,0.9268156424138657
2020-11-17,Transitional,0.9247100380704473
2020-11-18,Transitional,0.9262189353878454
2020-11-19,Transitional,0.9308106935072449
2020-11-20,Transitional,0.937809615007008
2020-11-23,Transitional,0.9423955876703238
2020-11-24,Transitional,0.9479085139813299
2020-11-25,Transitional,0.9355534985937126
2020-11-26,Transitional,0.9376610535915819
2020-11-27,Transitional,0.8744915306199785
2020-12-01,Transitional,0.5213970251991307
2020-12-02,Transitional,0.8490290241904425
2020-12-03,Transitional,0.9090542255807642
2020-12-04,Transitional,0.8484860024705733
2020-12-07,Transitional,0.9098945017637561
2020-12-08,Transitional,0.9340173394164349
2020-12-09,Transitional,0.9373976363715039
2020-12-10,Transitional,0.9279324046217993
2020-12-11,Transitional,0.9206755452511588
2020-12-14,Transitional,0.9167049304846522
2020-12-15,Transitional,0.918894342451614
2020-12-16,Transitional,0.9231312283163526
2020-12-17,Transitional,0.9293437922051514
2020-12-18,Transitional,0.9245053619946881
2020-12-21,Transitional,0.8454944619383413
2020-12-22,Transitional,0.891304028722916
2020-12-23,Transitional,0.9356393005462087
2020-12-24,Transitional,0.9247392906188617
2020-12-28,Transitional,0.9127647699122652
2020-12-29,Transitional,0.8929502465199078
2020-12-30,Transitional,0.8786987682691236
2020-12-31,Transitional,0.8673507134000886
2021-01-01,Transitional,0.8611091757166968
2021-01-04,Transitional,0.8591729134312386
2021-01-05,Transitional,0.8636424264514456
2021-01-06,Transitional,0.8742995191620763
2021-01-07,Transitional,0.8923912915551886
2021-01-08,Transitional,0.902279941467236
2021-01-11,Transitional,0.9307923864151039
2021-01-12,Transitional,0.9368794779392378
2021-01-13,Transitional,0.9445294014282299
2021-01-14,Transitional,0.9488485744443739
2021-01-15,Transitional,0.9431555688850738
2021-01-18,Transitional,0.8767088305137053
2021-01-19,Transitional,0.9230770791216527
2021-01-20,Transitional,0.9658247659806262
2021-01-21,Transitional,0.9656711558243869
2021-01-22,Transitional,0.9691164110588435
2021-01-25,Transitional,0.9575545294935235
2021-01-27,Transitional,0.9338442509936558
2021-01-28,Transitional,0.9393012651322106
2021-01-29,Transitional,0.8634346709036637
2021-02-01,Transitional,0.924965715008804
2021-02-02,Transitional,0.8831362555563533
2021-02-03,Transitional,0.8950418077946634
2021-02-04,Transitional,0.9416436038575453
2021-02-05,Transitional,0.942882623136769
2021-02-08,Transitional,0.9404332296678808
2021-02-09,Transitional,0.939878022040206
2021-02-10,Transitional,0.9407362705430892
2021-02-11,Transitional,0.9290874266478233
2021-02-12,Transitional,0.930537379280393
2021-02-15,Transitional,0.9410189667340736
2021-02-16,Transitional,0.9391142262801009
2021-02-17,Transitional,0.9363259678188932
2021-02-18,Transitional,0.937895425151876
2021-02-19,Transitional,0.9374072348625538
2021-02-22,Transitional,0.935500342322264
2021-02-23,Transitional,0.938110209105508
2021-02-24,Transitional,0.9410298243872404
2021-02-25,Transitional,0.939773715867995
2021-02-26,Transitional,0.9329302103919094
2021-03-01,Transitional,0.9375653061108467
2021-03-02,Transitional,0.9362536030949932
2021-03-03,Transitional,0.9334723552599667
2021-03-04,Transitional,0.9331876309211978
2021-03-05,Transitional,0.9319045280892065
2021-03-08,Transitional,0.9341562452846894
2021-03-09,Transitional,0.9387760704590274
2021-03-10,Transitional,0.9402094096049024
2021-03-12,Transitional,0.9469780957583714
2021-03-15,Transitional,0.9551583776280665
2021-03-16,Transitional,0.957205687477349
2021-03-17,Transitional,0.9381225826701873
2021-03-18,Transitional,0.9517775418969289
2021-03-19,Transitional,0.9551086000197342
2021-03-22,Transitional,0.9464191379373037
2021-03-23,Transitional,0.9491834031517871
2021-03-24,Transitional,0.9479407326536372
2021-03-25,Transitional,0.9443316917315401
2021-03-26,Transitional,0.9411864011198317
2021-03-30,Transitional,0.9425295504493177
2021-03-31,Transitional,0.9462101653889434
2021-04-01,Transitional,0.941130672264333
2021-04-05,Transitional,0.9476759651784864
2021-04-06,Transitional,0.9456942199007456
2021-04-07,Transitional,0.9506685718947239
2021-04-08,Transitional,0.9398311945099527
2021-04-09,Transitional,0.8762331796843161
2021-04-12,Transitional,0.9003143319055469
2021-04-13,Transitional,0.8871220011622921
2021-04-15,Transitional,0.8475773888992989
2021-04-16,Transitional,0.809836241642516
2021-04-19,Transitional,0.7583256933234345
2021-04-20,Transitional,0.717477546044048
2021-04-22,Transitional,0.6925900274211031
2021-04-23,Transitional,0.6775783569413567
2021-04-26,Transitional,0.6738090501591436
2021-04-27,Transitional,0.6797753615750363
2021-04-28,Transitional,0.6969558625611487
2021-04-29,Transitional,0.727926264734266
2021-04-30,Transitional,0.7753074349217315
2021-05-03,Transitional,0.8011415175785325
2021-05-04,Transitional,0.7159855094192359
2021-05-05,Volatile,0.6945294450266863
2021-05-06,Transitional,0.8192723756186006
2021-05-07,Transitional,0.9173584523641624
2021-05-10,Transitional,0.9162109364057629
2021-05-11,Transitional,0.9224734708138258
2021-05-12,Transitional,0.9128114151610415
2021-05-14,Transitional,0.8997196019143459
2021-05-17,Transitional,0.887669489474568
2021-05-18,Transitional,0.8788523052253961
2021-05-19,Transitional,0.8705879729367
2021-05-20,Transitional,0.8614649103043689
2021-05-21,Transitional,0.8478937828228587
2021-05-24,Transitional,0.83700781264728
2021-05-25,Transitional,0.8328744994756632
2021-05-26,Transitional,0.8325163061890108
2021-05-27,Transitional,0.8239761247442347
2021-05-28,Transitional,0.744935394737038
2021-05-31,Stable,0.5276978815305331
2021-06-01,Stable,0.6480429171472438
2021-06-02,Stable,0.7684368738772439
2021-06-03,Stable,0.855164683458827
2021-06-04,Stable,0.9084233954165095
2021-06-07,Stable,0.940692848488369
2021-06-08,Stable,0.95954417482732
2021-06-09,Stable,0.9709201154466952
2021-06-10,Stable,0.9799828339265072
2021-06-11,Stable,0.9853488772105747
2021-06-14,Stable,0.9889078751298497
2021-06-15,Stable,0.9913605384854833
2021-06-16,Stable,0.993002163108139
2021-06-17,Stable,0.9942952327701379
2021-06-18,Stable,0.9951579687212749
2021-06-21,Stable,0.9955320198620657
2021-06-22,Stable,0.995443234971693
2021-06-23,Stable,0.9953559727529336
2021-06-24,Stable,0.9947785034629888
2021-06-25,Stable,0.9934696553456792
2021-06-28,Stable,0.9923455862371802
2021-06-29,Stable,0.9902991014287674
2021-06-30,Stable,0.9864610846171363
2021-07-01,Stable,0.9801643752810676
2021-07-02,Stable,0.9737307210044803
2021-07-05,Stable,0.963282288470524
2021-07-06,Stable,0.9454459107489945
2021-07-07,Stable,0.9248177587489803
2021-07-08,Stable,0.8970845633481737
2021-07-09,Stable,0.8858286703400012
2021-07-12,Stable,0.8635035344506582
2021-07-13,Stable,0.8235602498312542
2021-07-14,Stable,0.8063228230699627
2021-07-15,Stable,0.7743744087997306
2021-07-16,Stable,0.7224278671067899
2021-07-19,Stable,0.6449305142097305
2021-07-20,Transitional,0.5117678913737675
2021-07-22,Transitional,0.5502996713839545
2021-07-23,Transitional,0.6188475115516663
2021-07-26,Transitional,0.706581697908643
2021-07-27,Transitional,0.7875605726965432
2021-07-28,Transitional,0.7916035355655847
2021-07-29,Transitional,0.6119910762759906
2021-07-30,Volatile,0.9999627438456551
2021-08-02,Transitional,0.6531456774529375
2021-08-03,Transitional,0.7153489081444916
2021-08-04,Stable,0.5873865503801202
2021-08-05,Stable,0.572729119157676
2021-08-06,Stable,0.6822314980428329
2021-08-09,Stable,0.7468432990652158
2021-08-10,Stable,0.7850453194678857
2021-08-11,Stable,0.8071991938686064
2021-08-12,Stable,0.845002303594801
2021-08-13,Stable,0.8661700127038976
2021-08-16,Stable,0.876351078519034
2021-08-17,Stable,0.8785068955460109
2021-08-18,Stable,0.8734865732295585
2021-08-20,Stable,0.859680199162187
2021-08-23,Stable,0.8822949997064573
2021-08-24,Stable,0.8936699246630185
2021-08-25,Stable,0.9075308341439623
2021-08-26,Stable,0.9139581065604826
2021-08-27,Stable,0.9195856087813222
2021-08-30,Stable,0.9261838178943602
2021-08-31,Stable,0.941718049400707
2021-09-01,Stable,0.9520217269828672
2021-09-02,Stable,0.9587303255099275
2021-09-03,Stable,0.9608851574691266
2021-09-06,Stable,0.9591658187840593
2021-09-07,Stable,0.9547867916728192
2021-09-08,Stable,0.9568466385088206
2021-09-09,Stable,0.9568455438606205
2021-09-13,Stable,0.9527177412970395
2021-09-14,Stable,0.9437683614812605
2021-09-15,Stable,0.9269235757879035
2021-09-16,Stable,0.8976975307448342
2021-09-17,Stable,0.8474166512639998
2021-09-20,Stable,0.80430627362986
2021-09-21,Stable,0.7785301054518525
2021-09-22,Stable,0.7433856919724133
2021-09-23,Stable,0.6881432385303587
2021-09-24,Stable,0.5930957089267443
2021-09-27,Stable,0.5510713347752598
2021-09-28,Transitional,0.7078292076652919
2021-09-29,Transitional,0.725434745039416
2021-09-30,Transitional,0.8856913549150675
2021-10-01,Transitional,0.9124119562630356
2021-10-04,Transitional,0.9144035021276293
2021-10-05,Transitional,0.9087543296482655
2021-10-06,Transitional,0.8912913422376953
2021-10-07,Transitional,0.8685551731822064
2021-10-08,Transitional,0.8053156081063575
2021-10-11,Transitional,0.754374776895305
2021-10-12,Transitional,0.709293664686638
2021-10-13,Transitional,0.6799857508475526
2021-10-14,Transitional,0.6542688272340634
2021-10-18,Transitional,0.641426762916367
2021-10-19,Transitional,0.636995421533127
2021-10-20,Transitional,0.6366275752886728
2021-10-21,Transitional,0.636317002895396
2021-10-22,Transitional,0.6454671769329832
2021-10-25,Transitional,0.6643962106226262
2021-10-26,Transitional,0.7011585777423891
2021-10-27,Transitional,0.7633837425564703
2021-10-28,Transitional,0.8266362442311878
2021-10-29,Transitional,0.8581098725777363
2021-11-01,Transitional,0.8761933330714666
2021-11-02,Transitional,0.8892598865945246
2021-11-03,Transitional,0.8745053491749064
2021-11-04,Transitional,0.8911127850428981
2021-11-08,Transitional,0.886677658128548
2021-11-09,Transitional,0.8832831158750487
2021-11-10,Transitional,0.883283847287091
2021-11-11,Transitional,0.88437854113825
2021-11-12,Transitional,0.8871415819669453
2021-11-15,Transitional,0.8906424089735981
2021-11-16,Transitional,0.895026622252849
2021-11-17,Transitional,0.9024013205690916
2021-11-18,Transitional,0.9110186016804249
2021-11-22,Transitional,0.9149705616197408
2021-11-23,Transitional,0.924467792885335
2021-11-24,Transitional,0.9327655082284897
2021-11-25,Transitional,0.9366345213651632
2021-11-26,Transitional,0.9365924238467496
2021-11-29,Transitional,0.9382664287328725
2021-11-30,Transitional,0.9454900860310391
2021-12-01,Transitional,0.9428212936742827
2021-12-02,Transitional,0.9252372287729578
2021-12-03,Transitional,0.9297846320764709
2021-12-06,Transitional,0.921130519929901
2021-12-07,Transitional,0.9022190202292457
2021-12-08,Transitional,0.8820799003971586
2021-12-09,Transitional,0.8633397889039276
2021-12-10,Transitional,0.8525237226386012
2021-12-13,Transitional,0.8502055573589615
2021-12-14,Transitional,0.8540944737639589
2021-12-15,Transitional,0.8548592558084155
2021-12-16,Transitional,0.8618117036147613
2021-12-17,Transitional,0.8633757001262721
2021-12-20,Transitional,0.8667615739920549
2021-12-21,Transitional,0.8692669526165137
2021-12-22,Transitional,0.869384403140771
2021-12-23,Transitional,0.8752053526939887
2021-12-24,Transitional,0.8749687824880477
2021-12-27,Transitional,0.8728310184387692
2021-12-28,Transitional,0.8575900526655494
2021-12-29,Transitional,0.8431148018655783
2021-12-30,Transitional,0.8024995369460081
2021-12-31,Transitional,0.7614868950735806
2022-01-03,Transitional,0.7251263995263605
2022-01-04,Transitional,0.7031523175545957
2022-01-05,Transitional,0.6839608329077165
2022-01-06,Transitional,0.6758789109768678
2022-01-07,Transitional,0.676960418188836
2022-01-10,Transitional,0.6898153629577374
2022-01-11,Transitional,0.7162972304545637
2022-01-12,Transitional,0.7567709792868437
2022-01-13,Transitional,0.797730857684547
2022-01-14,Transitional,0.8306338263359937
2022-01-17,Transitional,0.8389062532202214
2022-01-18,Transitional,0.8466544349151585
2022-01-19,Transitional,0.8579087648852236
2022-01-20,Transitional,0.8680177802222937
2022-01-21,Transitional,0.8770826972712
2022-01-24,Transitional,0.8826323955611094
2022-01-25,Transitional,0.8879426643647431
2022-01-27,Transitional,0.8917086456948147
2022-01-28,Transitional,0.8645448766690469
2022-01-31,Transitional,0.740389835126295
2022-02-01,Volatile,0.9120455748802597
2022-02-02,Transitional,0.7330952327928576
2022-02-03,Transitional,0.8219005359864494
2022-02-04,Transitional,0.8180545982988561
2022-02-07,Transitional,0.8024378039278496
2022-02-08,Transitional,0.7899840237268209
2022-02-09,Transitional,0.7858476722972401
2022-02-10,Transitional,0.789821634368302
2022-02-11,Transitional,0.7997791526039479
2022-02-14,Transitional,0.8073719942422228
2022-02-15,Transitional,0.8123063962396351
2022-02-16,Transitional,0.8191453952146389
2022-02-17,Transitional,0.8295690802822645
2022-02-18,Transitional,0.8465501003663737
2022-02-21,Transitional,0.8716046698732356
2022-02-22,Transitional,0.8908777310905279
2022-02-23,Transitional,0.9108898219112563
2022-02-24,Transitional,0.9270319655494175
2022-02-25,Transitional,0.9432413425630021
2022-02-28,Transitional,0.9495793522889495
2022-03-02,Transitional,0.9429515977904426
2022-03-03,Transitional,0.96081263146263
2022-03-04,Transitional,0.9602722438544283
2022-03-07,Transitional,0.9478035329033647
2022-03-08,Transitional,0.874531656487603
2022-03-09,Transitional,0.9302021120151862
2022-03-10,Transitional,0.9317330119531535
2022-03-11,Transitional,0.8736065413522266
2022-03-14,Transitional,0.7839078321163891
2022-03-15,Transitional,0.6656725636360914
2022-03-16,Transitional,0.5889050773695815
2022-03-17,Transitional,0.5353444949490755
2022-03-21,Transitional,0.5929915887689455
2022-03-22,Transitional,0.6790103032018322
2022-03-23,Transitional,0.728532085337403
2022-03-24,Transitional,0.7874213331168222
2022-03-25,Transitional,0.8281090165243243
2022-03-28,Transitional,0.856372890684445
2022-03-29,Transitional,0.8716289376464911
2022-03-30,Transitional,0.8878288412888754
2022-03-31,Transitional,0.8947884700037134
2022-04-01,Transitional,0.8968018898510554
2022-04-04,Transitional,0.8943096418952247
2022-04-05,Transitional,0.8985246043696272
2022-04-06,Transitional,0.896015167691149
2022-04-07,Transitional,0.8860817213767647
2022-04-08,Transitional,0.8659676868070788
2022-04-11,Transitional,0.836148673208187
2022-04-12,Transitional,0.7838528189987988
2022-04-13,Transitional,0.7013568627253817
2022-04-18,Transitional,0.6321174962623349
2022-04-19,Transitional,0.5475912160811097
2022-04-20,Transitional,0.5674928419006131
2022-04-21,Transitional,0.7652296004103928
2022-04-22,Transitional,0.8607236283442226
2022-04-25,Transitional,0.897208040804842
2022-04-26,Transitional,0.919148803794039
2022-04-27,Transitional,0.9331519447259182
2022-04-28,Transitional,0.9380622118780048
2022-04-29,Transitional,0.9455322679481089
2022-05-02,Transitional,0.9512989846782203
2022-05-04,Transitional,0.946442291085646
2022-05-05,Transitional,0.948092145561354
2022-05-06,Transitional,0.9657705061837039
2022-05-09,Transitional,0.9675689753136562
2022-05-10,Transitional,0.9538281895450383
2022-05-11,Transitional,0.9667080512552181
2022-05-12,Transitional,0.9588793777263828
2022-05-13,Transitional,0.9000593892308791
2022-05-16,Transitional,0.9577030657582751
2022-05-17,Transitional,0.9664287080781915
2022-05-18,Transitional,0.9656009691377787
2022-05-19,Transitional,0.9533622343386301
2022-05-20,Transitional,0.9159590521261705
2022-05-23,Transitional,0.9541595095195311
2022-05-24,Transitional,0.9572159495193607
2022-05-25,Transitional,0.9579445557749641
2022-05-26,Transitional,0.9565400614620297
2022-05-27,Transitional,0.9575150734774691
2022-05-30,Transitional,0.9471662145254675
2022-05-31,Transitional,0.913733874868562
2022-06-01,Transitional,0.9197849300903379
2022-06-02,Transitional,0.9055549544342022
2022-06-03,Stable,0.8468822771705777
2022-06-06,Stable,0.7993619919930124
2022-06-07,Stable,0.7648669240519305
2022-06-08,Stable,0.7319921311628494
2022-06-09,Stable,0.7117996257757573
2022-06-10,Stable,0.6951143556687085
2022-06-13,Stable,0.6733528388885036
2022-06-14,Stable,0.63606225990908
2022-06-15,Stable,0.6109738575974204
2022-06-16,Stable,0.5964814127514302
2022-06-17,Stable,0.580243139168576
2022-06-20,Stable,0.5230553315240242
2022-06-21,Stable,0.5301997297034937
2022-06-22,Stable,0.5992308730237942
2022-06-23,Stable,0.6558086442853551
2022-06-24,Stable,0.7424349766508157
2022-06-27,Stable,0.7928425870042854
2022-06-28,Stable,0.8385906727164342
2022-06-29,Stable,0.8730425309297885
2022-06-30,Stable,0.9019037172748574
2022-07-01,Stable,0.9255042510474273
2022-07-04,Stable,0.9388283571865411
2022-07-05,Stable,0.9451840814969235
2022-07-06,Stable,0.9477426355175367
2022-07-07,Stable,0.9456062390725706
2022-07-08,Stable,0.9438743806866997
2022-07-11,Stable,0.9394735845565165
2022-07-12,Stable,0.9288951734311041
2022-07-13,Stable,0.9126447161493221
2022-07-14,Stable,0.8901386434607913
2022-07-15,Stable,0.8851994394879629
2022-07-18,Stable,0.8720244036812622
2022-07-19,Stable,0.8477922217793064
2022-07-20,Stable,0.8153043201420196
2022-07-21,Stable,0.7731174187585224
2022-07-22,Stable,0.7002857495089481
2022-07-25,Stable,0.5825040580335198
2022-07-26,Stable,0.5633677152259116
2022-07-27,Transitional,0.766655218377132
2022-07-28,Transitional,0.7604324057003666
2022-07-29,Transitional,0.5475760587602715
2022-08-01,Transitional,0.743010352114345
2022-08-02,Transitional,0.8597251423372589
2022-08-03,Transitional,0.8469489245470784
2022-08-04,Transitional,0.7702817928264494
2022-08-05,Stable,0.561868349065949
2022-08-08,Stable,0.568077735452744
2022-08-10,Stable,0.6635665433650518
2022-08-11,Stable,0.7342485397366786
2022-08-12,Stable,0.7746422528548071
2022-08-16,Stable,0.8041562208543099
2022-08-17,Stable,0.8189811538818862
2022-08-18,Stable,0.8251453436277204
2022-08-19,Stable,0.8236844573910725
2022-08-22,Stable,0.8242564498790251
2022-08-23,Stable,0.8511573711931943
2022-08-24,Stable,0.8688585212928275
2022-08-25,Stable,0.8811540113574362
2022-08-26,Stable,0.8862117286138315
2022-08-29,Stable,0.8840919571498526
2022-08-30,Stable,0.8741567844150514
2022-09-01,Stable,0.8663808664704948
2022-09-02,Stable,0.8808161454026439
2022-09-05,Stable,0.8868834068942788
2022-09-06,Stable,0.8975576868454634
2022-09-07,Stable,0.9007845829123708
2022-09-08,Stable,0.8985337021797826
2022-09-09,Stable,0.8887868773301206
2022-09-12,Stable,0.871102474405678
2022-09-13,Stable,0.8400496963229883
2022-09-14,Stable,0.7862764951828165
2022-09-15,Stable,0.7103792207903048
2022-09-16,Stable,0.6228036129678496
2022-09-19,Stable,0.4980981082536625
2022-09-20,Stable,0.5831272219118481
2022-09-21,Stable,0.6147916860030425
2022-09-22,Stable,0.5979690369061309
2022-09-23,Stable,0.5821171233237344
2022-09-26,Stable,0.5639940382524116
2022-09-27,Stable,0.5172844485044974
2022-09-28,Stable,0.5027878904919526
2022-09-29,Stable,0.5819799913478678
2022-09-30,Stable,0.6564497514293756
2022-10-03,Stable,0.7694590079435504
2022-10-04,Stable,0.84146351129364
2022-10-06,Stable,0.8835208777220623
2022-10-07,Stable,0.9142845134594806
2022-10-10,Stable,0.9316436442760379
2022-10-11,Stable,0.9457342085505287
2022-10-12,Stable,0.9530514762507171
2022-10-13,Stable,0.9586703427276264
2022-10-14,Stable,0.964263795704875
2022-10-17,Stable,0.9670819205170661
2022-10-18,Stable,0.9665159157982441
2022-10-19,Stable,0.9624181943213943
2022-10-20,Stable,0.953664691739206
2022-10-21,Stable,0.9378912898962689
2022-10-24,Stable,0.9115036668289733
2022-10-25,Stable,0.8748409278683885
2022-10-27,Stable,0.8139765815685341
2022-10-28,Stable,0.7793208403864245
2022-10-31,Stable,0.7710008098417761
2022-11-01,Stable,0.7956944589774642
2022-11-02,Stable,0.836675854360608
2022-11-03,Stable,0.8784273992605865
2022-11-04,Stable,0.9082230347248493
2022-11-07,Stable,0.9264928158825492
2022-11-09,Stable,0.9432792784117269
2022-11-10,Stable,0.9641423552725941
2022-11-11,Stable,0.9769487127885088
2022-11-14,Stable,0.9844641612349024
2022-11-15,Stable,0.9888090809943193
2022-11-16,Stable,0.9911432674239286
2022-11-17,Stable,0.9920946591999366
2022-11-18,Stable,0.9923786216809174
2022-11-21,Stable,0.9918443080438472
2022-11-22,Stable,0.9908082371804251
2022-11-23,Stable,0.9888136812766298
2022-11-24,Stable,0.9855926361542539
2022-11-25,Stable,0.9847364601335789
2022-11-28,Stable,0.9817826440706012
2022-11-29,Stable,0.9757906060807888
2022-11-30,Stable,0.9707826705751963
2022-12-01,Stable,0.9618808890438391
2022-12-02,Stable,0.9459861439521363
2022-12-05,Stable,0.9226053924212569
2022-12-06,Stable,0.882678678925392
2022-12-07,Stable,0.8224270816669348
2022-12-08,Stable,0.7747088001782758
2022-12-09,Stable,0.8384844700072224
2022-12-12,Stable,0.8921013669143925
2022-12-13,Stable,0.9275915815289151
2022-12-14,Stable,0.9508755474115748
2022-12-15,Stable,0.965222034572323
2022-12-16,Stable,0.9732240102275097
2022-12-19,Stable,0.979472528350291
2022-12-20,Stable,0.9834316388720983
2022-12-21,Stable,0.9849336914988877
2022-12-22,Stable,0.9890593853004018
2022-12-23,Stable,0.9914264948496517
2022-12-26,Stable,0.9937189626057871
2022-12-27,Stable,0.9950095672319819
2022-12-28,Stable,0.9955902223429256
2022-12-29,Stable,0.9959677478857861
2022-12-30,Stable,0.996053370592855
2023-01-02,Stable,0.9956854420834651
2023-01-03,Stable,0.99504513737957
2023-01-04,Stable,0.9949448052825917
2023-01-05,Stable,0.9945286450841724
2023-01-06,Stable,0.9946025649319252
2023-01-09,Stable,0.9946710292696334
2023-01-10,Stable,0.9945217192288723
2023-01-11,Stable,0.9939861699016377
2023-01-12,Stable,0.9949780902740301
2023-01-13,Stable,0.9954055986658518
2023-01-16,Stable,0.995298067281559
2023-01-17,Stable,0.9946464146151152
2023-01-18,Stable,0.9933517557676839
2023-01-19,Stable,0.9914093721294241
2023-01-20,Stable,0.9878471398222485
2023-01-23,Stable,0.9841537767963412
2023-01-24,Stable,0.983634014929151
2023-01-25,Stable,0.9824526195714065
2023-01-27,Stable,0.9788366260624264
2023-01-30,Stable,0.9718262197861014
2023-01-31,Stable,0.9612150626766194
2023-02-01,Stable,0.9556488355844928
2023-02-02,Stable,0.9572958124214321
2023-02-03,Stable,0.9566575283182536
2023-02-06,Stable,0.9624767176830316
2023-02-07,Stable,0.9649336439244915
2023-02-08,Stable,0.9719433451265036
2023-02-09,Stable,0.9795090943671122
2023-02-10,Stable,0.9846188970084748
2023-02-13,Stable,0.9871499440985555
2023-02-14,Stable,0.9886685783457135
2023-02-15,Stable,0.9898517160121345
2023-02-16,Stable,0.9916710196904704
2023-02-17,Stable,0.9922356381499898
2023-02-20,Stable,0.9933520967634086
2023-02-21,Stable,0.9935140566502574
2023-02-22,Stable,0.9949472159692029
2023-02-23,Stable,0.9958022726573303
2023-02-24,Stable,0.9962069673062461
2023-02-27,Stable,0.9962712101949323
2023-02-28,Stable,0.9963082974630854
2023-03-01,Stable,0.99675590073337
2023-03-02,Stable,0.9969214458692482
2023-03-03,Stable,0.9970355034008933
2023-03-06,Stable,0.9969196819051948
2023-03-08,Stable,0.9965985358000101
2023-03-09,Stable,0.9966106370785063
2023-03-10,Stable,0.9965910191456501
2023-03-13,Stable,0.9962637189136719
2023-03-14,Stable,0.9955644950995803
2023-03-15,Stable,0.9942864027309003
2023-03-16,Stable,0.9926459434491183
2023-03-17,Stable,0.9928829574694176
2023-03-20,Stable,0.9935284416078073
2023-03-21,Stable,0.9933318830431822
2023-03-22,Stable,0.9926218288208247
2023-03-23,Stable,0.9936924973298169
2023-03-24,Stable,0.9940897244747694
2023-03-27,Stable,0.9940457728059308
2023-03-28,Stable,0.9942082864764034
2023-03-29,Stable,0.9935668834163914
2023-03-31,Stable,0.9924927064589786
2023-04-03,Stable,0.9914915523384134
2023-04-05,Stable,0.9894991350467176
2023-04-06,Stable,0.9902908737514263
2023-04-10,Stable,0.9923219977322567
2023-04-11,Stable,0.9933775003914171
2023-04-12,Stable,0.9934751838098802
2023-04-13,Stable,0.9930981538102276
2023-04-17,Stable,0.9939864085317623
2023-04-18,Stable,0.9943825282729588
2023-04-19,Stable,0.9942740015835378
2023-04-20,Stable,0.9944893526481622
2023-04-21,Stable,0.9947564652191193
2023-04-24,Stable,0.99432292022491
2023-04-25,Stable,0.9944754891689457
2023-04-26,Stable,0.9945107471751939
2023-04-27,Stable,0.9938483913029528
2023-04-28,Stable,0.992763189372558
2023-05-02,Stable,0.9913505856432746
2023-05-03,Stable,0.9918934333876005
2023-05-04,Stable,0.9927002076463938
2023-05-05,Stable,0.993561257272725
2023-05-08,Stable,0.9937453112084056
2023-05-09,Stable,0.9941253667917969
2023-05-10,Stable,0.9940292785617547
2023-05-11,Stable,0.9933495167094628
2023-05-12,Stable,0.9921713749825477
2023-05-15,Stable,0.9902511556484795
2023-05-16,Stable,0.9868637684846372
2023-05-17,Stable,0.9846122710123796
2023-05-18,Stable,0.9807074993448022
2023-05-19,Stable,0.9749845889413157
2023-05-22,Stable,0.965519897842301
2023-05-23,Stable,0.9550119427075189
2023-05-24,Stable,0.9392830657244082
2023-05-25,Stable,0.9353465471358883
2023-05-26,Stable,0.9281017899444894
2023-05-29,Stable,0.9390859247577212
2023-05-30,Stable,0.9439007830884605
2023-05-31,Stable,0.9469286472969494
2023-06-01,Stable,0.9525555368930084
2023-06-02,Stable,0.9574842328103387
2023-06-05,Stable,0.9614364803105359
2023-06-06,Stable,0.9630892011303235
2023-06-07,Stable,0.9613373504719802
2023-06-08,Stable,0.9552110051765021
2023-06-09,Stable,0.9707375411876952
2023-06-12,Stable,0.9802448352138231
2023-06-13,Stable,0.9856196532342508
2023-06-14,Stable,0.9884494907743836
2023-06-15,Stable,0.989575428886356
2023-06-16,Stable,0.9892200655239526
2023-06-19,Stable,0.9873775237773377
2023-06-20,Stable,0.9848675140023383
2023-06-21,Stable,0.9822334436179613
2023-06-22,Stable,0.9767453470918133
2023-06-23,Stable,0.9670561052156902
2023-06-26,Stable,0.9502018538629131
2023-06-27,Stable,0.9218295873579199
2023-06-28,Stable,0.8778149158488339
2023-06-30,Stable,0.8524130305480054
2023-07-03,Stable,0.8625295550434989
2023-07-04,Stable,0.8847605376411567
2023-07-05,Stable,0.9096396417762055
2023-07-06,Stable,0.9244321371827035
2023-07-07,Stable,0.9317606060790695
2023-07-10,Stable,0.9351607468663257
2023-07-11,Stable,0.9352582553783932
2023-07-12,Stable,0.955677612788299
2023-07-13,Stable,0.9683760441996536
2023-07-14,Stable,0.9758296875365845
2023-07-17,Stable,0.9797836054168217
2023-07-18,Stable,0.9811850787933611
2023-07-19,Stable,0.9823415970543344
2023-07-20,Stable,0.984140791295092
2023-07-21,Stable,0.9869914413842575
2023-07-24,Stable,0.9879286880279982
2023-07-25,Stable,0.9872364851698268
2023-07-26,Stable,0.9852566701800521
2023-07-27,Stable,0.9847465920996101
2023-07-28,Stable,0.9888258475827489
2023-07-31,Stable,0.9913838284065791
2023-08-01,Stable,0.9926518821081831
2023-08-02,Stable,0.9928483570216351
2023-08-03,Stable,0.9928178102907032
2023-08-04,Stable,0.9919388695691845
2023-08-07,Stable,0.98988058976575
2023-08-08,Stable,0.9909228122752851
2023-08-09,Stable,0.9923780835205953
2023-08-10,Stable,0.9927706928939145
2023-08-11,Stable,0.9922498223575356
2023-08-14,Stable,0.9939737863818434
2023-08-16,Stable,0.9947591813415729
2023-08-17,Stable,0.9953443263604962
2023-08-18,Stable,0.9953289071163174
2023-08-21,Stable,0.995608172594735
2023-08-22,Stable,0.9953569633344319
2023-08-23,Stable,0.9944979646469502
2023-08-24,Stable,0.9946750304355066
2023-08-25,Stable,0.9944826892417032
2023-08-28,Stable,0.9949603715624991
2023-08-29,Stable,0.9954918998179761
2023-08-30,Stable,0.9957730944078839
2023-08-31,Stable,0.9955779951256414
2023-09-01,Stable,0.9949735994385477
2023-09-04,Stable,0.993764038486669
2023-09-05,Stable,0.991498553473807
2023-09-06,Stable,0.9929411701095819
2023-09-07,Stable,0.9940871149791266
2023-09-08,Stable,0.9952632190212963
2023-09-11,Stable,0.9958822481977998
2023-09-12,Stable,0.9961924674279524
2023-09-13,Stable,0.9964158051125996
2023-09-14,Stable,0.9962977113377572
2023-09-15,Stable,0.996021572890782
2023-09-18,Stable,0.9954279195918289
2023-09-20,Stable,0.9942837780440622
2023-09-21,Stable,0.992356313846354
2023-09-22,Stable,0.9897337065141704
2023-09-25,Stable,0.9880135333600155
2023-09-26,Stable,0.9855575238272108
2023-09-27,Stable,0.980609778227504
2023-09-28,Stable,0.9754489581725324
2023-09-29,Stable,0.9678335711072305
2023-10-03,Stable,0.9693177814668317
2023-10-04,Stable,0.9734993773592359
2023-10-05,Stable,0.981100648462046
2023-10-06,Stable,0.985773949497308
2023-10-09,Stable,0.9887083070627164
2023-10-10,Stable,0.9901974090124235
2023-10-11,Stable,0.9903111359585561
2023-10-12,Stable,0.9890350684970207
2023-10-13,Stable,0.9859890755501937
2023-10-16,Stable,0.9833478875687027
2023-10-17,Stable,0.9800534967788775
2023-10-18,Stable,0.9734459865312884
2023-10-19,Stable,0.9678103734829051
2023-10-20,Stable,0.9615400936890427
2023-10-23,Stable,0.9494619706100064
2023-10-25,Stable,0.9441383848113268
2023-10-26,Stable,0.9328362882500374
2023-10-27,Stable,0.9252760346338407
2023-10-30,Stable,0.9114942585978345
2023-10-31,Stable,0.8864928239470177
2023-11-01,Stable,0.8865028910093944
2023-11-02,Stable,0.9092097463141696
2023-11-03,Stable,0.9331004261689391
2023-11-06,Stable,0.9483989616473779
2023-11-07,Stable,0.9581559522187887
2023-11-08,Stable,0.9736927360535239
2023-11-09,Stable,0.9832434934938336
2023-11-10,Stable,0.9888580880235911
2023-11-13,Stable,0.9921203983630663
2023-11-15,Stable,0.9939792578668574
2023-11-16,Stable,0.9949035155042437
2023-11-17,Stable,0.9955090722977139
2023-11-20,Stable,0.9956381247795442
2023-11-21,Stable,0.9956288018161933
2023-11-22,Stable,0.9960365174306381
2023-11-23,Stable,0.9959980514053285
2023-11-24,Stable,0.9957583549623746
2023-11-28,Stable,0.9951276539489369
2023-11-29,Stable,0.9940069863131208
2023-11-30,Stable,0.9926780592724388
2023-12-01,Stable,0.9943773421792717
2023-12-04,Stable,0.9953125397348328
2023-12-05,Stable,0.995630903914947
2023-12-06,Stable,0.9957159161870363
2023-12-07,Stable,0.9952791795537166
2023-12-08,Stable,0.9942312357049113
2023-12-11,Stable,0.992422867736404
2023-12-12,Stable,0.9893585070639698
2023-12-13,Stable,0.9904581634603848
2023-12-14,Stable,0.9918943742181122
2023-12-15,Stable,0.992202758088859
2023-12-18,Stable,0.9914673441218277
2023-12-19,Stable,0.9915533059783329
2023-12-20,Stable,0.9911001390996826
2023-12-21,Stable,0.9910394620773976
2023-12-22,Stable,0.9896641252539427
2023-12-26,Stable,0.987427302642891
2023-12-27,Stable,0.9830597595029564
2023-12-28,Stable,0.9754840454335597
2023-12-29,Stable,0.9641983943474293
2024-01-01,Stable,0.9453171403245664
2024-01-02,Stable,0.9128013357167661
2024-01-03,Stable,0.9134840095392748
2024-01-04,Stable,0.9077073927356896
2024-01-05,Stable,0.8989328191133124
2024-01-08,Stable,0.8874563935692905
2024-01-09,Stable,0.8654631625685176
2024-01-10,Stable,0.8433445100530208
2024-01-11,Stable,0.8034739688022459
2024-01-12,Stable,0.7449968594987942
2024-01-15,Stable,0.6554098097006902
2024-01-16,Stable,0.5032013895758349
2024-01-17,Stable,0.6405139317727172
2024-01-18,Transitional,0.7999603466246639
2024-01-19,Transitional,0.8514603740816283
2024-01-23,Transitional,0.8889153141950401
2024-01-24,Transitional,0.9259498469248967
2024-01-25,Transitional,0.9385831323617035
2024-01-29,Transitional,0.936150847833769
2024-01-30,Transitional,0.9318685806213499
2024-01-31,Transitional,0.9055570382789411
2024-02-01,Transitional,0.9333911035054474
2024-02-02,Transitional,0.9231263532655736
2024-02-05,Transitional,0.8833093804453673
2024-02-06,Transitional,0.8213805263872146
2024-02-07,Transitional,0.7613608349472745
2024-02-08,Transitional,0.7012298823121278
2024-02-09,Transitional,0.6514042850904771
2024-02-12,Stable,0.5246592577581377
2024-02-13,Stable,0.6463512068504828
2024-02-14,Stable,0.7205483700736813
2024-02-15,Stable,0.8047690720881283
2024-02-16,Stable,0.8638808375296324
2024-02-19,Stable,0.898278872905334
2024-02-20,Stable,0.9297705207787503
2024-02-21,Stable,0.9491453242689454
2024-02-22,Stable,0.960097514726271
2024-02-23,Stable,0.9677606767227814
2024-02-26,Stable,0.9711517333543966
2024-02-27,Stable,0.9715386463274716
2024-02-28,Stable,0.9742418809700287
2024-02-29,Stable,0.9748635735201899
2024-03-01,Stable,0.9725630667457342
2024-03-04,Stable,0.9708700485283472
2024-03-05,Stable,0.9664207895271694
2024-03-06,Stable,0.9626585519031983
2024-03-07,Stable,0.9634413792164135
2024-03-11,Stable,0.9603969774236836
2024-03-12,Stable,0.9550932158435214
2024-03-13,Stable,0.9459453996541133
2024-03-14,Stable,0.9418047214353238
2024-03-15,Stable,0.9332788458308663
2024-03-18,Stable,0.9272783503307149
2024-03-19,Stable,0.9223755757651109
2024-03-20,Stable,0.9204859593150108
2024-03-21,Stable,0.9120448278812494
2024-03-22,Stable,0.899404267169049
2024-03-26,Stable,0.9118733058291527
2024-03-27,Stable,0.9191823398912201
2024-03-28,Stable,0.9203479058573742
2024-04-01,Stable,0.9186212265212067
2024-04-02,Stable,0.9111281534038517
2024-04-03,Stable,0.8967022445908835
2024-04-04,Stable,0.8705275674080001
2024-04-05,Stable,0.8249616978776961
2024-04-08,Stable,0.758334761474196
2024-04-09,Stable,0.6585648423688656
2024-04-10,Stable,0.49252408477118403
2024-04-12,Stable,0.7054830109744661
2024-04-15,Stable,0.763898478311426
2024-04-16,Stable,0.7735605168895645
2024-04-18,Stable,0.7795679936921465
2024-04-19,Stable,0.7856786258586236
2024-04-22,Stable,0.7913766623930867
2024-04-23,Stable,0.7710603710479721
2024-04-24,Stable,0.7403896516866594
2024-04-25,Stable,0.6969962182413674
2024-04-26,Stable,0.604283561385185
2024-04-29,Stable,0.5263343716634342
2024-04-30,Stable,0.5225773192336121
2024-05-02,Stable,0.5816957069369215
2024-05-03,Stable,0.627319042198586
2024-05-06,Stable,0.655072726129129
2024-05-07,Stable,0.6764619281721581
2024-05-08,Stable,0.6911545525331046
2024-05-09,Stable,0.6940967341563314
2024-05-10,Stable,0.7088237992694307
2024-05-13,Stable,0.714371047779746
2024-05-14,Stable,0.7164636456014666
2024-05-15,Stable,0.716566217733246
2024-05-16,Stable,0.7153248856900764
2024-05-17,Stable,0.7038762432713945
2024-05-21,Stable,0.6792345760816316
2024-05-22,Stable,0.6367552369018824
2024-05-23,Stable,0.5622090564244744
2024-05-24,Stable,0.5652332577763296
2024-05-27,Stable,0.5585052640976215
2024-05-28,Stable,0.5542932147058871
2024-05-29,Stable,0.5362860810130063
2024-05-30,Stable,0.5073869676495989
2024-05-31,Stable,0.5108745633035724
2024-06-03,Stable,0.5572698033682519
2024-06-04,Stable,0.6176772282744533
2024-06-05,Stable,0.61779591556407
2024-06-06,Stable,0.5959960385493001
2024-06-07,Stable,0.5345529300296885
2024-06-10,Stable,0.609587939284272
2024-06-11,Stable,0.7098179105847798
2024-06-12,Stable,0.7872323680905176
2024-06-13,Stable,0.8339175857128301
2024-06-14,Stable,0.8604429104798346
2024-06-18,Stable,0.8744284138658408
2024-06-19,Stable,0.8796060794238337
2024-06-20,Stable,0.883803061780836
2024-06-21,Stable,0.9091550810795767
2024-06-24,Stable,0.9236025608615451
2024-06-25,Stable,0.9464946691123004
2024-06-26,Stable,0.961277466048946
2024-06-27,Stable,0.9727431535827867
2024-06-28,Stable,0.9795912848227516
2024-07-01,Stable,0.9831224380649356
2024-07-02,Stable,0.9842830321394259
2024-07-03,Stable,0.9833960507947499
2024-07-04,Stable,0.9807494163186498
2024-07-05,Stable,0.9796929636661765
2024-07-08,Stable,0.9766089866695326
2024-07-09,Stable,0.972012857702387
2024-07-10,Stable,0.971392837706749
2024-07-11,Stable,0.968704583174501
2024-07-12,Stable,0.9657479339530752
2024-07-15,Stable,0.9584922837146908
2024-07-16,Stable,0.945823551191144
2024-07-18,Stable,0.9254043184894133
2024-07-19,Stable,0.8968860071373207
2024-07-22,Stable,0.8774546413472569
2024-07-23,Stable,0.8535682493223239
2024-07-24,Stable,0.8184477033067802
2024-07-25,Stable,0.7728537007013294
2024-07-26,Stable,0.7747974638343978
2024-07-29,Stable,0.834913080338284
2024-07-30,Stable,0.8713437007306214
2024-07-31,Stable,0.9082219016353421
2024-08-01,Stable,0.936122839259591
2024-08-02,Stable,0.9527417497157445
2024-08-05,Stable,0.9647274339016668
2024-08-06,Stable,0.9728739370572133
2024-08-07,Stable,0.9786986962683314
2024-08-08,Stable,0.9863946176699516
2024-08-09,Stable,0.9908922919650179
2024-08-12,Stable,0.9935426926092806
2024-08-13,Stable,0.9950657082011571
2024-08-14,Stable,0.9959101129550615
2024-08-16,Stable,0.9962457039412403
2024-08-19,Stable,0.9961700484078688
2024-08-20,Stable,0.9956891832001977
2024-08-21,Stable,0.9955091027204034
2024-08-22,Stable,0.9947892486293065
2024-08-23,Stable,0.994160700298647
2024-08-26,Stable,0.9945780638815354
2024-08-27,Stable,0.9943455348484961
2024-08-28,Stable,0.9940884281918021
2024-08-29,Stable,0.9944108707147277
2024-08-30,Stable,0.9946349622325648
2024-09-02,Stable,0.9954466125987489
2024-09-03,Stable,0.9958248392819233
2024-09-04,Stable,0.9958119534873916
2024-09-05,Stable,0.9963259696713179
2024-09-06,Stable,0.9966071432947402
2024-09-09,Stable,0.9965915536501092
2024-09-10,Stable,0.9962905522957418
2024-09-11,Stable,0.9959864788938432
2024-09-12,Stable,0.9953432702562209
2024-09-13,Stable,0.9949706185707355
2024-09-16,Stable,0.9944495891304654
2024-09-17,Stable,0.993284405890443
2024-09-18,Stable,0.9909860263700748
2024-09-19,Stable,0.9912660785935548
2024-09-20,Stable,0.9905415496128868
2024-09-23,Stable,0.9896893715129841
2024-09-24,Stable,0.9873529122609678
2024-09-25,Stable,0.9828296018060951
2024-09-26,Stable,0.9747428295180418
2024-09-27,Stable,0.9678222550959837
2024-09-30,Stable,0.973922354344285
2024-10-01,Stable,0.9801245595871753
2024-10-03,Stable,0.9835473774456296
2024-10-04,Stable,0.9851974791886768
2024-10-07,Stable,0.9848754937123368
2024-10-08,Stable,0.9826846099582347
2024-10-09,Stable,0.978393962239472
2024-10-10,Stable,0.9713689681831242
2024-10-11,Stable,0.9741936406825801
2024-10-14,Stable,0.9748597504980853
2024-10-15,Stable,0.9727641415032593
2024-10-16,Stable,0.9684214070392693
2024-10-17,Stable,0.9595325862980972
2024-10-18,Stable,0.9452159511114311
2024-10-21,Stable,0.9270177043501764
2024-10-22,Stable,0.9010176604913185
2024-10-23,Stable,0.8604950723887793
2024-10-24,Stable,0.8585030875716514
2024-10-25,Stable,0.8486305185627502
2024-10-28,Stable,0.8291701449757909
2024-10-29,Stable,0.8276130048643132
2024-10-30,Stable,0.8329390415273029
2024-10-31,Stable,0.8360475181374475
2024-11-01,Stable,0.8306760809462461
2024-11-04,Stable,0.8158938392046011
2024-11-05,Stable,0.8362879291789779
2024-11-06,Stable,0.8460800830138689
2024-11-07,Stable,0.8544038986998163
2024-11-08,Stable,0.8806931507596619
2024-11-11,Stable,0.9000230317405576
2024-11-12,Stable,0.9140103950855498
2024-11-13,Stable,0.9202769435031231
2024-11-14,Stable,0.9269168605508248
2024-11-18,Stable,0.9293369453152719
2024-11-19,Stable,0.9317098924920459
2024-11-21,Stable,0.9373286572290804
2024-11-22,Stable,0.9375006243952304
2024-11-25,Stable,0.9342875560843762
2024-11-26,Stable,0.9248761840435474
2024-11-27,Stable,0.9273767509759052
2024-11-28,Stable,0.9263961242784007
2024-11-29,Stable,0.9229693444856277
2024-12-02,Stable,0.9413910901701275
2024-12-03,Stable,0.9621368267939173
2024-12-04,Stable,0.975579796997545
2024-12-05,Stable,0.983389743508204
2024-12-06,Stable,0.9886053372651981
2024-12-09,Stable,0.9920586411169608
2024-12-10,Stable,0.9939872203649587
2024-12-11,Stable,0.9949515460426565
2024-12-12,Stable,0.9952345301077501
2024-12-13,Stable,0.9952228077568251
2024-12-16,Stable,0.9946992754029822
2024-12-17,Stable,0.9935078697185575
2024-12-18,Stable,0.9931310819082115
2024-12-19,Stable,0.9921188581738628
2024-12-20,Stable,0.9915243121002948
2024-12-23,Stable,0.9907245378040339
2024-12-24,Stable,0.988542836064596
2024-12-26,Stable,0.9843258017094901
2024-12-27,Stable,0.9799539080920057
2024-12-30,Stable,0.9745116186712485
2024-12-31,Stable,0.9684411589134327
2025-01-01,Stable,0.9570903964674615
2025-01-02,Stable,0.937232976855876
2025-01-03,Stable,0.9082770483229967
2025-01-06,Stable,0.8861412098549689
2025-01-07,Stable,0.8477176774710535
2025-01-08,Stable,0.7824596547978021
2025-01-09,Stable,0.6963011229248925
2025-01-10,Transitional,0.5690419880432591
2025-01-13,Transitional,0.5279028747597059
2025-01-14,Transitional,0.517090529120792
2025-01-15,Transitional,0.5041145078026146
2025-01-16,Transitional,0.5100160635148949
2025-01-17,Transitional,0.5504464442655197
2025-01-20,Transitional,0.5994981833447913
2025-01-21,Transitional,0.6743476418245811
2025-01-22,Transitional,0.7666793080963665
2025-01-23,Transitional,0.8230402185631607
2025-01-24,Transitional,0.8585506937030943
2025-01-27,Transitional,0.8610285200361684
2025-01-28,Transitional,0.7414356425108801
2025-01-29,Transitional,0.8365229360383106
2025-01-30,Transitional,0.8012610006899868
2025-01-31,Transitional,0.7602124699829044
2025-02-01,Transitional,0.734502875740346
2025-02-03,Transitional,0.7222390998705414
2025-02-04,Transitional,0.7196789751931085
2025-02-05,Transitional,0.7230987217373378
2025-02-06,Transitional,0.7337537856039442
2025-02-07,Transitional,0.7575112403366151
2025-02-10,Transitional,0.7990955304317768
2025-02-11,Transitional,0.8469729432192901
2025-02-12,Transitional,0.8765084402250525
2025-02-13,Transitional,0.8904017413956924
2025-02-14,Transitional,0.9063204870860435
2025-02-17,Transitional,0.9247484374736183
2025-02-18,Transitional,0.9255152469953803
2025-02-19,Transitional,0.9236899345665267
2025-02-20,Transitional,0.9255835386291359
2025-02-21,Transitional,0.9271980860627517
2025-02-24,Transitional,0.9328518783023563
2025-02-25,Transitional,0.9342111394501185
2025-02-27,Transitional,0.925613359423063
2025-02-28,Transitional,0.9027344527674598
2025-03-03,Transitional,0.911776440444823
2025-03-04,Transitional,0.8971711449025764
2025-03-05,Transitional,0.8800407104371715
2025-03-06,Transitional,0.8640222627847889
2025-03-07,Transitional,0.8500726346507443
2025-03-10,Transitional,0.8390862747639153
2025-03-11,Transitional,0.8232024331676281
2025-03-12,Transitional,0.8086440124191127
2025-03-13,Transitional,0.7908173610143152
2025-03-17,Transitional,0.780094482743697
2025-03-18,Transitional,0.7758078857503935
2025-03-19,Transitional,0.7771374223451086
2025-03-20,Transitional,0.7818289241857662
2025-03-21,Transitional,0.7880716547087634
2025-03-24,Transitional,0.7965817193130266
2025-03-25,Transitional,0.8096753234739951
2025-03-26,Transitional,0.8277780896092556
2025-03-27,Transitional,0.8557519403746235
2025-03-28,Transitional,0.8817777755020887
2025-04-01,Transitional,0.9125787383783267
2025-04-02,Transitional,0.9223239463273794
2025-04-03,Transitional,0.873482737391059
2025-04-04,Transitional,0.8558965018248195
2025-04-07,Transitional,0.913192354568474
2025-04-08,Transitional,0.9560983764080734
2025-04-09,Transitional,0.9580170653484871
2025-04-11,Transitional,0.961494434000396
2025-04-15,Transitional,0.9698114223826342
2025-04-16,Transitional,0.9646717804241672
2025-04-17,Transitional,0.926292288571444
2025-04-21,Transitional,0.960366055543858
2025-04-22,Transitional,0.9629638629649051
2025-04-23,Transitional,0.9523370091490344
2025-04-24,Transitional,0.9581249130600784
2025-04-25,Transitional,0.9532450297848035
2025-04-28,Transitional,0.9263598221844185
2025-04-29,Transitional,0.9330795148780852
2025-04-30,Transitional,0.9226163900516586
2025-05-02,Transitional,0.9074704786386537
2025-05-05,Transitional,0.8960985942397228
2025-05-06,Transitional,0.8896461845447495
2025-05-07,Transitional,0.8819392828338535
2025-05-08,Transitional,0.8759115395598822
2025-05-09,Transitional,0.8618219556189916
2025-05-12,Transitional,0.8239202720537773
2025-05-13,Stable,0.6954633748297226
2025-05-14,Stable,0.5894974849907928
2025-05-15,Stable,0.5196219467755587
2025-05-16,Stable,0.5659021712456331
2025-05-19,Stable,0.6249182216427743
2025-05-20,Stable,0.6590673753144932
2025-05-21,Stable,0.6943817271384725
2025-05-22,Stable,0.7278184221994036
2025-05-23,Stable,0.7504476607079873
2025-05-26,Stable,0.806695852325765
2025-05-27,Stable,0.8419214367949494
2025-05-28,Stable,0.8618146623680156
2025-05-29,Stable,0.8780937557421399
2025-05-30,Stable,0.908735273052276
2025-06-02,Stable,0.9413058415170006
2025-06-03,Stable,0.9607771185080997
2025-06-04,Stable,0.9731085865250101
2025-06-05,Stable,0.9802450709194539
2025-06-06,Stable,0.9861211630351355
2025-06-09,Stable,0.9895129717651551
2025-06-10,Stable,0.9920454998728426
2025-06-11,Stable,0.9934766574954227
2025-06-12,Stable,0.9939303283936081
2025-06-13,Stable,0.9936315674516226
2025-06-16,Stable,0.992405521970205
2025-06-17,Stable,0.9899755196317571
2025-06-18,Stable,0.9927744597348117
2025-06-19,Stable,0.9943414494883484
2025-06-20,Stable,0.995061880219006
2025-06-23,Stable,0.9959996074017455
2025-06-24,Stable,0.9964951102977119
2025-06-25,Stable,0.9966442561302034
2025-06-26,Stable,0.996580504788507
2025-06-27,Stable,0.9961802201272633
2025-06-30,Stable,0.9961428629460531
2025-07-01,Stable,0.9962399795224538
2025-07-02,Stable,0.9962458330567696
2025-07-03,Stable,0.9960646405257438
2025-07-04,Stable,0.9954205446038272
2025-07-07,Stable,0.9942275383256409
2025-07-08,Stable,0.9922995763917136
2025-07-09,Stable,0.989355659129619
2025-07-10,Stable,0.9843598101341483
2025-07-11,Stable,0.9765446473143847
2025-07-14,Stable,0.9640274339174876
2025-07-15,Stable,0.9442631491969171
2025-07-16,Stable,0.9448767138488658
2025-07-17,Stable,0.949093684498693
2025-07-18,Stable,0.9485702648640446
2025-07-21,Stable,0.9447062998025129
2025-07-22,Stable,0.9351300765474757
2025-07-23,Stable,0.9220440445905371
2025-07-24,Stable,0.8983424449356637
2025-07-25,Stable,0.8596094200111938
2025-07-28,Stable,0.7949293194550975
2025-07-29,Stable,0.6847175454858786
2025-07-30,Stable,0.5038885202332061
2025-07-31,Stable,0.6386344689791081
2025-08-01,Stable,0.6615587863733163
2025-08-04,Stable,0.6821090884853224
2025-08-05,Stable,0.6268689770515234
2025-08-06,Stable,0.5727041926656382
2025-08-07,Stable,0.5645742541546119
2025-08-08,Stable,0.6561880520901462
2025-08-11,Stable,0.7208424727562687
2025-08-12,Stable,0.7799321790413741
2025-08-13,Stable,0.8200329816809692
2025-08-14,Stable,0.8505210339988424
2025-08-18,Stable,0.866649208548143
2025-08-19,Stable,0.8750858056370174
2025-08-20,Stable,0.8765381419019492
2025-08-21,Stable,0.870641013319391
2025-08-22,Stable,0.8559779739248208
2025-08-25,Stable,0.8277093048257038
2025-08-26,Stable,0.7860489609076299
2025-08-28,Stable,0.8282565413360331
2025-08-29,Stable,0.861158276520083
2025-09-01,Stable,0.8803871223940093
2025-09-02,Stable,0.9228699754206346
2025-09-03,Stable,0.947650219538106
2025-09-04,Stable,0.9648578852190983
2025-09-05,Stable,0.974758943391154
2025-09-08,Stable,0.9810758942347257
2025-09-09,Stable,0.9859051100497525
2025-09-10,Stable,0.9888557260817799
2025-09-11,Stable,0.9900345149303141
2025-09-12,Stable,0.9909230151496229
2025-09-15,Stable,0.9906426460739393
2025-09-16,Stable,0.9903799152440198
2025-09-17,Stable,0.9889538742903597
2025-09-18,Stable,0.9861368177888293
2025-09-19,Stable,0.9858439776738688
2025-09-22,Stable,0.9837662157065004
2025-09-23,Stable,0.9805844080686409
2025-09-24,Stable,0.9761483396964008
2025-09-25,Stable,0.9680603881079317
2025-09-26,Stable,0.9536599117775616
2025-09-29,Stable,0.9569877860331195
2025-09-30,Stable,0.9560725727896529
2025-10-01,Stable,0.950748885405537
2025-10-03,Stable,0.9609368723087862
2025-10-06,Stable,0.9663243783710849
2025-10-07,Stable,0.9724992206664638
2025-10-08,Stable,0.9750760290763051
2025-10-09,Stable,0.9789796371908411
2025-10-10,Stable,0.9852060191792698
2025-10-13,Stable,0.989351055128205
2025-10-14,Stable,0.9916243035630751
2025-10-15,Stable,0.9936870492579875
2025-10-16,Stable,0.9947177920227037
2025-10-17,Stable,0.9950234157494893
2025-10-20,Stable,0.9958580241062985
2025-10-21,Stable,0.9963591889927826
2025-10-23,Stable,0.996465628343427
2025-10-24,Stable,0.996224591029604
2025-10-27,Stable,0.9957183099489768
2025-10-28,Stable,0.9948205502311798
2025-10-29,Stable,0.9933909734809395
2025-10-30,Stable,0.9939115732538932
2025-10-31,Stable,0.9943250082632573
2025-11-03,Stable,0.9947089268166479
2025-11-04,Stable,0.995058573856628
2025-11-06,Stable,0.9958562997319665
2025-11-07,Stable,0.9962445172070434
2025-11-10,Stable,0.9962594700120915
2025-11-11,Stable,0.9959267727082022
2025-11-12,Stable,0.9959507913725675
2025-11-13,Stable,0.9961056294657489
2025-11-14,Stable,0.9958530722440839
2025-11-17,Stable,0.9960499796421287
2025-11-18,Stable,0.9958633604737699
2025-11-19,Stable,0.995314095542007
2025-11-20,Stable,0.9958390077200066
2025-11-21,Stable,0.9960663843050174
2025-11-24,Stable,0.9958449382472048
2025-11-25,Stable,0.9951120352171543
2025-11-26,Stable,0.9937718776141845
2025-11-27,Stable,0.9939216566586635
2025-11-28,Stable,0.9932564894023587
2025-12-01,Stable,0.99292700527662
2025-12-02,Stable,0.9939379842055153
2025-12-03,Stable,0.9943925552263133
2025-12-04,Stable,0.9941687988146805
2025-12-05,Stable,0.9934314383009432
2025-12-08,Stable,0.9924931873584745
2025-12-09,Stable,0.9908469453149674
2025-12-10,Stable,0.9898601594146963
2025-12-11,Stable,0.9875635303476621
2025-12-12,Stable,0.9853477572662906
2025-12-15,Stable,0.982223545273225
2025-12-16,Stable,0.9760712423117093
2025-12-17,Stable,0.9684336726569349
2025-12-18,Stable,0.9560249936404326
2025-12-19,Stable,0.962385868348425
2025-12-22,Stable,0.9644870432344147
2025-12-23,Stable,0.9673129356319605
2025-12-24,Stable,0.9685092181799291
2025-12-26,Stable,0.9696310416165291
2025-12-29,Stable,0.9703343380174484
2025-12-30,Stable,0.9678508337041322
2025-12-31,Stable,0.9613487195512113
2026-01-01,Stable,0.9490288953997266
2026-01-02,Stable,0.9272960368738185
2026-01-05,Stable,0.8908477942382563
2026-01-06,Stable,0.8285252834417293
2026-01-07,Stable,0.7830717828127484
2026-01-08,Stable,0.7304292623381182
2026-01-09,Stable,0.6764769282379685
2026-01-12,Stable,0.6439347248230957
2026-01-13,Stable,0.5861114789581016
2026-01-14,Stable,0.4956783315858155
2026-01-15,Stable,0.5637872284726885
2026-01-16,Stable,0.6714828618104509
2026-01-19,Stable,0.7322626070027174
2026-01-20,Stable,0.7916006418726127
2026-01-21,Stable,0.8292531331796613
2026-01-22,Stable,0.8328063233253947
2026-01-23,Stable,0.8358449492275826
2026-01-27,Stable,0.8434931124987916
2026-01-28,Stable,0.8571957048524613
2026-01-29,Stable,0.8684600068767281
2026-01-30,Stable,0.8730332939219005
2026-02-02,Stable,0.8426087963506568
2026-02-03,Stable,0.7244240450034225
2026-02-04,Stable,0.5451089700099384
2026-02-05,Stable,0.6307940466594004
2026-02-06,Stable,0.7604561321129233
2026-02-09,Stable,0.8432818093242633
2026-02-10,Stable,0.8947933155222583
2026-02-11,Stable,0.9248283833876152
2026-02-12,Stable,0.9419635545697119
2026-02-13,Stable,0.9511041191750595
2026-02-16,Stable,0.958916751549663
2026-02-17,Stable,0.9619556930372449
2026-02-18,Stable,0.9630571033697962
2026-02-19,Stable,0.9606039396448323
2026-02-20,Stable,0.9554105090479525
2026-02-23,Stable,0.9456943965471774
2026-02-24,Stable,0.9285126058151393
2026-02-25,Stable,0.8985144183208126
2026-02-26,Stable,0.8792436656250308
2026-02-27,Stable,0.8559131343612327
2026-03-02,Stable,0.8677765628063341
2026-03-04,Stable,0.8737975432461874
2026-03-05,Stable,0.8721785751673893
2026-03-06,Stable,0.878320990280672
2026-03-09,Stable,0.8791278507193431
2026-03-10,Stable,0.8727544481157036
2026-03-11,Stable,0.8570938560398742
2026-03-12,Stable,0.8309708537063573
2026-03-13,Stable,0.7847480837238042
2026-03-16,Stable,0.7403025922782543
2026-03-17,Stable,0.6872011669571824
2026-03-18,Stable,0.602111657665454
2026-03-19,Transitional,0.4933718504654853
2026-03-20,Transitional,0.5508713360105945
2026-03-23,Transitional,0.5937698070515354
2026-03-24,Transitional,0.641111607045169
2026-03-25,Transitional,0.7105292671844909
2026-03-27,Transitional,0.7471231771187647
2026-03-30,Transitional,0.7915658203915832
2026-04-01,Transitional,0.8155521467330709
2026-04-02,Transitional,0.8297485802385393
2026-04-06,Transitional,0.8403739559062882
2026-04-07,Transitional,0.851373336793516
2026-04-08,Transitional,0.8673073462973374
2026-04-09,Transitional,0.8864043733788828
2026-04-10,Transitional,0.8825970321611886
2026-04-13,Transitional,0.9240010121640206
2026-04-15,Transitional,0.9160202598062838
2026-04-16,Transitional,0.9196670337875487
2026-04-17,Transitional,0.9136705211242804
2026-04-20,Transitional,0.9100128089732293
2026-04-21,Transitional,0.9085026831688711
2026-04-22,Transitional,0.8992908026515954
2026-04-23,Transitional,0.8250245294870836
2026-04-24,Volatile,0.6011411020001199
2026-04-27,Volatile,0.962091151625427
2026-04-28,Stable,0.6493433159278618
2026-04-29,Stable,0.6968242595408849
2026-04-30,Stable,0.6209102644616041
2026-05-01,Stable,0.49911591574121683
2026-05-04,Stable,0.5714481233744017
2026-05-05,Stable,0.6253733734345293
2026-05-06,Stable,0.6553682032283215
2026-05-07,Stable,0.6899987222448881
2026-05-08,Stable,0.7149643158803547
2026-05-11,Stable,0.7282804004741399
2026-05-12,Stable,0.7395971353029747
2026-05-13,Stable,0.7550194911975641
2026-05-14,Stable,0.7684708234136536
2026-05-15,Stable,0.8004525759164076
2026-05-18,Stable,0.8204704852767744
2026-05-19,Stable,0.8409976912163085
2026-05-20,Stable,0.8615690094850994
2026-05-21,Stable,0.8713458292016834
2026-05-22,Stable,0.8738272635916833
2026-05-25,Stable,0.9090875474197292
2026-05-26,Stable,0.9298721989299793
2026-05-27,Stable,0.9411200568556818
2026-05-28,Stable,0.9460288483868597
2026-05-29,Stable,0.9459859061073513
2026-06-01,Stable,0.9661129487812178
2026-06-02,Stable,0.9781148014124371
2026-06-03,Stable,0.9856669365979266
2026-06-04,Stable,0.9900815834184242
2026-06-05,Stable,0.9930202619473164
2026-06-08,Stable,0.9946635861420646
2026-06-09,Stable,0.995553037635974
2026-06-10,Stable,0.9962490421419642
2026-06-11,Stable,0.9965954556472132
2026-06-12,Stable,0.9966923528170158
2026-06-15,Stable,0.9968114963404796
2026-06-16,Stable,0.9966766067022043
2026-06-17,Stable,0.9963488196861106
2026-06-18,Stable,0.9964496235471471
2026-06-19,Stable,0.996197384852326
2026-06-22,Stable,0.995862521524044
2026-06-23,Stable,0.9963838098134289
2026-06-24,Stable,0.9965372390457993
2026-06-25,Stable,0.9963889668155954
2026-06-26,Stable,0.9962991861981639
2026-06-29,Stable,0.9958117387402795
2026-06-30,Stable,0.9950588877923012
2026-07-01,Stable,0.9941924953629934
2026-07-02,Stable,0.992418401386223
2026-07-03,Stable,0.9892460837080358
2026-07-06,Stable,0.9887483621515747
2026-07-07,Stable,0.9867390404631758
2026-07-08,Stable,0.9827225861402872
2026-07-09,Stable,0.9774622212751002
2026-07-10,Stable,0.9836770504762491
2026-07-13,Stable,0.9870627441917941
2026-07-14,Stable,0.9895200332294264
2026-07-15,Stable,0.9917657069833313
2026-07-16,Stable,0.9928430509409816
2026-07-17,Stable,0.9929146667225912
2026-07-20,Stable,0.9931443546799507
2026-07-21,Stable,0.9938419667543239
2026-07-22,Stable,0.9937048076075943
2026-07-23,Stable,0.9939353209996291
2026-07-24,Stable,0.993548788347791
2026-07-27,Stable,0.9928912231539365
2026-07-28,Stable,0.9940835831989469
2026-07-29,Stable,0.9944169214010831
2026-07-30,Stable,0.9943151547241857
2026-07-31,Stable,0.9936425764724669
2026-08-03,Stable,0.9924783140566071
2026-08-04,Stable,0.9927798490184869
2026-08-05,Stable,0.9920512666500113
2026-08-06,Stable,0.9923391699293291
2026-08-07,Stable,0.9917868758757666
2026-08-10,Stable,0.99021310812524
2026-08-11,Stable,0.9869878353751831
2026-08-12,Stable,0.981281430862189
2026-08-13,Stable,0.9713579022072033
2026-08-14,Stable,0.956978954240582
