{"_ts": 1783952164.1280823, "m_^CNXIT": {"vals": [0.033773428206501185, 0.10330406411709549, 0.038537292784367815], "ts": 1783952159.226358}, "m_ICICIBANK.NS": {"vals": [0.061690287677141485, 0.024941863035187178, -0.0036756565712521513], "ts": 1783952159.226358}, "m_BAJFINANCE.NS": {"vals": [0.09188808521825473, 0.017765589038006967, -0.019088752435551557], "ts": 1783952159.226358}, "m_INFY.NS": {"vals": [-0.02846069973855291, 0.10215908504373922, 0.02873663496422513], "ts": 1783952159.226358}, "m_TCS.NS": {"vals": [0.009019426456984274, 0.07383706620723603, 0.040742282507996504], "ts": 1783952159.226358}, "m_^CNXPHARMA": {"vals": [0.05876317698747594, 0.01251457822120368, -0.001337721463374636], "ts": 1783952159.226358}, "m_TITAN.NS": {"vals": [0.07776320383644995, 0.04827410070397946, 0.002692858472087701], "ts": 1783952159.226358}, "m_SBIN.NS": {"vals": [0.015820174168876152, 0.009835403004981359, -0.0010596046737373613], "ts": 1783952159.226358}, "m_^NSEBANK": {"vals": [0.016305384461936585, 0.010228035035274634, -0.0011898482480377202], "ts": 1783952159.226358}, "m_BHARTIARTL.NS": {"vals": [0.03291337131400619, 0.026889875177173325, -0.012462352991736769], "ts": 1783952159.226358}, "m_HCLTECH.NS": {"vals": [0.09103895103947889, 0.13939158008725555, 0.04536894557034801], "ts": 1783952159.226358}, "m_HDFCBANK.NS": {"vals": [0.06963207647993463, 0.02506422669846507, -0.013686212170511901], "ts": 1783952159.226358}, "m_WIPRO.NS": {"vals": [-0.016264263577108282, 0.047185828481323765, 0.031387240900469654], "ts": 1783952159.226358}, "m_^NSEI": {"vals": [0.014970281737042316, 0.014466337743418916, -0.007693001051701815], "ts": 1783952159.226358}, "m_^CNXENERGY": {"vals": [-0.0069275841404107495, -0.013088623381688706, 0.0008140751774054915], "ts": 1783952159.226358}, "m_RELIANCE.NS": {"vals": [-0.007727601825506886, 0.0023185717160477976, -0.008789360887661262], "ts": 1783952159.226358}, "m_AXISBANK.NS": {"vals": [-0.034994137749145664, -0.018787562483665032, -0.015348538572357526], "ts": 1783952159.226358}, "m_^CNXAUTO": {"vals": [0.00014827170790473543, 0.018946487660331895, -0.013238978184943405], "ts": 1783952159.226358}, "m_MARUTI.NS": {"vals": [-0.00796812749003984, -0.02975557917109458, -0.057985967808501855], "ts": 1783952159.226358}, "m_KOTAKBANK.NS": {"vals": [-0.052002479614333026, -0.019375413903162844, 0.007728534438330268], "ts": 1783952159.226358}, "m_ASIANPAINT.NS": {"vals": [-0.023433106213923756, 0.0062223116394881095, -0.029032659999531633], "ts": 1783952159.226358}, "p_^CNXIT": {"price": 29015.849609375, "ts": 1783952159.226358}, "p_ICICIBANK.NS": {"price": 1409.5, "ts": 1783952159.226358}, "p_BAJFINANCE.NS": {"price": 1022.5999755859375, "ts": 1783952159.226358}, "p_INFY.NS": {"price": 1102.5999755859375, "ts": 1783952159.226358}, "p_TCS.NS": {"price": 2181.5, "ts": 1783952159.226358}, "p_^CNXPHARMA": {"price": 25643.349609375, "ts": 1783952159.226358}, "p_TITAN.NS": {"price": 4601.5, "ts": 1783952159.226358}, "p_SBIN.NS": {"price": 1037.0, "ts": 1783952159.226358}, "p_^NSEBANK": {"price": 58131.44921875, "ts": 1783952159.226358}, "p_BHARTIARTL.NS": {"price": 1901.800048828125, "ts": 1783952159.226358}, "p_HCLTECH.NS": {"price": 1221.199951171875, "ts": 1783952159.226358}, "p_HDFCBANK.NS": {"price": 817.9500122070312, "ts": 1783952159.226358}, "p_WIPRO.NS": {"price": 178.42999267578125, "ts": 1783952159.226358}, "p_^NSEI": {"price": 24211.0, "ts": 1783952159.226358}, "p_^CNXENERGY": {"price": 39220.3515625, "ts": 1783952159.226358}, "p_RELIANCE.NS": {"price": 1296.9000244140625, "ts": 1783952159.226358}, "p_AXISBANK.NS": {"price": 1319.4000244140625, "ts": 1783952159.226358}, "p_^CNXAUTO": {"price": 26981.5, "ts": 1783952159.226358}, "p_MARUTI.NS": {"price": 13695.0, "ts": 1783952159.226358}, "p_KOTAKBANK.NS": {"price": 384.6499938964844, "ts": 1783952159.226358}, "p_ASIANPAINT.NS": {"price": 2652.10009765625, "ts": 1783952159.226358}}