{"_ts": 1783928858.7841978, "m_HDFCBANK.NS": {"vals": [0.07100514403481045, 0.026380083302144558, -0.012420098811746393], "ts": 1783928855.5483506}, "m_SBIN.NS": {"vals": [0.01777932590304949, 0.011783012268250367, 0.0008669920385601559], "ts": 1783928855.5483506}, "m_AXISBANK.NS": {"vals": [-0.0345553171133084, -0.018341372172739834, -0.014900784421544454], "ts": 1783928855.5483506}, "m_^CNXAUTO": {"vals": [-0.00338614064961542, 0.01534564450585787, -0.016726081495602247], "ts": 1783928855.5483506}, "m_ICICIBANK.NS": {"vals": [0.05845132345056626, 0.02181500950057156, -0.006715204868799648], "ts": 1783928855.5483506}, "m_WIPRO.NS": {"vals": [-0.013121649678806621, 0.050531138219339876, 0.03468208092485549], "ts": 1783928855.5483506}, "m_^NSEBANK": {"vals": [0.013685615267420174, 0.007623931656423177, -0.0037645193131874825], "ts": 1783928855.5483506}, "m_TCS.NS": {"vals": [0.012488436632747455, 0.07752891951759783, 0.044320355906488355], "ts": 1783928855.5483506}, "m_^CNXENERGY": {"vals": [-0.008901383330971091, -0.01505017708634768, -0.0011751110893147225], "ts": 1783928855.5483506}, "m_^NSEI": {"vals": [0.015072957555667038, 0.014568962582361752, -0.007592617882581151], "ts": 1783928855.5483506}, "m_BAJFINANCE.NS": {"vals": [0.08847131557101462, 0.014580765776623539, -0.022158249962529977], "ts": 1783928855.5483506}, "m_MARUTI.NS": {"vals": [-0.008185440057950018, -0.029968119022316685, -0.058192323565827486], "ts": 1783928855.5483506}, "m_ASIANPAINT.NS": {"vals": [-0.022438919406411413, 0.007246688928972278, -0.028044173776932652], "ts": 1783928855.5483506}, "m_^CNXPHARMA": {"vals": [0.05686191196926042, 0.010696363732971639, -0.0031310608016349305], "ts": 1783928855.5483506}, "m_INFY.NS": {"vals": [-0.021675896604758837, 0.10985607930030919, 0.03592087912488414], "ts": 1783928855.5483506}, "m_RELIANCE.NS": {"vals": [-0.005738332058148432, 0.004327981668037627, -0.006802219694277502], "ts": 1783928855.5483506}, "m_TITAN.NS": {"vals": [0.0793090785285359, 0.04977767811029564, 0.004131057056275518], "ts": 1783928855.5483506}, "m_^CNXIT": {"vals": [0.03933854599946489, 0.1092434865386212, 0.04412805591392287], "ts": 1783928855.5483506}, "m_KOTAKBANK.NS": {"vals": [-0.06346272335181762, -0.03123008285532186, -0.004453791335246738], "ts": 1783928855.5483506}, "m_BHARTIARTL.NS": {"vals": [0.03503150212389885, 0.02899565398049406, -0.010437271340023684], "ts": 1783928855.5483506}, "m_HCLTECH.NS": {"vals": [0.0979183157373088, 0.14657582424791457, 0.051960345642281934], "ts": 1783928855.5483506}, "p_HDFCBANK.NS": {"price": 819.0, "ts": 1783928855.5483506}, "p_SBIN.NS": {"price": 1039.0, "ts": 1783928855.5483506}, "p_AXISBANK.NS": {"price": 1320.0, "ts": 1783928855.5483506}, "p_^CNXAUTO": {"price": 26886.150390625, "ts": 1783928855.5483506}, "p_ICICIBANK.NS": {"price": 1405.199951171875, "ts": 1783928855.5483506}, "p_WIPRO.NS": {"price": 179.0, "ts": 1783928855.5483506}, "p_^NSEBANK": {"price": 57981.6015625, "ts": 1783928855.5483506}, "p_TCS.NS": {"price": 2189.0, "ts": 1783928855.5483506}, "p_^CNXENERGY": {"price": 39142.3984375, "ts": 1783928855.5483506}, "p_^NSEI": {"price": 24213.44921875, "ts": 1783928855.5483506}, "p_BAJFINANCE.NS": {"price": 1019.4000244140625, "ts": 1783928855.5483506}, "p_MARUTI.NS": {"price": 13692.0, "ts": 1783928855.5483506}, "p_ASIANPAINT.NS": {"price": 2654.800048828125, "ts": 1783928855.5483506}, "p_^CNXPHARMA": {"price": 25597.30078125, "ts": 1783928855.5483506}, "p_INFY.NS": {"price": 1110.300048828125, "ts": 1783928855.5483506}, "p_RELIANCE.NS": {"price": 1299.5, "ts": 1783928855.5483506}, "p_TITAN.NS": {"price": 4608.10009765625, "ts": 1783928855.5483506}, "p_^CNXIT": {"price": 29172.05078125, "ts": 1783928855.5483506}, "p_KOTAKBANK.NS": {"price": 380.0, "ts": 1783928855.5483506}, "p_BHARTIARTL.NS": {"price": 1905.699951171875, "ts": 1783928855.5483506}, "p_HCLTECH.NS": {"price": 1228.9000244140625, "ts": 1783928855.5483506}}